Hour,CoolingLoad_W
1,-0.000
2,-0.000
3,-0.000
4,-0.000
5,-0.000
6,-0.000
7,-0.000
8,-0.000
9,-212805.079
10,-1248581.868
11,-1785351.444
12,-1970236.031
13,-2060299.991
14,-2327424.715
15,-2494568.003
16,-2406283.203
17,-2301897.477
18,-1606441.534
19,-354404.531
20,-184051.678
21,-0.000
22,-0.000
23,-0.000
24,-0.000
25,-0.000
26,-0.000
27,-0.000
28,-0.000
29,-0.000
30,-0.000
31,-0.000
32,-0.000
33,-53366.262
34,-1037593.414
35,-1601776.268
36,-1925525.976
37,-2155200.843
38,-2436067.282
39,-2740235.623
40,-2862735.278
41,-2575756.049
42,-1782438.538
43,-388142.786
44,-244958.807
45,-0.000
46,-0.000
47,-0.000
48,-0.000
49,-0.000
50,-0.000
51,-0.000
52,-0.000
53,-0.000
54,-0.000
55,-0.000
56,-0.000
57,-305066.360
58,-1313152.240
59,-2141794.100
60,-2354736.237
61,-2416847.617
62,-2752856.581
63,-2970157.789
64,-3027197.889
65,-2770904.307
66,-1905829.678
67,-396395.884
68,-226958.556
69,-0.000
70,-0.000
71,-0.000
72,-0.000
73,-0.000
74,-0.000
75,-0.000
76,-0.000
77,-0.000
78,-0.000
79,-0.000
80,-0.000
81,-365120.804
82,-1378631.445
83,-2168419.014
84,-2396392.769
85,-2442048.892
86,-2747879.419
87,-3044492.014
88,-3139472.699
89,-2831809.142
90,-2026739.370
91,-475508.182
92,-311987.084
93,-0.000
94,-0.000
95,-0.000
96,-0.000
97,-0.000
98,-0.000
99,-0.000
100,-0.000
101,-0.000
102,-0.000
103,-0.000
104,-0.000
105,-804772.310
106,-1239818.925
107,-1829684.522
108,-2650993.370
109,-2781948.605
110,-3187019.252
111,-3398624.765
112,-3545630.765
113,-3450015.280
114,-2328814.319
115,-594142.492
116,-416159.402
117,-0.000
118,-0.000
119,-0.000
120,-0.000
121,-0.000
122,-0.000
123,-0.000
124,-0.000
125,-0.000
126,-0.000
127,-0.000
128,-0.000
129,-0.000
130,-946741.321
131,-1648722.370
132,-1840631.996
133,-2001902.054
134,-2272510.158
135,-2403545.438
136,-2225378.508
137,-2245051.269
138,-1449586.573
139,-0.000
140,-0.000
141,-0.000
142,-0.000
143,-0.000
144,-0.000
145,-0.000
146,-0.000
147,-0.000
148,-0.000
149,-0.000
150,-0.000
151,-0.000
152,-0.000
153,-0.000
154,-0.000
155,-495567.441
156,-1109750.953
157,-1222821.984
158,-1379957.443
159,-1518802.987
160,-1566607.605
161,-1516983.438
162,-618480.037
163,-0.000
164,-0.000
165,-0.000
166,-0.000
167,-0.000
168,-0.000
169,-0.000
170,-0.000
171,-0.000
172,-0.000
173,-0.000
174,-0.000
175,-0.000
176,-0.000
177,-0.000
178,-953878.518
179,-1582783.991
180,-1915152.251
181,-2109534.466
182,-2369544.056
183,-2615035.378
184,-2693404.689
185,-2654868.057
186,-1580079.602
187,-278172.675
188,-113231.537
189,-0.000
190,-0.000
191,-0.000
192,-0.000
193,-0.000
194,-0.000
195,-0.000
196,-0.000
197,-0.000
198,-0.000
199,-0.000
200,-0.000
201,-255025.049
202,-1171196.225
203,-1724202.599
204,-1690479.382
205,-1651182.328
206,-1767113.976
207,-2060132.860
208,-2665556.338
209,-2593804.882
210,-1551566.675
211,-343155.486
212,-241923.443
213,-0.000
214,-0.000
215,-0.000
216,-0.000
217,-0.000
218,-0.000
219,-0.000
220,-0.000
221,-0.000
222,-0.000
223,-0.000
224,-0.000
225,-129741.452
226,-1077145.133
227,-1594810.661
228,-1882940.575
229,-1942925.236
230,-2192016.692
231,-2375992.413
232,-2521172.095
233,-2484149.808
234,-1703448.741
235,-386326.602
236,-239832.920
237,-0.000
238,-0.000
239,-0.000
240,-0.000
241,-0.000
242,-0.000
243,-0.000
244,-0.000
245,-0.000
246,-0.000
247,-0.000
248,-0.000
249,-0.000
250,-120803.196
251,-923327.395
252,-1247000.762
253,-1576850.604
254,-1756187.242
255,-1990731.201
256,-2141525.404
257,-2115598.509
258,-1126161.727
259,-108316.654
260,-2343.455
261,-0.000
262,-0.000
263,-0.000
264,-0.000
265,-0.000
266,-0.000
267,-0.000
268,-0.000
269,-0.000
270,-0.000
271,-0.000
272,-0.000
273,-0.000
274,-196774.742
275,-715969.120
276,-965486.663
277,-1113138.010
278,-1354898.756
279,-1524503.607
280,-1231397.117
281,-1050958.120
282,-684794.053
283,-151475.961
284,-65791.055
285,-0.000
286,-0.000
287,-0.000
288,-0.000
289,-0.000
290,-0.000
291,-0.000
292,-0.000
293,-0.000
294,-0.000
295,-0.000
296,-0.000
297,-0.000
298,-0.000
299,-484376.102
300,-1099561.466
301,-1276303.196
302,-1456460.091
303,-1513312.780
304,-1163420.430
305,-1112519.919
306,-654795.238
307,-0.000
308,-0.000
309,-0.000
310,-0.000
311,-0.000
312,-0.000
313,-0.000
314,-0.000
315,-0.000
316,-0.000
317,-0.000
318,-0.000
319,-0.000
320,-0.000
321,-0.000
322,-0.000
323,-0.000
324,-0.000
325,-248928.477
326,-532857.766
327,-431209.213
328,-284554.369
329,-258124.595
330,-106825.698
331,-0.000
332,-0.000
333,-0.000
334,-0.000
335,-0.000
336,-0.000
337,-0.000
338,-0.000
339,-0.000
340,-0.000
341,-0.000
342,-0.000
343,-0.000
344,-0.000
345,-221721.676
346,-1158289.900
347,-1676176.366
348,-2033700.011
349,-2215111.205
350,-2441149.813
351,-2732807.880
352,-2847057.460
353,-2641464.152
354,-1733300.121
355,-373278.153
356,-217864.911
357,-0.000
358,-0.000
359,-0.000
360,-0.000
361,-0.000
362,-0.000
363,-0.000
364,-0.000
365,-0.000
366,-0.000
367,-0.000
368,-0.000
369,-399022.498
370,-1470495.574
371,-2084628.565
372,-2298474.480
373,-2311149.196
374,-2746183.322
375,-2925635.532
376,-2959728.907
377,-2954464.480
378,-2034241.912
379,-470453.172
380,-306432.059
381,-0.000
382,-0.000
383,-0.000
384,-0.000
385,-0.000
386,-0.000
387,-0.000
388,-0.000
389,-0.000
390,-0.000
391,-0.000
392,-0.000
393,-383103.006
394,-1272165.106
395,-1755473.810
396,-2030191.725
397,-2031199.138
398,-2223192.991
399,-2310241.544
400,-2345912.318
401,-2448611.086
402,-1675931.812
403,-438694.785
404,-314883.085
405,-0.000
406,-0.000
407,-0.000
408,-0.000
409,-0.000
410,-0.000
411,-0.000
412,-0.000
413,-0.000
414,-0.000
415,-0.000
416,-0.000
417,-0.000
418,-434508.252
419,-907878.053
420,-1320847.077
421,-1867697.096
422,-2216327.018
423,-2270665.522
424,-1725962.316
425,-1609439.670
426,-1201730.377
427,-276022.352
428,-155879.446
429,-0.000
430,-0.000
431,-0.000
432,-0.000
433,-0.000
434,-0.000
435,-0.000
436,-0.000
437,-0.000
438,-0.000
439,-0.000
440,-0.000
441,-0.000
442,-665055.328
443,-1465210.828
444,-1812484.766
445,-2068819.883
446,-2282986.220
447,-2475590.481
448,-2530504.269
449,-2468660.250
450,-1482871.012
451,-240411.431
452,-107379.301
453,-0.000
454,-0.000
455,-0.000
456,-0.000
457,-0.000
458,-0.000
459,-0.000
460,-0.000
461,-0.000
462,-0.000
463,-0.000
464,-0.000
465,-0.000
466,-153878.066
467,-1206490.444
468,-1432708.739
469,-1500967.411
470,-1730538.094
471,-1756688.249
472,-1716428.088
473,-1461874.673
474,-875851.660
475,-0.000
476,-0.000
477,-0.000
478,-0.000
479,-0.000
480,-0.000
481,-0.000
482,-0.000
483,-0.000
484,-0.000
485,-0.000
486,-0.000
487,-0.000
488,-0.000
489,-0.000
490,-0.000
491,-35137.311
492,-818447.061
493,-944931.505
494,-1165299.067
495,-1193500.309
496,-743447.496
497,-650637.753
498,-325798.454
499,-0.000
500,-0.000
501,-0.000
502,-0.000
503,-0.000
504,-0.000
505,-0.000
506,-0.000
507,-0.000
508,-0.000
509,-0.000
510,-0.000
511,-0.000
512,-0.000
513,-200335.149
514,-804059.666
515,-1010474.183
516,-1262103.415
517,-1267398.269
518,-1243071.431
519,-1396108.536
520,-1395491.205
521,-1270716.584
522,-1137309.846
523,-348550.640
524,-235501.975
525,-0.000
526,-0.000
527,-0.000
528,-0.000
529,-0.000
530,-0.000
531,-0.000
532,-0.000
533,-0.000
534,-0.000
535,-0.000
536,-0.000
537,-965753.443
538,-1594453.920
539,-2114951.050
540,-2366763.076
541,-2513128.904
542,-2700609.377
543,-2641023.418
544,-2100447.186
545,-1476829.720
546,-1352516.801
547,-520942.511
548,-429038.196
549,-0.000
550,-0.000
551,-0.000
552,-0.000
553,-0.000
554,-0.000
555,-0.000
556,-0.000
557,-0.000
558,-0.000
559,-0.000
560,-69278.959
561,-1073753.899
562,-1255524.339
563,-1477136.464
564,-1761319.958
565,-2087353.519
566,-2044687.977
567,-2452763.323
568,-2621881.960
569,-2390318.224
570,-1846561.892
571,-527782.677
572,-407340.851
573,-0.000
574,-0.000
575,-0.000
576,-0.000
577,-0.000
578,-0.000
579,-0.000
580,-0.000
581,-0.000
582,-0.000
583,-0.000
584,-0.000
585,-477586.773
586,-1326183.655
587,-1962725.544
588,-2335373.849
589,-2362077.841
590,-2627198.959
591,-2769195.070
592,-2760854.421
593,-2755872.076
594,-2220269.944
595,-490527.553
596,-316391.425
597,-0.000
598,-0.000
599,-0.000
600,-0.000
601,-0.000
602,-0.000
603,-0.000
604,-0.000
605,-0.000
606,-0.000
607,-0.000
608,-0.000
609,-547515.263
610,-1005649.840
611,-1476077.133
612,-1762776.451
613,-2122573.970
614,-2269258.736
615,-2406743.097
616,-2584149.221
617,-2516551.672
618,-1864877.843
619,-519538.959
620,-375518.026
621,-0.000
622,-0.000
623,-0.000
624,-0.000
625,-0.000
626,-0.000
627,-0.000
628,-0.000
629,-0.000
630,-0.000
631,-0.000
632,-0.000
633,-71187.961
634,-1156930.804
635,-1740264.987
636,-2143163.701
637,-2200546.814
638,-2375806.309
639,-2543301.030
640,-2451400.505
641,-2416755.640
642,-1900081.491
643,-0.000
644,-0.000
645,-0.000
646,-0.000
647,-0.000
648,-0.000
649,-0.000
650,-0.000
651,-0.000
652,-0.000
653,-0.000
654,-0.000
655,-0.000
656,-0.000
657,-0.000
658,-0.000
659,-319565.589
660,-883300.520
661,-1232214.708
662,-1343911.496
663,-1240606.494
664,-774126.746
665,-456937.768
666,-253235.430
667,-0.000
668,-0.000
669,-0.000
670,-0.000
671,-0.000
672,-0.000
673,-0.000
674,-0.000
675,-0.000
676,-0.000
677,-0.000
678,-0.000
679,-0.000
680,-0.000
681,-378123.139
682,-1273148.936
683,-1820805.080
684,-2128512.531
685,-2292792.697
686,-2581585.279
687,-2817714.219
688,-2917094.607
689,-2872912.791
690,-2125501.528
691,-451354.956
692,-285404.800
693,-0.000
694,-0.000
695,-0.000
696,-0.000
697,-0.000
698,-0.000
699,-0.000
700,-0.000
701,-0.000
702,-0.000
703,-0.000
704,-0.000
705,-0.000
706,-0.000
707,-670832.824
708,-1053162.520
709,-1410628.137
710,-1585009.069
711,-1853647.709
712,-1831644.245
713,-1603182.605
714,-1159281.812
715,-107094.694
716,-0.000
717,-0.000
718,-0.000
719,-0.000
720,-0.000
721,-0.000
722,-0.000
723,-0.000
724,-0.000
725,-0.000
726,-0.000
727,-0.000
728,-0.000
729,-0.000
730,-0.000
731,-213499.722
732,-484412.759
733,-708636.377
734,-659097.530
735,-675321.228
736,-331519.127
737,-200299.385
738,-70038.562
739,-0.000
740,-0.000
741,-0.000
742,-0.000
743,-0.000
744,-0.000
745,-0.000
746,-0.000
747,-0.000
748,-0.000
749,-0.000
750,-0.000
751,-0.000
752,-0.000
753,-0.000
754,-0.000
755,-0.000
756,-173967.016
757,-631187.192
758,-564243.203
759,-615200.524
760,-557732.508
761,-555938.960
762,-406298.404
763,-13462.756
764,-0.000
765,-0.000
766,-0.000
767,-0.000
768,-0.000
769,-0.000
770,-0.000
771,-0.000
772,-0.000
773,-0.000
774,-0.000
775,-0.000
776,-0.000
777,-0.000
778,-0.000
779,-390578.766
780,-743023.581
781,-991113.733
782,-948831.577
783,-850325.060
784,-1031260.519
785,-781330.245
786,-468198.989
787,-28223.765
788,-0.000
789,-0.000
790,-0.000
791,-0.000
792,-0.000
793,-0.000
794,-0.000
795,-0.000
796,-0.000
797,-0.000
798,-0.000
799,-0.000
800,-0.000
801,-0.000
802,-0.000
803,-0.000
804,-0.000
805,-0.000
806,-217768.698
807,-355681.663
808,-121520.287
809,-76462.173
810,-4557.774
811,-0.000
812,-0.000
813,-0.000
814,-0.000
815,-0.000
816,-0.000
817,-0.000
818,-0.000
819,-0.000
820,-0.000
821,-0.000
822,-0.000
823,-0.000
824,-0.000
825,-0.000
826,-0.000
827,-0.000
828,-0.000
829,-223876.615
830,-841069.132
831,-1143921.898
832,-1247315.197
833,-1219447.822
834,-664248.982
835,-0.000
836,-0.000
837,-0.000
838,-0.000
839,-0.000
840,-0.000
841,-0.000
842,-0.000
843,-0.000
844,-0.000
845,-0.000
846,-0.000
847,-0.000
848,-0.000
849,-0.000
850,-0.000
851,-330622.222
852,-749742.400
853,-1049253.849
854,-1322753.622
855,-1575092.120
856,-1287332.675
857,-900876.817
858,-578696.440
859,-77534.438
860,-2028.751
861,-0.000
862,-0.000
863,-0.000
864,-0.000
865,-0.000
866,-0.000
867,-0.000
868,-0.000
869,-0.000
870,-0.000
871,-0.000
872,-0.000
873,-0.000
874,-334718.261
875,-990188.728
876,-1315274.226
877,-1523374.578
878,-1623452.312
879,-1727407.963
880,-1806696.811
881,-1672555.908
882,-1154083.244
883,-233442.316
884,-111020.520
885,-0.000
886,-0.000
887,-0.000
888,-0.000
889,-0.000
890,-0.000
891,-0.000
892,-0.000
893,-0.000
894,-0.000
895,-0.000
896,-0.000
897,-243597.509
898,-831031.822
899,-1209745.870
900,-1521531.894
901,-1873737.679
902,-2245483.380
903,-2617601.395
904,-2274231.329
905,-1499230.990
906,-1354781.076
907,-370954.278
908,-183465.333
909,-0.000
910,-0.000
911,-0.000
912,-0.000
913,-0.000
914,-0.000
915,-0.000
916,-0.000
917,-0.000
918,-0.000
919,-0.000
920,-0.000
921,-0.000
922,-268790.115
923,-838951.760
924,-1062848.520
925,-1380062.350
926,-1637586.089
927,-1914606.481
928,-1902964.074
929,-1678633.671
930,-1250236.268
931,-274236.356
932,-150068.803
933,-0.000
934,-0.000
935,-0.000
936,-0.000
937,-0.000
938,-0.000
939,-0.000
940,-0.000
941,-0.000
942,-0.000
943,-0.000
944,-0.000
945,-0.000
946,-223242.148
947,-767198.517
948,-1123471.009
949,-1245034.274
950,-1370652.724
951,-1295347.875
952,-1237524.737
953,-1298361.281
954,-1114762.134
955,-218393.668
956,-51746.060
957,-0.000
958,-0.000
959,-0.000
960,-0.000
961,-0.000
962,-0.000
963,-0.000
964,-0.000
965,-0.000
966,-0.000
967,-0.000
968,-0.000
969,-0.000
970,-93971.876
971,-1097427.264
972,-1400071.440
973,-1572691.808
974,-1749541.915
975,-1824554.783
976,-1444830.979
977,-1099464.526
978,-976342.267
979,-0.000
980,-0.000
981,-0.000
982,-0.000
983,-0.000
984,-0.000
985,-0.000
986,-0.000
987,-0.000
988,-0.000
989,-0.000
990,-0.000
991,-0.000
992,-0.000
993,-0.000
994,-0.000
995,-334407.372
996,-986744.705
997,-1133120.606
998,-1280600.510
999,-1398999.883
1000,-1299194.047
1001,-1142308.354
1002,-775897.517
1003,-2263.664
1004,-0.000
1005,-0.000
1006,-0.000
1007,-0.000
1008,-0.000
1009,-0.000
1010,-0.000
1011,-0.000
1012,-0.000
1013,-0.000
1014,-0.000
1015,-0.000
1016,-0.000
1017,-694410.194
1018,-1319435.373
1019,-1895663.649
1020,-2200715.333
1021,-2419252.463
1022,-2751640.092
1023,-2944426.550
1024,-3002407.841
1025,-2859101.567
1026,-2362135.226
1027,-515464.281
1028,-292823.617
1029,-0.000
1030,-0.000
1031,-0.000
1032,-0.000
1033,-0.000
1034,-0.000
1035,-0.000
1036,-0.000
1037,-0.000
1038,-0.000
1039,-0.000
1040,-0.000
1041,-462815.712
1042,-893405.324
1043,-1054368.168
1044,-1010451.009
1045,-1100595.968
1046,-942232.951
1047,-877181.406
1048,-783378.720
1049,-666455.080
1050,-560282.170
1051,-119996.675
1052,-2605.678
1053,-0.000
1054,-0.000
1055,-0.000
1056,-0.000
1057,-0.000
1058,-0.000
1059,-0.000
1060,-0.000
1061,-0.000
1062,-0.000
1063,-0.000
1064,-0.000
1065,-0.000
1066,-23891.819
1067,-827599.602
1068,-1266622.638
1069,-1615549.629
1070,-1888320.375
1071,-2194840.550
1072,-2366345.801
1073,-2382004.210
1074,-1907193.717
1075,-325911.200
1076,-140199.467
1077,-0.000
1078,-0.000
1079,-0.000
1080,-0.000
1081,-0.000
1082,-0.000
1083,-0.000
1084,-0.000
1085,-0.000
1086,-0.000
1087,-0.000
1088,-0.000
1089,-111892.090
1090,-1096693.135
1091,-1659469.520
1092,-1964787.361
1093,-2087125.931
1094,-2341193.316
1095,-2536672.343
1096,-2521345.373
1097,-2465321.888
1098,-2004012.839
1099,-418822.502
1100,-208223.659
1101,-0.000
1102,-0.000
1103,-0.000
1104,-0.000
1105,-0.000
1106,-0.000
1107,-0.000
1108,-0.000
1109,-0.000
1110,-0.000
1111,-0.000
1112,-0.000
1113,-97383.345
1114,-987486.598
1115,-1522035.245
1116,-1785295.630
1117,-1804863.314
1118,-2040291.342
1119,-2141154.077
1120,-2088156.405
1121,-1945231.875
1122,-1588752.146
1123,-414350.152
1124,-229380.942
1125,-0.000
1126,-0.000
1127,-0.000
1128,-0.000
1129,-0.000
1130,-0.000
1131,-0.000
1132,-0.000
1133,-0.000
1134,-0.000
1135,-0.000
1136,-0.000
1137,-0.000
1138,-0.000
1139,-175836.520
1140,-366644.904
1141,-395356.654
1142,-418330.055
1143,-345774.428
1144,-451241.715
1145,-405928.593
1146,-366794.100
1147,-0.000
1148,-0.000
1149,-0.000
1150,-0.000
1151,-0.000
1152,-0.000
1153,-0.000
1154,-0.000
1155,-0.000
1156,-0.000
1157,-0.000
1158,-0.000
1159,-0.000
1160,-0.000
1161,-0.000
1162,-0.000
1163,-0.000
1164,-0.000
1165,-382962.631
1166,-732448.201
1167,-645435.248
1168,-490297.000
1169,-585996.272
1170,-307279.996
1171,-0.000
1172,-0.000
1173,-0.000
1174,-0.000
1175,-0.000
1176,-0.000
1177,-0.000
1178,-0.000
1179,-0.000
1180,-0.000
1181,-0.000
1182,-0.000
1183,-0.000
1184,-0.000
1185,-0.000
1186,-0.000
1187,-0.000
1188,-0.000
1189,-131136.318
1190,-139976.003
1191,-73042.797
1192,-0.000
1193,-0.000
1194,-0.000
1195,-0.000
1196,-0.000
1197,-0.000
1198,-0.000
1199,-0.000
1200,-0.000
1201,-0.000
1202,-0.000
1203,-0.000
1204,-0.000
1205,-0.000
1206,-0.000
1207,-0.000
1208,-0.000
1209,-0.000
1210,-0.000
1211,-0.000
1212,-0.000
1213,-0.000
1214,-0.000
1215,-0.000
1216,-0.000
1217,-0.000
1218,-0.000
1219,-0.000
1220,-0.000
1221,-0.000
1222,-0.000
1223,-0.000
1224,-0.000
1225,-0.000
1226,-0.000
1227,-0.000
1228,-0.000
1229,-0.000
1230,-0.000
1231,-0.000
1232,-0.000
1233,-0.000
1234,-0.000
1235,-0.000
1236,-0.000
1237,-0.000
1238,-0.000
1239,-0.000
1240,-0.000
1241,-0.000
1242,-0.000
1243,-0.000
1244,-0.000
1245,-0.000
1246,-0.000
1247,-0.000
1248,-0.000
1249,-0.000
1250,-0.000
1251,-0.000
1252,-0.000
1253,-0.000
1254,-0.000
1255,-0.000
1256,-0.000
1257,-0.000
1258,-0.000
1259,-0.000
1260,-0.000
1261,-0.000
1262,-0.000
1263,-0.000
1264,-0.000
1265,-0.000
1266,-0.000
1267,-0.000
1268,-0.000
1269,-0.000
1270,-0.000
1271,-0.000
1272,-0.000
1273,-0.000
1274,-0.000
1275,-0.000
1276,-0.000
1277,-0.000
1278,-0.000
1279,-0.000
1280,-0.000
1281,-0.000
1282,-0.000
1283,-0.000
1284,-0.000
1285,-0.000
1286,-11824.560
1287,-309231.887
1288,-816745.561
1289,-856147.784
1290,-726800.488
1291,-29811.242
1292,-0.000
1293,-0.000
1294,-0.000
1295,-0.000
1296,-0.000
1297,-0.000
1298,-0.000
1299,-0.000
1300,-0.000
1301,-0.000
1302,-0.000
1303,-0.000
1304,-0.000
1305,-0.000
1306,-0.000
1307,-0.000
1308,-287764.040
1309,-721069.910
1310,-1006594.180
1311,-1157956.640
1312,-1196021.820
1313,-1162528.001
1314,-911935.015
1315,-0.000
1316,-0.000
1317,-0.000
1318,-0.000
1319,-0.000
1320,-0.000
1321,-0.000
1322,-0.000
1323,-0.000
1324,-0.000
1325,-0.000
1326,-0.000
1327,-0.000
1328,-0.000
1329,-0.000
1330,-0.000
1331,-0.000
1332,-0.000
1333,-516511.078
1334,-790459.229
1335,-1098920.690
1336,-1196598.147
1337,-1114838.055
1338,-803164.053
1339,-0.000
1340,-0.000
1341,-0.000
1342,-0.000
1343,-0.000
1344,-0.000
1345,-0.000
1346,-0.000
1347,-0.000
1348,-0.000
1349,-0.000
1350,-0.000
1351,-0.000
1352,-0.000
1353,-0.000
1354,-1031804.384
1355,-1702277.872
1356,-1946468.493
1357,-2064178.965
1358,-2337893.126
1359,-2598864.482
1360,-2722280.712
1361,-2720457.625
1362,-2258743.077
1363,-441036.667
1364,-180670.401
1365,-0.000
1366,-0.000
1367,-0.000
1368,-0.000
1369,-0.000
1370,-0.000
1371,-0.000
1372,-0.000
1373,-0.000
1374,-0.000
1375,-0.000
1376,-0.000
1377,-79542.972
1378,-1310521.637
1379,-2227680.563
1380,-2536025.621
1381,-2459303.466
1382,-2770805.160
1383,-2957834.619
1384,-3006655.281
1385,-2852030.993
1386,-2328392.425
1387,-486147.975
1388,-268822.909
1389,-0.000
1390,-0.000
1391,-0.000
1392,-0.000
1393,-0.000
1394,-0.000
1395,-0.000
1396,-0.000
1397,-0.000
1398,-0.000
1399,-0.000
1400,-0.000
1401,-614084.312
1402,-1258123.623
1403,-1878524.370
1404,-2256379.207
1405,-2290057.414
1406,-2677916.198
1407,-2982095.144
1408,-2953392.410
1409,-2897485.382
1410,-2393841.857
1411,-620874.511
1412,-389255.249
1413,-0.000
1414,-0.000
1415,-0.000
1416,-0.000
1417,-0.000
1418,-0.000
1419,-0.000
1420,-0.000
1421,-0.000
1422,-0.000
1423,-0.000
1424,-119553.675
1425,-1058493.258
1426,-1309553.522
1427,-1645049.300
1428,-2099550.555
1429,-2477300.681
1430,-2860255.922
1431,-3151123.892
1432,-3642419.794
1433,-3698765.898
1434,-3101801.139
1435,-815568.114
1436,-580336.689
1437,-0.000
1438,-0.000
1439,-0.000
1440,-0.000
1441,-0.000
1442,-0.000
1443,-0.000
1444,-0.000
1445,-0.000
1446,-0.000
1447,-0.000
1448,-0.000
1449,-1204516.321
1450,-1888139.464
1451,-2464868.666
1452,-2721908.062
1453,-2625316.798
1454,-3063004.590
1455,-3299546.028
1456,-3294345.082
1457,-3069712.740
1458,-2617238.356
1459,-884929.016
1460,-481751.936
1461,-0.000
1462,-0.000
1463,-0.000
1464,-0.000
1465,-0.000
1466,-0.000
1467,-0.000
1468,-0.000
1469,-0.000
1470,-0.000
1471,-0.000
1472,-0.000
1473,-52803.789
1474,-1017270.325
1475,-1582690.285
1476,-1819145.962
1477,-1808693.020
1478,-1991589.874
1479,-2177920.402
1480,-2235880.770
1481,-2138163.298
1482,-1848567.634
1483,-0.000
1484,-0.000
1485,-0.000
1486,-0.000
1487,-0.000
1488,-0.000
1489,-0.000
1490,-0.000
1491,-0.000
1492,-0.000
1493,-0.000
1494,-0.000
1495,-0.000
1496,-0.000
1497,-0.000
1498,-1076.559
1499,-904122.022
1500,-1222405.221
1501,-1237507.775
1502,-1359957.918
1503,-1495900.987
1504,-1560474.584
1505,-1447453.933
1506,-1137333.864
1507,-241833.624
1508,-0.000
1509,-0.000
1510,-0.000
1511,-0.000
1512,-0.000
1513,-0.000
1514,-0.000
1515,-0.000
1516,-0.000
1517,-0.000
1518,-0.000
1519,-0.000
1520,-0.000
1521,-1137746.370
1522,-1760620.321
1523,-2301397.737
1524,-2679835.757
1525,-2930160.997
1526,-3345072.126
1527,-3627238.704
1528,-3679646.392
1529,-3641215.318
1530,-3166328.436
1531,-1060563.727
1532,-597786.855
1533,-0.000
1534,-0.000
1535,-0.000
1536,-0.000
1537,-0.000
1538,-0.000
1539,-0.000
1540,-0.000
1541,-0.000
1542,-0.000
1543,-0.000
1544,-60631.619
1545,-1089143.629
1546,-1773778.903
1547,-2278954.820
1548,-2433908.098
1549,-2386560.281
1550,-2676011.280
1551,-2900200.348
1552,-3022483.683
1553,-2953000.814
1554,-2613966.551
1555,-814310.902
1556,-390601.310
1557,-0.000
1558,-0.000
1559,-0.000
1560,-0.000
1561,-0.000
1562,-0.000
1563,-0.000
1564,-0.000
1565,-0.000
1566,-0.000
1567,-0.000
1568,-0.000
1569,-776630.780
1570,-1375126.056
1571,-1798028.977
1572,-1992471.783
1573,-2216019.508
1574,-2370618.187
1575,-2330423.767
1576,-2338434.605
1577,-2671315.862
1578,-2448043.928
1579,-769891.000
1580,-333176.105
1581,-0.000
1582,-0.000
1583,-0.000
1584,-0.000
1585,-0.000
1586,-0.000
1587,-0.000
1588,-0.000
1589,-0.000
1590,-0.000
1591,-0.000
1592,-0.000
1593,-4008.018
1594,-710858.985
1595,-1177450.518
1596,-1406882.910
1597,-1548523.669
1598,-1707949.367
1599,-1904324.956
1600,-1969758.136
1601,-1939136.029
1602,-1627213.104
1603,-408534.590
1604,-42647.280
1605,-0.000
1606,-0.000
1607,-0.000
1608,-0.000
1609,-0.000
1610,-0.000
1611,-0.000
1612,-0.000
1613,-0.000
1614,-0.000
1615,-0.000
1616,-0.000
1617,-52771.959
1618,-978928.700
1619,-1440877.095
1620,-1651372.594
1621,-1759811.387
1622,-1956172.862
1623,-2187538.228
1624,-2296311.114
1625,-2310926.364
1626,-2015797.497
1627,-595900.364
1628,-217980.774
1629,-0.000
1630,-0.000
1631,-0.000
1632,-0.000
1633,-0.000
1634,-0.000
1635,-0.000
1636,-0.000
1637,-0.000
1638,-0.000
1639,-0.000
1640,-0.000
1641,-0.000
1642,-884055.761
1643,-1423837.849
1644,-1578723.129
1645,-1645938.452
1646,-1855882.726
1647,-2045497.496
1648,-2096787.962
1649,-1965907.228
1650,-1701757.191
1651,-0.000
1652,-0.000
1653,-0.000
1654,-0.000
1655,-0.000
1656,-0.000
1657,-0.000
1658,-0.000
1659,-0.000
1660,-0.000
1661,-0.000
1662,-0.000
1663,-0.000
1664,-0.000
1665,-0.000
1666,-42452.278
1667,-932557.679
1668,-1200302.383
1669,-1158298.739
1670,-1260360.063
1671,-1384461.694
1672,-1380193.966
1673,-1284749.928
1674,-1026178.547
1675,-175250.439
1676,-0.000
1677,-0.000
1678,-0.000
1679,-0.000
1680,-0.000
1681,-0.000
1682,-0.000
1683,-0.000
1684,-0.000
1685,-0.000
1686,-0.000
1687,-0.000
1688,-0.000
1689,-1403475.509
1690,-2014068.736
1691,-2559475.336
1692,-2814218.821
1693,-2600725.197
1694,-2937954.506
1695,-3098546.164
1696,-3138161.527
1697,-3112626.059
1698,-2771150.580
1699,-921030.170
1700,-511282.258
1701,-0.000
1702,-0.000
1703,-0.000
1704,-0.000
1705,-0.000
1706,-0.000
1707,-0.000
1708,-0.000
1709,-0.000
1710,-0.000
1711,-73953.406
1712,-329577.140
1713,-1573101.086
1714,-2127023.598
1715,-2664259.698
1716,-2994551.580
1717,-3030565.748
1718,-3399961.414
1719,-3677482.509
1720,-3691043.213
1721,-3628934.429
1722,-3217354.985
1723,-1097326.270
1724,-647894.230
1725,-0.000
1726,-0.000
1727,-0.000
1728,-0.000
1729,-0.000
1730,-0.000
1731,-0.000
1732,-0.000
1733,-0.000
1734,-0.000
1735,-167180.228
1736,-476286.641
1737,-2110276.897
1738,-2595808.659
1739,-2952548.747
1740,-3186659.834
1741,-3251092.558
1742,-3641647.545
1743,-3934067.970
1744,-3973173.638
1745,-3901400.426
1746,-3440044.161
1747,-1214233.748
1748,-743971.773
1749,-0.000
1750,-0.000
1751,-0.000
1752,-0.000
1753,-0.000
1754,-0.000
1755,-0.000
1756,-0.000
1757,-0.000
1758,-0.000
1759,-366115.262
1760,-485184.387
1761,-1865250.624
1762,-2295309.497
1763,-2736088.690
1764,-3046673.864
1765,-3175290.207
1766,-3654556.356
1767,-3955709.693
1768,-4006301.663
1769,-3829257.583
1770,-3306012.561
1771,-1178492.228
1772,-766104.841
1773,-0.000
1774,-0.000
1775,-0.000
1776,-0.000
1777,-0.000
1778,-0.000
1779,-0.000
1780,-0.000
1781,-0.000
1782,-0.000
1783,-438704.574
1784,-492975.557
1785,-1758085.427
1786,-2238187.455
1787,-2691735.130
1788,-2943016.804
1789,-2965166.595
1790,-3343904.901
1791,-3549676.829
1792,-3192196.896
1793,-2908843.936
1794,-2755652.643
1795,-1149505.049
1796,-711083.797
1797,-0.000
1798,-0.000
1799,-0.000
1800,-0.000
1801,-0.000
1802,-0.000
1803,-0.000
1804,-0.000
1805,-0.000
1806,-0.000
1807,-0.000
1808,-0.000
1809,-1337109.196
1810,-1796962.863
1811,-2057470.038
1812,-2213029.285
1813,-2417387.752
1814,-2708263.040
1815,-2920761.105
1816,-2909633.477
1817,-2740532.063
1818,-2286022.918
1819,-62833.370
1820,-115634.249
1821,-101374.563
1822,-73887.344
1823,-42761.817
1824,-21532.934
1825,-0.000
1826,-0.000
1827,-0.000
1828,-0.000
1829,-0.000
1830,-0.000
1831,-0.000
1832,-0.000
1833,-0.000
1834,-736324.628
1835,-1233775.577
1836,-1315388.677
1837,-1584343.132
1838,-1769892.839
1839,-1779379.966
1840,-1662214.368
1841,-1657296.801
1842,-1433995.396
1843,-465961.322
1844,-114775.977
1845,-33852.890
1846,-0.000
1847,-0.000
1848,-0.000
1849,-0.000
1850,-0.000
1851,-0.000
1852,-0.000
1853,-0.000
1854,-0.000
1855,-790322.872
1856,-721051.114
1857,-2232520.573
1858,-2534962.231
1859,-2919586.208
1860,-3076447.302
1861,-2978390.733
1862,-3448034.908
1863,-3734198.806
1864,-3891248.532
1865,-3833071.736
1866,-3425666.717
1867,-1242535.470
1868,-855625.562
1869,-0.000
1870,-0.000
1871,-0.000
1872,-0.000
1873,-0.000
1874,-0.000
1875,-0.000
1876,-0.000
1877,-0.000
1878,-0.000
1879,-733046.030
1880,-707922.630
1881,-2207539.033
1882,-2381592.323
1883,-2550533.836
1884,-2483332.353
1885,-2427539.607
1886,-2764552.564
1887,-2868384.199
1888,-2685883.387
1889,-2584088.919
1890,-2478883.773
1891,-1017667.675
1892,-801349.555
1893,-0.000
1894,-0.000
1895,-0.000
1896,-0.000
1897,-0.000
1898,-0.000
1899,-0.000
1900,-0.000
1901,-0.000
1902,-0.000
1903,-774716.541
1904,-734428.386
1905,-2303765.749
1906,-2683521.801
1907,-3181031.168
1908,-3468713.600
1909,-3261680.585
1910,-3805251.465
1911,-3842744.907
1912,-3647917.419
1913,-3442371.984
1914,-3197017.622
1915,-1222064.161
1916,-967133.934
1917,-0.000
1918,-0.000
1919,-0.000
1920,-0.000
1921,-0.000
1922,-0.000
1923,-0.000
1924,-0.000
1925,-0.000
1926,-0.000
1927,-940399.120
1928,-849439.497
1929,-2591753.492
1930,-2988865.294
1931,-3148942.100
1932,-3432382.213
1933,-3282203.282
1934,-3758707.681
1935,-3894616.662
1936,-3931236.870
1937,-3709171.949
1938,-3356745.583
1939,-1485301.771
1940,-1132097.437
1941,-0.000
1942,-0.000
1943,-0.000
1944,-0.000
1945,-0.000
1946,-0.000
1947,-0.000
1948,-0.000
1949,-0.000
1950,-0.000
1951,-0.000
1952,-0.000
1953,-146986.623
1954,-357205.183
1955,-417325.360
1956,-534207.354
1957,-741311.719
1958,-616558.969
1959,-634888.567
1960,-620166.673
1961,-484924.438
1962,-409856.222
1963,-42528.977
1964,-0.000
1965,-0.000
1966,-0.000
1967,-0.000
1968,-0.000
1969,-0.000
1970,-0.000
1971,-0.000
1972,-0.000
1973,-0.000
1974,-0.000
1975,-0.000
1976,-0.000
1977,-0.000
1978,-176300.506
1979,-789565.792
1980,-1244941.262
1981,-1343007.385
1982,-1308207.128
1983,-1132243.550
1984,-764632.654
1985,-696879.989
1986,-626887.948
1987,-0.000
1988,-0.000
1989,-0.000
1990,-0.000
1991,-0.000
1992,-0.000
1993,-0.000
1994,-0.000
1995,-0.000
1996,-0.000
1997,-0.000
1998,-0.000
1999,-0.000
2000,-0.000
2001,-0.000
2002,-640941.089
2003,-1046335.697
2004,-1121313.395
2005,-1148642.403
2006,-1372694.098
2007,-1433324.207
2008,-845744.369
2009,-869917.212
2010,-755771.875
2011,-438093.930
2012,-135562.947
2013,-99785.782
2014,-72755.228
2015,-61821.588
2016,-64973.866
2017,-65759.923
2018,-57175.895
2019,-49525.060
2020,-36918.549
2021,-7532.202
2022,-0.000
2023,-1741361.622
2024,-1046077.578
2025,-3094370.191
2026,-3400320.245
2027,-3694951.624
2028,-3746171.249
2029,-3231430.760
2030,-3816358.852
2031,-4115194.122
2032,-4322455.120
2033,-4134304.382
2034,-3935979.361
2035,-1604019.257
2036,-1244125.465
2037,-0.000
2038,-0.000
2039,-179785.135
2040,-168845.866
2041,-48483.760
2042,-0.000
2043,-0.000
2044,-0.000
2045,-0.000
2046,-0.000
2047,-361667.913
2048,-438287.551
2049,-1480009.906
2050,-1887456.097
2051,-2405470.530
2052,-2627158.219
2053,-2543796.044
2054,-2579809.028
2055,-2597110.602
2056,-2367437.320
2057,-2012744.831
2058,-1894499.797
2059,-833238.292
2060,-657735.277
2061,-0.000
2062,-0.000
2063,-0.000
2064,-0.000
2065,-0.000
2066,-0.000
2067,-0.000
2068,-0.000
2069,-0.000
2070,-0.000
2071,-0.000
2072,-0.000
2073,-136098.088
2074,-658146.531
2075,-796797.481
2076,-910372.258
2077,-990175.964
2078,-1097605.266
2079,-1094237.679
2080,-854674.213
2081,-924650.515
2082,-939972.209
2083,-365983.333
2084,-268608.843
2085,-0.000
2086,-0.000
2087,-0.000
2088,-0.000
2089,-0.000
2090,-0.000
2091,-0.000
2092,-0.000
2093,-0.000
2094,-0.000
2095,-0.000
2096,-0.000
2097,-666971.954
2098,-1205152.231
2099,-1447288.086
2100,-1542836.608
2101,-1719653.411
2102,-1803563.743
2103,-1821202.477
2104,-1844522.195
2105,-1881237.778
2106,-1866147.154
2107,-834185.904
2108,-540299.786
2109,-0.000
2110,-0.000
2111,-0.000
2112,-0.000
2113,-0.000
2114,-0.000
2115,-0.000
2116,-0.000
2117,-0.000
2118,-0.000
2119,-141442.998
2120,-444576.810
2121,-1763037.609
2122,-2086298.717
2123,-2378973.003
2124,-2639355.920
2125,-2638040.375
2126,-2934674.477
2127,-3183570.677
2128,-3380040.561
2129,-3328120.662
2130,-3017477.599
2131,-1291891.382
2132,-741315.915
2133,-0.000
2134,-0.000
2135,-0.000
2136,-0.000
2137,-0.000
2138,-0.000
2139,-0.000
2140,-0.000
2141,-0.000
2142,-0.000
2143,-0.000
2144,-0.000
2145,-1475068.295
2146,-1783926.271
2147,-2030995.934
2148,-2160137.484
2149,-2253361.062
2150,-2482684.572
2151,-2594280.111
2152,-2571393.410
2153,-2573378.514
2154,-2360307.811
2155,-175736.270
2156,-79408.726
2157,-35699.131
2158,-16882.550
2159,-3047.608
2160,-0.000
2161,-0.000
2162,-0.000
2163,-0.000
2164,-0.000
2165,-0.000
2166,-0.000
2167,-0.000
2168,-0.000
2169,-0.000
2170,-0.000
2171,-365584.227
2172,-639921.376
2173,-500352.800
2174,-426903.336
2175,-357847.954
2176,-355363.506
2177,-235729.590
2178,-9209.488
2179,-0.000
2180,-0.000
2181,-0.000
2182,-0.000
2183,-0.000
2184,-0.000
2185,-0.000
2186,-0.000
2187,-0.000
2188,-0.000
2189,-0.000
2190,-0.000
2191,-0.000
2192,-0.000
2193,-0.000
2194,-0.000
2195,-178728.017
2196,-396583.065
2197,-655424.385
2198,-559518.418
2199,-524976.926
2200,-508125.788
2201,-403309.826
2202,-323985.601
2203,-41839.516
2204,-0.000
2205,-0.000
2206,-0.000
2207,-0.000
2208,-0.000
2209,-0.000
2210,-0.000
2211,-0.000
2212,-0.000
2213,-0.000
2214,-0.000
2215,-0.000
2216,-0.000
2217,-0.000
2218,-421536.555
2219,-923455.219
2220,-1259403.781
2221,-1396059.122
2222,-1598049.947
2223,-1827546.912
2224,-1957371.508
2225,-1993690.452
2226,-1829236.766
2227,-686181.042
2228,-230067.501
2229,-0.000
2230,-0.000
2231,-0.000
2232,-0.000
2233,-0.000
2234,-0.000
2235,-0.000
2236,-0.000
2237,-0.000
2238,-0.000
2239,-0.000
2240,-0.000
2241,-510799.946
2242,-1063803.265
2243,-1382676.060
2244,-1507624.666
2245,-1549285.525
2246,-1743691.493
2247,-1934486.684
2248,-2062607.216
2249,-2173314.356
2250,-2056683.568
2251,-780531.489
2252,-268078.823
2253,-0.000
2254,-0.000
2255,-0.000
2256,-0.000
2257,-0.000
2258,-0.000
2259,-0.000
2260,-0.000
2261,-0.000
2262,-0.000
2263,-0.000
2264,-0.000
2265,-1038136.153
2266,-1702322.871
2267,-1956547.440
2268,-2058093.933
2269,-2021866.231
2270,-2353692.672
2271,-2623409.475
2272,-2739529.487
2273,-2753206.457
2274,-2589436.548
2275,-1023759.977
2276,-475258.543
2277,-0.000
2278,-0.000
2279,-0.000
2280,-0.000
2281,-0.000
2282,-0.000
2283,-0.000
2284,-0.000
2285,-0.000
2286,-0.000
2287,-0.000
2288,-114117.460
2289,-1587264.871
2290,-2006567.355
2291,-2502693.809
2292,-2664642.230
2293,-2445083.888
2294,-2794108.173
2295,-2977796.038
2296,-3038450.564
2297,-2966781.968
2298,-2692734.138
2299,-1070958.940
2300,-574750.820
2301,-0.000
2302,-0.000
2303,-0.000
2304,-0.000
2305,-0.000
2306,-0.000
2307,-0.000
2308,-0.000
2309,-0.000
2310,-0.000
2311,-0.000
2312,-0.000
2313,-831789.360
2314,-1457717.173
2315,-1820943.144
2316,-1926997.792
2317,-1891621.711
2318,-2007482.607
2319,-2163336.037
2320,-2168992.114
2321,-2064096.262
2322,-1848759.933
2323,-13281.514
2324,-0.000
2325,-0.000
2326,-0.000
2327,-0.000
2328,-0.000
2329,-0.000
2330,-0.000
2331,-0.000
2332,-0.000
2333,-0.000
2334,-0.000
2335,-0.000
2336,-0.000
2337,-0.000
2338,-599098.011
2339,-910486.009
2340,-931125.520
2341,-926432.207
2342,-1068601.566
2343,-1189499.058
2344,-1253270.440
2345,-1211691.486
2346,-1045361.975
2347,-352994.490
2348,-0.000
2349,-0.000
2350,-0.000
2351,-0.000
2352,-0.000
2353,-0.000
2354,-0.000
2355,-0.000
2356,-0.000
2357,-0.000
2358,-0.000
2359,-0.000
2360,-419623.479
2361,-1636546.787
2362,-2204655.594
2363,-2573505.971
2364,-2537397.396
2365,-2367744.336
2366,-2718273.712
2367,-2946759.113
2368,-3046855.254
2369,-3049835.977
2370,-2876057.172
2371,-1160341.076
2372,-589954.871
2373,-0.000
2374,-0.000
2375,-0.000
2376,-0.000
2377,-0.000
2378,-0.000
2379,-0.000
2380,-0.000
2381,-0.000
2382,-0.000
2383,-17932.596
2384,-500111.941
2385,-1843543.682
2386,-2251844.262
2387,-2699238.288
2388,-2891591.123
2389,-2692176.816
2390,-3069163.845
2391,-3254628.761
2392,-3321413.378
2393,-3312914.610
2394,-3134569.476
2395,-1257195.872
2396,-679827.511
2397,-0.000
2398,-0.000
2399,-0.000
2400,-0.000
2401,-0.000
2402,-0.000
2403,-0.000
2404,-0.000
2405,-0.000
2406,-0.000
2407,-521094.034
2408,-755036.400
2409,-2341749.664
2410,-2612757.525
2411,-2962751.504
2412,-3128606.065
2413,-2915033.400
2414,-3336558.204
2415,-3559048.425
2416,-3572428.739
2417,-3623865.593
2418,-3501028.461
2419,-1725273.545
2420,-915520.929
2421,-0.000
2422,-0.000
2423,-0.000
2424,-0.000
2425,-0.000
2426,-0.000
2427,-0.000
2428,-0.000
2429,-0.000
2430,-0.000
2431,-667818.986
2432,-835578.615
2433,-2653483.721
2434,-2969110.485
2435,-3193679.393
2436,-3218395.454
2437,-2931044.061
2438,-3454576.436
2439,-3639488.973
2440,-3711410.527
2441,-3757048.214
2442,-3766830.682
2443,-1834757.012
2444,-1062671.530
2445,-0.000
2446,-0.000
2447,-0.000
2448,-59177.260
2449,-679.449
2450,-0.000
2451,-0.000
2452,-0.000
2453,-0.000
2454,-0.000
2455,-1541053.049
2456,-1041219.721
2457,-2954804.093
2458,-3204952.046
2459,-3367360.333
2460,-3277661.366
2461,-2980870.458
2462,-3423166.006
2463,-3597679.974
2464,-3652290.709
2465,-3615769.417
2466,-3570282.453
2467,-1796645.313
2468,-1069153.930
2469,-0.000
2470,-0.000
2471,-82119.052
2472,-147913.667
2473,-81103.470
2474,-28330.297
2475,-0.000
2476,-0.000
2477,-0.000
2478,-0.000
2479,-0.000
2480,-0.000
2481,-1709631.213
2482,-1656491.119
2483,-1896354.921
2484,-1984494.021
2485,-1994318.282
2486,-2218872.388
2487,-2448947.513
2488,-2586581.610
2489,-2602557.011
2490,-2473413.127
2491,-484371.962
2492,-226647.020
2493,-165117.081
2494,-132608.123
2495,-102968.657
2496,-79002.459
2497,-0.000
2498,-0.000
2499,-0.000
2500,-0.000
2501,-0.000
2502,-0.000
2503,-0.000
2504,-37015.384
2505,-555661.599
2506,-817260.360
2507,-969113.257
2508,-1012272.008
2509,-996164.229
2510,-1107518.563
2511,-1242247.275
2512,-1347372.014
2513,-1349373.705
2514,-1255223.355
2515,-683486.878
2516,-23062.591
2517,-0.000
2518,-0.000
2519,-0.000
2520,-0.000
2521,-0.000
2522,-0.000
2523,-0.000
2524,-0.000
2525,-0.000
2526,-0.000
2527,-543677.285
2528,-568077.822
2529,-1756578.092
2530,-2045718.554
2531,-2364093.420
2532,-2487609.074
2533,-2522226.781
2534,-2876371.262
2535,-2934251.559
2536,-2777224.847
2537,-2395691.358
2538,-1949956.585
2539,-877405.827
2540,-637223.748
2541,-0.000
2542,-0.000
2543,-0.000
2544,-0.000
2545,-0.000
2546,-0.000
2547,-0.000
2548,-0.000
2549,-0.000
2550,-0.000
2551,-229528.722
2552,-189741.836
2553,-1059540.412
2554,-1331944.586
2555,-1651074.650
2556,-1713674.989
2557,-1798828.527
2558,-1943437.545
2559,-2168658.757
2560,-2370088.044
2561,-2208792.185
2562,-2049228.059
2563,-1035888.537
2564,-559494.211
2565,-0.000
2566,-0.000
2567,-0.000
2568,-0.000
2569,-0.000
2570,-0.000
2571,-0.000
2572,-0.000
2573,-0.000
2574,-0.000
2575,-310982.709
2576,-512519.538
2577,-1668347.897
2578,-1893056.292
2579,-2034002.588
2580,-2058502.409
2581,-2103374.010
2582,-2244004.213
2583,-2366645.737
2584,-2529093.634
2585,-2293006.887
2586,-1881992.252
2587,-866151.294
2588,-574331.322
2589,-0.000
2590,-0.000
2591,-0.000
2592,-0.000
2593,-0.000
2594,-0.000
2595,-0.000
2596,-0.000
2597,-0.000
2598,-0.000
2599,-0.000
2600,-69019.096
2601,-1071973.523
2602,-1423872.659
2603,-1616087.498
2604,-1663557.540
2605,-1739687.458
2606,-2028721.780
2607,-2113967.454
2608,-2196322.496
2609,-2227649.766
2610,-2115154.527
2611,-936170.086
2612,-486941.184
2613,-0.000
2614,-0.000
2615,-0.000
2616,-0.000
2617,-0.000
2618,-0.000
2619,-0.000
2620,-0.000
2621,-0.000
2622,-0.000
2623,-198092.791
2624,-416910.113
2625,-1581880.847
2626,-1960822.378
2627,-2226521.787
2628,-2333731.509
2629,-2320033.868
2630,-2701376.887
2631,-2841965.624
2632,-3077233.195
2633,-3076299.249
2634,-2877806.566
2635,-1357147.171
2636,-682119.921
2637,-0.000
2638,-0.000
2639,-0.000
2640,-0.000
2641,-0.000
2642,-0.000
2643,-0.000
2644,-0.000
2645,-0.000
2646,-0.000
2647,-0.000
2648,-0.000
2649,-1392265.955
2650,-1634676.679
2651,-1871251.252
2652,-1963300.165
2653,-1991900.988
2654,-2191559.812
2655,-2393474.443
2656,-2553042.691
2657,-2603812.851
2658,-2511566.777
2659,-441688.099
2660,-120646.462
2661,-84823.152
2662,-61143.020
2663,-37599.365
2664,-30106.429
2665,-0.000
2666,-0.000
2667,-0.000
2668,-0.000
2669,-0.000
2670,-0.000
2671,-0.000
2672,-62128.797
2673,-671214.054
2674,-1046854.689
2675,-1139633.624
2676,-1091224.951
2677,-1166025.273
2678,-1328896.376
2679,-1425887.303
2680,-1486274.936
2681,-1537177.642
2682,-1426800.264
2683,-721372.906
2684,-155041.973
2685,-121319.598
2686,-105951.069
2687,-80369.419
2688,-64390.856
2689,-59310.487
2690,-60657.754
2691,-65269.880
2692,-49479.652
2693,-39089.985
2694,-48583.587
2695,-1820377.593
2696,-1156397.125
2697,-3162310.545
2698,-3468960.340
2699,-3638966.021
2700,-3694066.630
2701,-3286224.724
2702,-3914533.821
2703,-4019392.394
2704,-4064187.997
2705,-4026795.621
2706,-3893199.710
2707,-1850904.489
2708,-1230398.729
2709,-0.000
2710,-52732.559
2711,-186080.214
2712,-200958.343
2713,-117072.711
2714,-69722.724
2715,-38115.336
2716,-22265.834
2717,-3046.432
2718,-0.000
2719,-1779307.134
2720,-1241258.022
2721,-3392416.789
2722,-3666256.929
2723,-3832892.473
2724,-3839974.547
2725,-3390738.001
2726,-4051827.192
2727,-4252976.584
2728,-4336285.084
2729,-4335726.745
2730,-4361931.453
2731,-2048873.864
2732,-1385887.686
2733,-0.000
2734,-142998.660
2735,-305994.230
2736,-332951.689
2737,-263567.948
2738,-244092.669
2739,-231130.282
2740,-218007.530
2741,-202582.568
2742,-188389.844
2743,-1530233.579
2744,-1387878.337
2745,-3716663.713
2746,-3894718.193
2747,-4032004.363
2748,-4040942.078
2749,-3549032.736
2750,-4223758.576
2751,-4380426.551
2752,-4466820.706
2753,-4483206.762
2754,-4391823.248
2755,-2033172.300
2756,-1399041.858
2757,-0.000
2758,-199338.251
2759,-325741.835
2760,-332587.820
2761,-255540.653
2762,-233075.380
2763,-217899.554
2764,-220093.494
2765,-218967.477
2766,-209903.984
2767,-1558002.242
2768,-1381069.716
2769,-3686940.859
2770,-3883945.716
2771,-4025134.502
2772,-4002569.329
2773,-3528600.228
2774,-4183556.603
2775,-4395045.154
2776,-4462222.918
2777,-4467063.018
2778,-4323930.049
2779,-2030676.947
2780,-1406162.040
2781,-0.000
2782,-206188.030
2783,-334966.028
2784,-346527.098
2785,-270278.543
2786,-254958.976
2787,-246032.591
2788,-238261.001
2789,-221560.237
2790,-206157.051
2791,-1588930.832
2792,-1447466.364
2793,-3839700.938
2794,-4057575.809
2795,-4173643.286
2796,-4208048.763
2797,-3725439.079
2798,-4406750.467
2799,-4551385.761
2800,-4610199.324
2801,-4612228.678
2802,-4500290.367
2803,-2101444.469
2804,-1557993.469
2805,-0.000
2806,-342299.054
2807,-433160.022
2808,-457045.172
2809,-385859.804
2810,-360256.992
2811,-351208.783
2812,-334347.512
2813,-316535.211
2814,-307799.206
2815,-351304.739
2816,-642274.062
2817,-3016924.110
2818,-2756874.976
2819,-2772602.650
2820,-2742629.630
2821,-2760553.136
2822,-2918835.627
2823,-3057733.607
2824,-3101184.353
2825,-3165407.982
2826,-3049079.160
2827,-755742.176
2828,-415077.374
2829,-402614.657
2830,-411442.806
2831,-406847.758
2832,-407881.109
2833,-335381.772
2834,-309571.217
2835,-293434.581
2836,-295558.560
2837,-304607.617
2838,-317004.889
2839,-356649.667
2840,-607006.450
2841,-1067002.371
2842,-1315599.283
2843,-1424060.331
2844,-1366077.445
2845,-1420570.538
2846,-1578752.600
2847,-1764339.200
2848,-1802842.420
2849,-1784777.458
2850,-1712492.930
2851,-1006146.096
2852,-369917.405
2853,-347565.368
2854,-352851.538
2855,-350914.151
2856,-330757.527
2857,-308949.628
2858,-284912.769
2859,-263509.685
2860,-259014.460
2861,-256313.373
2862,-253913.981
2863,-1610188.617
2864,-1329760.757
2865,-3359902.589
2866,-3472433.790
2867,-3591244.450
2868,-3611471.667
2869,-3163300.525
2870,-3718822.842
2871,-3814093.301
2872,-3730078.785
2873,-3540412.977
2874,-3331547.537
2875,-1444924.488
2876,-1179267.430
2877,-0.000
2878,-107820.424
2879,-237733.892
2880,-255570.798
2881,-194399.392
2882,-169912.849
2883,-163993.909
2884,-166674.917
2885,-124664.746
2886,-35497.046
2887,-1485821.099
2888,-750124.779
2889,-2045823.062
2890,-1936634.496
2891,-1805540.999
2892,-1695912.857
2893,-1444239.405
2894,-1607863.858
2895,-1517394.673
2896,-1475499.402
2897,-1406269.154
2898,-1369015.820
2899,-458343.128
2900,-266075.818
2901,-0.000
2902,-0.000
2903,-0.000
2904,-0.000
2905,-0.000
2906,-0.000
2907,-0.000
2908,-0.000
2909,-0.000
2910,-0.000
2911,-0.000
2912,-0.000
2913,-190402.473
2914,-787337.985
2915,-1187525.280
2916,-1430104.931
2917,-1565021.546
2918,-1255245.231
2919,-1252820.929
2920,-1562388.502
2921,-1816278.752
2922,-1650750.853
2923,-798506.448
2924,-401698.774
2925,-0.000
2926,-0.000
2927,-0.000
2928,-0.000
2929,-0.000
2930,-0.000
2931,-0.000
2932,-0.000
2933,-0.000
2934,-0.000
2935,-0.000
2936,-423939.621
2937,-1570155.291
2938,-1996235.341
2939,-2186708.873
2940,-2114062.351
2941,-1989202.181
2942,-2349845.165
2943,-2593328.985
2944,-2754840.787
2945,-2807369.652
2946,-2558926.757
2947,-1252737.266
2948,-729064.662
2949,-0.000
2950,-0.000
2951,-0.000
2952,-0.000
2953,-0.000
2954,-0.000
2955,-0.000
2956,-0.000
2957,-0.000
2958,-0.000
2959,-563612.832
2960,-752174.513
2961,-2045155.494
2962,-2398441.388
2963,-2632478.094
2964,-2620255.834
2965,-2391238.815
2966,-2836852.919
2967,-3109862.872
2968,-3307258.098
2969,-3478111.679
2970,-3437198.581
2971,-1714880.451
2972,-843542.503
2973,-0.000
2974,-0.000
2975,-0.000
2976,-0.000
2977,-0.000
2978,-0.000
2979,-0.000
2980,-0.000
2981,-0.000
2982,-0.000
2983,-0.000
2984,-108272.279
2985,-1829868.741
2986,-1837034.979
2987,-1993228.183
2988,-2081630.511
2989,-2053397.451
2990,-2228655.922
2991,-2430753.337
2992,-2598295.112
2993,-2624818.016
2994,-2579202.666
2995,-642180.595
2996,-172394.402
2997,-130827.409
2998,-121755.017
2999,-111129.929
3000,-107221.477
3001,-12201.442
3002,-0.000
3003,-0.000
3004,-0.000
3005,-0.000
3006,-0.000
3007,-0.000
3008,-348632.166
3009,-830856.398
3010,-1002841.800
3011,-1022420.231
3012,-985424.266
3013,-977288.395
3014,-1182204.544
3015,-1367347.008
3016,-1480548.960
3017,-1574602.523
3018,-1708228.458
3019,-976519.560
3020,-163139.660
3021,-118814.526
3022,-111984.571
3023,-101797.887
3024,-93063.342
3025,-88877.226
3026,-62796.096
3027,-43118.416
3028,-26494.061
3029,-9541.064
3030,-5852.693
3031,-1609724.144
3032,-1084756.724
3033,-2916783.012
3034,-3110087.888
3035,-3235130.630
3036,-3278655.565
3037,-2943472.807
3038,-3397467.974
3039,-3407096.310
3040,-3291846.377
3041,-3080819.885
3042,-2907022.896
3043,-1261439.028
3044,-986264.182
3045,-0.000
3046,-0.000
3047,-39245.092
3048,-128567.387
3049,-60899.323
3050,-34592.877
3051,-21389.310
3052,-4418.000
3053,-0.000
3054,-0.000
3055,-1380739.572
3056,-992857.413
3057,-2585067.192
3058,-2723186.829
3059,-2810162.728
3060,-2846513.211
3061,-2663198.495
3062,-2992779.102
3063,-3143256.515
3064,-3211506.186
3065,-3155033.855
3066,-3205886.577
3067,-1729813.733
3068,-889607.513
3069,-0.000
3070,-0.000
3071,-45048.606
3072,-107565.307
3073,-36718.829
3074,-15867.817
3075,-2552.113
3076,-0.000
3077,-0.000
3078,-0.000
3079,-1383047.500
3080,-1005809.148
3081,-2653443.804
3082,-2799002.029
3083,-3084588.511
3084,-3252648.938
3085,-3060588.500
3086,-3512399.471
3087,-3628665.606
3088,-3736343.095
3089,-3742939.252
3090,-3553612.584
3091,-1679548.348
3092,-1113105.516
3093,-0.000
3094,-28911.919
3095,-186490.240
3096,-206847.617
3097,-137615.890
3098,-121844.977
3099,-121744.628
3100,-133982.400
3101,-136740.823
3102,-127370.571
3103,-1763874.330
3104,-1160281.231
3105,-3298324.877
3106,-3492382.462
3107,-3609123.595
3108,-3665054.910
3109,-3198756.691
3110,-3791631.132
3111,-3874172.216
3112,-4110640.631
3113,-4162326.032
3114,-3919049.949
3115,-1716893.946
3116,-1327404.493
3117,-0.000
3118,-126734.394
3119,-272936.032
3120,-293128.837
3121,-216477.550
3122,-188468.562
3123,-201973.548
3124,-170778.164
3125,-134216.497
3126,-121099.794
3127,-1799764.707
3128,-1189519.407
3129,-3212313.973
3130,-3498635.154
3131,-3634037.610
3132,-3398622.837
3133,-2896328.942
3134,-3410442.904
3135,-3308676.679
3136,-3203167.341
3137,-3131342.799
3138,-3308474.109
3139,-1583905.309
3140,-1310727.024
3141,-0.000
3142,-82224.218
3143,-237912.451
3144,-273500.932
3145,-174453.141
3146,-132383.749
3147,-95546.157
3148,-80570.918
3149,-69708.033
3150,-66404.424
3151,-58448.450
3152,-95503.933
3153,-2003805.160
3154,-1874118.680
3155,-1909970.674
3156,-2039641.228
3157,-2229891.921
3158,-2304572.852
3159,-2284206.740
3160,-2064586.327
3161,-1858600.409
3162,-1826912.524
3163,-0.000
3164,-227694.701
3165,-243787.198
3166,-231035.620
3167,-214423.397
3168,-208706.076
3169,-122404.259
3170,-98557.571
3171,-84786.098
3172,-72512.286
3173,-90884.124
3174,-96515.800
3175,-117140.754
3176,-203161.701
3177,-377123.746
3178,-474226.702
3179,-609345.891
3180,-481453.555
3181,-445433.243
3182,-359037.815
3183,-474954.914
3184,-896799.736
3185,-1056048.793
3186,-776619.246
3187,-529706.185
3188,-205327.240
3189,-179653.378
3190,-143973.955
3191,-138576.430
3192,-159561.460
3193,-126302.961
3194,-70066.501
3195,-40638.318
3196,-18159.525
3197,-3565.116
3198,-56486.800
3199,-1908855.313
3200,-1285389.586
3201,-3202355.429
3202,-3142301.737
3203,-3293172.196
3204,-3407422.208
3205,-3052078.658
3206,-3689489.612
3207,-3844199.788
3208,-3925335.907
3209,-3856230.283
3210,-3702453.663
3211,-1658257.371
3212,-1248384.463
3213,-0.000
3214,-30195.954
3215,-194586.522
3216,-213381.151
3217,-136888.653
3218,-108849.985
3219,-87553.051
3220,-19538.732
3221,-0.000
3222,-0.000
3223,-1545076.678
3224,-986636.868
3225,-2739758.968
3226,-2887041.129
3227,-3070852.654
3228,-3082683.459
3229,-2626042.244
3230,-2876517.982
3231,-2863504.459
3232,-2920455.514
3233,-2720677.002
3234,-2457671.259
3235,-1139939.722
3236,-939853.997
3237,-0.000
3238,-0.000
3239,-0.000
3240,-0.000
3241,-0.000
3242,-0.000
3243,-0.000
3244,-0.000
3245,-0.000
3246,-0.000
3247,-276148.528
3248,-439921.773
3249,-1482442.557
3250,-1626875.706
3251,-1728934.039
3252,-1834931.304
3253,-1767696.805
3254,-1938230.988
3255,-2024926.237
3256,-1893338.918
3257,-1971276.320
3258,-1762657.412
3259,-767362.130
3260,-525612.847
3261,-0.000
3262,-0.000
3263,-0.000
3264,-0.000
3265,-0.000
3266,-0.000
3267,-0.000
3268,-0.000
3269,-0.000
3270,-0.000
3271,-221757.575
3272,-595180.954
3273,-1695409.291
3274,-2055127.928
3275,-2308520.811
3276,-2356793.593
3277,-2299879.309
3278,-2713926.096
3279,-2964003.254
3280,-3140073.599
3281,-3273219.685
3282,-3373913.720
3283,-1558698.654
3284,-735511.518
3285,-0.000
3286,-0.000
3287,-0.000
3288,-0.000
3289,-0.000
3290,-0.000
3291,-0.000
3292,-0.000
3293,-0.000
3294,-0.000
3295,-451632.796
3296,-687007.589
3297,-1887321.449
3298,-2148015.759
3299,-2209246.848
3300,-2143686.460
3301,-2040907.737
3302,-2372171.752
3303,-2565724.186
3304,-2746199.989
3305,-2872233.727
3306,-2952665.057
3307,-1457395.618
3308,-884789.762
3309,-0.000
3310,-0.000
3311,-59091.087
3312,-112268.725
3313,-32164.683
3314,-1727.531
3315,-0.000
3316,-0.000
3317,-0.000
3318,-0.000
3319,-0.000
3320,-172006.279
3321,-1817936.369
3322,-1775265.646
3323,-1971892.461
3324,-2055733.700
3325,-2101889.929
3326,-2221352.832
3327,-2376865.324
3328,-2515340.780
3329,-2589478.469
3330,-2715857.500
3331,-538317.382
3332,-213361.304
3333,-179210.233
3334,-182157.974
3335,-180525.697
3336,-182253.289
3337,-130195.412
3338,-120907.936
3339,-110261.445
3340,-94867.151
3341,-70854.026
3342,-60113.582
3343,-141207.164
3344,-539413.960
3345,-952404.257
3346,-1076113.850
3347,-1083252.766
3348,-1036425.489
3349,-1039468.420
3350,-1268400.724
3351,-1492692.626
3352,-1563313.716
3353,-1676808.115
3354,-1792658.375
3355,-1100567.877
3356,-247520.820
3357,-208796.271
3358,-201931.290
3359,-193725.187
3360,-183218.371
3361,-171279.976
3362,-150285.959
3363,-128189.049
3364,-110233.363
3365,-81452.165
3366,-56139.656
3367,-1789171.191
3368,-1322811.224
3369,-3455879.281
3370,-3590861.011
3371,-3695121.039
3372,-3683053.901
3373,-3209852.755
3374,-3805646.374
3375,-4025357.792
3376,-4228679.372
3377,-4318626.745
3378,-4169473.457
3379,-1989147.322
3380,-1273636.381
3381,-0.000
3382,-107548.472
3383,-237921.448
3384,-249382.782
3385,-168503.765
3386,-133544.697
3387,-109246.286
3388,-109023.641
3389,-108473.481
3390,-98994.141
3391,-1719395.153
3392,-1204201.907
3393,-3110581.408
3394,-3229036.683
3395,-3314916.105
3396,-3297283.310
3397,-2958123.191
3398,-3545572.616
3399,-3743732.366
3400,-3854058.576
3401,-3885196.611
3402,-3929430.023
3403,-2037716.263
3404,-1093157.361
3405,-0.000
3406,-13208.797
3407,-176303.702
3408,-203024.511
3409,-141659.267
3410,-123945.429
3411,-121575.917
3412,-127296.112
3413,-132283.858
3414,-141914.048
3415,-1747092.798
3416,-1090044.756
3417,-2939956.828
3418,-3104750.354
3419,-3277554.671
3420,-3382907.498
3421,-3153203.627
3422,-3738771.190
3423,-3818500.972
3424,-3777579.608
3425,-3759652.741
3426,-3733498.955
3427,-1848278.760
3428,-1221584.644
3429,-0.000
3430,-64999.958
3431,-195114.338
3432,-230541.547
3433,-175067.059
3434,-182601.696
3435,-198680.339
3436,-199388.693
3437,-189339.306
3438,-180638.460
3439,-1428486.656
3440,-1132478.312
3441,-2989761.790
3442,-3191623.449
3443,-3248244.696
3444,-3408047.842
3445,-3225204.839
3446,-3652492.134
3447,-3848852.413
3448,-3850087.413
3449,-3817499.962
3450,-3666317.359
3451,-1735918.477
3452,-1311609.160
3453,-0.000
3454,-121760.004
3455,-273329.601
3456,-294312.592
3457,-224596.261
3458,-211699.427
3459,-206802.551
3460,-205256.812
3461,-189332.350
3462,-182789.315
3463,-1464115.777
3464,-1117202.271
3465,-3140507.164
3466,-3278493.860
3467,-3432625.758
3468,-3579034.567
3469,-3233947.518
3470,-4003132.464
3471,-4219448.439
3472,-4657935.925
3473,-4617209.003
3474,-4281393.074
3475,-2017458.473
3476,-1328961.441
3477,-0.000
3478,-90020.450
3479,-223057.149
3480,-248821.886
3481,-176497.361
3482,-157982.292
3483,-143013.998
3484,-124199.964
3485,-112911.409
3486,-108252.871
3487,-178889.036
3488,-571874.679
3489,-2894062.538
3490,-2439428.350
3491,-2511842.986
3492,-2551823.578
3493,-2561520.754
3494,-2727732.532
3495,-2899223.495
3496,-2995396.022
3497,-2802182.214
3498,-2599057.808
3499,-450627.504
3500,-381711.025
3501,-377717.553
3502,-385905.976
3503,-383158.655
3504,-377053.626
3505,-306211.507
3506,-300394.338
3507,-293110.403
3508,-232496.116
3509,-200746.143
3510,-194994.160
3511,-206998.631
3512,-333930.812
3513,-598539.389
3514,-994504.008
3515,-1253559.523
3516,-1137864.575
3517,-920538.729
3518,-1095240.629
3519,-1205361.715
3520,-774208.059
3521,-586246.086
3522,-599439.856
3523,-530269.033
3524,-311259.449
3525,-292961.520
3526,-293709.623
3527,-304539.548
3528,-302376.220
3529,-288389.375
3530,-280965.191
3531,-286751.049
3532,-289521.739
3533,-276965.348
3534,-270232.678
3535,-1654742.152
3536,-1523544.391
3537,-4078451.279
3538,-4201937.167
3539,-4253567.008
3540,-4277663.532
3541,-3771245.262
3542,-4607151.162
3543,-4689336.551
3544,-4905313.955
3545,-5071481.060
3546,-5154178.159
3547,-2541187.988
3548,-1622493.311
3549,-0.000
3550,-380786.604
3551,-454086.654
3552,-480797.575
3553,-413920.881
3554,-395955.577
3555,-390288.655
3556,-378600.940
3557,-350994.201
3558,-341330.568
3559,-1752023.054
3560,-1676862.675
3561,-4255925.423
3562,-4459783.596
3563,-4523307.845
3564,-4465517.151
3565,-3857284.426
3566,-4707348.271
3567,-4938901.011
3568,-5163424.911
3569,-5280570.187
3570,-5373664.698
3571,-2765515.799
3572,-1668726.387
3573,-48004.428
3574,-443997.707
3575,-495668.234
3576,-509412.720
3577,-434596.124
3578,-418453.191
3579,-411759.812
3580,-399728.689
3581,-381024.422
3582,-369633.034
3583,-1765287.362
3584,-1686552.976
3585,-4249476.025
3586,-4342803.573
3587,-4376935.950
3588,-4472230.827
3589,-3798559.047
3590,-4538613.686
3591,-4775356.099
3592,-4927709.603
3593,-5081970.488
3594,-4950603.906
3595,-2360289.994
3596,-1634091.950
3597,-45451.834
3598,-431973.986
3599,-483379.943
3600,-493965.722
3601,-412259.366
3602,-399418.324
3603,-398889.169
3604,-376865.821
3605,-351406.120
3606,-341361.445
3607,-1725063.358
3608,-1595333.708
3609,-4109892.592
3610,-4236237.998
3611,-4225058.828
3612,-4191540.562
3613,-3741590.416
3614,-4416139.118
3615,-4582718.395
3616,-4488653.540
3617,-4477462.734
3618,-4304616.148
3619,-2103251.761
3620,-1595564.632
3621,-38571.937
3622,-416994.866
3623,-474898.941
3624,-497954.967
3625,-422159.719
3626,-393728.793
3627,-340643.627
3628,-355968.591
3629,-330738.255
3630,-292986.164
3631,-1646743.414
3632,-1469684.757
3633,-3924182.250
3634,-4201544.921
3635,-4376588.824
3636,-4388689.891
3637,-3845614.041
3638,-4403623.588
3639,-4576685.381
3640,-4833981.980
3641,-4880937.729
3642,-4860992.561
3643,-2349074.038
3644,-1610784.060
3645,-48984.957
3646,-437085.780
3647,-488464.916
3648,-508989.892
3649,-448960.514
3650,-431487.313
3651,-402960.805
3652,-391168.952
3653,-379089.788
3654,-359715.547
3655,-377361.665
3656,-574093.158
3657,-2815478.494
3658,-2689231.062
3659,-2792206.498
3660,-2760316.684
3661,-2741884.624
3662,-2895583.866
3663,-2883432.564
3664,-3116632.696
3665,-3096162.567
3666,-2787188.090
3667,-591420.861
3668,-466138.700
3669,-469955.925
3670,-484425.819
3671,-498680.923
3672,-508284.485
3673,-425433.556
3674,-416220.167
3675,-387189.128
3676,-375881.257
3677,-406736.983
3678,-370275.554
3679,-393592.467
3680,-727650.802
3681,-1003356.258
3682,-1086236.134
3683,-1229840.535
3684,-1272754.966
3685,-1268786.513
3686,-1398643.575
3687,-1452519.364
3688,-1530563.898
3689,-1136386.968
3690,-916241.560
3691,-790672.543
3692,-443502.225
3693,-429797.600
3694,-442822.705
3695,-448211.368
3696,-445598.160
3697,-457357.475
3698,-459481.923
3699,-455539.939
3700,-458896.251
3701,-467409.749
3702,-467885.177
3703,-1903281.873
3704,-1678205.799
3705,-4395135.124
3706,-4590197.889
3707,-4664493.771
3708,-4680002.618
3709,-4045815.365
3710,-4960044.009
3711,-5189970.054
3712,-5356684.999
3713,-5330244.981
3714,-5255042.704
3715,-2512259.993
3716,-1768670.206
3717,-127632.669
3718,-526610.403
3719,-586797.621
3720,-596905.452
3721,-525267.708
3722,-519551.043
3723,-522973.918
3724,-524482.435
3725,-517334.971
3726,-505957.456
3727,-1956291.766
3728,-1789105.215
3729,-4397933.271
3730,-4465930.054
3731,-4633013.903
3732,-4711718.290
3733,-4156806.459
3734,-4865686.887
3735,-4975266.334
3736,-5033321.843
3737,-5089921.919
3738,-5043826.746
3739,-2397337.925
3740,-1746126.122
3741,-110369.279
3742,-521007.513
3743,-580738.488
3744,-598629.866
3745,-526100.006
3746,-511917.118
3747,-506108.204
3748,-505509.082
3749,-506590.268
3750,-488191.145
3751,-1905903.121
3752,-1655069.130
3753,-4248800.591
3754,-4351419.007
3755,-4304636.980
3756,-4405475.425
3757,-3896554.875
3758,-4479702.879
3759,-4734694.908
3760,-4535750.910
3761,-4413529.924
3762,-4322249.431
3763,-2027319.086
3764,-1668976.825
3765,-21282.763
3766,-419026.875
3767,-477697.164
3768,-479163.538
3769,-364124.625
3770,-357715.535
3771,-309659.663
3772,-275706.088
3773,-301265.865
3774,-318099.267
3775,-1711727.969
3776,-1507341.744
3777,-3865831.366
3778,-3784482.138
3779,-3802017.711
3780,-3886920.095
3781,-3394724.777
3782,-4113262.752
3783,-4106154.378
3784,-3930985.747
3785,-3845266.535
3786,-3718298.684
3787,-1714730.163
3788,-1524764.699
3789,-0.000
3790,-212313.778
3791,-347848.692
3792,-392908.685
3793,-328451.305
3794,-313646.137
3795,-239545.296
3796,-208443.534
3797,-230803.678
3798,-206094.975
3799,-1563869.211
3800,-1336348.552
3801,-3585023.753
3802,-3698826.321
3803,-3779840.945
3804,-3883860.368
3805,-3270276.670
3806,-3782099.144
3807,-3798576.752
3808,-3817935.581
3809,-3789040.331
3810,-3624572.992
3811,-1575197.726
3812,-1446434.916
3813,-0.000
3814,-149409.998
3815,-346671.911
3816,-387434.305
3817,-272867.560
3818,-244644.069
3819,-242102.812
3820,-237903.144
3821,-227659.782
3822,-227733.587
3823,-251799.207
3824,-344395.493
3825,-2276346.905
3826,-2028353.223
3827,-2050691.211
3828,-2004635.711
3829,-1973756.911
3830,-2006187.691
3831,-2161308.519
3832,-2571983.130
3833,-2629739.778
3834,-2755886.937
3835,-652486.305
3836,-416928.140
3837,-413331.746
3838,-422429.552
3839,-422739.356
3840,-404318.828
3841,-320007.484
3842,-303283.248
3843,-267744.419
3844,-268615.415
3845,-269975.717
3846,-228401.003
3847,-265583.708
3848,-339297.868
3849,-480165.602
3850,-670857.004
3851,-827485.228
3852,-930800.985
3853,-931833.515
3854,-1084628.178
3855,-1031113.049
3856,-925786.132
3857,-744476.229
3858,-680108.659
3859,-525924.782
3860,-377114.843
3861,-354772.098
3862,-310094.574
3863,-280472.875
3864,-267948.776
3865,-263800.683
3866,-262348.155
3867,-243088.789
3868,-255631.849
3869,-281744.986
3870,-260429.905
3871,-1673259.828
3872,-1371914.679
3873,-3654665.650
3874,-3736223.757
3875,-3922603.323
3876,-4199569.910
3877,-3700088.192
3878,-4280935.012
3879,-4279751.473
3880,-4141126.612
3881,-4062064.738
3882,-4044137.219
3883,-1900049.257
3884,-1531464.915
3885,-0.000
3886,-193459.635
3887,-333095.005
3888,-365489.708
3889,-309441.365
3890,-309331.263
3891,-304609.595
3892,-313452.438
3893,-335941.834
3894,-337912.382
3895,-1743818.197
3896,-1513817.445
3897,-3964472.588
3898,-3985608.281
3899,-4136934.942
3900,-4172985.443
3901,-3741642.177
3902,-4605903.327
3903,-4835576.654
3904,-4925079.910
3905,-4600006.172
3906,-4420516.075
3907,-2081415.138
3908,-1716859.728
3909,-42739.423
3910,-444649.616
3911,-506228.187
3912,-527915.328
3913,-465652.789
3914,-459752.767
3915,-453723.971
3916,-433615.852
3917,-446995.688
3918,-470543.898
3919,-1938571.790
3920,-1604048.759
3921,-4205829.766
3922,-4554961.516
3923,-4710429.378
3924,-4805755.662
3925,-4106218.408
3926,-4749225.409
3927,-4879196.391
3928,-5071645.246
3929,-4929563.460
3930,-4713513.753
3931,-2317738.423
3932,-1735435.992
3933,-94369.532
3934,-502272.007
3935,-554613.911
3936,-573499.102
3937,-495546.992
3938,-479371.819
3939,-467227.765
3940,-459110.512
3941,-440299.482
3942,-419136.904
3943,-1835888.783
3944,-1591647.280
3945,-4256979.356
3946,-4361099.270
3947,-4362346.014
3948,-4286498.943
3949,-3664109.600
3950,-4428386.236
3951,-4486082.296
3952,-4492674.980
3953,-4230159.954
3954,-3834512.642
3955,-1792714.995
3956,-1584933.195
3957,-0.000
3958,-328380.077
3959,-426891.892
3960,-453360.552
3961,-376572.421
3962,-322614.974
3963,-288407.517
3964,-254781.962
3965,-254254.497
3966,-235035.895
3967,-1549417.059
3968,-1273259.201
3969,-3408738.013
3970,-3518984.588
3971,-3891967.776
3972,-4163349.748
3973,-3591726.658
3974,-4005944.705
3975,-4005098.986
3976,-4513416.226
3977,-4073532.180
3978,-3685967.859
3979,-1547664.556
3980,-1332593.092
3981,-0.000
3982,-128873.934
3983,-312040.290
3984,-376392.582
3985,-306585.073
3986,-241002.672
3987,-236960.678
3988,-223560.806
3989,-223795.599
3990,-273084.242
3991,-304212.940
3992,-474765.040
3993,-2833117.474
3994,-2518299.595
3995,-2441909.931
3996,-2460761.961
3997,-2467670.568
3998,-2735057.168
3999,-2862195.471
4000,-2899064.117
4001,-2897790.362
4002,-2671582.158
4003,-550477.079
4004,-432435.819
4005,-429996.100
4006,-430076.413
4007,-436785.617
4008,-444238.960
4009,-366213.896
4010,-357919.502
4011,-363176.049
4012,-347580.347
4013,-336403.649
4014,-325042.035
4015,-340239.055
4016,-564945.205
4017,-798814.268
4018,-989111.574
4019,-1192017.566
4020,-1307912.421
4021,-1310333.217
4022,-1364378.333
4023,-1377929.482
4024,-1493525.980
4025,-1498468.865
4026,-1257433.031
4027,-1020180.965
4028,-456372.006
4029,-435291.101
4030,-447343.107
4031,-452923.298
4032,-448735.811
4033,-443993.429
4034,-436908.696
4035,-426555.668
4036,-427351.918
4037,-433287.617
4038,-431507.326
4039,-1866832.426
4040,-1657541.904
4041,-4160780.825
4042,-4440278.767
4043,-4514094.720
4044,-4509009.485
4045,-3913939.073
4046,-4738216.696
4047,-4912977.901
4048,-4825933.438
4049,-4707724.152
4050,-4603244.362
4051,-2384722.024
4052,-1682923.679
4053,-75025.922
4054,-468443.491
4055,-515536.346
4056,-536498.056
4057,-470653.903
4058,-458900.714
4059,-449149.994
4060,-441384.003
4061,-445216.433
4062,-451707.786
4063,-1874603.551
4064,-1684590.098
4065,-4408035.844
4066,-4589381.592
4067,-4569127.693
4068,-4576156.749
4069,-3980915.746
4070,-4843755.896
4071,-5043094.508
4072,-4968672.983
4073,-4890584.573
4074,-4816879.995
4075,-2368284.538
4076,-1727383.254
4077,-80246.871
4078,-493110.005
4079,-550064.078
4080,-568888.143
4081,-501809.803
4082,-482614.848
4083,-469344.610
4084,-469927.795
4085,-466641.255
4086,-467498.697
4087,-1853043.263
4088,-1494548.629
4089,-4000845.350
4090,-4215098.361
4091,-4432807.883
4092,-4605171.641
4093,-4044331.017
4094,-4781120.193
4095,-4836247.580
4096,-4890541.993
4097,-4737814.433
4098,-4504774.867
4099,-2172196.890
4100,-1725221.157
4101,-83006.740
4102,-487079.888
4103,-538410.746
4104,-560875.482
4105,-496364.217
4106,-485367.540
4107,-482638.034
4108,-483058.398
4109,-479026.399
4110,-467657.177
4111,-1887891.559
4112,-1603664.770
4113,-4228543.851
4114,-4465368.660
4115,-4510442.565
4116,-4549301.568
4117,-4059781.374
4118,-4730000.990
4119,-4933970.891
4120,-4825529.034
4121,-4669716.339
4122,-4541023.244
4123,-2317079.521
4124,-1719134.421
4125,-93339.414
4126,-502633.923
4127,-560980.346
4128,-576953.716
4129,-506156.764
4130,-493261.047
4131,-480411.998
4132,-469313.537
4133,-463968.111
4134,-456682.884
4135,-1909727.734
4136,-1779660.535
4137,-4522355.439
4138,-4648123.617
4139,-4641691.489
4140,-4551609.181
4141,-3907855.259
4142,-4714578.782
4143,-4979752.560
4144,-5163099.556
4145,-5340142.572
4146,-5598103.937
4147,-3057566.639
4148,-1742737.267
4149,-143443.453
4150,-517297.289
4151,-576188.068
4152,-583598.729
4153,-501827.994
4154,-483841.160
4155,-477363.608
4156,-477333.391
4157,-475189.873
4158,-469216.327
4159,-546092.675
4160,-960265.958
4161,-3371369.508
4162,-2965774.699
4163,-2910072.053
4164,-2798610.364
4165,-2733812.801
4166,-2934378.697
4167,-3187288.718
4168,-3396829.635
4169,-3598948.753
4170,-3885943.032
4171,-1587615.840
4172,-595843.095
4173,-531135.748
4174,-560209.858
4175,-575944.452
4176,-579402.248
4177,-505630.476
4178,-484521.769
4179,-468269.784
4180,-455586.269
4181,-424173.952
4182,-388471.165
4183,-485306.645
4184,-943286.490
4185,-1286640.371
4186,-1379325.771
4187,-1355331.616
4188,-1291219.312
4189,-1245605.849
4190,-1484991.926
4191,-1810296.704
4192,-1971129.888
4193,-2107225.953
4194,-2265462.946
4195,-1734617.720
4196,-550463.642
4197,-455523.131
4198,-470227.686
4199,-472101.930
4200,-472258.815
4201,-480278.639
4202,-468142.513
4203,-453839.546
4204,-444196.786
4205,-433797.936
4206,-418088.214
4207,-1808911.669
4208,-1715958.970
4209,-4271866.449
4210,-4519533.129
4211,-4598357.110
4212,-4592842.537
4213,-3886120.727
4214,-4701669.172
4215,-4933784.556
4216,-5102464.979
4217,-5113563.352
4218,-5022816.722
4219,-2524090.522
4220,-1667830.423
4221,-146653.700
4222,-503018.625
4223,-558711.002
4224,-564387.974
4225,-494943.487
4226,-473899.920
4227,-464598.576
4228,-462956.341
4229,-451393.709
4230,-422257.305
4231,-1782534.076
4232,-1721531.349
4233,-4239969.299
4234,-4356942.436
4235,-4461423.701
4236,-4409150.808
4237,-3863980.459
4238,-4756984.881
4239,-5074444.288
4240,-5197276.476
4241,-5177136.171
4242,-5065200.054
4243,-2540258.276
4244,-1708891.344
4245,-146100.821
4246,-510842.972
4247,-570911.009
4248,-578942.937
4249,-504975.052
4250,-487169.909
4251,-476002.560
4252,-472506.908
4253,-458978.101
4254,-455876.169
4255,-1870109.966
4256,-1807081.100
4257,-4364694.876
4258,-4463899.575
4259,-4484742.088
4260,-4457647.564
4261,-3847903.425
4262,-4634050.296
4263,-4889627.715
4264,-5076954.051
4265,-5255153.116
4266,-5562889.581
4267,-3055631.994
4268,-1675906.994
4269,-153105.446
4270,-509054.857
4271,-575654.855
4272,-590774.065
4273,-523815.440
4274,-507579.444
4275,-495903.441
4276,-496045.400
4277,-493987.043
4278,-477819.038
4279,-1874299.944
4280,-1820760.119
4281,-4404428.244
4282,-4494772.437
4283,-4525787.788
4284,-4448220.707
4285,-3830582.321
4286,-4660191.077
4287,-4944447.492
4288,-5152267.845
4289,-5400453.787
4290,-5667599.995
4291,-3226737.415
4292,-1700683.581
4293,-69629.902
4294,-554836.313
4295,-594071.640
4296,-605473.487
4297,-547400.473
4298,-533290.960
4299,-517565.993
4300,-510565.862
4301,-494284.465
4302,-436805.116
4303,-1784574.858
4304,-1623689.599
4305,-4277579.586
4306,-4564540.900
4307,-4678227.810
4308,-4620224.583
4309,-3938985.057
4310,-4781811.157
4311,-4749003.727
4312,-4814561.453
4313,-5058028.095
4314,-4860113.095
4315,-2308717.177
4316,-1704871.740
4317,-111113.937
4318,-507216.592
4319,-558498.764
4320,-564812.032
4321,-485972.292
4322,-460660.586
4323,-437366.599
4324,-433184.399
4325,-420852.550
4326,-394455.599
4327,-386808.960
4328,-550911.816
4329,-2762169.267
4330,-2503856.732
4331,-2534744.372
4332,-2601213.677
4333,-2640704.934
4334,-2784710.022
4335,-2841552.267
4336,-2752564.471
4337,-2516358.653
4338,-2460458.168
4339,-657415.254
4340,-440204.248
4341,-430927.637
4342,-454039.650
4343,-471620.934
4344,-472610.090
4345,-371764.797
4346,-314105.176
4347,-297752.415
4348,-295917.372
4349,-291005.537
4350,-282788.756
4351,-319836.655
4352,-521502.593
4353,-887875.736
4354,-1246962.563
4355,-1231175.915
4356,-1122945.614
4357,-935307.990
4358,-926827.251
4359,-1010793.729
4360,-731409.210
4361,-525552.071
4362,-531777.136
4363,-441295.479
4364,-330637.737
4365,-321004.242
4366,-328591.087
4367,-326619.097
4368,-328503.164
4369,-339217.980
4370,-340808.142
4371,-340073.478
4372,-321499.635
4373,-299041.622
4374,-297765.175
4375,-1684255.441
4376,-1326123.435
4377,-3542586.374
4378,-3752557.885
4379,-3823387.055
4380,-3940602.582
4381,-3374397.944
4382,-4050317.796
4383,-4006126.373
4384,-3906308.736
4385,-3915389.633
4386,-3987835.794
4387,-1721940.154
4388,-1499295.433
4389,-0.000
4390,-157372.935
4391,-323914.539
4392,-357423.690
4393,-306372.710
4394,-313682.047
4395,-305605.053
4396,-297956.534
4397,-300994.850
4398,-348616.989
4399,-1900477.794
4400,-1613790.650
4401,-4058725.260
4402,-4260936.039
4403,-4356577.423
4404,-4454887.199
4405,-3758121.366
4406,-4435522.257
4407,-4518369.753
4408,-4654482.326
4409,-4575346.068
4410,-4526143.404
4411,-2364407.712
4412,-1757306.171
4413,-68818.454
4414,-469275.686
4415,-527055.511
4416,-504052.012
4417,-410492.705
4418,-392836.674
4419,-373922.286
4420,-364218.985
4421,-359101.021
4422,-354326.061
4423,-1734900.162
4424,-1464786.099
4425,-4014692.086
4426,-4216732.056
4427,-4439905.460
4428,-4396656.336
4429,-3853846.630
4430,-4499855.988
4431,-4549917.633
4432,-4631797.714
4433,-4812500.758
4434,-4480878.485
4435,-2095205.093
4436,-1728760.071
4437,-60550.818
4438,-472765.208
4439,-535190.712
4440,-554902.272
4441,-481406.994
4442,-451501.539
4443,-456857.200
4444,-471875.522
4445,-472324.435
4446,-435123.166
4447,-1831927.837
4448,-1498124.321
4449,-4077562.988
4450,-4315872.783
4451,-4512047.840
4452,-4442625.070
4453,-3743460.030
4454,-4536238.329
4455,-4657076.963
4456,-4558737.124
4457,-4516912.096
4458,-4340711.789
4459,-2070081.425
4460,-1637628.079
4461,-0.000
4462,-395145.611
4463,-485859.042
4464,-523440.620
4465,-464155.630
4466,-394910.144
4467,-374741.349
4468,-380182.715
4469,-403245.991
4470,-407422.390
4471,-1870051.053
4472,-1484203.183
4473,-3925010.259
4474,-4170378.789
4475,-4324135.284
4476,-4325188.691
4477,-3855310.150
4478,-4572681.519
4479,-4736795.545
4480,-4597655.808
4481,-4330306.525
4482,-4142295.799
4483,-2032217.482
4484,-1628385.775
4485,-25526.462
4486,-418500.305
4487,-479595.854
4488,-442933.112
4489,-341300.956
4490,-373226.377
4491,-362035.208
4492,-359309.652
4493,-369770.129
4494,-339157.466
4495,-334595.547
4496,-433771.431
4497,-2622547.055
4498,-2550780.190
4499,-2783292.200
4500,-2864096.098
4501,-2913159.792
4502,-2952972.554
4503,-2817870.364
4504,-2801365.119
4505,-2776600.034
4506,-2713705.358
4507,-585955.879
4508,-464415.590
4509,-456465.147
4510,-466528.502
4511,-474823.317
4512,-483722.546
4513,-412705.293
4514,-399365.839
4515,-388396.601
4516,-379754.776
4517,-367670.475
4518,-357983.503
4519,-436980.339
4520,-817870.346
4521,-1252424.856
4522,-1338949.551
4523,-1307030.720
4524,-1255538.199
4525,-1165661.904
4526,-1438677.769
4527,-1702704.271
4528,-1934975.330
4529,-2036392.902
4530,-2067644.249
4531,-1560467.144
4532,-466578.132
4533,-420718.860
4534,-443299.675
4535,-458721.530
4536,-472646.088
4537,-486345.915
4538,-471393.293
4539,-458071.952
4540,-462157.029
4541,-467053.625
4542,-461625.528
4543,-1926432.337
4544,-1749873.690
4545,-4501939.982
4546,-4655362.874
4547,-4815884.990
4548,-4756010.964
4549,-3988368.077
4550,-4738822.202
4551,-5017383.752
4552,-5316962.398
4553,-5447552.403
4554,-5477088.302
4555,-2932538.927
4556,-1811486.005
4557,-160026.601
4558,-551012.629
4559,-616897.435
4560,-623382.251
4561,-542174.656
4562,-521538.027
4563,-520247.390
4564,-520186.562
4565,-503544.297
4566,-488790.380
4567,-1974805.963
4568,-1900330.944
4569,-4688179.899
4570,-4791183.041
4571,-4807546.246
4572,-4723619.640
4573,-4019554.689
4574,-4885094.610
4575,-5193991.392
4576,-5478481.152
4577,-5690669.820
4578,-5885789.976
4579,-3210765.057
4580,-1827758.882
4581,-74596.334
4582,-595523.252
4583,-643002.490
4584,-656555.841
4585,-581614.680
4586,-555539.357
4587,-543374.840
4588,-535815.856
4589,-523011.026
4590,-507730.660
4591,-1981997.583
4592,-1882062.187
4593,-4676108.848
4594,-4744493.468
4595,-4794515.513
4596,-4730976.892
4597,-4021617.393
4598,-4862998.512
4599,-5149901.720
4600,-5370725.712
4601,-5572247.389
4602,-5815066.295
4603,-3244379.633
4604,-1734840.163
4605,-69263.480
4606,-573159.832
4607,-612688.590
4608,-623022.180
4609,-555915.331
4610,-531719.929
4611,-510736.900
4612,-504412.744
4613,-495842.341
4614,-485267.226
4615,-1943195.578
4616,-1863711.436
4617,-4576960.092
4618,-4686706.468
4619,-4716874.157
4620,-4671278.648
4621,-4003099.776
4622,-4832137.986
4623,-5084321.730
4624,-5283943.239
4625,-5440104.336
4626,-5650501.407
4627,-3196355.885
4628,-1747048.842
4629,-70969.582
4630,-567139.219
4631,-601180.423
4632,-605289.985
4633,-536899.482
4634,-518518.673
4635,-515414.593
4636,-507197.158
4637,-489532.065
4638,-472918.135
4639,-1889502.323
4640,-1796932.686
4641,-4451301.220
4642,-4536069.746
4643,-4527839.562
4644,-4442596.091
4645,-3821344.094
4646,-4646820.409
4647,-4915379.988
4648,-5116200.595
4649,-5275322.930
4650,-5346586.644
4651,-3181864.102
4652,-1692944.518
4653,-72652.049
4654,-561031.282
4655,-601748.753
4656,-614849.871
4657,-545099.627
4658,-521931.039
4659,-508981.168
4660,-494183.695
4661,-480012.698
4662,-470141.296
4663,-561144.060
4664,-932611.172
4665,-3334316.038
4666,-2926641.376
4667,-2912305.251
4668,-2845094.209
4669,-2798165.219
4670,-2984646.238
4671,-3230328.161
4672,-3413756.463
4673,-3442652.649
4674,-3259123.979
4675,-964352.366
4676,-622809.422
4677,-637614.410
4678,-667138.640
4679,-671972.939
4680,-668132.995
4681,-585655.543
4682,-556499.088
4683,-545964.897
4684,-543873.150
4685,-532818.771
4686,-527953.715
4687,-609025.166
4688,-951029.527
4689,-1326207.166
4690,-1388873.745
4691,-1383015.186
4692,-1180690.704
4693,-1288672.617
4694,-1484541.205
4695,-1686318.425
4696,-1722640.240
4697,-1504516.119
4698,-1307223.116
4699,-1130844.832
4700,-567290.676
4701,-557507.726
4702,-567385.135
4703,-557927.303
4704,-550452.771
4705,-553246.287
4706,-556932.296
4707,-562777.597
4708,-563869.303
4709,-552264.998
4710,-541333.383
4711,-1999065.747
4712,-1785943.967
4713,-4621795.333
4714,-4859415.340
4715,-4933052.856
4716,-4921420.388
4717,-4190757.157
4718,-5112020.341
4719,-5303895.291
4720,-5520035.885
4721,-5584222.780
4722,-5637096.813
4723,-2912090.479
4724,-1876322.175
4725,-64519.507
4726,-592065.972
4727,-638629.768
4728,-654784.951
4729,-592739.320
4730,-590704.047
4731,-593995.937
4732,-600765.645
4733,-596556.563
4734,-584363.196
4735,-2045402.743
4736,-1839241.724
4737,-4603238.093
4738,-4718811.496
4739,-4744874.357
4740,-4714558.835
4741,-4037880.610
4742,-4846935.126
4743,-5123018.205
4744,-5338434.367
4745,-5534772.253
4746,-5627141.490
4747,-2840892.255
4748,-1867694.818
4749,-76956.581
4750,-613967.126
4751,-655552.417
4752,-675103.638
4753,-615351.582
4754,-598977.092
4755,-593056.329
4756,-598414.978
4757,-589972.342
4758,-583681.736
4759,-2042475.364
4760,-1851673.999
4761,-4640222.197
4762,-4797388.892
4763,-4819717.750
4764,-4771051.776
4765,-4071054.197
4766,-4945110.097
4767,-5166934.102
4768,-5291440.217
4769,-5483464.303
4770,-5600981.198
4771,-2919895.955
4772,-1902339.467
4773,-80114.055
4774,-626854.660
4775,-676944.014
4776,-694751.032
4777,-621161.329
4778,-606017.567
4779,-602102.956
4780,-596325.138
4781,-567553.444
4782,-545056.190
4783,-1982551.577
4784,-1740552.169
4785,-4463616.185
4786,-4693932.393
4787,-4807622.531
4788,-4829255.032
4789,-4126750.128
4790,-5033949.624
4791,-5291605.513
4792,-5402560.865
4793,-5350198.839
4794,-5114061.072
4795,-2554829.417
4796,-1839514.197
4797,-90872.879
4798,-617225.042
4799,-671750.835
4800,-692746.347
4801,-621017.829
4802,-601623.696
4803,-597245.819
4804,-599626.396
4805,-587104.768
4806,-568533.563
4807,-1960281.213
4808,-1802738.069
4809,-4559374.244
4810,-4745542.905
4811,-4758291.882
4812,-4678523.202
4813,-3980851.981
4814,-4862918.591
4815,-5116207.720
4816,-5211721.505
4817,-5378912.485
4818,-5624766.800
4819,-3029793.858
4820,-1837089.858
4821,-104488.054
4822,-628801.682
4823,-670439.285
4824,-680903.336
4825,-615576.779
4826,-589002.512
4827,-566906.963
4828,-563402.563
4829,-554020.885
4830,-550944.394
4831,-629540.202
4832,-986639.316
4833,-3376827.817
4834,-3022184.638
4835,-3056678.445
4836,-3025984.163
4837,-2985224.432
4838,-3125688.609
4839,-3312214.925
4840,-3485164.182
4841,-3624427.824
4842,-3797581.221
4843,-1590871.981
4844,-670738.973
4845,-623443.632
4846,-657225.768
4847,-660426.227
4848,-648573.281
4849,-575547.096
4850,-549009.918
4851,-526951.860
4852,-520440.474
4853,-497858.584
4854,-483966.682
4855,-583744.638
4856,-960400.106
4857,-1360523.388
4858,-1449841.318
4859,-1455179.944
4860,-1420466.778
4861,-1385982.958
4862,-1613383.961
4863,-1892434.624
4864,-2032654.245
4865,-2179853.128
4866,-2343435.824
4867,-1826748.176
4868,-662900.052
4869,-578268.524
4870,-601398.099
4871,-598523.403
4872,-594514.483
4873,-597757.955
4874,-587512.159
4875,-577945.816
4876,-579878.033
4877,-575887.445
4878,-570807.744
4879,-2020809.475
4880,-1909424.987
4881,-4728498.247
4882,-4794245.083
4883,-4839815.835
4884,-4777723.873
4885,-4065537.777
4886,-4890891.003
4887,-5145749.909
4888,-5370588.029
4889,-5568067.397
4890,-5791672.145
4891,-3246913.147
4892,-1906933.038
4893,-173868.625
4894,-678761.898
4895,-716059.902
4896,-720688.268
4897,-653899.362
4898,-636972.004
4899,-628931.750
4900,-632266.535
4901,-626775.080
4902,-621070.343
4903,-2083299.988
4904,-1963704.459
4905,-4820683.289
4906,-4922960.621
4907,-5002680.708
4908,-5001246.547
4909,-4275517.978
4910,-5122473.842
4911,-5343536.769
4912,-5556865.723
4913,-5759578.562
4914,-5988602.623
4915,-3288110.048
4916,-1988341.641
4917,-204295.291
4918,-718792.228
4919,-761032.905
4920,-762102.892
4921,-688299.707
4922,-665017.238
4923,-660579.635
4924,-667543.929
4925,-667687.146
4926,-667007.582
4927,-2126096.489
4928,-1977082.643
4929,-4950749.981
4930,-5070809.510
4931,-5151540.777
4932,-5129346.922
4933,-4375725.116
4934,-5266920.813
4935,-5505550.975
4936,-5746458.054
4937,-5972422.827
4938,-6210000.000
4939,-3281063.938
4940,-1984669.622
4941,-202275.199
4942,-700075.893
4943,-740306.562
4944,-740383.689
4945,-658761.507
4946,-635396.241
4947,-622355.268
4948,-623472.607
4949,-612267.875
4950,-604731.725
4951,-2029234.158
4952,-1850284.961
4953,-4664042.505
4954,-4784591.633
4955,-4830297.368
4956,-4804259.700
4957,-4121613.964
4958,-4911000.364
4959,-5119001.872
4960,-5336711.932
4961,-5541726.984
4962,-5772628.533
4963,-3161759.866
4964,-1729015.313
4965,-107514.094
4966,-590969.633
4967,-618533.851
4968,-621051.684
4969,-552942.451
4970,-529392.052
4971,-510734.314
4972,-506473.970
4973,-497704.351
4974,-493897.043
4975,-1839797.133
4976,-1736856.437
4977,-4329375.165
4978,-4461864.184
4979,-4621838.028
4980,-4561209.372
4981,-3897892.574
4982,-4637655.144
4983,-4906970.725
4984,-5134687.268
4985,-5302028.107
4986,-5478292.353
4987,-3179140.680
4988,-1772187.181
4989,-126893.657
4990,-620382.603
4991,-645652.943
4992,-644145.812
4993,-580786.992
4994,-561806.363
4995,-547937.037
4996,-539516.822
4997,-532096.397
4998,-525285.333
4999,-598507.194
5000,-943987.154
5001,-3303847.285
5002,-2976681.523
5003,-2990839.929
5004,-2951686.530
5005,-2981052.148
5006,-3171687.590
5007,-3358920.378
5008,-3563856.612
5009,-3747505.355
5010,-3931950.035
5011,-1627311.281
5012,-733386.462
5013,-700052.496
5014,-744252.122
5015,-753988.606
5016,-752269.333
5017,-679470.415
5018,-659940.672
5019,-657656.931
5020,-655177.362
5021,-640839.249
5022,-635233.053
5023,-709419.029
5024,-1046072.644
5025,-1384985.971
5026,-1454250.817
5027,-1570527.152
5028,-1501382.761
5029,-1472731.535
5030,-1665393.650
5031,-1946355.155
5032,-2158626.946
5033,-2181489.325
5034,-2028010.589
5035,-1425330.863
5036,-624345.287
5037,-617305.468
5038,-656413.628
5039,-658858.118
5040,-653146.695
5041,-652995.822
5042,-651719.890
5043,-650047.144
5044,-642534.883
5045,-624050.156
5046,-603428.340
5047,-2027940.959
5048,-1872577.723
5049,-4761051.245
5050,-4951634.447
5051,-4961328.816
5052,-4895644.546
5053,-4209959.290
5054,-5207706.124
5055,-5421349.279
5056,-5496366.032
5057,-5486352.636
5058,-5524488.084
5059,-2660596.495
5060,-1824947.083
5061,-73109.307
5062,-590993.181
5063,-640051.447
5064,-653405.650
5065,-583983.770
5066,-575393.394
5067,-568822.637
5068,-551727.485
5069,-528644.520
5070,-516967.001
5071,-1942479.243
5072,-1742110.743
5073,-4426489.750
5074,-4650974.203
5075,-4816515.508
5076,-4834232.955
5077,-4180498.047
5078,-5088276.714
5079,-5299507.731
5080,-5462285.035
5081,-5603122.111
5082,-5778542.507
5083,-3137590.098
5084,-1899736.538
5085,-124433.758
5086,-648902.503
5087,-687278.207
5088,-693340.739
5089,-618724.165
5090,-596047.639
5091,-578900.105
5092,-578109.717
5093,-571518.679
5094,-557903.770
5095,-1955722.083
5096,-1822707.924
5097,-4533144.194
5098,-4652278.208
5099,-4726893.296
5100,-4640582.035
5101,-4012357.644
5102,-4877265.311
5103,-5137310.594
5104,-5364713.616
5105,-5493339.110
5106,-5794912.247
5107,-3152126.279
5108,-1853215.279
5109,-122777.724
5110,-641462.557
5111,-688146.205
5112,-709855.170
5113,-643280.899
5114,-619079.278
5115,-609022.566
5116,-601702.369
5117,-584923.461
5118,-563629.056
5119,-1992511.499
5120,-1746509.781
5121,-4338148.900
5122,-4475428.620
5123,-4582284.332
5124,-4643040.057
5125,-4043190.951
5126,-4902973.147
5127,-5154516.490
5128,-5309140.730
5129,-5322479.684
5130,-5099133.716
5131,-2491950.049
5132,-1896249.309
5133,-104276.009
5134,-643401.050
5135,-588283.028
5136,-560347.835
5137,-516041.974
5138,-476149.280
5139,-436249.778
5140,-413717.987
5141,-392687.882
5142,-379850.497
5143,-1805204.531
5144,-1393105.519
5145,-3585424.301
5146,-3668149.888
5147,-3925335.367
5148,-4255731.438
5149,-3825477.597
5150,-4431616.718
5151,-4356464.557
5152,-4353597.606
5153,-4524747.067
5154,-4439707.894
5155,-2206307.042
5156,-1581516.719
5157,-41695.844
5158,-420342.768
5159,-448420.796
5160,-438804.853
5161,-348916.948
5162,-328942.519
5163,-328710.366
5164,-327290.989
5165,-329804.980
5166,-319571.526
5167,-354701.856
5168,-542994.011
5169,-2627223.371
5170,-2389383.283
5171,-2434627.770
5172,-2494137.769
5173,-2603398.822
5174,-2739135.167
5175,-2754508.845
5176,-2316880.492
5177,-2260777.270
5178,-2205635.435
5179,-179978.560
5180,-336367.798
5181,-356681.136
5182,-405952.631
5183,-464324.460
5184,-478454.545
5185,-407620.003
5186,-399215.732
5187,-386131.286
5188,-322557.200
5189,-303294.857
5190,-279756.788
5191,-275928.681
5192,-315224.372
5193,-443331.951
5194,-639576.920
5195,-732630.976
5196,-864900.550
5197,-894029.187
5198,-812659.695
5199,-915824.681
5200,-979265.974
5201,-862028.620
5202,-706960.248
5203,-649039.668
5204,-394930.459
5205,-362290.737
5206,-351947.934
5207,-349814.065
5208,-360115.589
5209,-370335.993
5210,-378155.154
5211,-379225.868
5212,-369639.233
5213,-357704.831
5214,-350079.730
5215,-1762517.369
5216,-1648693.417
5217,-4268476.360
5218,-4445802.904
5219,-4604717.691
5220,-4609914.256
5221,-3806522.210
5222,-4439277.378
5223,-4738156.742
5224,-4978310.140
5225,-4987968.050
5226,-5086126.211
5227,-2537480.757
5228,-1701909.075
5229,-84299.171
5230,-500225.868
5231,-557372.635
5232,-569798.783
5233,-500697.512
5234,-485674.458
5235,-478366.366
5236,-482929.847
5237,-477655.647
5238,-468206.444
5239,-1905918.511
5240,-1722687.341
5241,-4374762.872
5242,-4559703.990
5243,-4762835.153
5244,-4788513.178
5245,-4101696.678
5246,-4885366.342
5247,-5057141.032
5248,-5278817.044
5249,-5390721.416
5250,-5600126.209
5251,-2905085.770
5252,-1776395.466
5253,-58456.809
5254,-576814.381
5255,-623966.314
5256,-617005.254
5257,-529398.685
5258,-494804.810
5259,-477764.752
5260,-481327.032
5261,-480730.491
5262,-416987.207
5263,-1735253.349
5264,-1495853.971
5265,-4046057.564
5266,-4273477.602
5267,-4414910.020
5268,-4516551.840
5269,-3930860.212
5270,-4620766.466
5271,-4840231.188
5272,-4981615.638
5273,-4517952.582
5274,-4386360.097
5275,-2251257.853
5276,-1459719.297
5277,-0.000
5278,-202485.154
5279,-362503.134
5280,-405566.941
5281,-367124.734
5282,-344630.450
5283,-331089.563
5284,-313090.524
5285,-308930.673
5286,-310119.850
5287,-1674260.789
5288,-1438312.904
5289,-3775628.804
5290,-3847380.711
5291,-4028172.468
5292,-4081045.781
5293,-3269712.371
5294,-3663148.278
5295,-3618157.034
5296,-3666364.396
5297,-3626416.508
5298,-3548263.603
5299,-1588739.549
5300,-1485157.801
5301,-0.000
5302,-141301.287
5303,-312305.701
5304,-343784.339
5305,-272499.573
5306,-272312.513
5307,-272799.380
5308,-272816.876
5309,-288000.664
5310,-298341.412
5311,-1692280.492
5312,-1329504.405
5313,-3563895.427
5314,-3704474.058
5315,-3821497.663
5316,-4007055.737
5317,-3759950.624
5318,-4572101.068
5319,-4599175.910
5320,-4400165.026
5321,-4204112.738
5322,-4069680.526
5323,-1865715.801
5324,-1576519.566
5325,-0.000
5326,-224327.674
5327,-347703.728
5328,-357891.651
5329,-287645.951
5330,-303015.006
5331,-378327.827
5332,-372685.542
5333,-346291.866
5334,-338155.427
5335,-394007.922
5336,-656457.941
5337,-2956898.844
5338,-2478075.098
5339,-2486684.987
5340,-2468514.905
5341,-2484467.183
5342,-2497944.906
5343,-2485611.184
5344,-2678277.370
5345,-2629754.277
5346,-2583419.421
5347,-334314.572
5348,-318246.574
5349,-373128.989
5350,-404438.421
5351,-410255.678
5352,-421379.127
5353,-359304.776
5354,-350451.019
5355,-328907.897
5356,-292238.502
5357,-278522.246
5358,-283119.888
5359,-358834.564
5360,-649566.472
5361,-1033428.120
5362,-1058915.908
5363,-842312.871
5364,-1002626.505
5365,-1270357.045
5366,-1261088.045
5367,-1322609.769
5368,-1084581.676
5369,-1217657.689
5370,-1336323.495
5371,-939679.914
5372,-339095.258
5373,-321105.313
5374,-331497.343
5375,-347147.316
5376,-362336.635
5377,-365524.901
5378,-359067.325
5379,-355620.865
5380,-356061.062
5381,-343281.328
5382,-328045.648
5383,-1654870.431
5384,-1507798.966
5385,-3985170.055
5386,-4187149.739
5387,-4406245.151
5388,-4355207.099
5389,-3597243.857
5390,-4251278.740
5391,-4500957.132
5392,-4643640.803
5393,-4700648.748
5394,-4877363.273
5395,-2218772.033
5396,-1582734.688
5397,-39947.654
5398,-433537.410
5399,-485225.941
5400,-500228.017
5401,-436381.355
5402,-412357.795
5403,-399960.968
5404,-399976.696
5405,-386013.866
5406,-369090.473
5407,-1775034.197
5408,-1585364.981
5409,-4233744.128
5410,-4367779.221
5411,-4595681.856
5412,-4697962.083
5413,-4117840.150
5414,-4976443.877
5415,-5128096.566
5416,-5174078.977
5417,-5265695.372
5418,-5361743.616
5419,-2649712.409
5420,-1752436.732
5421,-40378.077
5422,-541226.061
5423,-588055.502
5424,-608080.925
5425,-541628.787
5426,-513963.349
5427,-493640.025
5428,-483635.218
5429,-468341.129
5430,-451998.580
5431,-1872127.098
5432,-1645918.933
5433,-4327399.012
5434,-4540172.335
5435,-4738541.187
5436,-4834896.260
5437,-4210677.101
5438,-4987298.922
5439,-5200177.913
5440,-5217878.564
5441,-5193478.032
5442,-5431278.954
5443,-2687374.944
5444,-1793527.930
5445,-72439.910
5446,-596796.948
5447,-641513.250
5448,-647801.327
5449,-559243.996
5450,-525707.159
5451,-501111.632
5452,-496689.049
5453,-489496.865
5454,-440857.059
5455,-1738032.511
5456,-1393284.768
5457,-3859609.644
5458,-4061336.849
5459,-4191635.388
5460,-4387020.547
5461,-3823360.296
5462,-4404862.582
5463,-4757809.103
5464,-4961637.440
5465,-4843466.798
5466,-4820866.556
5467,-2306898.924
5468,-1650447.338
5469,-70902.864
5470,-475023.660
5471,-520809.206
5472,-535023.920
5473,-471443.654
5474,-467263.476
5475,-460637.506
5476,-451428.170
5477,-436779.969
5478,-407418.066
5479,-1780995.937
5480,-1520367.908
5481,-3985334.072
5482,-4259523.199
5483,-4473484.516
5484,-4306652.601
5485,-3539988.963
5486,-4391591.656
5487,-4738616.692
5488,-4634185.040
5489,-4643671.595
5490,-4634729.540
5491,-2073939.026
5492,-1524897.787
5493,-0.000
5494,-367346.922
5495,-458736.387
5496,-484667.636
5497,-416793.976
5498,-402819.069
5499,-400641.654
5500,-397081.578
5501,-378367.424
5502,-348940.451
5503,-370659.762
5504,-580610.816
5505,-2905195.469
5506,-2712592.408
5507,-2829421.640
5508,-2921968.818
5509,-2924904.144
5510,-3095258.827
5511,-3246510.322
5512,-3329004.245
5513,-3311711.421
5514,-3374171.589
5515,-941820.897
5516,-526058.343
5517,-545356.244
5518,-571143.282
5519,-577555.693
5520,-579196.941
5521,-501003.724
5522,-473394.848
5523,-451613.751
5524,-428487.163
5525,-400533.580
5526,-377587.098
5527,-448017.059
5528,-649811.357
5529,-846876.319
5530,-1145241.078
5531,-1272845.648
5532,-1357525.562
5533,-1264370.242
5534,-1158685.588
5535,-1355278.343
5536,-1679272.747
5537,-1587500.315
5538,-1587429.493
5539,-988741.584
5540,-408938.446
5541,-409469.314
5542,-409807.160
5543,-393718.714
5544,-337985.765
5545,-332690.804
5546,-331934.014
5547,-391910.668
5548,-437866.947
5549,-423382.134
5550,-396042.197
5551,-1714796.236
5552,-1512864.027
5553,-4021839.176
5554,-4212634.116
5555,-4386546.010
5556,-4565115.857
5557,-3956168.540
5558,-4649183.406
5559,-4850715.792
5560,-4899425.914
5561,-4782727.226
5562,-4747937.130
5563,-2345232.955
5564,-1551324.234
5565,-44296.900
5566,-442791.075
5567,-505868.279
5568,-531084.012
5569,-464188.636
5570,-443774.757
5571,-432916.872
5572,-428301.879
5573,-416649.740
5574,-405821.171
5575,-1805253.676
5576,-1613460.478
5577,-4305445.242
5578,-4520319.523
5579,-4622445.708
5580,-4655912.719
5581,-4037868.906
5582,-4827549.177
5583,-5010009.751
5584,-5119671.593
5585,-5136040.089
5586,-5230312.288
5587,-2587180.191
5588,-1727284.380
5589,-165692.152
5590,-539755.209
5591,-597560.851
5592,-606653.883
5593,-544882.750
5594,-526504.010
5595,-517234.745
5596,-517637.722
5597,-502288.245
5598,-485755.013
5599,-1888104.462
5600,-1647646.181
5601,-4375416.656
5602,-4615159.198
5603,-4843763.745
5604,-4953706.732
5605,-4311554.643
5606,-5254595.889
5607,-5454838.156
5608,-5521882.580
5609,-5624439.320
5610,-5585680.721
5611,-2735276.070
5612,-1884154.893
5613,-92584.394
5614,-631547.552
5615,-669042.546
5616,-673047.325
5617,-597341.038
5618,-578060.207
5619,-572320.338
5620,-576876.094
5621,-571422.001
5622,-566437.500
5623,-2030008.970
5624,-1810792.911
5625,-4700172.362
5626,-4869729.848
5627,-5035634.664
5628,-5044825.256
5629,-4364638.091
5630,-5328267.931
5631,-5563945.709
5632,-5652565.472
5633,-5718573.292
5634,-5702888.533
5635,-2913608.835
5636,-2103000.895
5637,-168087.228
5638,-736507.601
5639,-774036.414
5640,-774312.688
5641,-695141.686
5642,-676349.268
5643,-666544.106
5644,-666105.768
5645,-651836.952
5646,-641687.783
5647,-2175100.739
5648,-1894820.881
5649,-4846873.220
5650,-5022145.763
5651,-5184109.551
5652,-5172960.521
5653,-4393688.636
5654,-4889082.794
5655,-4845213.829
5656,-5031151.142
5657,-4950295.936
5658,-4735414.274
5659,-2342284.698
5660,-1773824.984
5661,-84255.861
5662,-607638.086
5663,-637170.150
5664,-623305.026
5665,-538479.403
5666,-458723.580
5667,-344525.942
5668,-351729.446
5669,-334599.833
5670,-306504.107
5671,-272256.077
5672,-459835.349
5673,-2665389.551
5674,-2448479.963
5675,-2492519.483
5676,-2535077.641
5677,-2650572.784
5678,-2742900.736
5679,-2695010.062
5680,-2849092.193
5681,-2772985.033
5682,-2450379.413
5683,-439578.127
5684,-418377.669
5685,-416137.546
5686,-420812.842
5687,-438761.830
5688,-447411.969
5689,-366434.431
5690,-353822.548
5691,-354534.085
5692,-360210.744
5693,-365101.687
5694,-362297.256
5695,-399734.222
5696,-583997.838
5697,-950197.917
5698,-1261670.619
5699,-1344617.947
5700,-1377933.160
5701,-1392827.726
5702,-1550740.836
5703,-1671435.880
5704,-1825068.941
5705,-1805440.009
5706,-1875343.928
5707,-1266172.949
5708,-464469.519
5709,-463875.684
5710,-473002.914
5711,-475664.673
5712,-473594.417
5713,-473282.001
5714,-462964.131
5715,-459345.178
5716,-450683.532
5717,-424924.645
5718,-408814.495
5719,-1900473.936
5720,-1673006.301
5721,-4454743.586
5722,-4648384.129
5723,-4758618.809
5724,-4803955.258
5725,-4181619.005
5726,-5022689.041
5727,-5244093.049
5728,-5382068.314
5729,-5537237.140
5730,-5522863.816
5731,-2774116.797
5732,-1898453.403
5733,-76188.075
5734,-607363.355
5735,-643407.460
5736,-650216.244
5737,-582513.024
5738,-565096.976
5739,-554128.435
5740,-554123.896
5741,-545016.944
5742,-528671.966
5743,-2003555.648
5744,-1763625.239
5745,-4735001.649
5746,-4938071.666
5747,-5127757.861
5748,-5182375.900
5749,-4451337.507
5750,-5303985.956
5751,-5508404.677
5752,-5648924.524
5753,-5626114.610
5754,-5308751.002
5755,-2470529.761
5756,-1938214.066
5757,-62569.312
5758,-596023.772
5759,-635806.788
5760,-647746.374
5761,-577127.980
5762,-563035.217
5763,-555800.835
5764,-540789.026
5765,-522172.619
5766,-502257.058
5767,-1959919.836
5768,-1659454.769
5769,-4421659.185
5770,-4669606.761
5771,-4954708.437
5772,-5057387.927
5773,-4407143.713
5774,-5196891.452
5775,-5230889.660
5776,-5224705.180
5777,-5163847.804
5778,-4953143.238
5779,-2057465.624
5780,-1751147.746
5781,-142711.244
5782,-542902.852
5783,-601831.288
5784,-610878.009
5785,-523935.225
5786,-490290.708
5787,-466032.479
5788,-456243.375
5789,-439068.719
5790,-420978.093
5791,-1855173.282
5792,-1569892.058
5793,-4205624.569
5794,-4548150.250
5795,-4780065.498
5796,-4859073.845
5797,-4275650.585
5798,-4987390.735
5799,-5173265.346
5800,-5219471.714
5801,-5204592.817
5802,-4772484.745
5803,-2035675.207
5804,-1798906.637
5805,-138288.195
5806,-525479.149
5807,-580042.645
5808,-579352.816
5809,-494082.743
5810,-471813.015
5811,-460101.878
5812,-454500.083
5813,-443953.405
5814,-441034.509
5815,-1906564.009
5816,-1671455.622
5817,-4532618.640
5818,-4680125.927
5819,-4927943.903
5820,-5086908.704
5821,-4405393.370
5822,-5101645.575
5823,-5316133.143
5824,-5430377.219
5825,-5265756.276
5826,-5039635.904
5827,-2204658.162
5828,-1828338.274
5829,-77972.123
5830,-599024.702
5831,-621205.385
5832,-618664.571
5833,-553375.189
5834,-540377.866
5835,-513070.601
5836,-482887.343
5837,-464986.977
5838,-465685.314
5839,-499793.823
5840,-671710.316
5841,-3021510.458
5842,-2892714.199
5843,-3067895.893
5844,-3136291.011
5845,-3159930.496
5846,-3316108.728
5847,-3438031.536
5848,-3497002.194
5849,-3174320.959
5850,-2759476.185
5851,-388181.633
5852,-523780.614
5853,-559787.958
5854,-574303.041
5855,-567410.241
5856,-563296.130
5857,-488025.581
5858,-467285.676
5859,-461082.673
5860,-458752.875
5861,-443903.360
5862,-424661.880
5863,-413928.619
5864,-549824.083
5865,-948330.578
5866,-1233184.939
5867,-1464229.107
5868,-1549642.069
5869,-1524394.597
5870,-1682984.921
5871,-1836988.249
5872,-1877084.598
5873,-1851807.749
5874,-1740156.323
5875,-942203.293
5876,-486700.456
5877,-435483.756
5878,-447300.016
5879,-449076.375
5880,-445366.281
5881,-446484.127
5882,-426548.309
5883,-402644.858
5884,-384076.913
5885,-347573.020
5886,-311891.741
5887,-1354322.728
5888,-1197921.151
5889,-3050102.873
5890,-3305194.610
5891,-3623546.936
5892,-3744437.554
5893,-3475954.067
5894,-4160103.762
5895,-4476060.016
5896,-4636257.591
5897,-4697029.490
5898,-4524288.466
5899,-2064090.221
5900,-1455231.646
5901,-39359.715
5902,-462334.442
5903,-501070.544
5904,-507723.251
5905,-441935.498
5906,-419793.232
5907,-410035.090
5908,-399399.749
5909,-367956.019
5910,-337775.852
5911,-1430095.575
5912,-1209389.568
5913,-3140290.017
5914,-3389023.211
5915,-3710318.473
5916,-3839328.882
5917,-3630599.963
5918,-4256214.656
5919,-4548726.205
5920,-4680466.349
5921,-4713829.652
5922,-4534171.262
5923,-2119950.073
5924,-1572617.466
5925,-69287.362
5926,-518632.575
5927,-533958.083
5928,-527455.484
5929,-453352.612
5930,-419627.109
5931,-392989.690
5932,-401354.745
5933,-407298.402
5934,-397695.046
5935,-1613749.863
5936,-1330487.051
5937,-3488246.013
5938,-3707267.121
5939,-3808604.284
5940,-3941438.424
5941,-3843207.393
5942,-4411925.325
5943,-4713482.003
5944,-4790981.974
5945,-4779225.763
5946,-4600864.027
5947,-2056157.675
5948,-1476238.962
5949,-39084.971
5950,-466489.289
5951,-503739.882
5952,-516372.911
5953,-466254.916
5954,-452427.246
5955,-435330.584
5956,-425742.016
5957,-417553.453
5958,-416418.440
5959,-1706687.051
5960,-1468357.445
5961,-3878452.750
5962,-3990691.835
5963,-4052663.842
5964,-4141151.401
5965,-3959681.294
5966,-4519584.565
5967,-4747262.478
5968,-4767458.259
5969,-4716408.990
5970,-4479516.553
5971,-2059494.489
5972,-1627875.596
5973,-52514.489
5974,-531172.928
5975,-574454.827
5976,-585644.418
5977,-516429.734
5978,-496133.756
5979,-478374.296
5980,-453328.222
5981,-429869.371
5982,-376029.829
5983,-1578123.071
5984,-1324995.689
5985,-3734246.693
5986,-4086483.879
5987,-4433070.212
5988,-4439745.522
5989,-3607490.474
5990,-4139218.473
5991,-4094411.103
5992,-4070139.178
5993,-4099223.797
5994,-4009312.025
5995,-1789105.155
5996,-1647472.550
5997,-73522.622
5998,-471648.163
5999,-526735.856
6000,-541795.177
6001,-460835.086
6002,-440709.318
6003,-420499.836
6004,-350401.875
6005,-328860.188
6006,-374465.690
6007,-401713.243
6008,-523710.055
6009,-2734573.031
6010,-2732755.661
6011,-2881559.322
6012,-2974999.288
6013,-2990372.674
6014,-2798097.413
6015,-2896242.331
6016,-3018547.746
6017,-2912398.159
6018,-2737149.138
6019,-368497.029
6020,-435057.327
6021,-440501.300
6022,-446273.889
6023,-437437.183
6024,-427961.994
6025,-354943.940
6026,-338125.535
6027,-310062.262
6028,-293931.769
6029,-283450.459
6030,-270624.543
6031,-318097.583
6032,-483161.382
6033,-842609.917
6034,-1100573.513
6035,-1394964.453
6036,-1512312.858
6037,-1540672.137
6038,-1653648.523
6039,-1787360.358
6040,-1818487.182
6041,-1729979.896
6042,-1484601.396
6043,-747493.869
6044,-404687.373
6045,-374622.748
6046,-378161.267
6047,-387109.522
6048,-386397.239
6049,-388982.985
6050,-386326.141
6051,-377299.916
6052,-378376.795
6053,-370092.776
6054,-359948.039
6055,-1630595.993
6056,-1413117.264
6057,-3825028.611
6058,-4120173.199
6059,-4324629.467
6060,-4407522.176
6061,-3915806.530
6062,-4658600.896
6063,-4851408.145
6064,-4878766.864
6065,-4655162.865
6066,-4424275.332
6067,-1841231.900
6068,-1562796.632
6069,-46026.687
6070,-418504.567
6071,-453615.255
6072,-464082.475
6073,-403690.664
6074,-381287.324
6075,-363044.164
6076,-346213.245
6077,-332101.335
6078,-331998.893
6079,-1641054.039
6080,-1457172.572
6081,-4041585.120
6082,-4351213.982
6083,-4571219.010
6084,-4671984.185
6085,-4201991.150
6086,-5089904.029
6087,-5386090.773
6088,-5428127.807
6089,-5357797.261
6090,-5105475.362
6091,-2139002.443
6092,-1805530.580
6093,-39566.987
6094,-567960.652
6095,-608706.577
6096,-614067.839
6097,-542151.287
6098,-526998.543
6099,-513331.084
6100,-499677.552
6101,-488049.281
6102,-472163.449
6103,-1888132.819
6104,-1628281.339
6105,-4467273.920
6106,-4695206.937
6107,-4814678.740
6108,-4698006.080
6109,-4029455.752
6110,-4599748.394
6111,-4857532.049
6112,-4989388.718
6113,-4972511.164
6114,-4714404.174
6115,-2139122.343
6116,-1610511.422
6117,-62740.987
6118,-534097.606
6119,-558811.808
6120,-560149.135
6121,-493328.481
6122,-470015.691
6123,-452960.687
6124,-442882.001
6125,-424552.947
6126,-404079.648
6127,-1714427.950
6128,-1540208.339
6129,-4221843.289
6130,-4422481.665
6131,-4500640.295
6132,-4431649.434
6133,-4076142.487
6134,-4722188.828
6135,-4999710.798
6136,-5120859.207
6137,-5094504.194
6138,-4842880.361
6139,-2215255.447
6140,-1686624.655
6141,-98821.881
6142,-585262.620
6143,-601438.497
6144,-599058.283
6145,-536658.328
6146,-514901.565
6147,-501204.933
6148,-502169.347
6149,-492172.374
6150,-470429.563
6151,-1771884.390
6152,-1497749.565
6153,-3706965.684
6154,-3766980.840
6155,-4083628.247
6156,-4210247.666
6157,-3762053.753
6158,-4491983.685
6159,-4720944.589
6160,-4859490.524
6161,-4960671.320
6162,-4740211.571
6163,-2009390.525
6164,-1498272.116
6165,-53437.802
6166,-498470.715
6167,-531012.217
6168,-542411.345
6169,-489655.962
6170,-468993.080
6171,-457504.665
6172,-451355.061
6173,-430485.361
6174,-411605.560
6175,-440942.136
6176,-655901.391
6177,-2763224.516
6178,-2565133.712
6179,-2855292.518
6180,-2802731.609
6181,-2784505.166
6182,-2987644.653
6183,-3179845.508
6184,-3256270.682
6185,-3239756.228
6186,-3067732.194
6187,-524584.519
6188,-559566.733
6189,-537335.794
6190,-521819.774
6191,-513125.334
6192,-514224.833
6193,-453874.855
6194,-438205.253
6195,-440340.582
6196,-455234.270
6197,-455316.575
6198,-445663.519
6199,-487406.522
6200,-704760.500
6201,-1184535.966
6202,-1531987.402
6203,-1676862.871
6204,-1748806.911
6205,-1795620.026
6206,-1884294.185
6207,-1961086.620
6208,-2021459.455
6209,-1993242.704
6210,-1762601.329
6211,-949277.595
6212,-525339.666
6213,-495084.576
6214,-521346.114
6215,-527211.847
6216,-531258.978
6217,-544394.554
6218,-532281.556
6219,-524096.539
6220,-529820.134
6221,-528521.101
6222,-513566.552
6223,-1901114.376
6224,-1620126.549
6225,-4322765.105
6226,-4560337.157
6227,-4810045.552
6228,-4896636.185
6229,-4273340.645
6230,-5043520.478
6231,-5226994.138
6232,-5280277.251
6233,-5227971.185
6234,-5070285.667
6235,-2128473.578
6236,-1848088.188
6237,-105036.263
6238,-644786.037
6239,-672691.481
6240,-665498.899
6241,-588789.045
6242,-567694.361
6243,-557079.693
6244,-549682.816
6245,-539549.857
6246,-536210.127
6247,-1947400.482
6248,-1715473.781
6249,-4669859.802
6250,-4979331.441
6251,-5253086.971
6252,-5266360.992
6253,-4666281.398
6254,-5647514.713
6255,-5829176.856
6256,-5967054.351
6257,-5860844.474
6258,-5445694.533
6259,-2064535.559
6260,-1963951.534
6261,-105971.995
6262,-680535.833
6263,-723037.685
6264,-730423.912
6265,-636437.574
6266,-606937.955
6267,-614884.211
6268,-617335.163
6269,-605676.196
6270,-594082.995
6271,-1896882.743
6272,-1483885.870
6273,-3952650.859
6274,-4131079.830
6275,-4566268.078
6276,-4855335.368
6277,-4452838.476
6278,-5397235.932
6279,-5609942.090
6280,-5653171.594
6281,-5477675.803
6282,-4917608.643
6283,-1922374.919
6284,-1847449.224
6285,-43169.261
6286,-574771.088
6287,-616627.718
6288,-618815.672
6289,-537345.745
6290,-510150.436
6291,-492627.119
6292,-489023.594
6293,-482721.173
6294,-473333.889
6295,-1868261.227
6296,-1555327.791
6297,-4147094.287
6298,-4418477.621
6299,-4680716.873
6300,-4773481.765
6301,-4134542.981
6302,-4935274.687
6303,-4868092.156
6304,-4862041.179
6305,-4720915.315
6306,-4376165.695
6307,-1704625.743
6308,-1578961.193
6309,-106908.077
6310,-469792.226
6311,-516658.935
6312,-523904.449
6313,-440694.077
6314,-416924.746
6315,-388906.870
6316,-371049.568
6317,-359843.100
6318,-347317.308
6319,-1556724.725
6320,-1347821.717
6321,-3721143.172
6322,-4072189.763
6323,-4219403.421
6324,-4206645.390
6325,-3759444.570
6326,-4312320.752
6327,-4380934.008
6328,-4210123.108
6329,-4059595.916
6330,-3941929.977
6331,-1510150.062
6332,-1359254.055
6333,-39299.401
6334,-371177.575
6335,-416782.021
6336,-431621.307
6337,-375442.385
6338,-355267.368
6339,-344678.757
6340,-342800.917
6341,-338063.717
6342,-339140.807
6343,-354976.943
6344,-503722.728
6345,-2606087.018
6346,-2582247.293
6347,-2760422.061
6348,-2812451.664
6349,-2922528.019
6350,-3195195.392
6351,-3323644.036
6352,-3472210.430
6353,-3419226.905
6354,-2944063.578
6355,-217081.840
6356,-419798.606
6357,-450132.122
6358,-469623.573
6359,-469198.800
6360,-471652.758
6361,-401056.005
6362,-371869.196
6363,-356942.169
6364,-347743.851
6365,-331393.206
6366,-317746.800
6367,-346750.474
6368,-550423.129
6369,-1071016.001
6370,-1456307.379
6371,-1687982.931
6372,-1738885.121
6373,-1725086.910
6374,-1849665.881
6375,-1834577.685
6376,-1817323.305
6377,-1800852.713
6378,-1489424.423
6379,-489744.744
6380,-371585.980
6381,-391776.247
6382,-419146.702
6383,-421233.768
6384,-423596.222
6385,-436629.503
6386,-424880.386
6387,-406115.846
6388,-398684.772
6389,-376877.293
6390,-352685.394
6391,-1545787.063
6392,-1295753.668
6393,-3498179.581
6394,-3775856.582
6395,-4002643.256
6396,-4038219.703
6397,-3735503.453
6398,-4188902.339
6399,-4327729.901
6400,-4453566.266
6401,-4347100.597
6402,-3943886.636
6403,-1502195.710
6404,-1373359.612
6405,-48250.014
6406,-387358.039
6407,-425819.519
6408,-426041.960
6409,-350807.518
6410,-329019.441
6411,-317160.855
6412,-305496.596
6413,-285905.178
6414,-267079.734
6415,-1449799.460
6416,-1307716.658
6417,-3545430.919
6418,-3804348.948
6419,-3994140.563
6420,-4100460.097
6421,-3864840.557
6422,-4371506.751
6423,-4589671.385
6424,-4671168.568
6425,-4562244.553
6426,-4133153.687
6427,-1501318.132
6428,-1368680.653
6429,-32518.049
6430,-383548.806
6431,-424635.540
6432,-435275.583
6433,-376609.801
6434,-362740.611
6435,-357114.131
6436,-359573.919
6437,-351983.174
6438,-343839.326
6439,-1591193.502
6440,-1413125.700
6441,-3813891.167
6442,-4094142.276
6443,-4294436.315
6444,-4368362.036
6445,-4002546.419
6446,-4591560.047
6447,-4800907.575
6448,-4892366.147
6449,-4910683.481
6450,-4624826.434
6451,-1699207.530
6452,-1615597.889
6453,-98154.654
6454,-488406.021
6455,-537160.295
6456,-552875.986
6457,-490208.596
6458,-470194.896
6459,-459969.333
6460,-451244.113
6461,-440834.545
6462,-431102.790
6463,-1748971.174
6464,-1454246.774
6465,-3926322.823
6466,-4156480.007
6467,-4338025.975
6468,-4487314.485
6469,-4038074.934
6470,-4741054.377
6471,-4655391.198
6472,-4766300.729
6473,-4634613.726
6474,-4416291.729
6475,-1726258.602
6476,-1623196.674
6477,-129155.178
6478,-502012.572
6479,-545248.060
6480,-546995.271
6481,-481122.928
6482,-464912.005
6483,-453551.558
6484,-446474.056
6485,-413439.667
6486,-387369.694
6487,-1704626.418
6488,-1432902.252
6489,-3908961.697
6490,-4189886.879
6491,-4375232.361
6492,-4530146.466
6493,-4022705.149
6494,-4673769.099
6495,-4820128.027
6496,-4925008.126
6497,-4700997.650
6498,-4356112.646
6499,-1689174.255
6500,-1591535.274
6501,-70025.152
6502,-462195.922
6503,-509983.112
6504,-513871.971
6505,-435853.491
6506,-420323.881
6507,-405375.916
6508,-391429.171
6509,-382510.128
6510,-370927.895
6511,-398230.605
6512,-528394.609
6513,-2732980.698
6514,-2688339.900
6515,-2890567.737
6516,-2916333.421
6517,-2697339.644
6518,-2801405.201
6519,-3165947.092
6520,-3092606.433
6521,-3076792.693
6522,-2772631.825
6523,-251149.853
6524,-451899.743
6525,-498492.955
6526,-527018.212
6527,-521493.792
6528,-440441.302
6529,-338318.218
6530,-362538.065
6531,-353736.326
6532,-349911.694
6533,-335943.015
6534,-314398.161
6535,-332708.388
6536,-461955.585
6537,-818754.528
6538,-1226147.570
6539,-1444401.548
6540,-1508717.462
6541,-1553845.007
6542,-1574173.996
6543,-1559373.269
6544,-1081693.791
6545,-805537.803
6546,-538463.291
6547,-327344.201
6548,-288070.999
6549,-302030.919
6550,-321522.840
6551,-330547.632
6552,-327607.437
6553,-337111.476
6554,-342495.770
6555,-346618.384
6556,-328003.635
6557,-301218.896
6558,-291848.356
6559,-1602603.463
6560,-1377267.944
6561,-3847753.360
6562,-4134935.552
6563,-4602292.531
6564,-4745257.697
6565,-4110987.008
6566,-4849661.244
6567,-4857395.674
6568,-4839658.346
6569,-4609924.077
6570,-4364885.954
6571,-1662132.405
6572,-1557646.231
6573,-0.000
6574,-398606.615
6575,-456803.936
6576,-464448.619
6577,-386211.076
6578,-337018.215
6579,-290308.947
6580,-309420.646
6581,-331246.519
6582,-348967.774
6583,-1704849.844
6584,-1465369.647
6585,-4083470.684
6586,-4460829.518
6587,-4838908.644
6588,-5005369.477
6589,-4394541.818
6590,-5220552.792
6591,-5434979.797
6592,-5463007.419
6593,-5348906.514
6594,-5060140.455
6595,-1815612.782
6596,-1698342.169
6597,-83208.919
6598,-500956.780
6599,-555407.078
6600,-570518.093
6601,-493800.893
6602,-464467.330
6603,-451436.882
6604,-439320.714
6605,-425653.389
6606,-415632.261
6607,-1801223.257
6608,-1534104.411
6609,-4194324.850
6610,-4488458.241
6611,-4682543.440
6612,-4768790.539
6613,-4315510.343
6614,-5122326.844
6615,-5279995.869
6616,-5318388.719
6617,-5283391.146
6618,-4924810.162
6619,-1753892.825
6620,-1634256.593
6621,-75201.202
6622,-476892.911
6623,-516580.061
6624,-519886.121
6625,-441572.949
6626,-413927.961
6627,-393622.830
6628,-387611.025
6629,-385878.195
6630,-367583.449
6631,-1703584.153
6632,-1506131.920
6633,-4188621.394
6634,-4525511.176
6635,-4781833.799
6636,-4870460.522
6637,-4336241.402
6638,-5097629.270
6639,-5274811.582
6640,-5282159.280
6641,-5241375.939
6642,-4882916.315
6643,-1765386.856
6644,-1656439.547
6645,-89149.746
6646,-486150.727
6647,-524318.666
6648,-524962.765
6649,-447006.903
6650,-418885.168
6651,-405274.164
6652,-407243.325
6653,-409392.005
6654,-407077.371
6655,-1792192.803
6656,-1504320.559
6657,-4090361.127
6658,-4417568.487
6659,-4706336.490
6660,-4773523.663
6661,-4263465.716
6662,-4906796.702
6663,-5023846.350
6664,-5140751.607
6665,-5043298.538
6666,-4706191.735
6667,-1694171.417
6668,-1596369.422
6669,-82405.995
6670,-474831.565
6671,-516180.396
6672,-524826.380
6673,-449225.074
6674,-424620.134
6675,-410399.836
6676,-404101.423
6677,-392400.682
6678,-376714.221
6679,-379400.468
6680,-535181.373
6681,-2834248.456
6682,-2663450.141
6683,-2874551.266
6684,-2976541.443
6685,-2964143.224
6686,-3092260.759
6687,-3235331.700
6688,-3384442.720
6689,-3439176.850
6690,-3094107.803
6691,-177965.396
6692,-429540.647
6693,-479528.359
6694,-510308.774
6695,-517285.104
6696,-505959.405
6697,-427538.157
6698,-411221.616
6699,-396796.082
6700,-396515.216
6701,-372777.676
6702,-345481.976
6703,-347482.564
6704,-486971.760
6705,-977193.610
6706,-1313587.533
6707,-1444328.919
6708,-1524082.065
6709,-1705268.638
6710,-1804424.761
6711,-1967245.930
6712,-1998254.249
6713,-1914851.461
6714,-1579405.822
6715,-463371.809
6716,-346464.590
6717,-355084.610
6718,-368398.947
6719,-361433.715
6720,-354624.482
6721,-344678.356
6722,-319838.677
6723,-293301.768
6724,-279178.796
6725,-256715.281
6726,-229574.232
6727,-1357784.310
6728,-1052538.686
6729,-2739718.290
6730,-3070401.929
6731,-3455892.529
6732,-3797524.124
6733,-3904033.204
6734,-4426640.968
6735,-4695471.217
6736,-4796316.197
6737,-4528309.023
6738,-3765999.707
6739,-1410996.959
6740,-1344485.420
6741,-0.000
6742,-324224.288
6743,-395618.205
6744,-407173.054
6745,-338260.612
6746,-319455.322
6747,-309484.848
6748,-306270.797
6749,-274594.812
6750,-241724.524
6751,-1436322.300
6752,-1250720.030
6753,-3433192.381
6754,-3730297.279
6755,-3992380.074
6756,-4110846.873
6757,-4102646.070
6758,-4655144.789
6759,-4757541.059
6760,-4557080.894
6761,-4327415.873
6762,-3606093.206
6763,-1430230.933
6764,-1235451.051
6765,-24860.135
6766,-290952.192
6767,-232825.564
6768,-156254.577
6769,-47959.331
6770,-2453.299
6771,-0.000
6772,-0.000
6773,-0.000
6774,-0.000
6775,-532942.683
6776,-601089.229
6777,-1916827.554
6778,-2443723.846
6779,-2697672.433
6780,-2826265.142
6781,-2781094.747
6782,-3246184.129
6783,-3500909.932
6784,-3417266.209
6785,-3241654.502
6786,-2582382.677
6787,-974111.685
6788,-866696.377
6789,-0.000
6790,-80338.544
6791,-138614.270
6792,-98969.782
6793,-16411.169
6794,-0.000
6795,-0.000
6796,-0.000
6797,-0.000
6798,-0.000
6799,-305453.696
6800,-381252.108
6801,-1311419.462
6802,-1825369.745
6803,-2257314.906
6804,-2509620.182
6805,-2600546.684
6806,-3020554.023
6807,-3245330.403
6808,-3241004.020
6809,-3155623.857
6810,-2509184.630
6811,-847665.529
6812,-743876.609
6813,-0.000
6814,-0.000
6815,-0.000
6816,-53531.801
6817,-11158.525
6818,-104.739
6819,-0.000
6820,-0.000
6821,-0.000
6822,-0.000
6823,-599336.890
6824,-591141.100
6825,-1647199.475
6826,-2057547.697
6827,-2415777.856
6828,-2654184.170
6829,-2732289.857
6830,-3199591.287
6831,-3471670.798
6832,-3533502.913
6833,-3459159.579
6834,-2660675.731
6835,-952646.039
6836,-886354.401
6837,-0.000
6838,-55330.925
6839,-136429.485
6840,-141862.726
6841,-103552.707
6842,-98731.154
6843,-89855.795
6844,-46938.821
6845,-8996.113
6846,-0.000
6847,-0.000
6848,-128868.281
6849,-1735685.529
6850,-1730636.833
6851,-1823372.932
6852,-1974907.603
6853,-2182491.884
6854,-2517931.164
6855,-2663916.634
6856,-2458107.210
6857,-2398806.679
6858,-1933712.904
6859,-133717.893
6860,-291626.027
6861,-322620.194
6862,-321118.741
6863,-298655.827
6864,-297718.362
6865,-250461.898
6866,-221700.160
6867,-194793.497
6868,-185022.784
6869,-156757.553
6870,-115715.278
6871,-132066.926
6872,-303339.854
6873,-845114.776
6874,-1308275.928
6875,-1589352.370
6876,-1549602.277
6877,-1600588.371
6878,-1782424.497
6879,-1927065.159
6880,-1967111.746
6881,-1915888.093
6882,-1179547.952
6883,-307358.219
6884,-239419.013
6885,-212567.854
6886,-201665.293
6887,-189232.428
6888,-181976.094
6889,-184148.859
6890,-177654.203
6891,-166303.323
6892,-157023.247
6893,-130778.301
6894,-96867.871
6895,-1398322.804
6896,-855823.188
6897,-2379528.666
6898,-2733015.774
6899,-3046407.014
6900,-3262919.202
6901,-3209403.803
6902,-3804134.705
6903,-4082180.261
6904,-4128287.320
6905,-4088961.139
6906,-3364813.771
6907,-1302441.805
6908,-1230273.865
6909,-30064.530
6910,-348459.395
6911,-379233.078
6912,-363820.404
6913,-282021.543
6914,-238492.813
6915,-195728.420
6916,-166797.466
6917,-136854.490
6918,-111665.570
6919,-949730.449
6920,-793682.459
6921,-2203916.993
6922,-2517038.787
6923,-2580950.380
6924,-2961676.583
6925,-2974069.847
6926,-3693432.902
6927,-3958078.654
6928,-3425250.767
6929,-3491079.837
6930,-3452354.430
6931,-1460088.107
6932,-1362158.463
6933,-119237.761
6934,-400286.019
6935,-406072.039
6936,-374206.008
6937,-294450.388
6938,-254430.811
6939,-230991.232
6940,-219373.893
6941,-193908.242
6942,-159250.226
6943,-963009.791
6944,-785125.800
6945,-2122289.458
6946,-2512934.745
6947,-2814067.384
6948,-2985905.033
6949,-2788159.597
6950,-3285547.179
6951,-3491657.824
6952,-3168332.776
6953,-2899917.822
6954,-2640754.380
6955,-1139053.125
6956,-1001314.714
6957,-0.000
6958,-94559.341
6959,-200553.590
6960,-218705.067
6961,-165769.760
6962,-111922.971
6963,-14289.586
6964,-0.000
6965,-0.000
6966,-0.000
6967,-75568.847
6968,-148647.258
6969,-983917.668
6970,-1192211.405
6971,-1327582.281
6972,-1389261.457
6973,-1373810.459
6974,-1396440.697
6975,-1304794.648
6976,-1182108.732
6977,-1092065.955
6978,-970790.355
6979,-289602.197
6980,-141638.496
6981,-0.000
6982,-0.000
6983,-0.000
6984,-0.000
6985,-0.000
6986,-0.000
6987,-0.000
6988,-0.000
6989,-0.000
6990,-0.000
6991,-316097.623
6992,-418090.257
6993,-1471947.936
6994,-2000604.254
6995,-2395323.646
6996,-2575976.444
6997,-2626844.031
6998,-3030094.540
6999,-3159092.857
7000,-3105038.179
7001,-2875241.987
7002,-2325515.285
7003,-927761.852
7004,-787924.545
7005,-0.000
7006,-0.000
7007,-0.000
7008,-0.000
7009,-0.000
7010,-0.000
7011,-0.000
7012,-0.000
7013,-0.000
7014,-0.000
7015,-0.000
7016,-0.000
7017,-1448402.454
7018,-1926990.262
7019,-2255925.480
7020,-2281158.360
7021,-2375557.035
7022,-2616270.236
7023,-2817136.118
7024,-2834781.633
7025,-2768701.553
7026,-2034985.006
7027,-0.000
7028,-25240.898
7029,-106539.136
7030,-124454.117
7031,-110618.792
7032,-96572.918
7033,-10268.454
7034,-0.000
7035,-0.000
7036,-0.000
7037,-0.000
7038,-0.000
7039,-0.000
7040,-0.000
7041,-634156.636
7042,-1143450.813
7043,-1521217.834
7044,-1521798.973
7045,-1549063.570
7046,-1732452.275
7047,-1871258.549
7048,-1896898.611
7049,-1819205.373
7050,-1038968.354
7051,-146129.728
7052,-70554.883
7053,-64439.762
7054,-58740.356
7055,-26308.075
7056,-13294.994
7057,-14104.202
7058,-1753.743
7059,-0.000
7060,-0.000
7061,-0.000
7062,-0.000
7063,-1216161.515
7064,-896309.158
7065,-2782900.771
7066,-3171780.592
7067,-3537258.492
7068,-3850151.834
7069,-3607347.044
7070,-4015187.492
7071,-4082236.933
7072,-3624793.881
7073,-3751137.016
7074,-3159739.477
7075,-1295470.963
7076,-1166138.484
7077,-0.000
7078,-194227.078
7079,-302957.615
7080,-296996.823
7081,-222439.270
7082,-194376.193
7083,-168006.363
7084,-166923.714
7085,-166082.864
7086,-145391.410
7087,-1293383.264
7088,-1083955.698
7089,-3077056.712
7090,-3122756.690
7091,-2989085.594
7092,-3117264.190
7093,-3337633.749
7094,-3978317.715
7095,-4040521.255
7096,-3707125.029
7097,-3712256.703
7098,-3368667.145
7099,-1185285.187
7100,-1074314.057
7101,-0.000
7102,-53706.207
7103,-158344.164
7104,-168381.561
7105,-108943.526
7106,-99850.709
7107,-96348.571
7108,-89106.139
7109,-65986.392
7110,-30262.289
7111,-1357764.012
7112,-870184.455
7113,-2488375.116
7114,-2942840.290
7115,-3407226.804
7116,-3591781.820
7117,-3440221.683
7118,-3826635.841
7119,-3856791.826
7120,-3837200.787
7121,-3699439.841
7122,-2930915.598
7123,-996483.187
7124,-830620.493
7125,-0.000
7126,-0.000
7127,-18314.093
7128,-47891.132
7129,-0.000
7130,-0.000
7131,-0.000
7132,-0.000
7133,-0.000
7134,-0.000
7135,-536743.031
7136,-574985.614
7137,-1908473.101
7138,-2614242.770
7139,-3059143.214
7140,-3111385.376
7141,-3005947.903
7142,-3470025.927
7143,-3622094.689
7144,-3693496.737
7145,-3672984.141
7146,-2796736.318
7147,-901629.330
7148,-743443.785
7149,-0.000
7150,-0.000
7151,-0.000
7152,-0.000
7153,-0.000
7154,-0.000
7155,-0.000
7156,-0.000
7157,-0.000
7158,-0.000
7159,-535243.488
7160,-610168.950
7161,-2046163.976
7162,-2591449.743
7163,-3093875.109
7164,-3318557.238
7165,-3085360.334
7166,-3537245.833
7167,-3733994.918
7168,-3776634.503
7169,-3519292.575
7170,-3140673.988
7171,-903600.370
7172,-717935.090
7173,-0.000
7174,-0.000
7175,-0.000
7176,-0.000
7177,-0.000
7178,-0.000
7179,-0.000
7180,-0.000
7181,-0.000
7182,-0.000
7183,-0.000
7184,-0.000
7185,-1750689.424
7186,-1998259.271
7187,-2430062.711
7188,-2519863.201
7189,-2517801.104
7190,-2724173.673
7191,-2889706.757
7192,-2928636.596
7193,-2691060.208
7194,-2334667.899
7195,-0.000
7196,-942.097
7197,-77127.972
7198,-96212.180
7199,-96903.486
7200,-91780.978
7201,-6524.701
7202,-0.000
7203,-0.000
7204,-0.000
7205,-0.000
7206,-0.000
7207,-0.000
7208,-31634.789
7209,-737407.354
7210,-1261182.137
7211,-1637394.134
7212,-1627601.216
7213,-1678943.992
7214,-1887833.419
7215,-2050801.559
7216,-2087084.287
7217,-1758152.274
7218,-742584.112
7219,-173110.247
7220,-97712.662
7221,-92512.738
7222,-87103.542
7223,-55383.722
7224,-34204.705
7225,-22870.769
7226,-4325.915
7227,-0.000
7228,-0.000
7229,-0.000
7230,-0.000
7231,-1284217.839
7232,-720498.280
7233,-2102588.151
7234,-2867045.359
7235,-3451327.520
7236,-3662187.042
7237,-3499245.519
7238,-4060547.426
7239,-4249771.982
7240,-4152041.950
7241,-3929707.557
7242,-2702499.945
7243,-1046358.551
7244,-962372.487
7245,-0.000
7246,-0.000
7247,-0.000
7248,-40506.977
7249,-0.000
7250,-0.000
7251,-0.000
7252,-0.000
7253,-0.000
7254,-0.000
7255,-918673.190
7256,-592560.597
7257,-1924534.851
7258,-2685699.438
7259,-3205828.874
7260,-3349752.081
7261,-3294565.901
7262,-3839356.808
7263,-4093606.061
7264,-4249432.000
7265,-4002122.130
7266,-2870966.864
7267,-1160045.466
7268,-1010418.561
7269,-0.000
7270,-71853.234
7271,-145412.684
7272,-137229.624
7273,-59197.346
7274,-12764.333
7275,-0.000
7276,-0.000
7277,-0.000
7278,-0.000
7279,-812612.249
7280,-570988.087
7281,-1823933.266
7282,-2316364.050
7283,-2661865.892
7284,-2762915.180
7285,-2583415.466
7286,-2772779.639
7287,-2764266.534
7288,-2832890.484
7289,-2572341.009
7290,-2299772.489
7291,-1038220.229
7292,-920691.545
7293,-0.000
7294,-66461.525
7295,-147933.038
7296,-153024.432
7297,-97577.968
7298,-69581.932
7299,-46735.595
7300,-22792.955
7301,-0.000
7302,-0.000
7303,-891537.588
7304,-552819.656
7305,-1570343.098
7306,-1598367.464
7307,-1508098.826
7308,-1433529.353
7309,-1471384.456
7310,-1468877.866
7311,-1588862.522
7312,-1406613.682
7313,-1346033.800
7314,-1153161.019
7315,-390701.393
7316,-311351.269
7317,-0.000
7318,-0.000
7319,-0.000
7320,-0.000
7321,-0.000
7322,-0.000
7323,-0.000
7324,-0.000
7325,-0.000
7326,-0.000
7327,-0.000
7328,-0.000
7329,-729783.841
7330,-1133976.839
7331,-1244699.704
7332,-1406809.812
7333,-1582855.976
7334,-1898504.305
7335,-1955626.171
7336,-1728276.459
7337,-1588250.733
7338,-1382170.412
7339,-488786.477
7340,-435554.357
7341,-0.000
7342,-0.000
7343,-0.000
7344,-0.000
7345,-0.000
7346,-0.000
7347,-0.000
7348,-0.000
7349,-0.000
7350,-0.000
7351,-0.000
7352,-0.000
7353,-1109398.005
7354,-1215281.637
7355,-1350976.551
7356,-1584781.729
7357,-1910873.275
7358,-2189938.081
7359,-2135672.505
7360,-1645407.882
7361,-1384605.615
7362,-1248563.203
7363,-0.000
7364,-0.000
7365,-0.000
7366,-0.000
7367,-0.000
7368,-0.000
7369,-0.000
7370,-0.000
7371,-0.000
7372,-0.000
7373,-0.000
7374,-0.000
7375,-0.000
7376,-0.000
7377,-0.000
7378,-69678.185
7379,-349934.342
7380,-539880.711
7381,-630226.748
7382,-885988.542
7383,-1008591.141
7384,-968511.833
7385,-561570.617
7386,-227802.986
7387,-0.000
7388,-0.000
7389,-0.000
7390,-0.000
7391,-0.000
7392,-0.000
7393,-0.000
7394,-0.000
7395,-0.000
7396,-0.000
7397,-0.000
7398,-0.000
7399,-371612.381
7400,-438755.838
7401,-1706242.964
7402,-2146731.348
7403,-2609101.509
7404,-2959985.001
7405,-2868715.659
7406,-2941367.121
7407,-2971264.265
7408,-3058625.167
7409,-2873531.914
7410,-1981581.961
7411,-787077.119
7412,-662153.952
7413,-0.000
7414,-0.000
7415,-0.000
7416,-0.000
7417,-0.000
7418,-0.000
7419,-0.000
7420,-0.000
7421,-0.000
7422,-0.000
7423,-96845.785
7424,-307068.814
7425,-1298043.704
7426,-1491253.567
7427,-1686862.375
7428,-1714163.018
7429,-1574568.270
7430,-1606745.021
7431,-1670796.253
7432,-2183214.179
7433,-2043983.556
7434,-1571137.356
7435,-593926.047
7436,-524407.732
7437,-0.000
7438,-0.000
7439,-0.000
7440,-0.000
7441,-0.000
7442,-0.000
7443,-0.000
7444,-0.000
7445,-0.000
7446,-0.000
7447,-6087.177
7448,-354977.893
7449,-1523506.336
7450,-1764646.347
7451,-2018169.319
7452,-2238917.917
7453,-2246732.944
7454,-2195022.519
7455,-2236149.239
7456,-2116554.520
7457,-2302284.646
7458,-1891815.397
7459,-763766.923
7460,-694307.898
7461,-0.000
7462,-0.000
7463,-0.000
7464,-0.000
7465,-0.000
7466,-0.000
7467,-0.000
7468,-0.000
7469,-0.000
7470,-0.000
7471,-365896.638
7472,-475085.674
7473,-1890541.154
7474,-2246581.247
7475,-2531563.975
7476,-2670751.111
7477,-2656858.085
7478,-2467480.765
7479,-2722688.153
7480,-2847083.754
7481,-2575713.795
7482,-2097489.589
7483,-858018.785
7484,-802113.497
7485,-0.000
7486,-0.000
7487,-0.000
7488,-0.000
7489,-0.000
7490,-0.000
7491,-0.000
7492,-0.000
7493,-0.000
7494,-0.000
7495,-531647.293
7496,-601014.709
7497,-2228746.774
7498,-2727950.523
7499,-3124462.585
7500,-3433016.867
7501,-3569480.278
7502,-4015188.517
7503,-4165821.006
7504,-4165129.374
7505,-3695017.868
7506,-2532331.230
7507,-958175.017
7508,-875717.680
7509,-0.000
7510,-0.000
7511,-0.000
7512,-0.000
7513,-0.000
7514,-0.000
7515,-0.000
7516,-0.000
7517,-0.000
7518,-0.000
7519,-0.000
7520,-0.000
7521,-1795358.341
7522,-2133197.278
7523,-2425547.875
7524,-2703049.497
7525,-2916113.012
7526,-3163358.979
7527,-3207184.487
7528,-3176285.051
7529,-2874930.580
7530,-1733195.786
7531,-0.000
7532,-0.000
7533,-0.000
7534,-26619.959
7535,-24967.849
7536,-10564.454
7537,-0.000
7538,-0.000
7539,-0.000
7540,-0.000
7541,-0.000
7542,-0.000
7543,-0.000
7544,-0.000
7545,-240023.833
7546,-1029635.471
7547,-1476230.344
7548,-1613984.061
7549,-1687375.760
7550,-1766109.681
7551,-1868477.211
7552,-1902343.543
7553,-1713400.914
7554,-754689.275
7555,-77950.835
7556,-0.000
7557,-0.000
7558,-0.000
7559,-0.000
7560,-0.000
7561,-0.000
7562,-0.000
7563,-0.000
7564,-0.000
7565,-0.000
7566,-0.000
7567,-783298.817
7568,-790975.842
7569,-2549978.975
7570,-2953418.098
7571,-3288011.613
7572,-3504646.114
7573,-3520424.798
7574,-4047276.984
7575,-4232848.581
7576,-4191968.804
7577,-3767084.010
7578,-2911319.901
7579,-1095384.079
7580,-987598.446
7581,-0.000
7582,-0.000
7583,-0.000
7584,-0.000
7585,-0.000
7586,-0.000
7587,-0.000
7588,-0.000
7589,-0.000
7590,-0.000
7591,-738727.704
7592,-738748.302
7593,-2427167.719
7594,-2872060.886
7595,-3430231.331
7596,-3882833.086
7597,-3852271.733
7598,-4350255.250
7599,-4511678.520
7600,-4506891.955
7601,-4125085.134
7602,-3118717.310
7603,-1166209.390
7604,-1066232.021
7605,-0.000
7606,-0.000
7607,-0.000
7608,-35753.843
7609,-0.000
7610,-0.000
7611,-0.000
7612,-0.000
7613,-0.000
7614,-0.000
7615,-859573.581
7616,-793251.796
7617,-2586845.196
7618,-3002917.665
7619,-3351435.409
7620,-3485144.811
7621,-3543351.121
7622,-3951150.717
7623,-4160641.964
7624,-4160236.065
7625,-3546991.224
7626,-2683816.840
7627,-1065869.157
7628,-992458.910
7629,-0.000
7630,-0.000
7631,-10399.729
7632,-110673.951
7633,-51716.619
7634,-39531.570
7635,-29995.820
7636,-28543.802
7637,-21070.893
7638,-10546.771
7639,-1513654.044
7640,-840526.635
7641,-2447234.309
7642,-2843921.493
7643,-3302909.963
7644,-3635154.011
7645,-3628901.033
7646,-4099739.410
7647,-4308661.408
7648,-4210445.503
7649,-3859748.644
7650,-3017335.452
7651,-1100207.899
7652,-984838.575
7653,-0.000
7654,-0.000
7655,-0.000
7656,-74606.479
7657,-6458.042
7658,-0.000
7659,-0.000
7660,-0.000
7661,-0.000
7662,-0.000
7663,-1341398.046
7664,-866944.111
7665,-2620055.180
7666,-2966168.901
7667,-3319273.907
7668,-3511074.514
7669,-3421234.869
7670,-3672479.784
7671,-3784321.710
7672,-3856669.381
7673,-3634064.884
7674,-2717464.464
7675,-1022628.418
7676,-934332.525
7677,-0.000
7678,-0.000
7679,-0.000
7680,-0.000
7681,-0.000
7682,-0.000
7683,-0.000
7684,-0.000
7685,-0.000
7686,-0.000
7687,-0.000
7688,-0.000
7689,-1826868.726
7690,-1942585.076
7691,-2098663.759
7692,-2294518.882
7693,-2513707.133
7694,-2828083.667
7695,-3107822.099
7696,-3039728.957
7697,-2750350.088
7698,-1516312.130
7699,-0.000
7700,-0.000
7701,-54523.857
7702,-101944.196
7703,-104310.386
7704,-96285.503
7705,-1742.920
7706,-0.000
7707,-0.000
7708,-0.000
7709,-0.000
7710,-0.000
7711,-0.000
7712,-0.000
7713,-419789.896
7714,-1366671.235
7715,-1724161.349
7716,-1948715.266
7717,-1932297.316
7718,-2006074.224
7719,-2095381.250
7720,-2103126.305
7721,-1768821.399
7722,-532478.846
7723,-116978.199
7724,-47236.754
7725,-34872.670
7726,-48344.443
7727,-49723.431
7728,-32718.420
7729,-14305.660
7730,-699.036
7731,-0.000
7732,-0.000
7733,-0.000
7734,-0.000
7735,-1337142.435
7736,-820853.673
7737,-2562891.230
7738,-2937809.845
7739,-3404395.294
7740,-3707492.665
7741,-3816790.847
7742,-4227542.113
7743,-4207528.157
7744,-4286183.239
7745,-4048122.736
7746,-2819307.316
7747,-1165451.764
7748,-1086320.834
7749,-0.000
7750,-0.000
7751,-30091.758
7752,-97090.954
7753,-6853.084
7754,-0.000
7755,-0.000
7756,-0.000
7757,-0.000
7758,-0.000
7759,-869656.423
7760,-739925.972
7761,-2357632.225
7762,-2881565.947
7763,-3371133.101
7764,-3748318.625
7765,-3873513.796
7766,-4314539.329
7767,-4402887.480
7768,-3796746.121
7769,-3425580.024
7770,-2552165.133
7771,-1075259.356
7772,-1005502.909
7773,-0.000
7774,-0.000
7775,-33343.757
7776,-90726.261
7777,-4299.295
7778,-0.000
7779,-0.000
7780,-0.000
7781,-0.000
7782,-0.000
7783,-922749.028
7784,-795225.256
7785,-2508601.812
7786,-2937240.001
7787,-3322092.758
7788,-3447646.926
7789,-3559916.521
7790,-3801382.538
7791,-3713882.464
7792,-3169484.482
7793,-2921532.703
7794,-2472498.974
7795,-1055399.143
7796,-985092.678
7797,-0.000
7798,-0.000
7799,-4077.285
7800,-105374.368
7801,-21339.401
7802,-1338.588
7803,-0.000
7804,-0.000
7805,-0.000
7806,-0.000
7807,-1434724.002
7808,-801607.718
7809,-2344637.006
7810,-2573887.780
7811,-2711031.710
7812,-2747067.713
7813,-2452005.334
7814,-2699968.001
7815,-2767781.422
7816,-2863440.789
7817,-2519476.805
7818,-2351984.036
7819,-1064373.166
7820,-1010309.820
7821,-0.000
7822,-0.000
7823,-0.000
7824,-0.000
7825,-0.000
7826,-0.000
7827,-0.000
7828,-0.000
7829,-0.000
7830,-0.000
7831,-836771.730
7832,-836401.550
7833,-2562272.612
7834,-2821310.143
7835,-2787428.397
7836,-2823595.132
7837,-2616061.591
7838,-2955737.312
7839,-2892657.995
7840,-2823271.351
7841,-2666358.986
7842,-2543786.952
7843,-1092448.567
7844,-1013693.598
7845,-0.000
7846,-0.000
7847,-0.000
7848,-0.000
7849,-0.000
7850,-0.000
7851,-0.000
7852,-0.000
7853,-0.000
7854,-0.000
7855,-0.000
7856,-0.000
7857,-1175015.589
7858,-1307146.247
7859,-1380012.635
7860,-1576101.744
7861,-1823372.429
7862,-1757480.298
7863,-1672513.693
7864,-1375059.453
7865,-1250627.677
7866,-1141012.418
7867,-0.000
7868,-0.000
7869,-0.000
7870,-0.000
7871,-0.000
7872,-0.000
7873,-0.000
7874,-0.000
7875,-0.000
7876,-0.000
7877,-0.000
7878,-0.000
7879,-0.000
7880,-0.000
7881,-0.000
7882,-408961.397
7883,-888349.287
7884,-1030528.056
7885,-1098386.123
7886,-988634.547
7887,-787895.166
7888,-1081039.814
7889,-749920.533
7890,-243581.216
7891,-50369.906
7892,-2725.450
7893,-0.000
7894,-0.000
7895,-0.000
7896,-0.000
7897,-0.000
7898,-0.000
7899,-0.000
7900,-0.000
7901,-0.000
7902,-0.000
7903,-873137.421
7904,-744006.391
7905,-2214158.864
7906,-2364683.503
7907,-2490399.464
7908,-2631204.777
7909,-2446975.238
7910,-2681740.766
7911,-2853959.004
7912,-2672410.895
7913,-2508654.429
7914,-2235000.419
7915,-955992.661
7916,-882764.959
7917,-0.000
7918,-0.000
7919,-0.000
7920,-0.000
7921,-0.000
7922,-0.000
7923,-0.000
7924,-0.000
7925,-0.000
7926,-0.000
7927,-910872.510
7928,-765109.459
7929,-2276047.982
7930,-2509344.587
7931,-2697807.516
7932,-2932062.882
7933,-2765711.134
7934,-3346512.219
7935,-3321044.479
7936,-3235530.927
7937,-3194650.575
7938,-2714182.166
7939,-1134233.671
7940,-1090736.453
7941,-0.000
7942,-0.000
7943,-46501.640
7944,-158140.882
7945,-103951.505
7946,-82353.481
7947,-73200.702
7948,-74035.768
7949,-56122.759
7950,-46671.335
7951,-1745613.449
7952,-1009369.777
7953,-3188312.744
7954,-3770884.784
7955,-4308365.601
7956,-4564576.682
7957,-4145887.621
7958,-4935561.282
7959,-5070334.423
7960,-4983394.950
7961,-4655662.303
7962,-3417644.052
7963,-1393556.230
7964,-1299978.655
7965,-0.000
7966,-30544.947
7967,-192745.445
7968,-218053.269
7969,-154014.434
7970,-138148.012
7971,-124920.940
7972,-133127.008
7973,-149914.570
7974,-150879.690
7975,-1899167.914
7976,-1088256.503
7977,-3084478.168
7978,-3366027.048
7979,-3676302.442
7980,-4132287.699
7981,-3795937.672
7982,-4470254.503
7983,-4556406.559
7984,-4770453.348
7985,-4401582.730
7986,-3230481.006
7987,-1305738.525
7988,-1214144.036
7989,-0.000
7990,-0.000
7991,-164028.767
7992,-166335.466
7993,-58960.661
7994,-22953.808
7995,-1028.187
7996,-0.000
7997,-0.000
7998,-0.000
7999,-1363102.313
8000,-641388.468
8001,-1703626.076
8002,-1979964.108
8003,-2288619.176
8004,-2535533.695
8005,-2481086.699
8006,-2461253.438
8007,-2091036.691
8008,-1998324.006
8009,-1922494.267
8010,-1307303.829
8011,-514062.866
8012,-330314.470
8013,-0.000
8014,-0.000
8015,-0.000
8016,-0.000
8017,-0.000
8018,-0.000
8019,-0.000
8020,-0.000
8021,-0.000
8022,-0.000
8023,-0.000
8024,-0.000
8025,-0.000
8026,-0.000
8027,-41413.989
8028,-507700.447
8029,-579930.163
8030,-524165.349
8031,-426531.154
8032,-619661.372
8033,-400663.640
8034,-93440.895
8035,-0.000
8036,-0.000
8037,-0.000
8038,-0.000
8039,-0.000
8040,-0.000
8041,-0.000
8042,-0.000
8043,-0.000
8044,-0.000
8045,-0.000
8046,-0.000
8047,-0.000
8048,-0.000
8049,-0.000
8050,-0.000
8051,-0.000
8052,-0.000
8053,-459610.753
8054,-784507.542
8055,-803709.141
8056,-581517.999
8057,-239096.908
8058,-14273.361
8059,-0.000
8060,-0.000
8061,-0.000
8062,-0.000
8063,-0.000
8064,-0.000
8065,-0.000
8066,-0.000
8067,-0.000
8068,-0.000
8069,-0.000
8070,-0.000
8071,-0.000
8072,-0.000
8073,-0.000
8074,-433603.595
8075,-1075424.946
8076,-1407182.448
8077,-1650667.325
8078,-2043156.903
8079,-2420521.028
8080,-2652843.661
8081,-2403770.934
8082,-1324761.494
8083,-458358.191
8084,-352154.405
8085,-0.000
8086,-0.000
8087,-0.000
8088,-0.000
8089,-0.000
8090,-0.000
8091,-0.000
8092,-0.000
8093,-0.000
8094,-0.000
8095,-0.000
8096,-0.000
8097,-655713.881
8098,-1373386.700
8099,-1829869.746
8100,-2171718.518
8101,-2321022.795
8102,-2592292.259
8103,-2842544.681
8104,-3050685.798
8105,-2761417.592
8106,-1478473.775
8107,-456970.166
8108,-300933.356
8109,-0.000
8110,-0.000
8111,-0.000
8112,-0.000
8113,-0.000
8114,-0.000
8115,-0.000
8116,-0.000
8117,-0.000
8118,-0.000
8119,-0.000
8120,-0.000
8121,-0.000
8122,-111252.444
8123,-537487.986
8124,-941901.663
8125,-1406169.777
8126,-1663913.526
8127,-1802838.748
8128,-1347138.792
8129,-1120841.126
8130,-601810.183
8131,-88595.720
8132,-0.000
8133,-0.000
8134,-0.000
8135,-0.000
8136,-0.000
8137,-0.000
8138,-0.000
8139,-0.000
8140,-0.000
8141,-0.000
8142,-0.000
8143,-0.000
8144,-0.000
8145,-0.000
8146,-1204.916
8147,-521624.031
8148,-1030570.950
8149,-1528616.476
8150,-1868986.380
8151,-2136629.817
8152,-2014575.517
8153,-1678933.238
8154,-885665.651
8155,-184564.057
8156,-37792.962
8157,-0.000
8158,-0.000
8159,-0.000
8160,-0.000
8161,-0.000
8162,-0.000
8163,-0.000
8164,-0.000
8165,-0.000
8166,-0.000
8167,-0.000
8168,-0.000
8169,-0.000
8170,-729697.240
8171,-1354759.190
8172,-1711681.895
8173,-1978816.355
8174,-2354488.182
8175,-2722962.266
8176,-2925487.214
8177,-2567473.054
8178,-1428464.718
8179,-439464.070
8180,-305453.878
8181,-0.000
8182,-0.000
8183,-0.000
8184,-0.000
8185,-0.000
8186,-0.000
8187,-0.000
8188,-0.000
8189,-0.000
8190,-0.000
8191,-0.000
8192,-0.000
8193,-0.000
8194,-771754.918
8195,-1508135.439
8196,-1730651.830
8197,-1905115.296
8198,-2151553.744
8199,-2327178.405
8200,-2476338.588
8201,-2099822.588
8202,-965937.651
8203,-0.000
8204,-0.000
8205,-0.000
8206,-0.000
8207,-0.000
8208,-0.000
8209,-0.000
8210,-0.000
8211,-0.000
8212,-0.000
8213,-0.000
8214,-0.000
8215,-0.000
8216,-0.000
8217,-0.000
8218,-0.000
8219,-440952.165
8220,-1095464.246
8221,-1280967.093
8222,-1499646.638
8223,-1681698.609
8224,-1772723.124
8225,-1395456.012
8226,-284101.712
8227,-0.000
8228,-0.000
8229,-0.000
8230,-0.000
8231,-0.000
8232,-0.000
8233,-0.000
8234,-0.000
8235,-0.000
8236,-0.000
8237,-0.000
8238,-0.000
8239,-0.000
8240,-0.000
8241,-27805.281
8242,-1060259.210
8243,-1629256.556
8244,-1963505.381
8245,-2211463.509
8246,-2504448.113
8247,-2779197.594
8248,-2899951.586
8249,-2478862.642
8250,-1243042.050
8251,-346299.868
8252,-221258.838
8253,-0.000
8254,-0.000
8255,-0.000
8256,-0.000
8257,-0.000
8258,-0.000
8259,-0.000
8260,-0.000
8261,-0.000
8262,-0.000
8263,-0.000
8264,-0.000
8265,-0.000
8266,-352530.541
8267,-958993.365
8268,-1325420.514
8269,-1697331.765
8270,-2008747.979
8271,-1950325.484
8272,-1510351.420
8273,-1368927.828
8274,-653544.297
8275,-174880.573
8276,-87430.818
8277,-0.000
8278,-0.000
8279,-0.000
8280,-0.000
8281,-0.000
8282,-0.000
8283,-0.000
8284,-0.000
8285,-0.000
8286,-0.000
8287,-0.000
8288,-0.000
8289,-0.000
8290,-307891.843
8291,-878124.217
8292,-1191734.034
8293,-1548691.371
8294,-1717237.312
8295,-1675357.323
8296,-1349887.246
8297,-1289508.242
8298,-568813.679
8299,-61667.144
8300,-0.000
8301,-0.000
8302,-0.000
8303,-0.000
8304,-0.000
8305,-0.000
8306,-0.000
8307,-0.000
8308,-0.000
8309,-0.000
8310,-0.000
8311,-0.000
8312,-0.000
8313,-0.000
8314,-0.000
8315,-446803.756
8316,-802181.352
8317,-1083749.138
8318,-1132969.885
8319,-1216554.464
8320,-687403.785
8321,-476975.870
8322,-238085.938
8323,-17971.910
8324,-0.000
8325,-0.000
8326,-0.000
8327,-0.000
8328,-0.000
8329,-0.000
8330,-0.000
8331,-0.000
8332,-0.000
8333,-0.000
8334,-0.000
8335,-0.000
8336,-0.000
8337,-0.000
8338,-0.000
8339,-0.000
8340,-0.000
8341,-173997.176
8342,-138964.786
8343,-140919.549
8344,-133539.371
8345,-114003.177
8346,-13868.573
8347,-0.000
8348,-0.000
8349,-0.000
8350,-0.000
8351,-0.000
8352,-0.000
8353,-0.000
8354,-0.000
8355,-0.000
8356,-0.000
8357,-0.000
8358,-0.000
8359,-0.000
8360,-0.000
8361,-0.000
8362,-0.000
8363,-0.000
8364,-107431.165
8365,-471200.948
8366,-489513.932
8367,-502896.149
8368,-472126.816
8369,-434275.586
8370,-154166.284
8371,-0.000
8372,-0.000
8373,-0.000
8374,-0.000
8375,-0.000
8376,-0.000
8377,-0.000
8378,-0.000
8379,-0.000
8380,-0.000
8381,-0.000
8382,-0.000
8383,-0.000
8384,-0.000
8385,-0.000
8386,-0.000
8387,-0.000
8388,-0.000
8389,-0.000
8390,-0.000
8391,-0.000
8392,-0.000
8393,-0.000
8394,-0.000
8395,-0.000
8396,-0.000
8397,-0.000
8398,-0.000
8399,-0.000
8400,-0.000
8401,-0.000
8402,-0.000
8403,-0.000
8404,-0.000
8405,-0.000
8406,-0.000
8407,-0.000
8408,-0.000
8409,-0.000
8410,-0.000
8411,-0.000
8412,-0.000
8413,-99856.382
8414,-68901.136
8415,-94349.279
8416,-23694.972
8417,-36387.118
8418,-1343.069
8419,-0.000
8420,-0.000
8421,-0.000
8422,-0.000
8423,-0.000
8424,-0.000
8425,-0.000
8426,-0.000
8427,-0.000
8428,-0.000
8429,-0.000
8430,-0.000
8431,-0.000
8432,-0.000
8433,-0.000
8434,-0.000
8435,-164431.694
8436,-707081.857
8437,-1112939.174
8438,-1253587.398
8439,-1562460.679
8440,-1567595.008
8441,-1229493.582
8442,-294953.039
8443,-0.000
8444,-0.000
8445,-0.000
8446,-0.000
8447,-0.000
8448,-0.000
8449,-0.000
8450,-0.000
8451,-0.000
8452,-0.000
8453,-0.000
8454,-0.000
8455,-0.000
8456,-0.000
8457,-0.000
8458,-0.000
8459,-601552.643
8460,-1040546.997
8461,-1487055.429
8462,-1667104.662
8463,-1903948.339
8464,-1859739.812
8465,-1429656.307
8466,-543720.708
8467,-30654.428
8468,-0.000
8469,-0.000
8470,-0.000
8471,-0.000
8472,-0.000
8473,-0.000
8474,-0.000
8475,-0.000
8476,-0.000
8477,-0.000
8478,-0.000
8479,-0.000
8480,-0.000
8481,-0.000
8482,-526693.106
8483,-1287708.383
8484,-1547944.890
8485,-1727375.039
8486,-1976215.041
8487,-1980883.372
8488,-2094306.658
8489,-1816518.750
8490,-988973.228
8491,-270727.094
8492,-191033.108
8493,-0.000
8494,-0.000
8495,-0.000
8496,-0.000
8497,-0.000
8498,-0.000
8499,-0.000
8500,-0.000
8501,-0.000
8502,-0.000
8503,-0.000
8504,-0.000
8505,-30118.456
8506,-767803.591
8507,-1272705.108
8508,-1576721.939
8509,-1843629.569
8510,-2081595.220
8511,-2314641.630
8512,-2436605.176
8513,-2094988.178
8514,-942935.500
8515,-186921.973
8516,-58330.058
8517,-0.000
8518,-0.000
8519,-0.000
8520,-0.000
8521,-0.000
8522,-0.000
8523,-0.000
8524,-0.000
8525,-0.000
8526,-0.000
8527,-0.000
8528,-0.000
8529,-0.000
8530,-79671.708
8531,-949086.987
8532,-1315653.660
8533,-1531041.634
8534,-1813920.043
8535,-2036379.191
8536,-2137079.715
8537,-1777922.463
8538,-616485.532
8539,-0.000
8540,-0.000
8541,-0.000
8542,-0.000
8543,-0.000
8544,-0.000
8545,-0.000
8546,-0.000
8547,-0.000
8548,-0.000
8549,-0.000
8550,-0.000
8551,-0.000
8552,-0.000
8553,-0.000
8554,-0.000
8555,-70407.795
8556,-846198.600
8557,-1096110.016
8558,-1349473.956
8559,-1542706.333
8560,-1628506.319
8561,-1271651.600
8562,-229184.904
8563,-0.000
8564,-0.000
8565,-0.000
8566,-0.000
8567,-0.000
8568,-0.000
8569,-0.000
8570,-0.000
8571,-0.000
8572,-0.000
8573,-0.000
8574,-0.000
8575,-0.000
8576,-0.000
8577,-0.000
8578,-453931.377
8579,-1211916.845
8580,-1570619.730
8581,-1848969.282
8582,-2067951.431
8583,-2282784.074
8584,-2386164.850
8585,-2019836.753
8586,-863441.901
8587,-148810.927
8588,-35446.631
8589,-0.000
8590,-0.000
8591,-0.000
8592,-0.000
8593,-0.000
8594,-0.000
8595,-0.000
8596,-0.000
8597,-0.000
8598,-0.000
8599,-0.000
8600,-0.000
8601,-0.000
8602,-456956.622
8603,-1243855.999
8604,-1590055.622
8605,-1829170.196
8606,-2035884.379
8607,-2256666.978
8608,-2335956.293
8609,-1949550.119
8610,-770009.517
8611,-94529.749
8612,-442.581
8613,-0.000
8614,-0.000
8615,-0.000
8616,-0.000
8617,-0.000
8618,-0.000
8619,-0.000
8620,-0.000
8621,-0.000
8622,-0.000
8623,-0.000
8624,-0.000
8625,-0.000
8626,-453164.147
8627,-1199457.091
8628,-1517033.200
8629,-1798900.570
8630,-2000205.709
8631,-2223908.885
8632,-2319732.660
8633,-1957551.718
8634,-795036.659
8635,-121652.683
8636,-23482.043
8637,-0.000
8638,-0.000
8639,-0.000
8640,-0.000
8641,-0.000
8642,-0.000
8643,-0.000
8644,-0.000
8645,-0.000
8646,-0.000
8647,-0.000
8648,-0.000
8649,-0.000
8650,-734104.697
8651,-1472777.390
8652,-1788444.375
8653,-1969635.992
8654,-2113790.713
8655,-2274471.568
8656,-2111050.204
8657,-1865940.411
8658,-1021839.301
8659,-224056.071
8660,-122467.689
8661,-0.000
8662,-0.000
8663,-0.000
8664,-0.000
8665,-0.000
8666,-0.000
8667,-0.000
8668,-0.000
8669,-0.000
8670,-0.000
8671,-0.000
8672,-0.000
8673,-0.000
8674,-636065.353
8675,-1264285.420
8676,-1589122.059
8677,-1853967.714
8678,-2085302.184
8679,-2327806.123
8680,-2453040.386
8681,-2144728.438
8682,-1167704.695
8683,-257839.946
8684,-140707.380
8685,-0.000
8686,-0.000
8687,-0.000
8688,-0.000
8689,-0.000
8690,-0.000
8691,-0.000
8692,-0.000
8693,-0.000
8694,-0.000
8695,-0.000
8696,-0.000
8697,-0.000
8698,-0.000
8699,-137326.748
8700,-407035.681
8701,-545332.455
8702,-593587.527
8703,-766876.910
8704,-1637076.293
8705,-1486775.907
8706,-527242.722
8707,-0.000
8708,-0.000
8709,-0.000
8710,-0.000
8711,-0.000
8712,-0.000
8713,-0.000
8714,-0.000
8715,-0.000
8716,-0.000
8717,-0.000
8718,-0.000
8719,-0.000
8720,-0.000
8721,-0.000
8722,-0.000
8723,-0.000
8724,-368787.941
8725,-823736.167
8726,-1114987.177
8727,-1334453.034
8728,-1441357.810
8729,-1148768.971
8730,-298141.386
8731,-0.000
8732,-0.000
8733,-0.000
8734,-0.000
8735,-0.000
8736,-0.000
8737,-0.000
8738,-0.000
8739,-0.000
8740,-0.000
8741,-0.000
8742,-0.000
8743,-0.000
8744,-0.000
8745,-0.000
8746,-59967.363
8747,-892703.284
8748,-1299791.091
8749,-1640892.498
8750,-1869826.378
8751,-2128622.227
8752,-2258917.689
8753,-1964614.593
8754,-970609.776
8755,-138736.053
8756,-34867.984
8757,-0.000
8758,-0.000
8759,-0.000
8760,-0.000
