Hour,CoolingLoad_W
1,-0.000
2,-0.000
3,-0.000
4,-0.000
5,-0.000
6,-0.000
7,-0.000
8,-0.000
9,-0.000
10,-0.000
11,-0.000
12,-0.000
13,-134468.515
14,-170723.007
15,-175449.012
16,-25925.447
17,-0.000
18,-0.000
19,-0.000
20,-0.000
21,-0.000
22,-0.000
23,-0.000
24,-0.000
25,-0.000
26,-0.000
27,-0.000
28,-0.000
29,-0.000
30,-0.000
31,-0.000
32,-0.000
33,-0.000
34,-0.000
35,-0.000
36,-0.000
37,-0.000
38,-0.000
39,-0.000
40,-0.000
41,-0.000
42,-0.000
43,-0.000
44,-0.000
45,-0.000
46,-0.000
47,-0.000
48,-0.000
49,-0.000
50,-0.000
51,-0.000
52,-0.000
53,-0.000
54,-0.000
55,-0.000
56,-0.000
57,-0.000
58,-0.000
59,-0.000
60,-0.000
61,-223459.496
62,-311194.697
63,-512088.740
64,-428895.667
65,-351095.472
66,-244428.620
67,-6893.775
68,-0.000
69,-0.000
70,-0.000
71,-0.000
72,-0.000
73,-0.000
74,-0.000
75,-0.000
76,-0.000
77,-0.000
78,-0.000
79,-0.000
80,-0.000
81,-0.000
82,-0.000
83,-207752.802
84,-655967.696
85,-1000259.797
86,-1212741.128
87,-1314846.690
88,-995798.483
89,-929804.255
90,-763306.836
91,-164396.229
92,-28175.733
93,-0.000
94,-0.000
95,-0.000
96,-0.000
97,-0.000
98,-0.000
99,-0.000
100,-0.000
101,-0.000
102,-0.000
103,-0.000
104,-0.000
105,-0.000
106,-101721.380
107,-637545.347
108,-869456.071
109,-1056435.397
110,-1066270.986
111,-1176217.303
112,-1370783.908
113,-1367533.073
114,-978552.428
115,-166477.594
116,-2143.518
117,-0.000
118,-0.000
119,-0.000
120,-0.000
121,-0.000
122,-0.000
123,-0.000
124,-0.000
125,-0.000
126,-0.000
127,-0.000
128,-0.000
129,-0.000
130,-0.000
131,-0.000
132,-0.000
133,-113548.997
134,-180261.117
135,-188690.711
136,-99621.435
137,-50083.267
138,-9457.153
139,-0.000
140,-0.000
141,-0.000
142,-0.000
143,-0.000
144,-0.000
145,-0.000
146,-0.000
147,-0.000
148,-0.000
149,-0.000
150,-0.000
151,-0.000
152,-0.000
153,-0.000
154,-0.000
155,-0.000
156,-0.000
157,-250740.913
158,-641295.163
159,-664510.388
160,-210111.530
161,-76279.642
162,-0.000
163,-0.000
164,-0.000
165,-0.000
166,-0.000
167,-0.000
168,-0.000
169,-0.000
170,-0.000
171,-0.000
172,-0.000
173,-0.000
174,-0.000
175,-0.000
176,-0.000
177,-0.000
178,-149482.144
179,-635021.039
180,-970801.181
181,-1188053.242
182,-1317033.492
183,-1361485.803
184,-1359156.780
185,-1252237.196
186,-786618.160
187,-117313.521
188,-768.964
189,-0.000
190,-0.000
191,-0.000
192,-0.000
193,-0.000
194,-0.000
195,-0.000
196,-0.000
197,-0.000
198,-0.000
199,-0.000
200,-0.000
201,-0.000
202,-240600.600
203,-1147378.822
204,-1581480.025
205,-1908894.087
206,-2208864.511
207,-2582065.271
208,-2495616.871
209,-2223456.490
210,-1404219.912
211,-362272.911
212,-175490.869
213,-0.000
214,-0.000
215,-0.000
216,-0.000
217,-0.000
218,-0.000
219,-0.000
220,-0.000
221,-0.000
222,-0.000
223,-0.000
224,-0.000
225,-0.000
226,-252981.935
227,-956337.282
228,-1304222.367
229,-1553742.913
230,-2008939.901
231,-2115430.231
232,-1737885.868
233,-1661858.192
234,-1370305.640
235,-461845.376
236,-307944.659
237,-0.000
238,-0.000
239,-0.000
240,-0.000
241,-0.000
242,-0.000
243,-0.000
244,-0.000
245,-0.000
246,-0.000
247,-0.000
248,-0.000
249,-123288.623
250,-646894.034
251,-1048583.884
252,-1375135.800
253,-1652396.725
254,-2048484.629
255,-2102162.654
256,-2254326.997
257,-2305632.975
258,-1900017.563
259,-580281.551
260,-384765.755
261,-0.000
262,-0.000
263,-0.000
264,-0.000
265,-0.000
266,-0.000
267,-0.000
268,-0.000
269,-0.000
270,-0.000
271,-0.000
272,-0.000
273,-129846.478
274,-929166.773
275,-1664440.688
276,-2004772.821
277,-2067609.906
278,-2388898.325
279,-2640914.040
280,-2298676.191
281,-2278836.752
282,-1872658.924
283,-492679.287
284,-276380.357
285,-0.000
286,-0.000
287,-0.000
288,-0.000
289,-0.000
290,-0.000
291,-0.000
292,-0.000
293,-0.000
294,-0.000
295,-0.000
296,-0.000
297,-0.000
298,-0.000
299,-481044.783
300,-828479.964
301,-1147735.848
302,-1455697.731
303,-1651481.905
304,-1871102.254
305,-1508911.769
306,-1084026.543
307,-0.000
308,-0.000
309,-0.000
310,-0.000
311,-0.000
312,-0.000
313,-0.000
314,-0.000
315,-0.000
316,-0.000
317,-0.000
318,-0.000
319,-0.000
320,-0.000
321,-0.000
322,-0.000
323,-0.000
324,-508698.934
325,-1045195.605
326,-1346833.682
327,-1434359.567
328,-1217464.861
329,-826465.358
330,-452491.427
331,-0.000
332,-0.000
333,-0.000
334,-0.000
335,-0.000
336,-0.000
337,-0.000
338,-0.000
339,-0.000
340,-0.000
341,-0.000
342,-0.000
343,-0.000
344,-0.000
345,-613573.975
346,-1246204.347
347,-1669991.921
348,-1851167.455
349,-1910553.719
350,-1861045.317
351,-1997279.800
352,-2142312.895
353,-1970299.212
354,-1530976.622
355,-399553.339
356,-236609.347
357,-0.000
358,-0.000
359,-0.000
360,-0.000
361,-0.000
362,-0.000
363,-0.000
364,-0.000
365,-0.000
366,-0.000
367,-0.000
368,-0.000
369,-0.000
370,-0.000
371,-457591.472
372,-894990.015
373,-1314914.500
374,-1594008.261
375,-1615905.107
376,-670280.349
377,-402323.776
378,-309817.706
379,-32209.461
380,-0.000
381,-0.000
382,-0.000
383,-0.000
384,-0.000
385,-0.000
386,-0.000
387,-0.000
388,-0.000
389,-0.000
390,-0.000
391,-0.000
392,-0.000
393,-0.000
394,-0.000
395,-690550.943
396,-1329742.249
397,-1717608.294
398,-2011563.499
399,-2311026.591
400,-2430455.760
401,-2360497.760
402,-1389922.289
403,-152296.390
404,-573.424
405,-0.000
406,-0.000
407,-0.000
408,-0.000
409,-0.000
410,-0.000
411,-0.000
412,-0.000
413,-0.000
414,-0.000
415,-0.000
416,-0.000
417,-0.000
418,-0.000
419,-544349.783
420,-1152931.981
421,-1475565.195
422,-1794857.874
423,-2160884.000
424,-2179260.007
425,-2270331.758
426,-1411340.199
427,-217719.373
428,-82687.962
429,-0.000
430,-0.000
431,-0.000
432,-0.000
433,-0.000
434,-0.000
435,-0.000
436,-0.000
437,-0.000
438,-0.000
439,-0.000
440,-0.000
441,-0.000
442,-503450.124
443,-978367.808
444,-1484598.204
445,-1807015.668
446,-2305889.448
447,-2642577.112
448,-3055171.125
449,-2912563.800
450,-2116228.060
451,-654358.679
452,-483061.544
453,-0.000
454,-0.000
455,-0.000
456,-0.000
457,-0.000
458,-0.000
459,-0.000
460,-0.000
461,-0.000
462,-0.000
463,-0.000
464,-0.000
465,-0.000
466,-319565.263
467,-1397865.008
468,-1984654.735
469,-2131963.223
470,-2116553.097
471,-2033574.668
472,-2013325.426
473,-1776896.115
474,-1067808.521
475,-0.000
476,-0.000
477,-0.000
478,-0.000
479,-0.000
480,-0.000
481,-0.000
482,-0.000
483,-0.000
484,-0.000
485,-0.000
486,-0.000
487,-0.000
488,-0.000
489,-0.000
490,-0.000
491,-0.000
492,-0.000
493,-0.000
494,-283975.204
495,-886722.639
496,-1199025.198
497,-1196304.989
498,-642972.944
499,-0.000
500,-0.000
501,-0.000
502,-0.000
503,-0.000
504,-0.000
505,-0.000
506,-0.000
507,-0.000
508,-0.000
509,-0.000
510,-0.000
511,-0.000
512,-0.000
513,-0.000
514,-0.000
515,-735394.668
516,-1261634.434
517,-1566525.836
518,-1882126.439
519,-2165913.662
520,-2322499.791
521,-2351619.001
522,-1665676.400
523,-151149.942
524,-0.000
525,-0.000
526,-0.000
527,-0.000
528,-0.000
529,-0.000
530,-0.000
531,-0.000
532,-0.000
533,-0.000
534,-0.000
535,-0.000
536,-0.000
537,-0.000
538,-0.000
539,-808320.731
540,-1482893.127
541,-1723976.599
542,-2075691.356
543,-2419219.166
544,-2543725.457
545,-2530634.717
546,-1808859.243
547,-204896.894
548,-3356.153
549,-0.000
550,-0.000
551,-0.000
552,-0.000
553,-0.000
554,-0.000
555,-0.000
556,-0.000
557,-0.000
558,-0.000
559,-0.000
560,-0.000
561,-0.000
562,-73554.835
563,-1175132.360
564,-1720657.820
565,-1950624.123
566,-2305572.139
567,-2585645.152
568,-2716734.848
569,-2731612.551
570,-2095338.286
571,-335155.768
572,-63752.924
573,-0.000
574,-0.000
575,-0.000
576,-0.000
577,-0.000
578,-0.000
579,-0.000
580,-0.000
581,-0.000
582,-0.000
583,-0.000
584,-0.000
585,-0.000
586,-129222.614
587,-1348848.433
588,-1906114.290
589,-2095537.797
590,-2445525.845
591,-2825152.647
592,-2937379.495
593,-2979786.336
594,-2382237.990
595,-523728.819
596,-301214.790
597,-0.000
598,-0.000
599,-0.000
600,-0.000
601,-0.000
602,-0.000
603,-0.000
604,-0.000
605,-0.000
606,-0.000
607,-0.000
608,-0.000
609,-116657.909
610,-716201.397
611,-1346553.739
612,-1693222.334
613,-1726532.243
614,-2109337.770
615,-2477632.739
616,-2613242.339
617,-2508645.349
618,-1954052.271
619,-350162.457
620,-130919.770
621,-0.000
622,-0.000
623,-0.000
624,-0.000
625,-0.000
626,-0.000
627,-0.000
628,-0.000
629,-0.000
630,-0.000
631,-0.000
632,-0.000
633,-0.000
634,-0.000
635,-744608.179
636,-1285239.047
637,-1450094.621
638,-1796008.280
639,-2086187.252
640,-2204266.141
641,-2234548.664
642,-1601357.379
643,-0.000
644,-0.000
645,-0.000
646,-0.000
647,-0.000
648,-0.000
649,-0.000
650,-0.000
651,-0.000
652,-0.000
653,-0.000
654,-0.000
655,-0.000
656,-0.000
657,-0.000
658,-0.000
659,-0.000
660,-0.000
661,-675065.601
662,-958995.990
663,-1284943.573
664,-1189096.412
665,-1266429.215
666,-790492.871
667,-0.000
668,-0.000
669,-0.000
670,-0.000
671,-0.000
672,-0.000
673,-0.000
674,-0.000
675,-0.000
676,-0.000
677,-0.000
678,-0.000
679,-0.000
680,-0.000
681,-0.000
682,-356816.229
683,-1219460.114
684,-1777946.621
685,-2040334.475
686,-2568161.961
687,-2930686.425
688,-2946496.308
689,-3033856.347
690,-2376688.942
691,-553939.155
692,-295618.204
693,-0.000
694,-0.000
695,-0.000
696,-0.000
697,-0.000
698,-0.000
699,-0.000
700,-0.000
701,-0.000
702,-0.000
703,-0.000
704,-0.000
705,-0.000
706,-805389.190
707,-2105254.254
708,-2509954.214
709,-2664398.220
710,-3103960.448
711,-3205930.321
712,-3189098.133
713,-2993845.367
714,-2597896.578
715,-839849.228
716,-649453.460
717,-0.000
718,-0.000
719,-0.000
720,-0.000
721,-0.000
722,-0.000
723,-0.000
724,-0.000
725,-0.000
726,-0.000
727,-0.000
728,-0.000
729,-709253.305
730,-1322053.025
731,-2011398.523
732,-2598317.058
733,-2861546.988
734,-3492432.249
735,-3721905.656
736,-3603656.954
737,-3480193.648
738,-2675394.506
739,-711335.371
740,-490963.939
741,-0.000
742,-0.000
743,-0.000
744,-0.000
745,-0.000
746,-0.000
747,-0.000
748,-0.000
749,-0.000
750,-0.000
751,-0.000
752,-0.000
753,-0.000
754,-219273.074
755,-592554.981
756,-717763.128
757,-845011.977
758,-915055.838
759,-1158028.988
760,-1020410.140
761,-1035870.359
762,-1040747.437
763,-134774.937
764,-2222.421
765,-0.000
766,-0.000
767,-0.000
768,-0.000
769,-0.000
770,-0.000
771,-0.000
772,-0.000
773,-0.000
774,-0.000
775,-0.000
776,-0.000
777,-0.000
778,-128421.743
779,-696472.863
780,-1257738.260
781,-1649830.719
782,-2253478.188
783,-2647641.777
784,-2428829.371
785,-2386223.319
786,-2130625.747
787,-722662.663
788,-493421.874
789,-0.000
790,-0.000
791,-0.000
792,-0.000
793,-0.000
794,-0.000
795,-0.000
796,-0.000
797,-0.000
798,-0.000
799,-0.000
800,-0.000
801,-61244.198
802,-886106.020
803,-1498124.488
804,-1847154.129
805,-1782666.371
806,-1978564.671
807,-2064495.303
808,-1927911.707
809,-1845775.665
810,-1795403.634
811,-0.000
812,-0.000
813,-0.000
814,-0.000
815,-0.000
816,-0.000
817,-0.000
818,-0.000
819,-0.000
820,-0.000
821,-0.000
822,-0.000
823,-0.000
824,-0.000
825,-0.000
826,-0.000
827,-505020.561
828,-1065883.464
829,-1297986.779
830,-1499488.242
831,-1546712.902
832,-1281230.236
833,-1312209.629
834,-878368.130
835,-85962.220
836,-0.000
837,-0.000
838,-0.000
839,-0.000
840,-0.000
841,-0.000
842,-0.000
843,-0.000
844,-0.000
845,-0.000
846,-0.000
847,-198502.829
848,-306788.371
849,-1178337.702
850,-1449891.874
851,-1791841.351
852,-2122342.037
853,-2476510.094
854,-2907114.921
855,-3097984.754
856,-2934007.706
857,-3018327.688
858,-2626245.890
859,-920230.157
860,-781578.146
861,-0.000
862,-0.000
863,-0.000
864,-0.000
865,-0.000
866,-0.000
867,-0.000
868,-0.000
869,-0.000
870,-0.000
871,-502820.350
872,-488952.405
873,-1698298.894
874,-2061880.830
875,-2688419.296
876,-3035122.476
877,-3265541.481
878,-3810257.405
879,-3970846.203
880,-3747451.636
881,-3577398.832
882,-3268415.078
883,-1153055.964
884,-891560.794
885,-0.000
886,-0.000
887,-0.000
888,-0.000
889,-0.000
890,-0.000
891,-0.000
892,-0.000
893,-0.000
894,-0.000
895,-682642.732
896,-629245.347
897,-1948693.448
898,-2323935.950
899,-2999192.717
900,-3503454.420
901,-3468123.583
902,-3856284.501
903,-3916680.726
904,-4119780.103
905,-4063995.944
906,-3210252.083
907,-1160287.331
908,-915084.316
909,-0.000
910,-0.000
911,-0.000
912,-0.000
913,-0.000
914,-0.000
915,-0.000
916,-0.000
917,-0.000
918,-0.000
919,-1062510.308
920,-605555.300
921,-1934434.809
922,-2290780.179
923,-2770228.405
924,-3159305.979
925,-3491898.714
926,-4064636.706
927,-4121143.020
928,-4161294.244
929,-3955498.631
930,-3131175.957
931,-1129769.312
932,-908355.488
933,-0.000
934,-0.000
935,-0.000
936,-0.000
937,-0.000
938,-0.000
939,-0.000
940,-0.000
941,-0.000
942,-0.000
943,-549190.090
944,-477746.863
945,-1526846.970
946,-1702652.721
947,-1823414.387
948,-1817582.029
949,-1840494.539
950,-1916328.451
951,-1611453.123
952,-1771021.316
953,-1559903.593
954,-1249930.889
955,-387775.876
956,-245920.073
957,-0.000
958,-0.000
959,-0.000
960,-0.000
961,-0.000
962,-0.000
963,-0.000
964,-0.000
965,-0.000
966,-0.000
967,-0.000
968,-0.000
969,-0.000
970,-0.000
971,-0.000
972,-13735.143
973,-346094.348
974,-441796.319
975,-451451.779
976,-480834.744
977,-483812.550
978,-404670.888
979,-0.000
980,-0.000
981,-0.000
982,-0.000
983,-0.000
984,-0.000
985,-0.000
986,-0.000
987,-0.000
988,-0.000
989,-0.000
990,-0.000
991,-0.000
992,-0.000
993,-0.000
994,-0.000
995,-0.000
996,-0.000
997,-0.000
998,-0.000
999,-0.000
1000,-0.000
1001,-0.000
1002,-0.000
1003,-0.000
1004,-0.000
1005,-0.000
1006,-0.000
1007,-0.000
1008,-0.000
1009,-0.000
1010,-0.000
1011,-0.000
1012,-0.000
1013,-0.000
1014,-0.000
1015,-0.000
1016,-0.000
1017,-0.000
1018,-0.000
1019,-620761.619
1020,-1196597.320
1021,-1315433.535
1022,-1772277.044
1023,-2256199.402
1024,-2637919.938
1025,-2412809.878
1026,-2091876.782
1027,-665972.167
1028,-459809.459
1029,-0.000
1030,-0.000
1031,-0.000
1032,-0.000
1033,-0.000
1034,-0.000
1035,-0.000
1036,-0.000
1037,-0.000
1038,-0.000
1039,-0.000
1040,-0.000
1041,-467253.795
1042,-1367779.522
1043,-2003814.717
1044,-2433663.740
1045,-2458877.307
1046,-2929073.564
1047,-2989715.031
1048,-2889921.854
1049,-2694091.425
1050,-2463290.514
1051,-885571.133
1052,-654129.545
1053,-0.000
1054,-0.000
1055,-0.000
1056,-0.000
1057,-0.000
1058,-0.000
1059,-0.000
1060,-0.000
1061,-0.000
1062,-0.000
1063,-0.000
1064,-0.000
1065,-875453.773
1066,-1631875.693
1067,-2114867.457
1068,-2409312.161
1069,-2274632.458
1070,-2655191.324
1071,-3227360.132
1072,-2918013.888
1073,-2905342.325
1074,-2806043.492
1075,-956298.170
1076,-658556.640
1077,-0.000
1078,-0.000
1079,-0.000
1080,-0.000
1081,-0.000
1082,-0.000
1083,-0.000
1084,-0.000
1085,-0.000
1086,-0.000
1087,-0.000
1088,-241795.452
1089,-1181979.195
1090,-1394482.242
1091,-1641247.728
1092,-1876684.938
1093,-2298552.453
1094,-2418208.730
1095,-2516022.231
1096,-2298955.987
1097,-2100456.824
1098,-2145936.991
1099,-856983.251
1100,-674304.101
1101,-0.000
1102,-0.000
1103,-0.000
1104,-0.000
1105,-0.000
1106,-0.000
1107,-0.000
1108,-0.000
1109,-0.000
1110,-0.000
1111,-0.000
1112,-253554.522
1113,-1423975.197
1114,-1792704.130
1115,-2126070.426
1116,-2246892.754
1117,-2255838.228
1118,-2818429.895
1119,-3403620.156
1120,-3390172.117
1121,-3102183.776
1122,-2723137.980
1123,-858571.371
1124,-533346.715
1125,-0.000
1126,-0.000
1127,-0.000
1128,-0.000
1129,-0.000
1130,-0.000
1131,-0.000
1132,-0.000
1133,-0.000
1134,-0.000
1135,-0.000
1136,-0.000
1137,-0.000
1138,-0.000
1139,-0.000
1140,-27497.267
1141,-184165.203
1142,-313328.433
1143,-368366.774
1144,-331026.285
1145,-290772.915
1146,-238131.758
1147,-0.000
1148,-0.000
1149,-0.000
1150,-0.000
1151,-0.000
1152,-0.000
1153,-0.000
1154,-0.000
1155,-0.000
1156,-0.000
1157,-0.000
1158,-0.000
1159,-0.000
1160,-0.000
1161,-0.000
1162,-0.000
1163,-0.000
1164,-0.000
1165,-0.000
1166,-0.000
1167,-0.000
1168,-0.000
1169,-0.000
1170,-0.000
1171,-0.000
1172,-0.000
1173,-0.000
1174,-0.000
1175,-0.000
1176,-0.000
1177,-0.000
1178,-0.000
1179,-0.000
1180,-0.000
1181,-0.000
1182,-0.000
1183,-0.000
1184,-0.000
1185,-0.000
1186,-92722.708
1187,-649262.562
1188,-947186.922
1189,-1133951.159
1190,-1432823.433
1191,-1507061.196
1192,-1548141.448
1193,-1655702.601
1194,-1530414.091
1195,-574038.342
1196,-454406.346
1197,-0.000
1198,-0.000
1199,-0.000
1200,-0.000
1201,-0.000
1202,-0.000
1203,-0.000
1204,-0.000
1205,-0.000
1206,-0.000
1207,-0.000
1208,-74088.228
1209,-1329385.374
1210,-1591546.664
1211,-2071917.103
1212,-2549784.243
1213,-2645123.211
1214,-3381069.714
1215,-3459086.130
1216,-3440165.499
1217,-3226196.581
1218,-3074216.487
1219,-1130432.509
1220,-926774.386
1221,-0.000
1222,-0.000
1223,-0.000
1224,-0.000
1225,-0.000
1226,-0.000
1227,-0.000
1228,-0.000
1229,-0.000
1230,-0.000
1231,-820106.814
1232,-723620.648
1233,-2131430.363
1234,-2365332.064
1235,-2414346.105
1236,-2543441.499
1237,-2290406.256
1238,-2499543.393
1239,-2473509.174
1240,-2453627.328
1241,-2158151.543
1242,-1618622.186
1243,-398008.555
1244,-44897.972
1245,-0.000
1246,-0.000
1247,-0.000
1248,-0.000
1249,-0.000
1250,-0.000
1251,-0.000
1252,-0.000
1253,-0.000
1254,-0.000
1255,-0.000
1256,-0.000
1257,-0.000
1258,-0.000
1259,-804536.934
1260,-1421248.209
1261,-1654505.700
1262,-1924366.960
1263,-2217678.715
1264,-2207218.090
1265,-2038848.613
1266,-1606346.485
1267,-397444.394
1268,-187257.088
1269,-0.000
1270,-0.000
1271,-0.000
1272,-0.000
1273,-0.000
1274,-0.000
1275,-0.000
1276,-0.000
1277,-0.000
1278,-0.000
1279,-0.000
1280,-0.000
1281,-0.000
1282,-0.000
1283,-0.000
1284,-3004.145
1285,-155924.199
1286,-0.000
1287,-0.000
1288,-0.000
1289,-0.000
1290,-0.000
1291,-0.000
1292,-0.000
1293,-0.000
1294,-0.000
1295,-0.000
1296,-0.000
1297,-0.000
1298,-0.000
1299,-0.000
1300,-0.000
1301,-0.000
1302,-0.000
1303,-0.000
1304,-0.000
1305,-0.000
1306,-0.000
1307,-0.000
1308,-0.000
1309,-594738.761
1310,-1151500.690
1311,-1453385.965
1312,-1276554.286
1313,-913496.408
1314,-488195.329
1315,-0.000
1316,-0.000
1317,-0.000
1318,-0.000
1319,-0.000
1320,-0.000
1321,-0.000
1322,-0.000
1323,-0.000
1324,-0.000
1325,-0.000
1326,-0.000
1327,-0.000
1328,-0.000
1329,-0.000
1330,-0.000
1331,-0.000
1332,-0.000
1333,-0.000
1334,-0.000
1335,-0.000
1336,-0.000
1337,-0.000
1338,-0.000
1339,-0.000
1340,-0.000
1341,-0.000
1342,-0.000
1343,-0.000
1344,-0.000
1345,-0.000
1346,-0.000
1347,-0.000
1348,-0.000
1349,-0.000
1350,-0.000
1351,-0.000
1352,-0.000
1353,-0.000
1354,-0.000
1355,-257879.723
1356,-813066.159
1357,-1090565.977
1358,-1351547.415
1359,-1608998.044
1360,-1687663.602
1361,-1557690.869
1362,-1272346.792
1363,-445429.373
1364,-272113.958
1365,-0.000
1366,-0.000
1367,-0.000
1368,-0.000
1369,-0.000
1370,-0.000
1371,-0.000
1372,-0.000
1373,-0.000
1374,-0.000
1375,-0.000
1376,-0.000
1377,-311490.616
1378,-954071.701
1379,-1353529.403
1380,-1723726.057
1381,-2043056.407
1382,-2406309.461
1383,-2635272.461
1384,-2733647.654
1385,-2549427.281
1386,-2503969.341
1387,-881443.839
1388,-689044.217
1389,-0.000
1390,-0.000
1391,-0.000
1392,-0.000
1393,-0.000
1394,-0.000
1395,-0.000
1396,-0.000
1397,-0.000
1398,-0.000
1399,-0.000
1400,-123543.248
1401,-828919.550
1402,-891298.409
1403,-1109454.774
1404,-1304971.934
1405,-1671438.048
1406,-1884607.253
1407,-2179595.791
1408,-2596819.476
1409,-2525843.850
1410,-2210836.191
1411,-722150.226
1412,-435727.490
1413,-0.000
1414,-0.000
1415,-0.000
1416,-0.000
1417,-0.000
1418,-0.000
1419,-0.000
1420,-0.000
1421,-0.000
1422,-0.000
1423,-0.000
1424,-0.000
1425,-682809.928
1426,-1051864.670
1427,-1444769.575
1428,-1875553.236
1429,-2214000.902
1430,-2506727.730
1431,-2574354.829
1432,-2492732.831
1433,-2593181.784
1434,-2363943.970
1435,-941169.374
1436,-718370.612
1437,-0.000
1438,-0.000
1439,-0.000
1440,-0.000
1441,-0.000
1442,-0.000
1443,-0.000
1444,-0.000
1445,-0.000
1446,-0.000
1447,-258144.982
1448,-412873.938
1449,-1519640.622
1450,-1797228.945
1451,-2346355.181
1452,-2649546.417
1453,-2652237.797
1454,-3046491.990
1455,-3068588.835
1456,-2654652.587
1457,-2266151.778
1458,-2140303.708
1459,-989516.150
1460,-815428.923
1461,-0.000
1462,-0.000
1463,-0.000
1464,-0.000
1465,-0.000
1466,-0.000
1467,-0.000
1468,-0.000
1469,-0.000
1470,-0.000
1471,-0.000
1472,-0.000
1473,-0.000
1474,-0.000
1475,-261531.789
1476,-602184.437
1477,-1278554.035
1478,-1773629.422
1479,-2035227.066
1480,-1780588.298
1481,-1625441.953
1482,-1422500.774
1483,-0.000
1484,-0.000
1485,-0.000
1486,-0.000
1487,-0.000
1488,-0.000
1489,-0.000
1490,-0.000
1491,-0.000
1492,-0.000
1493,-0.000
1494,-0.000
1495,-0.000
1496,-0.000
1497,-0.000
1498,-0.000
1499,-0.000
1500,-0.000
1501,-309133.760
1502,-955797.204
1503,-1084509.975
1504,-1104595.205
1505,-892981.789
1506,-404682.206
1507,-44910.812
1508,-0.000
1509,-0.000
1510,-0.000
1511,-0.000
1512,-0.000
1513,-0.000
1514,-0.000
1515,-0.000
1516,-0.000
1517,-0.000
1518,-0.000
1519,-0.000
1520,-0.000
1521,-1261014.866
1522,-1843192.413
1523,-2438652.391
1524,-2707783.490
1525,-2544869.696
1526,-2920140.468
1527,-2854491.577
1528,-2718764.862
1529,-2272560.155
1530,-2052475.734
1531,-842425.836
1532,-768205.945
1533,-0.000
1534,-0.000
1535,-0.000
1536,-0.000
1537,-0.000
1538,-0.000
1539,-0.000
1540,-0.000
1541,-0.000
1542,-0.000
1543,-0.000
1544,-120508.537
1545,-1005648.299
1546,-1086285.811
1547,-1244638.034
1548,-1282760.260
1549,-1383750.586
1550,-1337378.437
1551,-1253627.840
1552,-1057532.743
1553,-871374.763
1554,-789481.742
1555,-243953.485
1556,-76451.811
1557,-0.000
1558,-0.000
1559,-0.000
1560,-0.000
1561,-0.000
1562,-0.000
1563,-0.000
1564,-0.000
1565,-0.000
1566,-0.000
1567,-0.000
1568,-0.000
1569,-0.000
1570,-0.000
1571,-0.000
1572,-284693.771
1573,-614053.496
1574,-318587.628
1575,-306810.643
1576,-214944.769
1577,-225682.930
1578,-304720.534
1579,-68749.014
1580,-0.000
1581,-0.000
1582,-0.000
1583,-0.000
1584,-0.000
1585,-0.000
1586,-0.000
1587,-0.000
1588,-0.000
1589,-0.000
1590,-0.000
1591,-0.000
1592,-0.000
1593,-0.000
1594,-144548.953
1595,-578223.978
1596,-698177.630
1597,-884582.361
1598,-670700.815
1599,-646180.565
1600,-550298.330
1601,-478079.159
1602,-253216.988
1603,-1077.261
1604,-0.000
1605,-0.000
1606,-0.000
1607,-0.000
1608,-0.000
1609,-0.000
1610,-0.000
1611,-0.000
1612,-0.000
1613,-0.000
1614,-0.000
1615,-0.000
1616,-0.000
1617,-0.000
1618,-0.000
1619,-0.000
1620,-234352.896
1621,-307293.590
1622,-135434.433
1623,-158526.042
1624,-154527.314
1625,-57777.682
1626,-28743.753
1627,-0.000
1628,-0.000
1629,-0.000
1630,-0.000
1631,-0.000
1632,-0.000
1633,-0.000
1634,-0.000
1635,-0.000
1636,-0.000
1637,-0.000
1638,-0.000
1639,-0.000
1640,-0.000
1641,-0.000
1642,-0.000
1643,-0.000
1644,-0.000
1645,-7669.050
1646,-406837.153
1647,-683116.731
1648,-1149759.361
1649,-1021414.741
1650,-919562.268
1651,-0.000
1652,-0.000
1653,-0.000
1654,-0.000
1655,-0.000
1656,-0.000
1657,-0.000
1658,-0.000
1659,-0.000
1660,-0.000
1661,-0.000
1662,-0.000
1663,-0.000
1664,-0.000
1665,-0.000
1666,-0.000
1667,-0.000
1668,-525822.035
1669,-869354.527
1670,-1120923.392
1671,-1305174.564
1672,-1262378.708
1673,-1075447.113
1674,-864750.399
1675,-237363.966
1676,-0.000
1677,-0.000
1678,-0.000
1679,-0.000
1680,-0.000
1681,-0.000
1682,-0.000
1683,-0.000
1684,-0.000
1685,-0.000
1686,-0.000
1687,-0.000
1688,-0.000
1689,-0.000
1690,-1155207.688
1691,-2075241.328
1692,-2277866.952
1693,-2292777.267
1694,-2669870.577
1695,-2961489.497
1696,-3042526.999
1697,-3025488.676
1698,-2679718.939
1699,-1050874.067
1700,-508842.993
1701,-0.000
1702,-0.000
1703,-0.000
1704,-0.000
1705,-0.000
1706,-0.000
1707,-0.000
1708,-0.000
1709,-0.000
1710,-0.000
1711,-0.000
1712,-0.000
1713,-292574.523
1714,-1382503.417
1715,-2317297.082
1716,-2429170.158
1717,-2332930.750
1718,-2777222.928
1719,-3102946.908
1720,-3246534.556
1721,-3154376.822
1722,-2833514.143
1723,-1106543.211
1724,-803281.276
1725,-0.000
1726,-0.000
1727,-0.000
1728,-0.000
1729,-0.000
1730,-0.000
1731,-0.000
1732,-0.000
1733,-0.000
1734,-0.000
1735,-202215.348
1736,-306190.230
1737,-1225583.109
1738,-1382720.791
1739,-1437232.399
1740,-1353438.686
1741,-1376718.235
1742,-1618196.067
1743,-1659491.038
1744,-1744703.010
1745,-1737658.456
1746,-1612927.614
1747,-646570.235
1748,-506738.523
1749,-0.000
1750,-0.000
1751,-0.000
1752,-0.000
1753,-0.000
1754,-0.000
1755,-0.000
1756,-0.000
1757,-0.000
1758,-0.000
1759,-0.000
1760,-0.000
1761,-236210.220
1762,-688956.638
1763,-970902.694
1764,-1141895.258
1765,-1123535.303
1766,-1293746.048
1767,-1625071.890
1768,-1460518.749
1769,-1390210.035
1770,-1335846.221
1771,-550275.365
1772,-359038.778
1773,-0.000
1774,-0.000
1775,-0.000
1776,-0.000
1777,-0.000
1778,-0.000
1779,-0.000
1780,-0.000
1781,-0.000
1782,-0.000
1783,-0.000
1784,-0.000
1785,-401447.553
1786,-1382570.898
1787,-2071972.760
1788,-2242079.179
1789,-2179304.330
1790,-2427845.138
1791,-2515499.109
1792,-2430125.040
1793,-2390398.340
1794,-2015774.117
1795,-874306.551
1796,-593915.848
1797,-0.000
1798,-0.000
1799,-0.000
1800,-0.000
1801,-0.000
1802,-0.000
1803,-0.000
1804,-0.000
1805,-0.000
1806,-0.000
1807,-0.000
1808,-0.000
1809,-25876.067
1810,-642420.588
1811,-950046.892
1812,-1415911.541
1813,-1744765.449
1814,-1886055.620
1815,-1749792.620
1816,-1621537.895
1817,-1378701.902
1818,-1236349.315
1819,-0.000
1820,-0.000
1821,-0.000
1822,-0.000
1823,-0.000
1824,-0.000
1825,-0.000
1826,-0.000
1827,-0.000
1828,-0.000
1829,-0.000
1830,-0.000
1831,-0.000
1832,-0.000
1833,-0.000
1834,-0.000
1835,-0.000
1836,-71370.709
1837,-494480.853
1838,-628651.235
1839,-627246.509
1840,-578495.619
1841,-453034.447
1842,-257603.021
1843,-58989.357
1844,-0.000
1845,-0.000
1846,-0.000
1847,-0.000
1848,-0.000
1849,-0.000
1850,-0.000
1851,-0.000
1852,-0.000
1853,-0.000
1854,-0.000
1855,-236704.906
1856,-428039.741
1857,-1729899.202
1858,-2236379.405
1859,-2713775.835
1860,-2981095.162
1861,-2916933.810
1862,-3269180.124
1863,-3582159.128
1864,-3495647.588
1865,-3514652.632
1866,-3268003.345
1867,-1474316.881
1868,-980362.934
1869,-0.000
1870,-0.000
1871,-0.000
1872,-0.000
1873,-0.000
1874,-0.000
1875,-0.000
1876,-0.000
1877,-0.000
1878,-0.000
1879,-1695073.091
1880,-912385.443
1881,-2564149.238
1882,-2945195.234
1883,-3234472.536
1884,-3354368.446
1885,-3147266.033
1886,-3471950.623
1887,-3514984.887
1888,-3387669.527
1889,-3278171.224
1890,-3280696.724
1891,-1482407.456
1892,-1124565.825
1893,-0.000
1894,-0.000
1895,-0.000
1896,-0.000
1897,-0.000
1898,-0.000
1899,-0.000
1900,-0.000
1901,-0.000
1902,-0.000
1903,-1166382.303
1904,-949082.619
1905,-2753988.412
1906,-3100256.295
1907,-3395378.667
1908,-3653835.601
1909,-3467111.073
1910,-4170279.580
1911,-4464954.346
1912,-4368754.029
1913,-4322132.663
1914,-4021779.949
1915,-1761992.236
1916,-1192717.717
1917,-0.000
1918,-53052.063
1919,-177338.252
1920,-177324.412
1921,-113042.127
1922,-114005.171
1923,-137888.838
1924,-167020.964
1925,-153180.658
1926,-132558.875
1927,-1968043.874
1928,-1073409.986
1929,-3108856.980
1930,-3474755.116
1931,-3729949.715
1932,-3760620.913
1933,-3291455.955
1934,-3356612.407
1935,-3464342.537
1936,-3367146.305
1937,-3230995.636
1938,-3012586.548
1939,-1216231.803
1940,-928309.814
1941,-0.000
1942,-0.000
1943,-0.000
1944,-0.000
1945,-0.000
1946,-0.000
1947,-0.000
1948,-0.000
1949,-0.000
1950,-0.000
1951,-0.000
1952,-0.000
1953,-275642.065
1954,-769648.566
1955,-900305.702
1956,-847507.802
1957,-969746.294
1958,-895392.683
1959,-889242.263
1960,-626004.360
1961,-461357.523
1962,-465959.003
1963,-87152.492
1964,-0.000
1965,-0.000
1966,-0.000
1967,-0.000
1968,-0.000
1969,-0.000
1970,-0.000
1971,-0.000
1972,-0.000
1973,-0.000
1974,-0.000
1975,-0.000
1976,-0.000
1977,-0.000
1978,-0.000
1979,-0.000
1980,-75160.909
1981,-502551.822
1982,-661594.746
1983,-548235.497
1984,-453636.505
1985,-363289.328
1986,-166147.284
1987,-0.000
1988,-0.000
1989,-0.000
1990,-0.000
1991,-0.000
1992,-0.000
1993,-0.000
1994,-0.000
1995,-0.000
1996,-0.000
1997,-0.000
1998,-0.000
1999,-0.000
2000,-0.000
2001,-0.000
2002,-0.000
2003,-0.000
2004,-0.000
2005,-0.000
2006,-0.000
2007,-0.000
2008,-0.000
2009,-240202.646
2010,-201304.385
2011,-23200.793
2012,-0.000
2013,-0.000
2014,-0.000
2015,-0.000
2016,-0.000
2017,-0.000
2018,-0.000
2019,-0.000
2020,-0.000
2021,-0.000
2022,-0.000
2023,-0.000
2024,-76814.213
2025,-1249301.618
2026,-1575524.383
2027,-1979128.500
2028,-2233956.073
2029,-2406010.503
2030,-2931368.661
2031,-3021010.118
2032,-2775275.334
2033,-2547248.550
2034,-2531918.034
2035,-1131095.864
2036,-873288.355
2037,-0.000
2038,-0.000
2039,-0.000
2040,-0.000
2041,-0.000
2042,-0.000
2043,-0.000
2044,-0.000
2045,-0.000
2046,-0.000
2047,-222888.830
2048,-457430.418
2049,-1677679.961
2050,-1942939.256
2051,-2346372.389
2052,-2601769.134
2053,-2589599.968
2054,-3222034.502
2055,-3439286.461
2056,-3428204.819
2057,-3450689.840
2058,-3313045.630
2059,-1593195.037
2060,-1062686.061
2061,-0.000
2062,-0.000
2063,-0.000
2064,-0.000
2065,-0.000
2066,-0.000
2067,-0.000
2068,-0.000
2069,-0.000
2070,-0.000
2071,-793617.532
2072,-756085.685
2073,-2296642.426
2074,-2582930.733
2075,-3028091.719
2076,-3319656.136
2077,-3127303.027
2078,-3531746.388
2079,-3607247.174
2080,-3623257.375
2081,-3560422.424
2082,-3391237.032
2083,-1608362.232
2084,-1213101.193
2085,-0.000
2086,-0.000
2087,-110106.296
2088,-149182.378
2089,-52790.289
2090,-9530.255
2091,-0.000
2092,-0.000
2093,-0.000
2094,-0.000
2095,-1770780.223
2096,-890023.726
2097,-2394537.729
2098,-2520140.374
2099,-2699935.952
2100,-3040786.618
2101,-2886767.132
2102,-3192772.617
2103,-3269513.215
2104,-3013992.472
2105,-3109662.859
2106,-2887862.376
2107,-1303496.394
2108,-981799.503
2109,-0.000
2110,-0.000
2111,-0.000
2112,-0.000
2113,-0.000
2114,-0.000
2115,-0.000
2116,-0.000
2117,-0.000
2118,-0.000
2119,-483833.660
2120,-579889.987
2121,-2032807.316
2122,-2372294.246
2123,-2640595.110
2124,-3034352.829
2125,-3046607.444
2126,-3358887.317
2127,-3406831.621
2128,-3521322.582
2129,-3556995.120
2130,-3399335.421
2131,-1565179.173
2132,-1119676.248
2133,-0.000
2134,-0.000
2135,-68679.379
2136,-111216.830
2137,-3058.628
2138,-0.000
2139,-0.000
2140,-0.000
2141,-0.000
2142,-0.000
2143,-0.000
2144,-0.000
2145,-1580044.488
2146,-1644076.701
2147,-1751965.927
2148,-1737056.144
2149,-1830177.053
2150,-1850926.384
2151,-1889657.771
2152,-1971793.813
2153,-1597135.704
2154,-1520412.228
2155,-0.000
2156,-0.000
2157,-0.000
2158,-0.000
2159,-0.000
2160,-0.000
2161,-0.000
2162,-0.000
2163,-0.000
2164,-0.000
2165,-0.000
2166,-0.000
2167,-0.000
2168,-0.000
2169,-0.000
2170,-0.000
2171,-0.000
2172,-0.000
2173,-0.000
2174,-0.000
2175,-258336.103
2176,-96807.099
2177,-2065.156
2178,-0.000
2179,-0.000
2180,-0.000
2181,-0.000
2182,-0.000
2183,-0.000
2184,-0.000
2185,-0.000
2186,-0.000
2187,-0.000
2188,-0.000
2189,-0.000
2190,-0.000
2191,-0.000
2192,-0.000
2193,-943932.691
2194,-1429892.929
2195,-1895680.231
2196,-2381132.333
2197,-2468889.470
2198,-2832200.618
2199,-2965737.060
2200,-2779090.082
2201,-2610256.801
2202,-2582687.230
2203,-1287068.299
2204,-790468.461
2205,-0.000
2206,-0.000
2207,-0.000
2208,-0.000
2209,-0.000
2210,-0.000
2211,-0.000
2212,-0.000
2213,-0.000
2214,-0.000
2215,-456332.257
2216,-537140.868
2217,-1736592.746
2218,-1906166.184
2219,-2302359.521
2220,-2776000.171
2221,-2878040.699
2222,-3349380.089
2223,-3592828.185
2224,-3479820.302
2225,-3458811.204
2226,-3317604.665
2227,-1562804.883
2228,-1001574.077
2229,-0.000
2230,-0.000
2231,-0.000
2232,-0.000
2233,-0.000
2234,-0.000
2235,-0.000
2236,-0.000
2237,-0.000
2238,-0.000
2239,-607110.634
2240,-548295.221
2241,-1747846.797
2242,-1965409.899
2243,-2223779.220
2244,-2397805.998
2245,-2304017.977
2246,-2578782.710
2247,-2606469.356
2248,-2444600.532
2249,-2529294.028
2250,-2629065.677
2251,-1279840.494
2252,-774405.378
2253,-0.000
2254,-0.000
2255,-0.000
2256,-0.000
2257,-0.000
2258,-0.000
2259,-0.000
2260,-0.000
2261,-0.000
2262,-0.000
2263,-458279.331
2264,-494751.648
2265,-1777113.616
2266,-2196814.751
2267,-2694697.989
2268,-2850074.649
2269,-2785268.635
2270,-3262622.377
2271,-3453159.338
2272,-3380757.871
2273,-3626200.352
2274,-3455777.888
2275,-1604814.849
2276,-949486.780
2277,-0.000
2278,-0.000
2279,-0.000
2280,-0.000
2281,-0.000
2282,-0.000
2283,-0.000
2284,-0.000
2285,-0.000
2286,-0.000
2287,-519721.939
2288,-647528.071
2289,-2366767.158
2290,-2746983.681
2291,-3264480.299
2292,-3450822.876
2293,-3164847.811
2294,-3844843.725
2295,-4167820.544
2296,-4112451.351
2297,-4187812.109
2298,-3960937.170
2299,-1880715.469
2300,-1299877.048
2301,-0.000
2302,-54877.385
2303,-209368.244
2304,-196877.478
2305,-108566.526
2306,-31135.536
2307,-0.000
2308,-0.000
2309,-0.000
2310,-0.000
2311,-0.000
2312,-0.000
2313,-2209608.291
2314,-2130934.883
2315,-2381257.176
2316,-2421156.850
2317,-2542617.485
2318,-2858815.717
2319,-3133430.571
2320,-3235694.323
2321,-3131386.425
2322,-2811552.570
2323,-351927.028
2324,-364659.880
2325,-354789.781
2326,-363770.615
2327,-337156.347
2328,-270979.341
2329,-160395.375
2330,-100609.248
2331,-46987.409
2332,-81628.279
2333,-108090.454
2334,-107203.720
2335,-166838.996
2336,-263263.508
2337,-511983.052
2338,-930211.436
2339,-1224644.420
2340,-1300762.601
2341,-1353066.514
2342,-1707641.884
2343,-1833059.910
2344,-1723084.676
2345,-1582746.602
2346,-1242622.206
2347,-812826.188
2348,-366576.578
2349,-326973.134
2350,-322887.607
2351,-314040.918
2352,-314680.742
2353,-337580.469
2354,-342719.717
2355,-343981.197
2356,-349160.382
2357,-332746.078
2358,-316973.931
2359,-1739168.588
2360,-1295217.095
2361,-3456150.511
2362,-3727153.462
2363,-3999961.119
2364,-4056586.527
2365,-3677622.019
2366,-4195563.671
2367,-4343974.691
2368,-4072931.835
2369,-3993179.450
2370,-3952781.384
2371,-1916001.998
2372,-1483183.217
2373,-0.000
2374,-316363.013
2375,-370515.122
2376,-353847.909
2377,-264167.053
2378,-211346.006
2379,-177606.496
2380,-173684.516
2381,-160264.954
2382,-175760.994
2383,-2160609.269
2384,-1253713.874
2385,-3380081.357
2386,-3684204.667
2387,-3918627.101
2388,-4063003.106
2389,-3771569.229
2390,-4507888.345
2391,-4542293.194
2392,-4671769.258
2393,-4578799.959
2394,-4432409.860
2395,-2072893.002
2396,-1574138.881
2397,-0.000
2398,-366643.496
2399,-405185.393
2400,-382933.868
2401,-309324.903
2402,-274212.138
2403,-231941.152
2404,-209677.830
2405,-187781.641
2406,-169475.934
2407,-2084529.754
2408,-1229505.747
2409,-3418008.357
2410,-3759612.422
2411,-3828338.896
2412,-3846750.902
2413,-3549460.130
2414,-3958774.309
2415,-4005568.870
2416,-3801637.324
2417,-3451322.309
2418,-3148339.555
2419,-1311810.569
2420,-970099.518
2421,-0.000
2422,-0.000
2423,-0.000
2424,-0.000
2425,-0.000
2426,-0.000
2427,-0.000
2428,-0.000
2429,-0.000
2430,-0.000
2431,-161215.885
2432,-267415.952
2433,-989123.897
2434,-1206721.279
2435,-1475764.728
2436,-1746970.591
2437,-1893340.369
2438,-1871912.896
2439,-1832189.580
2440,-1714037.249
2441,-1874855.830
2442,-2154198.602
2443,-949586.808
2444,-527608.674
2445,-0.000
2446,-0.000
2447,-0.000
2448,-0.000
2449,-0.000
2450,-0.000
2451,-0.000
2452,-0.000
2453,-0.000
2454,-0.000
2455,-167162.116
2456,-376851.103
2457,-1490074.440
2458,-1705839.128
2459,-1877925.625
2460,-2030366.820
2461,-2021661.553
2462,-2212431.128
2463,-2298274.412
2464,-2558209.594
2465,-2393835.361
2466,-2128080.790
2467,-872581.193
2468,-747861.904
2469,-0.000
2470,-0.000
2471,-0.000
2472,-0.000
2473,-0.000
2474,-0.000
2475,-0.000
2476,-0.000
2477,-0.000
2478,-0.000
2479,-0.000
2480,-0.000
2481,-1181498.939
2482,-1357730.857
2483,-1504994.540
2484,-1390846.017
2485,-1419170.490
2486,-1419214.924
2487,-1532434.620
2488,-1940471.579
2489,-1488779.246
2490,-1299535.650
2491,-0.000
2492,-0.000
2493,-0.000
2494,-0.000
2495,-0.000
2496,-0.000
2497,-0.000
2498,-0.000
2499,-0.000
2500,-0.000
2501,-0.000
2502,-0.000
2503,-0.000
2504,-0.000
2505,-0.000
2506,-0.000
2507,-0.000
2508,-0.000
2509,-153856.871
2510,-339571.542
2511,-372751.539
2512,-360559.840
2513,-308351.884
2514,-123923.597
2515,-317.796
2516,-0.000
2517,-0.000
2518,-0.000
2519,-0.000
2520,-0.000
2521,-0.000
2522,-0.000
2523,-0.000
2524,-0.000
2525,-0.000
2526,-0.000
2527,-0.000
2528,-119907.068
2529,-1233813.870
2530,-1358725.612
2531,-1554986.221
2532,-1845464.785
2533,-1759569.265
2534,-2188061.750
2535,-2449162.074
2536,-2506695.278
2537,-2498269.990
2538,-2657491.876
2539,-1225152.127
2540,-889232.342
2541,-0.000
2542,-0.000
2543,-0.000
2544,-0.000
2545,-0.000
2546,-0.000
2547,-0.000
2548,-0.000
2549,-0.000
2550,-0.000
2551,-110764.483
2552,-553302.158
2553,-2078684.513
2554,-2449418.405
2555,-2937591.114
2556,-2997878.325
2557,-2940897.021
2558,-3448802.181
2559,-3559952.276
2560,-3492249.128
2561,-3214186.333
2562,-3061861.495
2563,-1515378.836
2564,-1157776.457
2565,-0.000
2566,-0.000
2567,-152045.638
2568,-158851.240
2569,-56101.825
2570,-1926.388
2571,-0.000
2572,-0.000
2573,-0.000
2574,-0.000
2575,-1549469.745
2576,-939608.870
2577,-2595540.669
2578,-2787207.343
2579,-2999070.537
2580,-2932236.626
2581,-2609845.493
2582,-3040982.860
2583,-3016364.183
2584,-2871115.515
2585,-2834648.916
2586,-2730777.372
2587,-1209213.985
2588,-1120287.936
2589,-0.000
2590,-0.000
2591,-0.000
2592,-0.000
2593,-0.000
2594,-0.000
2595,-0.000
2596,-0.000
2597,-0.000
2598,-0.000
2599,-1569824.366
2600,-870363.682
2601,-2502053.363
2602,-2727063.573
2603,-3035464.155
2604,-3140309.146
2605,-2659090.711
2606,-2832358.679
2607,-2761637.234
2608,-2582904.116
2609,-2469307.007
2610,-2430837.213
2611,-1072496.380
2612,-935890.316
2613,-0.000
2614,-0.000
2615,-0.000
2616,-0.000
2617,-0.000
2618,-0.000
2619,-0.000
2620,-0.000
2621,-0.000
2622,-0.000
2623,-805848.241
2624,-757535.409
2625,-2290985.197
2626,-2375192.812
2627,-2727891.467
2628,-2831769.398
2629,-2271506.043
2630,-2622158.625
2631,-2618908.151
2632,-2844364.977
2633,-2969412.342
2634,-2942865.167
2635,-1333331.503
2636,-1104179.531
2637,-0.000
2638,-0.000
2639,-0.000
2640,-0.000
2641,-0.000
2642,-0.000
2643,-0.000
2644,-0.000
2645,-0.000
2646,-0.000
2647,-0.000
2648,-0.000
2649,-1908016.679
2650,-1669622.993
2651,-1772715.821
2652,-1939046.943
2653,-1976413.708
2654,-1991966.799
2655,-2050039.697
2656,-2013998.588
2657,-2192411.542
2658,-2026891.228
2659,-0.000
2660,-131054.908
2661,-169684.619
2662,-224020.636
2663,-220332.382
2664,-212002.586
2665,-138969.244
2666,-118247.065
2667,-109567.926
2668,-108756.330
2669,-97295.807
2670,-96519.223
2671,-160636.668
2672,-280482.523
2673,-500454.234
2674,-931646.344
2675,-1353994.167
2676,-1415679.896
2677,-1292614.050
2678,-1353223.913
2679,-1436302.845
2680,-1465226.364
2681,-1059410.297
2682,-536353.377
2683,-322777.550
2684,-241177.228
2685,-216454.264
2686,-196258.225
2687,-167042.998
2688,-124937.970
2689,-101565.974
2690,-75835.957
2691,-60961.771
2692,-65351.053
2693,-81084.243
2694,-107830.680
2695,-2245882.029
2696,-1246804.584
2697,-3403675.953
2698,-3804215.281
2699,-4218724.073
2700,-4409223.995
2701,-3863897.122
2702,-4614575.035
2703,-4739676.161
2704,-4771821.267
2705,-4625976.888
2706,-4624944.925
2707,-2192714.763
2708,-1556014.675
2709,-0.000
2710,-380298.042
2711,-400912.791
2712,-368229.121
2713,-263429.836
2714,-214807.264
2715,-206216.257
2716,-214790.733
2717,-239544.699
2718,-267171.340
2719,-2351574.063
2720,-1418121.744
2721,-3710301.369
2722,-3947726.925
2723,-4243492.449
2724,-4424000.998
2725,-3939777.185
2726,-4636037.067
2727,-4762203.341
2728,-4658286.484
2729,-4545688.620
2730,-4500925.058
2731,-2292381.426
2732,-1606733.184
2733,-0.000
2734,-392787.580
2735,-443850.024
2736,-411096.394
2737,-302923.905
2738,-258624.483
2739,-230646.647
2740,-220720.323
2741,-207467.631
2742,-215263.934
2743,-2277861.342
2744,-1460235.534
2745,-3789720.895
2746,-3998833.157
2747,-4306126.007
2748,-4380195.968
2749,-3853677.515
2750,-4627516.542
2751,-4779556.640
2752,-4860255.909
2753,-4934587.633
2754,-5014427.040
2755,-2284584.128
2756,-1612240.009
2757,-0.000
2758,-357608.906
2759,-415825.913
2760,-402782.138
2761,-317614.334
2762,-258001.043
2763,-197588.098
2764,-180842.057
2765,-164085.968
2766,-152227.467
2767,-2167063.089
2768,-1320330.111
2769,-3381113.785
2770,-3569928.588
2771,-3798456.345
2772,-3897882.044
2773,-3447892.875
2774,-4107347.707
2775,-4029430.800
2776,-3866038.359
2777,-3879560.773
2778,-3933690.887
2779,-1752732.048
2780,-1379745.233
2781,-0.000
2782,-50054.514
2783,-236941.558
2784,-223162.839
2785,-130178.668
2786,-71438.383
2787,-20116.840
2788,-429.756
2789,-0.000
2790,-0.000
2791,-1653857.306
2792,-961450.826
2793,-2586136.079
2794,-2824006.305
2795,-3019183.890
2796,-3171566.714
2797,-2579933.433
2798,-2881820.002
2799,-3236536.572
2800,-2812956.410
2801,-2420181.838
2802,-2264822.468
2803,-1084679.852
2804,-986972.138
2805,-0.000
2806,-0.000
2807,-0.000
2808,-0.000
2809,-0.000
2810,-0.000
2811,-0.000
2812,-0.000
2813,-0.000
2814,-0.000
2815,-0.000
2816,-0.000
2817,-1730330.718
2818,-1675913.132
2819,-1869462.376
2820,-1975805.211
2821,-2068229.684
2822,-2242338.367
2823,-2510143.371
2824,-2366652.671
2825,-2345110.089
2826,-2349636.367
2827,-220442.109
2828,-259851.203
2829,-252782.831
2830,-245478.755
2831,-232640.142
2832,-200086.058
2833,-97558.372
2834,-23557.790
2835,-0.000
2836,-0.000
2837,-0.000
2838,-0.000
2839,-65455.351
2840,-217627.830
2841,-454089.640
2842,-778661.284
2843,-1097164.952
2844,-1297601.048
2845,-1237207.291
2846,-1350452.712
2847,-1560472.225
2848,-1641167.736
2849,-1513986.698
2850,-1245708.428
2851,-810130.155
2852,-312712.308
2853,-291930.852
2854,-292898.146
2855,-266150.043
2856,-214859.874
2857,-169620.156
2858,-122635.696
2859,-116209.857
2860,-144484.775
2861,-136396.039
2862,-67738.381
2863,-1965238.257
2864,-1024657.849
2865,-2842199.215
2866,-2882228.862
2867,-2776134.426
2868,-2776633.010
2869,-2333519.813
2870,-2732792.678
2871,-2853395.362
2872,-3173844.623
2873,-3192837.586
2874,-3031262.786
2875,-1417239.596
2876,-1082268.997
2877,-0.000
2878,-0.000
2879,-0.000
2880,-0.000
2881,-0.000
2882,-0.000
2883,-0.000
2884,-0.000
2885,-0.000
2886,-0.000
2887,-513965.498
2888,-591058.336
2889,-1769676.995
2890,-2111035.597
2891,-2500230.835
2892,-2671167.995
2893,-2644955.102
2894,-3160799.986
2895,-3275667.790
2896,-3145812.619
2897,-2782207.258
2898,-2628224.487
2899,-1424599.452
2900,-888111.203
2901,-0.000
2902,-0.000
2903,-0.000
2904,-0.000
2905,-0.000
2906,-0.000
2907,-0.000
2908,-0.000
2909,-0.000
2910,-0.000
2911,-451505.903
2912,-441649.196
2913,-1324679.897
2914,-1500971.308
2915,-1771133.921
2916,-1993474.276
2917,-2028635.319
2918,-2246404.684
2919,-2194798.987
2920,-1996551.522
2921,-1859680.759
2922,-1801127.960
2923,-797669.715
2924,-625409.719
2925,-0.000
2926,-0.000
2927,-0.000
2928,-0.000
2929,-0.000
2930,-0.000
2931,-0.000
2932,-0.000
2933,-0.000
2934,-0.000
2935,-320743.130
2936,-538005.198
2937,-1794186.841
2938,-2122296.073
2939,-2464635.119
2940,-2603853.140
2941,-2632453.789
2942,-3082077.312
2943,-3166992.133
2944,-2965973.904
2945,-2984196.892
2946,-2936980.316
2947,-1472016.596
2948,-917067.539
2949,-0.000
2950,-0.000
2951,-0.000
2952,-0.000
2953,-0.000
2954,-0.000
2955,-0.000
2956,-0.000
2957,-0.000
2958,-0.000
2959,-1065079.534
2960,-687202.937
2961,-1924119.888
2962,-2104628.446
2963,-2336346.476
2964,-2602059.332
2965,-2469286.422
2966,-2659045.121
2967,-2657563.262
2968,-2387333.531
2969,-2144245.860
2970,-1970162.828
2971,-821033.415
2972,-472688.439
2973,-0.000
2974,-0.000
2975,-0.000
2976,-0.000
2977,-0.000
2978,-0.000
2979,-0.000
2980,-0.000
2981,-0.000
2982,-0.000
2983,-0.000
2984,-0.000
2985,-24274.308
2986,-713375.175
2987,-956407.938
2988,-1062547.904
2989,-1094135.965
2990,-1207245.110
2991,-1126844.504
2992,-997317.961
2993,-873382.896
2994,-839333.297
2995,-0.000
2996,-0.000
2997,-0.000
2998,-0.000
2999,-0.000
3000,-0.000
3001,-0.000
3002,-0.000
3003,-0.000
3004,-0.000
3005,-0.000
3006,-0.000
3007,-0.000
3008,-0.000
3009,-0.000
3010,-0.000
3011,-0.000
3012,-0.000
3013,-0.000
3014,-257687.017
3015,-311765.150
3016,-346902.485
3017,-246525.972
3018,-17626.658
3019,-0.000
3020,-0.000
3021,-0.000
3022,-0.000
3023,-0.000
3024,-0.000
3025,-0.000
3026,-0.000
3027,-0.000
3028,-0.000
3029,-0.000
3030,-0.000
3031,-0.000
3032,-306041.965
3033,-1520315.663
3034,-1692427.139
3035,-1742954.262
3036,-1889623.364
3037,-1830711.441
3038,-2032276.362
3039,-2041760.073
3040,-1989149.428
3041,-1926711.555
3042,-1905673.216
3043,-855201.084
3044,-663232.244
3045,-0.000
3046,-0.000
3047,-0.000
3048,-0.000
3049,-0.000
3050,-0.000
3051,-0.000
3052,-0.000
3053,-0.000
3054,-0.000
3055,-0.000
3056,-296790.639
3057,-1527701.915
3058,-1729288.755
3059,-1811240.724
3060,-1819180.160
3061,-1746619.803
3062,-1995854.767
3063,-1906129.296
3064,-1741312.238
3065,-1744722.715
3066,-1699500.053
3067,-796751.956
3068,-671680.408
3069,-0.000
3070,-0.000
3071,-0.000
3072,-0.000
3073,-0.000
3074,-0.000
3075,-0.000
3076,-0.000
3077,-0.000
3078,-0.000
3079,-362888.890
3080,-576439.186
3081,-1942127.355
3082,-2252580.128
3083,-2555873.379
3084,-2791123.816
3085,-2650685.691
3086,-3221743.176
3087,-3334809.495
3088,-3175867.549
3089,-3217846.586
3090,-3114980.515
3091,-1416558.393
3092,-1086326.246
3093,-0.000
3094,-0.000
3095,-16473.240
3096,-108492.045
3097,-23060.477
3098,-947.060
3099,-0.000
3100,-0.000
3101,-0.000
3102,-0.000
3103,-1506252.070
3104,-968917.632
3105,-2629462.687
3106,-2862940.147
3107,-3144983.155
3108,-3290280.974
3109,-3042022.001
3110,-3622622.414
3111,-3731609.188
3112,-3747847.301
3113,-3732857.992
3114,-3643942.422
3115,-1846247.769
3116,-1278186.261
3117,-0.000
3118,-38279.862
3119,-197367.412
3120,-206700.138
3121,-94377.817
3122,-10068.651
3123,-0.000
3124,-0.000
3125,-0.000
3126,-0.000
3127,-1709709.224
3128,-1242143.298
3129,-3300627.464
3130,-3540171.468
3131,-3839709.075
3132,-3863997.180
3133,-3428219.956
3134,-4075172.910
3135,-4207592.640
3136,-4382547.056
3137,-4455895.957
3138,-4633872.423
3139,-2470940.356
3140,-1435492.597
3141,-0.000
3142,-293337.405
3143,-356528.364
3144,-312805.912
3145,-208195.628
3146,-151308.887
3147,-118178.197
3148,-96303.275
3149,-28525.223
3150,-0.000
3151,-49049.161
3152,-381446.411
3153,-2583316.762
3154,-2184393.019
3155,-2279458.960
3156,-2401875.839
3157,-2433865.752
3158,-2730379.144
3159,-3022669.104
3160,-3216001.938
3161,-3135422.579
3162,-3191260.524
3163,-789586.604
3164,-489853.989
3165,-426497.170
3166,-400869.535
3167,-366091.375
3168,-319417.134
3169,-224037.244
3170,-187940.237
3171,-174603.521
3172,-183022.457
3173,-186231.015
3174,-185728.459
3175,-238363.910
3176,-398272.032
3177,-659601.076
3178,-892928.136
3179,-1162921.249
3180,-1265575.279
3181,-1215418.568
3182,-1445412.092
3183,-1659718.525
3184,-1818893.230
3185,-1666065.924
3186,-1584467.079
3187,-1200219.953
3188,-456749.245
3189,-414903.478
3190,-423499.483
3191,-400079.983
3192,-358616.542
3193,-337272.900
3194,-299315.950
3195,-273034.738
3196,-293996.498
3197,-306641.345
3198,-301506.452
3199,-1840590.532
3200,-1434637.322
3201,-3747741.615
3202,-3954227.041
3203,-4081924.774
3204,-4152153.695
3205,-3696003.275
3206,-4488596.800
3207,-4716452.217
3208,-4840304.511
3209,-4969971.520
3210,-5040610.029
3211,-2578428.662
3212,-1751810.865
3213,-0.000
3214,-486833.450
3215,-515893.385
3216,-500156.858
3217,-397970.008
3218,-356849.996
3219,-351156.185
3220,-367333.054
3221,-369026.586
3222,-374842.502
3223,-2003995.338
3224,-1630675.380
3225,-4227814.039
3226,-4385083.161
3227,-4632274.830
3228,-4771419.630
3229,-4191910.848
3230,-4634833.165
3231,-4787592.702
3232,-4610227.595
3233,-4575000.791
3234,-4538841.109
3235,-2079867.140
3236,-1776041.713
3237,-0.000
3238,-459027.746
3239,-532977.966
3240,-593164.482
3241,-513187.430
3242,-489516.582
3243,-485689.303
3244,-472989.565
3245,-476464.197
3246,-479442.923
3247,-2155468.819
3248,-1777420.711
3249,-4661670.266
3250,-4811690.556
3251,-5159587.635
3252,-5270307.802
3253,-4513786.227
3254,-5365662.144
3255,-5483881.810
3256,-5645350.012
3257,-5668441.478
3258,-5308115.520
3259,-2404763.229
3260,-1958453.493
3261,-16635.662
3262,-595654.602
3263,-632319.676
3264,-615155.222
3265,-527247.628
3266,-503854.710
3267,-489287.041
3268,-486422.935
3269,-481290.538
3270,-480403.459
3271,-2161576.292
3272,-1786251.519
3273,-4492002.227
3274,-4731314.739
3275,-5066189.711
3276,-5162752.887
3277,-4347592.768
3278,-5138534.188
3279,-5365076.854
3280,-5587218.698
3281,-5503602.129
3282,-5178751.944
3283,-2355052.799
3284,-1768167.479
3285,-0.000
3286,-256938.575
3287,-414594.844
3288,-452808.680
3289,-365258.284
3290,-359186.415
3291,-374567.008
3292,-396022.729
3293,-392955.241
3294,-381440.197
3295,-2010735.392
3296,-1541774.213
3297,-4144342.227
3298,-4386282.360
3299,-4709893.687
3300,-4947721.641
3301,-4431785.031
3302,-5447586.749
3303,-5627679.966
3304,-5678369.869
3305,-5642737.915
3306,-5783845.363
3307,-2963340.096
3308,-2083894.917
3309,-119528.371
3310,-728116.275
3311,-731272.885
3312,-704584.122
3313,-617540.727
3314,-616457.377
3315,-623068.918
3316,-631179.440
3317,-621918.375
3318,-607214.969
3319,-683759.318
3320,-944134.185
3321,-3678022.112
3322,-3181873.433
3323,-3193676.021
3324,-3273924.369
3325,-3295396.181
3326,-3468414.767
3327,-3585410.536
3328,-3632831.997
3329,-3745254.248
3330,-3819313.894
3331,-886514.723
3332,-804880.674
3333,-795194.254
3334,-791605.485
3335,-740458.443
3336,-695357.255
3337,-602423.728
3338,-569006.845
3339,-554091.385
3340,-497337.074
3341,-398642.127
3342,-366322.755
3343,-342100.733
3344,-335340.424
3345,-388767.427
3346,-533306.486
3347,-701434.217
3348,-877162.518
3349,-1230626.694
3350,-1448577.692
3351,-1285157.174
3352,-1241038.334
3353,-1249883.826
3354,-1143120.176
3355,-772228.755
3356,-330591.418
3357,-304583.377
3358,-304364.437
3359,-274697.169
3360,-231109.396
3361,-200131.585
3362,-178365.514
3363,-158082.253
3364,-131632.333
3365,-109182.273
3366,-96356.166
3367,-1810559.267
3368,-1151652.466
3369,-2935653.553
3370,-2997903.799
3371,-3078292.963
3372,-3263538.883
3373,-3059148.237
3374,-3275319.840
3375,-3291345.993
3376,-3605416.471
3377,-3494552.889
3378,-3453744.466
3379,-1583329.210
3380,-1272862.387
3381,-0.000
3382,-0.000
3383,-127118.506
3384,-158378.150
3385,-67279.257
3386,-20179.284
3387,-0.000
3388,-0.000
3389,-0.000
3390,-0.000
3391,-1632670.046
3392,-924885.420
3393,-2611474.283
3394,-2888421.463
3395,-3203566.458
3396,-3343302.471
3397,-2924503.035
3398,-3313098.892
3399,-3417027.349
3400,-3739215.687
3401,-3629406.485
3402,-3394414.391
3403,-1650247.546
3404,-1304100.207
3405,-0.000
3406,-0.000
3407,-143105.584
3408,-209681.990
3409,-134574.722
3410,-99039.083
3411,-88526.759
3412,-72828.886
3413,-0.000
3414,-0.000
3415,-1949487.426
3416,-1032533.994
3417,-2801188.569
3418,-2919356.882
3419,-3150516.281
3420,-3503309.179
3421,-3290160.925
3422,-3680321.842
3423,-3816557.425
3424,-3891912.319
3425,-3589132.367
3426,-3497421.620
3427,-1614721.086
3428,-1304908.744
3429,-0.000
3430,-0.000
3431,-205862.874
3432,-235592.155
3433,-165201.977
3434,-136335.949
3435,-122843.886
3436,-141077.690
3437,-131990.517
3438,-126858.565
3439,-2135162.263
3440,-1177443.962
3441,-3106868.124
3442,-3226618.781
3443,-3340967.298
3444,-3750704.901
3445,-3405411.374
3446,-4112575.057
3447,-3935506.675
3448,-3884457.395
3449,-4202033.155
3450,-4191159.870
3451,-2154836.001
3452,-1427477.931
3453,-0.000
3454,-90459.687
3455,-279419.247
3456,-321313.009
3457,-260395.795
3458,-248972.418
3459,-248962.413
3460,-249328.871
3461,-225131.041
3462,-179704.630
3463,-2066121.574
3464,-1178087.572
3465,-3286625.101
3466,-3531673.836
3467,-3764473.218
3468,-3969767.353
3469,-3671972.629
3470,-4400378.807
3471,-4206326.073
3472,-4098764.162
3473,-4384835.793
3474,-3974508.425
3475,-1999852.147
3476,-1576175.190
3477,-0.000
3478,-124429.308
3479,-323071.162
3480,-377337.036
3481,-306851.545
3482,-281146.211
3483,-261493.387
3484,-226251.105
3485,-202498.653
3486,-194986.202
3487,-231782.691
3488,-333143.000
3489,-2747067.773
3490,-2598105.374
3491,-2769751.612
3492,-2835646.497
3493,-2685360.650
3494,-2591452.708
3495,-2683615.895
3496,-2624706.777
3497,-2812777.421
3498,-2854141.410
3499,-343263.403
3500,-317820.095
3501,-317301.625
3502,-341974.992
3503,-364839.871
3504,-337970.026
3505,-218007.077
3506,-190576.363
3507,-190256.485
3508,-198378.205
3509,-190648.873
3510,-173579.130
3511,-190701.392
3512,-264538.845
3513,-451756.238
3514,-686166.272
3515,-758027.477
3516,-933076.683
3517,-979855.015
3518,-1185788.834
3519,-1305207.996
3520,-1078515.334
3521,-1089987.698
3522,-1218895.129
3523,-1038289.099
3524,-388716.017
3525,-320760.657
3526,-300738.966
3527,-284562.263
3528,-269856.684
3529,-238473.818
3530,-207883.901
3531,-221980.905
3532,-204497.917
3533,-144389.612
3534,-135131.403
3535,-2208556.667
3536,-1268768.919
3537,-3382770.366
3538,-3598681.220
3539,-3708195.343
3540,-3766141.202
3541,-3383462.241
3542,-4260206.534
3543,-4601950.516
3544,-4338206.425
3545,-4173136.462
3546,-3963418.066
3547,-1897642.877
3548,-1532059.833
3549,-0.000
3550,-135821.006
3551,-331344.907
3552,-347690.733
3553,-245594.007
3554,-213286.539
3555,-206725.248
3556,-208703.003
3557,-136088.600
3558,-73569.371
3559,-2088672.584
3560,-1131988.481
3561,-2939994.226
3562,-2948365.438
3563,-2971083.541
3564,-2992210.738
3565,-2589431.083
3566,-2971933.304
3567,-2959180.508
3568,-3107305.458
3569,-3055232.091
3570,-2917232.041
3571,-1326095.075
3572,-1223275.133
3573,-0.000
3574,-0.000
3575,-8186.199
3576,-161921.929
3577,-88262.609
3578,-51971.238
3579,-21865.381
3580,-11758.322
3581,-1177.848
3582,-0.000
3583,-1904331.041
3584,-1101884.855
3585,-2823479.748
3586,-2886809.885
3587,-3003825.229
3588,-3149274.048
3589,-2656087.898
3590,-3158251.499
3591,-3233752.351
3592,-3345216.963
3593,-3230010.145
3594,-3158101.043
3595,-1462305.630
3596,-1299837.865
3597,-0.000
3598,-0.000
3599,-0.000
3600,-130847.354
3601,-124251.219
3602,-115947.363
3603,-109652.680
3604,-101694.790
3605,-80864.798
3606,-63240.072
3607,-2152547.246
3608,-1260757.285
3609,-3306999.381
3610,-3528252.211
3611,-3815059.161
3612,-3925023.855
3613,-3456929.278
3614,-4018170.992
3615,-4116580.206
3616,-4280951.833
3617,-4340662.285
3618,-4373682.584
3619,-2058311.529
3620,-1471602.816
3621,-0.000
3622,-0.000
3623,-223990.563
3624,-270051.042
3625,-177558.005
3626,-148572.742
3627,-114378.672
3628,-103699.718
3629,-106286.416
3630,-113901.399
3631,-2279245.793
3632,-1313046.968
3633,-3595353.425
3634,-3765444.901
3635,-4048192.395
3636,-4284803.370
3637,-3752018.484
3638,-4140083.342
3639,-4146069.007
3640,-4268884.382
3641,-3946606.499
3642,-4111261.338
3643,-2238431.040
3644,-1562862.805
3645,-0.000
3646,-78206.963
3647,-257952.837
3648,-289077.584
3649,-198500.858
3650,-170992.487
3651,-160694.945
3652,-144241.868
3653,-130295.633
3654,-126450.563
3655,-180345.306
3656,-419600.390
3657,-2840619.896
3658,-2451127.288
3659,-2468176.112
3660,-2427621.762
3661,-2390636.097
3662,-2452697.275
3663,-2631705.669
3664,-2299049.332
3665,-2100074.504
3666,-2072301.746
3667,-88481.795
3668,-302090.137
3669,-315482.772
3670,-317585.902
3671,-314595.358
3672,-298632.897
3673,-218376.796
3674,-199304.612
3675,-175911.397
3676,-155332.524
3677,-153430.838
3678,-157877.525
3679,-179157.514
3680,-238891.023
3681,-364438.413
3682,-495986.225
3683,-827003.095
3684,-1171697.226
3685,-1225430.201
3686,-1472195.442
3687,-1637675.458
3688,-1883561.940
3689,-1943507.318
3690,-1932203.546
3691,-1218263.501
3692,-434264.524
3693,-396099.029
3694,-388467.649
3695,-354686.686
3696,-310690.770
3697,-293174.588
3698,-279914.947
3699,-272102.358
3700,-271769.719
3701,-257176.830
3702,-245132.983
3703,-2497578.257
3704,-1748761.811
3705,-4394356.914
3706,-4673818.717
3707,-4778409.715
3708,-4847073.390
3709,-4263193.239
3710,-4878772.374
3711,-4361736.245
3712,-4085586.823
3713,-4223513.663
3714,-4104127.433
3715,-1952857.665
3716,-1386778.202
3717,-0.000
3718,-51147.656
3719,-294825.003
3720,-350646.752
3721,-293654.023
3722,-279877.491
3723,-235106.155
3724,-200293.639
3725,-195766.456
3726,-231421.188
3727,-2332710.642
3728,-1382243.750
3729,-3627665.655
3730,-4037388.566
3731,-4462635.680
3732,-4739878.953
3733,-4263494.577
3734,-5056870.548
3735,-4730916.982
3736,-4213463.326
3737,-4047116.835
3738,-4132161.950
3739,-2184423.114
3740,-1620324.479
3741,-0.000
3742,-213006.457
3743,-399726.639
3744,-435521.187
3745,-353705.341
3746,-351317.825
3747,-366647.590
3748,-357604.077
3749,-365342.186
3750,-386877.234
3751,-2115984.485
3752,-1826790.845
3753,-4642245.312
3754,-4908571.826
3755,-5067832.255
3756,-4928199.416
3757,-3897540.218
3758,-4610676.615
3759,-4767006.655
3760,-4998064.830
3761,-4962385.351
3762,-4850671.808
3763,-2444313.353
3764,-1712957.705
3765,-0.000
3766,-400165.603
3767,-510104.082
3768,-520735.498
3769,-420658.309
3770,-393592.222
3771,-393380.865
3772,-401108.768
3773,-408088.494
3774,-412619.805
3775,-2090135.939
3776,-1743660.484
3777,-4638660.053
3778,-4874838.194
3779,-5199989.507
3780,-5285786.052
3781,-4358420.635
3782,-5037712.141
3783,-5238569.828
3784,-5488991.358
3785,-5506512.748
3786,-5486091.425
3787,-2688139.942
3788,-1912154.919
3789,-41807.133
3790,-592506.973
3791,-608432.877
3792,-596983.041
3793,-496616.621
3794,-460253.637
3795,-449114.851
3796,-443393.380
3797,-423687.895
3798,-410537.285
3799,-2092867.578
3800,-1865319.331
3801,-4645939.542
3802,-4756790.557
3803,-4790471.598
3804,-4735611.636
3805,-4051749.387
3806,-4866097.215
3807,-5113420.175
3808,-5122063.075
3809,-5145004.505
3810,-5214098.193
3811,-2844437.857
3812,-1855145.191
3813,-78687.487
3814,-630204.503
3815,-643264.586
3816,-620470.945
3817,-526225.780
3818,-500848.538
3819,-494623.296
3820,-494377.123
3821,-474075.929
3822,-462690.307
3823,-562196.306
3824,-934223.553
3825,-3566427.998
3826,-3002935.781
3827,-2952720.837
3828,-3054895.676
3829,-3069907.042
3830,-3278695.568
3831,-3473548.901
3832,-3520982.324
3833,-3358724.637
3834,-3161145.781
3835,-716333.982
3836,-690874.417
3837,-706253.102
3838,-720230.165
3839,-693090.056
3840,-659248.791
3841,-572575.050
3842,-551638.760
3843,-541308.973
3844,-538454.165
3845,-523946.539
3846,-521925.719
3847,-579597.659
3848,-675549.541
3849,-801643.199
3850,-959655.585
3851,-1290542.737
3852,-1547705.695
3853,-1567588.825
3854,-1285993.072
3855,-1152297.165
3856,-882163.041
3857,-559963.526
3858,-538019.113
3859,-630227.996
3860,-354949.961
3861,-320161.961
3862,-302173.638
3863,-294749.392
3864,-244045.364
3865,-215946.174
3866,-199615.536
3867,-185960.202
3868,-197157.746
3869,-195391.861
3870,-176341.587
3871,-2373807.070
3872,-1343102.775
3873,-3466059.132
3874,-3490127.917
3875,-3644525.256
3876,-3735928.547
3877,-3348772.953
3878,-4265318.486
3879,-4460520.922
3880,-4637513.747
3881,-4396345.085
3882,-4215548.736
3883,-1737765.897
3884,-1382041.721
3885,-0.000
3886,-12162.999
3887,-256285.737
3888,-290826.672
3889,-212921.086
3890,-197470.123
3891,-200334.267
3892,-175911.900
3893,-148387.130
3894,-143294.663
3895,-2282402.339
3896,-1362996.266
3897,-3622856.070
3898,-3890431.751
3899,-4261951.247
3900,-4611387.837
3901,-4017837.211
3902,-4845981.258
3903,-4665938.715
3904,-4650935.380
3905,-4829832.040
3906,-4749285.678
3907,-2017421.547
3908,-1644515.249
3909,-0.000
3910,-167428.761
3911,-387879.968
3912,-410595.114
3913,-320640.992
3914,-279877.564
3915,-274313.177
3916,-274031.856
3917,-262771.745
3918,-284923.955
3919,-2507033.278
3920,-1534949.185
3921,-3895924.765
3922,-3889387.471
3923,-4264189.324
3924,-4667595.634
3925,-4263317.747
3926,-5175204.713
3927,-4805318.124
3928,-4649309.950
3929,-4327205.274
3930,-4116902.654
3931,-1829509.651
3932,-1598815.636
3933,-0.000
3934,-263873.736
3935,-428585.934
3936,-412376.349
3937,-321749.822
3938,-292342.243
3939,-241025.221
3940,-188569.276
3941,-113225.556
3942,-49753.428
3943,-2028980.730
3944,-1333518.865
3945,-3162747.947
3946,-3456153.939
3947,-3611410.515
3948,-3663068.507
3949,-3234338.927
3950,-3934879.985
3951,-4274184.113
3952,-4589981.396
3953,-4833609.000
3954,-5007301.890
3955,-2771199.720
3956,-1416738.683
3957,-0.000
3958,-240109.461
3959,-267329.162
3960,-227603.517
3961,-145726.583
3962,-93990.046
3963,-52672.541
3964,-46480.141
3965,-6541.866
3966,-0.000
3967,-1823961.622
3968,-1371894.585
3969,-3228550.131
3970,-3383677.867
3971,-3550833.231
3972,-3684125.494
3973,-3409739.124
3974,-4065416.969
3975,-4508656.513
3976,-4750836.601
3977,-4762793.192
3978,-4926026.877
3979,-2658427.819
3980,-1563847.365
3981,-0.000
3982,-359223.871
3983,-417461.707
3984,-412584.312
3985,-332519.618
3986,-278839.480
3987,-250671.970
3988,-243586.913
3989,-211724.344
3990,-198205.505
3991,-294714.377
3992,-626291.458
3993,-2896690.008
3994,-2312094.941
3995,-2423757.175
3996,-2489235.841
3997,-2398840.782
3998,-2455570.272
3999,-2608461.303
4000,-3014813.845
4001,-3086112.395
4002,-3118010.775
4003,-1040477.001
4004,-558617.132
4005,-504666.552
4006,-510099.193
4007,-481448.085
4008,-442696.465
4009,-353293.973
4010,-317348.139
4011,-292538.454
4012,-273951.242
4013,-247118.972
4014,-234697.310
4015,-316277.908
4016,-638463.146
4017,-948079.206
4018,-1123777.380
4019,-1173078.020
4020,-1302323.118
4021,-1258371.602
4022,-1355888.293
4023,-1526907.014
4024,-1757390.013
4025,-1664829.548
4026,-1589140.080
4027,-1299220.804
4028,-481708.872
4029,-460782.604
4030,-484792.858
4031,-471616.168
4032,-455062.511
4033,-454605.119
4034,-444287.023
4035,-444260.833
4036,-430126.111
4037,-391122.342
4038,-373264.225
4039,-1994794.971
4040,-1641775.239
4041,-4336103.051
4042,-4574882.681
4043,-4660328.296
4044,-4553703.909
4045,-4006443.073
4046,-4476363.397
4047,-4724815.461
4048,-4682822.804
4049,-4754274.289
4050,-4682669.134
4051,-2452653.265
4052,-1848004.629
4053,-0.000
4054,-498463.016
4055,-561883.046
4056,-551268.871
4057,-447920.695
4058,-417153.058
4059,-402955.101
4060,-400057.093
4061,-386758.999
4062,-373825.547
4063,-2117733.824
4064,-1800628.456
4065,-4657199.402
4066,-4868200.953
4067,-4938026.579
4068,-4822053.793
4069,-4182766.106
4070,-4889312.646
4071,-5222287.906
4072,-5404173.406
4073,-5158879.531
4074,-4996442.581
4075,-2412750.356
4076,-1954057.917
4077,-30600.659
4078,-610021.971
4079,-648092.674
4080,-645598.195
4081,-554205.790
4082,-515301.655
4083,-506710.190
4084,-503367.856
4085,-481885.914
4086,-465628.177
4087,-2145286.343
4088,-1873960.203
4089,-4741164.958
4090,-4911546.059
4091,-5055117.329
4092,-5057326.381
4093,-4346845.610
4094,-5168498.729
4095,-5250635.722
4096,-5450938.240
4097,-5551882.439
4098,-5755587.329
4099,-3072155.732
4100,-1929171.219
4101,-82912.147
4102,-649532.428
4103,-668126.372
4104,-666926.589
4105,-580184.182
4106,-557483.732
4107,-560291.965
4108,-570353.641
4109,-556677.216
4110,-546633.200
4111,-2265178.849
4112,-1961932.522
4113,-4899566.967
4114,-5021925.998
4115,-5100790.151
4116,-5179688.324
4117,-4543954.587
4118,-5430139.268
4119,-5651897.022
4120,-5842878.321
4121,-6013021.739
4122,-6094229.243
4123,-3335397.126
4124,-2079827.597
4125,-257730.659
4126,-749831.225
4127,-799636.639
4128,-771874.000
4129,-673538.200
4130,-643619.635
4131,-642745.551
4132,-658091.638
4133,-660199.588
4134,-658141.061
4135,-2334498.190
4136,-2011805.890
4137,-4963192.798
4138,-5021836.626
4139,-5229642.787
4140,-5253711.161
4141,-4516106.620
4142,-5501104.097
4143,-5792356.782
4144,-5911583.977
4145,-5911354.590
4146,-5843429.903
4147,-3055017.152
4148,-2147496.879
4149,-241499.959
4150,-753503.053
4151,-805109.425
4152,-773233.079
4153,-676131.694
4154,-649878.075
4155,-642580.426
4156,-643337.514
4157,-614864.480
4158,-601467.381
4159,-647148.765
4160,-927209.350
4161,-3498232.808
4162,-3010964.217
4163,-3093731.980
4164,-3163744.292
4165,-3125370.726
4166,-3262137.848
4167,-3373347.170
4168,-3308346.361
4169,-3181512.253
4170,-2932681.094
4171,-631993.861
4172,-550041.089
4173,-572522.388
4174,-576150.681
4175,-571517.720
4176,-555978.207
4177,-462783.527
4178,-442308.663
4179,-428070.031
4180,-399616.862
4181,-374292.284
4182,-389386.004
4183,-354610.046
4184,-343047.038
4185,-361384.773
4186,-382099.075
4187,-444928.208
4188,-576977.746
4189,-600882.912
4190,-680141.454
4191,-890494.300
4192,-761393.683
4193,-786598.543
4194,-702268.636
4195,-465053.184
4196,-282698.858
4197,-243464.644
4198,-229252.590
4199,-223907.354
4200,-211235.716
4201,-206381.880
4202,-159047.368
4203,-122690.397
4204,-129765.290
4205,-142978.080
4206,-113884.462
4207,-2285007.025
4208,-1363606.419
4209,-3531228.173
4210,-3773055.688
4211,-3787178.834
4212,-4051446.444
4213,-3576198.111
4214,-4527505.964
4215,-4455893.302
4216,-4467733.017
4217,-4508076.458
4218,-4748643.453
4219,-2324247.683
4220,-1725506.555
4221,-0.000
4222,-317606.743
4223,-411467.930
4224,-422226.126
4225,-322241.868
4226,-297027.293
4227,-302529.212
4228,-304543.531
4229,-293571.027
4230,-286600.701
4231,-2526770.575
4232,-1575491.203
4233,-4008003.113
4234,-4124222.992
4235,-4279596.796
4236,-4519390.068
4237,-4002921.568
4238,-4834752.096
4239,-4976793.927
4240,-5157275.542
4241,-5224857.109
4242,-4833055.741
4243,-2307586.981
4244,-1887735.095
4245,-0.000
4246,-477523.895
4247,-570504.480
4248,-565752.367
4249,-456686.988
4250,-431261.472
4251,-418463.466
4252,-417085.917
4253,-416636.625
4254,-414988.557
4255,-2198165.774
4256,-1904492.684
4257,-4811452.585
4258,-5053857.930
4259,-5327494.364
4260,-5335067.834
4261,-4524298.574
4262,-5070406.096
4263,-5065620.793
4264,-5534053.538
4265,-5746529.525
4266,-5709285.995
4267,-2955717.697
4268,-1986574.375
4269,-70651.042
4270,-651080.441
4271,-690108.510
4272,-683145.890
4273,-589356.290
4274,-569426.636
4275,-565211.425
4276,-570506.158
4277,-551714.213
4278,-534069.838
4279,-2268846.123
4280,-2035603.554
4281,-5065320.019
4282,-5205742.212
4283,-5353320.910
4284,-5371606.810
4285,-4606778.534
4286,-5400575.650
4287,-5600694.347
4288,-5656899.656
4289,-5832711.642
4290,-5900417.075
4291,-3114034.509
4292,-2094565.388
4293,-104832.243
4294,-741238.406
4295,-786456.477
4296,-797738.408
4297,-707142.097
4298,-670290.153
4299,-652616.391
4300,-654488.136
4301,-626166.712
4302,-590627.541
4303,-2337189.904
4304,-1952640.235
4305,-4912686.132
4306,-5056128.267
4307,-5326690.588
4308,-5410957.507
4309,-4561630.823
4310,-5395642.620
4311,-5563214.887
4312,-5722030.293
4313,-5957948.880
4314,-5931238.459
4315,-2897753.565
4316,-2133978.556
4317,-130078.413
4318,-768656.192
4319,-783241.585
4320,-768916.436
4321,-694132.603
4322,-664689.294
4323,-645769.529
4324,-639110.048
4325,-600467.772
4326,-565423.358
4327,-654431.394
4328,-961636.301
4329,-3810357.912
4330,-3357577.005
4331,-3364079.918
4332,-3370981.437
4333,-3408885.447
4334,-3555331.543
4335,-3656287.760
4336,-3407684.457
4337,-3146023.106
4338,-3316954.879
4339,-985829.765
4340,-741812.312
4341,-688364.542
4342,-643347.646
4343,-627472.944
4344,-657433.856
4345,-573803.121
4346,-514445.716
4347,-484932.755
4348,-477053.699
4349,-457714.944
4350,-468454.124
4351,-517226.026
4352,-741301.916
4353,-957743.793
4354,-1306849.398
4355,-1514803.109
4356,-1509739.743
4357,-1471720.194
4358,-1678134.232
4359,-1684397.521
4360,-2000312.673
4361,-2255537.179
4362,-1913371.314
4363,-1511643.205
4364,-650966.176
4365,-611118.112
4366,-643506.462
4367,-601515.178
4368,-550777.062
4369,-538257.101
4370,-520839.734
4371,-500845.272
4372,-475033.186
4373,-441517.752
4374,-421746.981
4375,-2111488.508
4376,-1902084.879
4377,-4738073.427
4378,-4925743.446
4379,-5018301.095
4380,-4864907.672
4381,-4217933.546
4382,-5119513.696
4383,-5158492.861
4384,-5182364.687
4385,-4905178.893
4386,-4824881.068
4387,-2486993.861
4388,-1795135.521
4389,-0.000
4390,-402964.280
4391,-530210.867
4392,-523857.417
4393,-424180.166
4394,-397786.933
4395,-386335.002
4396,-381328.023
4397,-333568.089
4398,-296805.039
4399,-2355515.819
4400,-1373637.447
4401,-3716403.925
4402,-4073317.563
4403,-4410678.723
4404,-4285204.576
4405,-3603185.496
4406,-4464888.712
4407,-4403805.483
4408,-4178472.973
4409,-4210645.634
4410,-4392264.874
4411,-2068224.323
4412,-1681372.272
4413,-0.000
4414,-202305.133
4415,-415491.994
4416,-463056.559
4417,-385894.722
4418,-362983.848
4419,-363593.062
4420,-337301.383
4421,-309485.195
4422,-327301.025
4423,-2016688.502
4424,-1616127.537
4425,-4306495.109
4426,-4595970.197
4427,-4844580.508
4428,-4941074.842
4429,-4095698.972
4430,-4531394.131
4431,-4876975.830
4432,-5338282.779
4433,-5357178.764
4434,-5229594.401
4435,-2766602.346
4436,-1868098.405
4437,-0.000
4438,-535176.856
4439,-576136.108
4440,-569179.681
4441,-487289.618
4442,-466753.638
4443,-459403.527
4444,-466961.305
4445,-446352.608
4446,-425097.496
4447,-2075183.658
4448,-1792242.750
4449,-4641634.473
4450,-4778681.608
4451,-4834797.610
4452,-4786959.522
4453,-4160906.635
4454,-4936527.202
4455,-5059340.045
4456,-5073275.490
4457,-4994791.123
4458,-5325022.558
4459,-2763276.394
4460,-1943913.298
4461,-64181.049
4462,-626536.366
4463,-646080.494
4464,-646362.399
4465,-557676.536
4466,-532722.804
4467,-524089.293
4468,-528464.357
4469,-517578.583
4470,-509289.893
4471,-2127877.599
4472,-1816132.280
4473,-4600452.683
4474,-4736563.101
4475,-4944013.901
4476,-5077931.541
4477,-4380845.071
4478,-5176136.221
4479,-5438691.894
4480,-5566598.072
4481,-5545133.861
4482,-5241476.640
4483,-2682942.818
4484,-2036551.752
4485,-101386.109
4486,-702852.668
4487,-713617.959
4488,-705633.891
4489,-614395.765
4490,-597712.649
4491,-585250.622
4492,-573119.061
4493,-562762.610
4494,-547753.457
4495,-600570.396
4496,-860771.358
4497,-3579640.080
4498,-3164650.312
4499,-3257055.165
4500,-3230700.572
4501,-3073129.352
4502,-2857742.767
4503,-3176954.063
4504,-3603312.240
4505,-3486294.425
4506,-3173972.076
4507,-698550.318
4508,-657338.619
4509,-673737.773
4510,-692554.386
4511,-697015.453
4512,-674862.985
4513,-570570.317
4514,-532519.478
4515,-524116.917
4516,-545345.689
4517,-549277.796
4518,-542262.213
4519,-598083.796
4520,-808404.973
4521,-1183504.181
4522,-1443713.363
4523,-1356464.174
4524,-1426200.972
4525,-1398918.012
4526,-1430647.645
4527,-1657937.977
4528,-1710304.532
4529,-1556538.394
4530,-1229461.757
4531,-1097002.333
4532,-660389.735
4533,-625967.466
4534,-623717.104
4535,-607361.057
4536,-594227.544
4537,-596686.582
4538,-599265.048
4539,-597786.414
4540,-602332.949
4541,-564393.768
4542,-551999.362
4543,-2208239.645
4544,-1672489.421
4545,-4333034.550
4546,-4578098.412
4547,-4847565.203
4548,-5056008.984
4549,-4351085.406
4550,-5214067.932
4551,-5318868.309
4552,-5397055.327
4553,-5302638.186
4554,-4794634.224
4555,-2159526.624
4556,-1838186.890
4557,-0.000
4558,-468503.510
4559,-538804.060
4560,-519434.527
4561,-425151.522
4562,-384385.902
4563,-388129.572
4564,-366314.846
4565,-306336.113
4566,-278954.495
4567,-2370376.417
4568,-1391781.221
4569,-3581775.503
4570,-3612864.549
4571,-3595204.812
4572,-3641903.521
4573,-3110827.466
4574,-3574567.747
4575,-3616508.872
4576,-3473384.440
4577,-3440556.273
4578,-3511606.115
4579,-1637498.391
4580,-1486647.425
4581,-0.000
4582,-18366.641
4583,-271496.670
4584,-307743.855
4585,-249101.249
4586,-240105.897
4587,-240533.211
4588,-235066.805
4589,-228631.587
4590,-229875.445
4591,-2397206.098
4592,-1357451.374
4593,-3640514.378
4594,-3957972.788
4595,-4241541.601
4596,-4436781.372
4597,-3900497.616
4598,-4704055.022
4599,-4697443.688
4600,-4916881.698
4601,-4747063.060
4602,-4642419.153
4603,-2184406.177
4604,-1543000.714
4605,-0.000
4606,-146475.704
4607,-366580.248
4608,-413783.815
4609,-347906.549
4610,-331406.288
4611,-323963.158
4612,-331653.576
4613,-349314.650
4614,-362916.181
4615,-2039604.370
4616,-1634386.553
4617,-4372604.429
4618,-4654376.679
4619,-4930724.111
4620,-4917156.207
4621,-4119687.635
4622,-4906780.565
4623,-4797208.903
4624,-4951642.876
4625,-4972930.881
4626,-4746616.248
4627,-2228151.259
4628,-1886045.290
4629,-0.000
4630,-490332.159
4631,-586043.812
4632,-602233.794
4633,-516461.535
4634,-495780.835
4635,-489946.758
4636,-492507.359
4637,-490975.500
4638,-491840.015
4639,-2073988.411
4640,-1728442.719
4641,-4544653.269
4642,-4689953.173
4643,-4849474.029
4644,-4977628.153
4645,-4363439.203
4646,-5146845.436
4647,-5322833.186
4648,-5364874.427
4649,-5146061.362
4650,-4723319.298
4651,-2297080.089
4652,-1973453.622
4653,-6696.275
4654,-588941.094
4655,-641681.294
4656,-649284.363
4657,-574048.904
4658,-554861.862
4659,-553870.775
4660,-550799.359
4661,-513900.797
4662,-500793.223
4663,-530517.938
4664,-672996.626
4665,-3250970.031
4666,-2892632.595
4667,-3066677.411
4668,-3036526.008
4669,-3062137.572
4670,-3079612.823
4671,-3061866.492
4672,-3139967.058
4673,-3129787.269
4674,-3190041.685
4675,-816118.827
4676,-567187.848
4677,-518077.827
4678,-544265.371
4679,-535486.955
4680,-518475.038
4681,-426522.619
4682,-413649.766
4683,-411950.664
4684,-409928.211
4685,-405867.285
4686,-406154.590
4687,-478345.293
4688,-774113.672
4689,-1187463.043
4690,-1424681.822
4691,-1515524.074
4692,-1522212.408
4693,-1420263.092
4694,-1567292.507
4695,-1414175.201
4696,-1532475.665
4697,-1865392.357
4698,-2176450.572
4699,-1887926.754
4700,-607094.539
4701,-540472.955
4702,-556807.649
4703,-541982.066
4704,-516903.083
4705,-509612.127
4706,-484816.923
4707,-467529.782
4708,-468482.609
4709,-438785.084
4710,-424901.524
4711,-2122675.209
4712,-1831596.935
4713,-4719241.492
4714,-4806381.462
4715,-4865926.985
4716,-4815727.312
4717,-4184136.973
4718,-5063426.553
4719,-5228932.378
4720,-5391850.811
4721,-5629716.532
4722,-5740528.142
4723,-3326540.734
4724,-2037097.369
4725,-81289.015
4726,-682662.754
4727,-696041.989
4728,-649500.790
4729,-544848.737
4730,-504838.875
4731,-481857.841
4732,-481469.596
4733,-450513.222
4734,-422689.065
4735,-2082422.443
4736,-1844157.269
4737,-4744144.171
4738,-4970394.218
4739,-5241168.400
4740,-5211466.461
4741,-4415919.384
4742,-5331361.310
4743,-5539937.542
4744,-5733689.342
4745,-5997560.600
4746,-6085762.891
4747,-3392936.504
4748,-2059396.466
4749,-236557.598
4750,-719010.453
4751,-769689.663
4752,-739979.823
4753,-668384.829
4754,-649918.792
4755,-631665.418
4756,-625440.591
4757,-612116.769
4758,-601804.732
4759,-2316130.140
4760,-2028117.531
4761,-5004763.722
4762,-5226522.818
4763,-5477887.513
4764,-5504629.460
4765,-4688004.927
4766,-5616155.476
4767,-5795729.071
4768,-5825865.475
4769,-5911376.208
4770,-5996135.205
4771,-2823254.246
4772,-1947387.146
4773,-52606.770
4774,-659743.571
4775,-620342.685
4776,-574759.414
4777,-497120.161
4778,-471886.858
4779,-457555.919
4780,-460868.978
4781,-455359.444
4782,-457697.944
4783,-2160459.818
4784,-1954329.005
4785,-5075959.465
4786,-5195094.919
4787,-5317199.227
4788,-5400670.959
4789,-4642951.988
4790,-5298947.430
4791,-5359847.926
4792,-5161227.033
4793,-5000816.249
4794,-4594115.908
4795,-1986695.342
4796,-1671072.797
4797,-0.000
4798,-349749.380
4799,-488199.705
4800,-496860.088
4801,-412505.262
4802,-409517.402
4803,-419008.115
4804,-420444.875
4805,-423179.821
4806,-404911.125
4807,-2046613.525
4808,-1746144.223
4809,-4577205.380
4810,-4790156.545
4811,-5204713.196
4812,-5321355.459
4813,-4273974.485
4814,-5025454.137
4815,-5239426.975
4816,-5160722.380
4817,-4497873.155
4818,-4227714.753
4819,-2036478.010
4820,-1645003.329
4821,-0.000
4822,-319136.332
4823,-458792.832
4824,-477872.482
4825,-392793.970
4826,-378966.065
4827,-371224.464
4828,-362841.927
4829,-356931.649
4830,-356755.323
4831,-434096.004
4832,-728012.840
4833,-3464948.562
4834,-3005797.023
4835,-2921542.083
4836,-2920953.239
4837,-2766830.357
4838,-2764279.729
4839,-2662717.281
4840,-2899546.560
4841,-2881739.870
4842,-2746051.646
4843,-300741.594
4844,-424112.829
4845,-460518.628
4846,-457236.995
4847,-451180.998
4848,-444186.865
4849,-351916.245
4850,-319681.460
4851,-305838.944
4852,-312347.297
4853,-316003.706
4854,-320463.800
4855,-306211.361
4856,-391056.400
4857,-678424.413
4858,-1107781.032
4859,-1141698.523
4860,-1234132.489
4861,-1195901.077
4862,-1190017.515
4863,-1213366.831
4864,-1119080.470
4865,-1148933.997
4866,-873181.751
4867,-640862.812
4868,-418565.683
4869,-320948.628
4870,-320272.849
4871,-348598.611
4872,-326328.914
4873,-305299.301
4874,-264986.321
4875,-219577.611
4876,-219758.492
4877,-212032.164
4878,-197259.175
4879,-2347879.383
4880,-1474987.874
4881,-3961779.778
4882,-4292531.930
4883,-4613953.512
4884,-4890295.435
4885,-4206113.353
4886,-4733238.333
4887,-4420312.306
4888,-4384362.817
4889,-4870851.249
4890,-4845105.169
4891,-2617007.701
4892,-1703636.152
4893,-0.000
4894,-417535.533
4895,-476151.613
4896,-476472.181
4897,-386490.192
4898,-358654.601
4899,-354573.111
4900,-355979.761
4901,-345007.124
4902,-335146.383
4903,-1977280.730
4904,-1632329.427
4905,-4243056.462
4906,-4522454.690
4907,-4973466.830
4908,-5166678.302
4909,-4307500.209
4910,-4720341.511
4911,-4933421.188
4912,-5144345.449
4913,-5273031.729
4914,-5005337.200
4915,-2538190.992
4916,-1835695.401
4917,-0.000
4918,-518512.329
4919,-575298.235
4920,-571389.692
4921,-482857.189
4922,-459650.572
4923,-432558.423
4924,-421674.539
4925,-407735.181
4926,-395704.932
4927,-2048269.505
4928,-1762107.204
4929,-4575310.618
4930,-4695533.882
4931,-4782366.089
4932,-4707349.352
4933,-3998444.121
4934,-4672835.093
4935,-4976844.472
4936,-5260754.788
4937,-5430947.620
4938,-5497179.148
4939,-2999735.393
4940,-1933798.476
4941,-84717.837
4942,-644693.425
4943,-654536.590
4944,-634538.336
4945,-539571.165
4946,-497894.703
4947,-474326.612
4948,-472332.511
4949,-442799.728
4950,-424149.499
4951,-2094954.423
4952,-1835721.779
4953,-4661945.000
4954,-4782174.740
4955,-4831041.417
4956,-4823645.717
4957,-4137816.449
4958,-4921016.022
4959,-5091204.276
4960,-5315373.415
4961,-5500180.819
4962,-5527698.452
4963,-3034772.829
4964,-1958183.999
4965,-118605.405
4966,-699219.314
4967,-714116.484
4968,-699423.710
4969,-607197.772
4970,-564157.076
4971,-538242.106
4972,-528518.370
4973,-497332.679
4974,-471703.252
4975,-2098316.979
4976,-1807934.729
4977,-4624241.648
4978,-4841898.430
4979,-4964941.628
4980,-4945535.220
4981,-4256599.634
4982,-5004561.666
4983,-5234675.669
4984,-5370400.809
4985,-5381063.157
4986,-5403379.394
4987,-2855579.511
4988,-1972843.305
4989,-227046.108
4990,-684440.831
4991,-737011.746
4992,-717727.701
4993,-634480.147
4994,-596209.334
4995,-573353.105
4996,-578409.598
4997,-567113.478
4998,-548172.910
4999,-605178.740
5000,-817787.823
5001,-3504976.322
5002,-3101736.870
5003,-3246880.844
5004,-3206750.503
5005,-2905658.535
5006,-2786391.366
5007,-2703343.651
5008,-2679334.727
5009,-2788754.446
5010,-2786759.504
5011,-601585.168
5012,-552716.066
5013,-552468.611
5014,-543161.768
5015,-507886.341
5016,-492133.213
5017,-412175.954
5018,-387192.423
5019,-394035.578
5020,-393507.054
5021,-363550.022
5022,-342134.460
5023,-403964.755
5024,-636076.102
5025,-1052667.937
5026,-1279462.236
5027,-1432844.755
5028,-1473330.083
5029,-1466033.410
5030,-1523083.185
5031,-1771125.774
5032,-1524475.289
5033,-1387669.530
5034,-1020860.098
5035,-853733.412
5036,-400189.446
5037,-330371.837
5038,-378157.522
5039,-389662.778
5040,-367790.111
5041,-352987.551
5042,-342099.899
5043,-345531.014
5044,-357971.500
5045,-359437.562
5046,-358238.504
5047,-1918052.587
5048,-1491133.930
5049,-3902933.466
5050,-4125522.818
5051,-4380324.652
5052,-4518739.811
5053,-4061014.009
5054,-4510663.694
5055,-4400303.285
5056,-4551028.454
5057,-4619084.876
5058,-4756800.064
5059,-2440123.361
5060,-1708676.851
5061,-0.000
5062,-430364.146
5063,-502733.531
5064,-513347.799
5065,-425017.623
5066,-390954.219
5067,-379345.204
5068,-384584.236
5069,-386161.482
5070,-381466.599
5071,-1863832.154
5072,-1510841.196
5073,-3912262.387
5074,-4147317.454
5075,-4300712.671
5076,-4110682.445
5077,-3425328.530
5078,-4139396.834
5079,-4260036.809
5080,-3884757.017
5081,-3695037.776
5082,-3631036.899
5083,-1648940.383
5084,-1437581.236
5085,-0.000
5086,-31054.182
5087,-242724.873
5088,-285271.357
5089,-194079.887
5090,-157116.211
5091,-139330.397
5092,-139746.003
5093,-187526.290
5094,-154728.108
5095,-2279336.690
5096,-1340953.930
5097,-3501058.701
5098,-3642162.341
5099,-3580997.499
5100,-3590639.272
5101,-3166310.103
5102,-3513819.005
5103,-3513078.094
5104,-3520855.679
5105,-3520212.376
5106,-3428963.176
5107,-1537500.403
5108,-1412211.639
5109,-0.000
5110,-36769.122
5111,-295160.174
5112,-337211.433
5113,-271266.818
5114,-266193.697
5115,-271914.587
5116,-255226.293
5117,-197051.488
5118,-214296.060
5119,-2313645.274
5120,-1328243.804
5121,-3517773.063
5122,-3653659.289
5123,-3850910.321
5124,-3985008.397
5125,-3436587.101
5126,-4078955.364
5127,-4174785.812
5128,-4302510.255
5129,-4244227.537
5130,-4431233.237
5131,-2137156.720
5132,-1623788.124
5133,-0.000
5134,-226962.952
5135,-394552.834
5136,-401419.140
5137,-312011.776
5138,-292609.695
5139,-289916.043
5140,-293748.379
5141,-285894.651
5142,-271441.979
5143,-2294879.389
5144,-1388775.564
5145,-3684323.796
5146,-3955276.527
5147,-4192868.289
5148,-4163653.981
5149,-3654656.621
5150,-4315787.021
5151,-4180706.568
5152,-3976183.491
5153,-3832104.651
5154,-3754203.797
5155,-2002980.277
5156,-1495041.267
5157,-0.000
5158,-81173.057
5159,-288821.230
5160,-330301.146
5161,-251140.128
5162,-219050.521
5163,-205193.463
5164,-200626.086
5165,-182045.188
5166,-165703.922
5167,-219436.611
5168,-430032.031
5169,-3015645.121
5170,-2717562.705
5171,-2795114.790
5172,-2774414.500
5173,-2802924.213
5174,-2836420.991
5175,-3061409.363
5176,-3107643.989
5177,-3211204.374
5178,-3415374.926
5179,-1176300.456
5180,-556059.903
5181,-512115.410
5182,-517344.665
5183,-491173.393
5184,-455050.582
5185,-364733.074
5186,-314068.695
5187,-313018.111
5188,-313920.553
5189,-253807.747
5190,-211398.212
5191,-287713.606
5192,-618587.817
5193,-1123481.699
5194,-1368665.864
5195,-1496030.783
5196,-1448114.692
5197,-1382827.593
5198,-1643808.424
5199,-1964851.553
5200,-2066502.944
5201,-2100159.920
5202,-2286549.119
5203,-1749779.192
5204,-676584.751
5205,-616431.733
5206,-647403.714
5207,-610366.136
5208,-539834.909
5209,-546237.522
5210,-515903.655
5211,-497906.992
5212,-515088.005
5213,-496498.144
5214,-469054.320
5215,-2081702.094
5216,-1740251.729
5217,-4488654.972
5218,-4649737.340
5219,-4850137.963
5220,-4977920.565
5221,-4303038.653
5222,-5165620.050
5223,-5429826.462
5224,-5571434.477
5225,-5881677.362
5226,-6019175.659
5227,-2903837.462
5228,-1859744.444
5229,-51182.436
5230,-606511.892
5231,-581672.507
5232,-537694.299
5233,-425650.486
5234,-387456.773
5235,-371742.022
5236,-393056.685
5237,-371576.940
5238,-358858.715
5239,-1929520.892
5240,-1613935.420
5241,-4232948.783
5242,-4407390.878
5243,-4675251.008
5244,-4905214.935
5245,-4273626.100
5246,-5204472.404
5247,-5468762.383
5248,-5695806.202
5249,-5783003.553
5250,-5484230.255
5251,-2546466.563
5252,-1944807.535
5253,-25010.813
5254,-565210.116
5255,-578737.026
5256,-517917.480
5257,-381468.382
5258,-384775.121
5259,-349184.139
5260,-351309.834
5261,-332489.892
5262,-298573.218
5263,-1868560.725
5264,-1578236.134
5265,-4197013.686
5266,-4395542.466
5267,-4704805.097
5268,-4952769.977
5269,-4367507.393
5270,-5406502.754
5271,-5699114.117
5272,-5867985.819
5273,-5961134.534
5274,-5982813.229
5275,-3288669.203
5276,-2060933.538
5277,-124806.180
5278,-738021.185
5279,-722668.099
5280,-689615.702
5281,-601299.629
5282,-566495.778
5283,-549836.541
5284,-551439.033
5285,-529264.515
5286,-517865.381
5287,-2204688.923
5288,-1845415.319
5289,-4719818.447
5290,-4974889.834
5291,-5281314.399
5292,-5362353.592
5293,-4660419.487
5294,-5554168.789
5295,-5657947.087
5296,-5849940.751
5297,-5944479.187
5298,-6091734.842
5299,-3174017.950
5300,-2235067.515
5301,-167692.943
5302,-829757.291
5303,-863511.531
5304,-832648.204
5305,-734027.865
5306,-700641.187
5307,-692971.683
5308,-693193.819
5309,-670745.447
5310,-659450.733
5311,-2342333.453
5312,-1935990.838
5313,-4951620.375
5314,-5239398.832
5315,-5564058.534
5316,-5671142.914
5317,-4890235.064
5318,-5790021.026
5319,-5920576.927
5320,-5928410.952
5321,-5950078.479
5322,-6040418.413
5323,-3106712.378
5324,-2150957.950
5325,-140564.053
5326,-792800.664
5327,-818526.720
5328,-796890.728
5329,-696760.041
5330,-670765.271
5331,-657200.456
5332,-650294.751
5333,-614943.312
5334,-577282.696
5335,-626940.068
5336,-848372.576
5337,-3551184.441
5338,-3049990.325
5339,-3067535.692
5340,-3027755.979
5341,-3207917.003
5342,-3431428.663
5343,-3733215.531
5344,-3809860.039
5345,-3626126.665
5346,-3647818.505
5347,-806252.153
5348,-738642.501
5349,-766185.919
5350,-797482.791
5351,-761292.542
5352,-723296.159
5353,-625453.204
5354,-596618.353
5355,-592334.558
5356,-593160.481
5357,-556756.647
5358,-496896.423
5359,-512133.479
5360,-631854.096
5361,-951954.087
5362,-1193506.562
5363,-1418721.263
5364,-1582511.440
5365,-1667367.908
5366,-1827845.056
5367,-2035812.552
5368,-2114856.772
5369,-2145395.503
5370,-1683876.728
5371,-1002189.529
5372,-543307.665
5373,-541603.268
5374,-541032.339
5375,-516259.872
5376,-497013.880
5377,-503796.498
5378,-496057.255
5379,-483405.309
5380,-472614.512
5381,-441698.539
5382,-422505.914
5383,-2067483.360
5384,-1659674.492
5385,-4353620.535
5386,-4557878.312
5387,-4907372.619
5388,-4937135.935
5389,-4371887.990
5390,-5455798.658
5391,-5761357.931
5392,-5851572.138
5393,-5781783.440
5394,-5567211.812
5395,-2732456.531
5396,-1875789.304
5397,-38320.531
5398,-584771.401
5399,-599540.691
5400,-593044.389
5401,-524697.529
5402,-500334.445
5403,-478887.634
5404,-467980.712
5405,-433396.115
5406,-424639.445
5407,-2040079.824
5408,-1650080.706
5409,-4333864.318
5410,-4642157.113
5411,-5053606.415
5412,-5301303.913
5413,-4582281.699
5414,-5504728.195
5415,-5698915.808
5416,-5816624.776
5417,-5663262.051
5418,-5689224.321
5419,-2761772.600
5420,-1940320.659
5421,-77339.841
5422,-658912.056
5423,-651383.837
5424,-588670.738
5425,-487836.602
5426,-444474.865
5427,-433146.732
5428,-422603.383
5429,-399871.703
5430,-374199.627
5431,-1999629.982
5432,-1649343.939
5433,-4313208.753
5434,-4521240.580
5435,-4746740.883
5436,-4829379.506
5437,-4301515.435
5438,-5335573.396
5439,-5742087.882
5440,-5868257.337
5441,-5752129.849
5442,-5613091.333
5443,-2577561.195
5444,-1716275.363
5445,-442.820
5446,-483534.567
5447,-559142.489
5448,-564115.873
5449,-476251.518
5450,-455070.237
5451,-430035.800
5452,-415594.210
5453,-399165.587
5454,-385860.693
5455,-2025432.503
5456,-1678674.634
5457,-4389649.397
5458,-4594088.047
5459,-4949214.587
5460,-5089112.036
5461,-4397631.692
5462,-5351670.778
5463,-5701350.249
5464,-5686231.684
5465,-5079606.243
5466,-4771018.760
5467,-2346419.780
5468,-1658770.585
5469,-0.000
5470,-401361.678
5471,-473889.099
5472,-486028.372
5473,-396241.482
5474,-367887.568
5475,-353206.918
5476,-353973.253
5477,-365246.301
5478,-357112.264
5479,-1935030.663
5480,-1585680.822
5481,-4317502.214
5482,-4551864.886
5483,-4693171.712
5484,-4689193.652
5485,-3860068.138
5486,-4494025.089
5487,-4562984.140
5488,-4568951.587
5489,-4023354.623
5490,-3694137.604
5491,-1767594.269
5492,-1561880.576
5493,-0.000
5494,-157179.293
5495,-379318.198
5496,-427708.792
5497,-356116.544
5498,-340205.962
5499,-332925.299
5500,-332310.345
5501,-331173.488
5502,-322499.989
5503,-347817.711
5504,-449513.176
5505,-2761470.237
5506,-2373916.877
5507,-2542767.200
5508,-2524742.565
5509,-2558068.561
5510,-2638781.648
5511,-2667380.694
5512,-2244953.461
5513,-2188177.773
5514,-2217753.994
5515,-23264.789
5516,-376640.872
5517,-422516.319
5518,-433825.765
5519,-434046.652
5520,-417625.822
5521,-309575.328
5522,-295770.634
5523,-287399.235
5524,-290894.047
5525,-294534.800
5526,-293577.183
5527,-308824.744
5528,-469243.866
5529,-919064.224
5530,-1388470.660
5531,-1590790.575
5532,-1500840.554
5533,-1436630.268
5534,-1583880.171
5535,-1900846.016
5536,-2038203.290
5537,-2000096.619
5538,-1827636.628
5539,-1181063.145
5540,-485224.952
5541,-488856.138
5542,-510452.839
5543,-499160.675
5544,-451242.581
5545,-413236.674
5546,-382435.122
5547,-370869.597
5548,-383195.001
5549,-368949.212
5550,-348520.617
5551,-2004951.971
5552,-1643601.852
5553,-4324584.916
5554,-4563875.720
5555,-4869275.223
5556,-4928964.641
5557,-4253330.877
5558,-5096244.136
5559,-5218677.842
5560,-5361189.349
5561,-5368105.622
5562,-5372463.578
5563,-2637805.882
5564,-1786801.413
5565,-42645.336
5566,-588050.330
5567,-591745.895
5568,-566257.989
5569,-478025.622
5570,-435531.843
5571,-405066.023
5572,-401751.121
5573,-383323.299
5574,-341532.937
5575,-1902894.741
5576,-1594129.105
5577,-4286845.472
5578,-4533043.649
5579,-4719897.247
5580,-4747005.680
5581,-4213261.272
5582,-5088912.888
5583,-5409796.004
5584,-5520828.219
5585,-5449250.106
5586,-5313817.750
5587,-2566557.600
5588,-1899165.568
5589,-76703.358
5590,-643944.782
5591,-655352.390
5592,-632269.874
5593,-534981.057
5594,-493415.497
5595,-455478.309
5596,-429992.788
5597,-390039.721
5598,-369354.750
5599,-1961743.626
5600,-1636059.579
5601,-4381852.143
5602,-4584714.803
5603,-4776248.334
5604,-4776159.483
5605,-4192994.622
5606,-5152513.078
5607,-5459540.774
5608,-5518154.958
5609,-5455352.577
5610,-5522105.797
5611,-2971543.068
5612,-1846439.656
5613,-86594.750
5614,-659836.059
5615,-662676.380
5616,-640374.612
5617,-561205.195
5618,-523719.198
5619,-505155.644
5620,-499749.858
5621,-466881.667
5622,-449716.230
5623,-2088007.553
5624,-1719462.469
5625,-4356788.545
5626,-4619196.245
5627,-4885888.137
5628,-5017485.581
5629,-4443357.563
5630,-5443816.797
5631,-5661703.251
5632,-5574532.575
5633,-5151331.882
5634,-4667809.685
5635,-2303160.772
5636,-1818682.761
5637,-0.000
5638,-439889.115
5639,-535937.040
5640,-520569.076
5641,-424218.982
5642,-395272.530
5643,-386145.385
5644,-402318.990
5645,-387200.819
5646,-369279.221
5647,-2039668.905
5648,-1695017.062
5649,-4503246.462
5650,-4760731.617
5651,-5226668.231
5652,-5389389.187
5653,-4658884.556
5654,-5598136.566
5655,-5708820.241
5656,-5721455.285
5657,-5767045.911
5658,-6138000.000
5659,-3190686.274
5660,-2167462.429
5661,-177057.824
5662,-821837.696
5663,-853554.905
5664,-839100.553
5665,-752983.945
5666,-689193.337
5667,-655593.705
5668,-649159.075
5669,-628073.780
5670,-620588.903
5671,-651494.641
5672,-794038.411
5673,-3220526.964
5674,-2845743.833
5675,-2817738.931
5676,-2703535.551
5677,-2591386.890
5678,-2569925.896
5679,-2539111.434
5680,-2517575.689
5681,-2314845.555
5682,-2197457.601
5683,-29181.853
5684,-365498.394
5685,-419034.700
5686,-440019.110
5687,-424941.256
5688,-367346.813
5689,-229795.143
5690,-154919.841
5691,-119226.609
5692,-136285.170
5693,-148479.867
5694,-143924.409
5695,-148087.048
5696,-156665.983
5697,-212415.965
5698,-314487.556
5699,-555731.230
5700,-938137.366
5701,-1243063.505
5702,-1321435.091
5703,-1415911.695
5704,-1355941.856
5705,-1218591.985
5706,-1397056.945
5707,-1040700.797
5708,-395159.959
5709,-347542.175
5710,-347799.826
5711,-347251.651
5712,-329484.510
5713,-318393.673
5714,-303570.123
5715,-290431.411
5716,-281698.516
5717,-277342.431
5718,-261564.670
5719,-2433344.009
5720,-1530775.122
5721,-4159954.868
5722,-4512911.990
5723,-4819574.849
5724,-4879221.885
5725,-4279406.585
5726,-5165854.567
5727,-5301994.048
5728,-5413391.464
5729,-5329711.309
5730,-5194569.789
5731,-2551755.660
5732,-1875377.909
5733,-0.000
5734,-534026.029
5735,-563430.860
5736,-532818.156
5737,-426775.037
5738,-415413.997
5739,-412893.861
5740,-368163.458
5741,-331423.358
5742,-329459.223
5743,-1941368.961
5744,-1581201.002
5745,-4311302.147
5746,-4650091.826
5747,-5014316.108
5748,-5191912.651
5749,-4512211.430
5750,-5312442.343
5751,-5537778.482
5752,-5655966.684
5753,-5684203.513
5754,-5619057.618
5755,-3057035.947
5756,-2122969.240
5757,-260712.264
5758,-761002.963
5759,-800338.529
5760,-759816.939
5761,-665432.504
5762,-608660.250
5763,-569969.713
5764,-549734.886
5765,-516233.110
5766,-498733.321
5767,-2078870.859
5768,-1762361.520
5769,-4654356.479
5770,-4906747.308
5771,-5094895.978
5772,-5207172.629
5773,-4580782.157
5774,-5371078.771
5775,-5145536.248
5776,-5282374.758
5777,-5193875.207
5778,-4903496.842
5779,-2099358.332
5780,-1666487.077
5781,-0.000
5782,-426723.908
5783,-511151.094
5784,-529696.932
5785,-443060.275
5786,-348545.849
5787,-313421.123
5788,-317329.623
5789,-304591.620
5790,-302890.732
5791,-2376623.030
5792,-1412355.027
5793,-3683366.991
5794,-3903606.673
5795,-4158600.844
5796,-4475652.102
5797,-3956721.692
5798,-4470290.513
5799,-4505779.527
5800,-4438788.682
5801,-4256037.220
5802,-4260574.405
5803,-1973099.860
5804,-1604919.154
5805,-0.000
5806,-150569.396
5807,-358686.053
5808,-387773.898
5809,-302401.129
5810,-272259.385
5811,-256816.468
5812,-237139.574
5813,-191590.577
5814,-171819.406
5815,-2282152.353
5816,-1351431.728
5817,-3659871.452
5818,-4054092.072
5819,-4473517.789
5820,-4847605.906
5821,-4207657.140
5822,-4664150.937
5823,-4430761.135
5824,-4408411.414
5825,-4307831.180
5826,-3841508.433
5827,-1716731.847
5828,-1502357.911
5829,-0.000
5830,-89014.294
5831,-309184.104
5832,-345911.528
5833,-265509.153
5834,-254620.626
5835,-259123.846
5836,-264128.474
5837,-241059.779
5838,-211790.584
5839,-238469.982
5840,-397780.460
5841,-2907894.647
5842,-2719345.135
5843,-2843614.790
5844,-2878233.725
5845,-2859565.587
5846,-3059762.739
5847,-3161764.781
5848,-2815927.388
5849,-2611895.965
5850,-2350746.911
5851,-138464.222
5852,-313909.589
5853,-351572.439
5854,-366080.500
5855,-369142.720
5856,-357697.132
5857,-258494.909
5858,-233520.730
5859,-224802.140
5860,-216612.997
5861,-212932.119
5862,-219942.825
5863,-258147.704
5864,-394223.750
5865,-751070.768
5866,-1065852.168
5867,-1277159.500
5868,-1291937.908
5869,-1327588.519
5870,-1222081.927
5871,-1373422.888
5872,-1092147.636
5873,-648045.223
5874,-432482.338
5875,-321208.309
5876,-215880.927
5877,-207322.023
5878,-210477.479
5879,-209334.799
5880,-199548.385
5881,-183325.658
5882,-161110.503
5883,-141612.678
5884,-136447.481
5885,-130030.869
5886,-122173.627
5887,-2152178.929
5888,-1311973.905
5889,-3523153.694
5890,-3855520.076
5891,-4244131.184
5892,-4366192.258
5893,-3908433.006
5894,-4830006.827
5895,-5012479.577
5896,-5060988.296
5897,-4915667.036
5898,-4377361.973
5899,-1909487.596
5900,-1668087.527
5901,-0.000
5902,-415183.177
5903,-461233.620
5904,-461623.207
5905,-354013.167
5906,-306939.487
5907,-305350.428
5908,-309185.740
5909,-292141.591
5910,-276477.057
5911,-2211315.931
5912,-1297393.823
5913,-3491489.458
5914,-3759667.940
5915,-4112999.104
5916,-4399395.607
5917,-3891929.742
5918,-4679964.558
5919,-5034326.382
5920,-5034991.087
5921,-4722937.262
5922,-4479799.655
5923,-2006160.868
5924,-1686094.791
5925,-0.000
5926,-367811.654
5927,-454454.206
5928,-449843.685
5929,-372394.934
5930,-364762.891
5931,-367193.705
5932,-370125.320
5933,-363647.065
5934,-351409.569
5935,-1875474.613
5936,-1418165.095
5937,-3771456.347
5938,-3943564.126
5939,-4389054.399
5940,-4654627.633
5941,-4186955.808
5942,-5005527.840
5943,-4954004.425
5944,-4946255.945
5945,-4772717.280
5946,-4418087.178
5947,-1903979.829
5948,-1620413.900
5949,-0.000
5950,-345872.851
5951,-435671.803
5952,-409675.720
5953,-304720.613
5954,-285827.846
5955,-277632.495
5956,-268852.066
5957,-262836.425
5958,-262223.774
5959,-2355223.894
5960,-1442106.973
5961,-3883959.181
5962,-4219332.150
5963,-4725413.075
5964,-4846042.143
5965,-4250735.166
5966,-5127001.356
5967,-5331295.613
5968,-5421425.701
5969,-5386990.726
5970,-5258180.180
5971,-2320221.727
5972,-1865897.422
5973,-0.000
5974,-521777.318
5975,-543175.095
5976,-545550.452
5977,-491861.123
5978,-454088.120
5979,-418697.795
5980,-401220.070
5981,-373790.357
5982,-347514.532
5983,-1911202.313
5984,-1491075.679
5985,-4132903.358
5986,-4617671.359
5987,-5147207.646
5988,-5435217.318
5989,-4803411.521
5990,-5784282.922
5991,-5992545.588
5992,-5970954.212
5993,-5856910.715
5994,-5604216.511
5995,-2458891.649
5996,-2056584.181
5997,-84711.638
5998,-676020.889
5999,-669432.519
6000,-633161.145
6001,-522077.591
6002,-470203.694
6003,-447773.250
6004,-462192.880
6005,-448741.792
6006,-418773.235
6007,-457698.774
6008,-594711.661
6009,-3241517.539
6010,-3022141.049
6011,-3327709.518
6012,-3558580.917
6013,-3657221.666
6014,-3814485.589
6015,-3905661.498
6016,-3938781.898
6017,-3818728.769
6018,-3650085.402
6019,-593874.575
6020,-640384.277
6021,-660399.750
6022,-663938.333
6023,-636637.047
6024,-602049.442
6025,-523061.278
6026,-498117.073
6027,-490685.810
6028,-477677.048
6029,-456464.114
6030,-439698.983
6031,-476929.728
6032,-639406.484
6033,-1055752.905
6034,-1321588.823
6035,-1631657.772
6036,-1723483.473
6037,-1697314.888
6038,-1979845.912
6039,-2186477.930
6040,-2179312.220
6041,-2033569.696
6042,-1741693.456
6043,-923374.176
6044,-530387.604
6045,-548777.157
6046,-505591.417
6047,-518011.278
6048,-503296.089
6049,-486084.908
6050,-441308.272
6051,-417862.566
6052,-411403.909
6053,-392770.371
6054,-374834.261
6055,-1962980.794
6056,-1579202.133
6057,-4323349.333
6058,-4586195.340
6059,-4905779.197
6060,-5180817.276
6061,-4619425.440
6062,-5528650.590
6063,-5527727.747
6064,-5582919.447
6065,-5475819.664
6066,-5217544.774
6067,-2270977.047
6068,-1741275.685
6069,-0.000
6070,-524129.334
6071,-566351.442
6072,-547080.103
6073,-457126.895
6074,-421449.389
6075,-385809.477
6076,-375528.875
6077,-355970.991
6078,-339199.712
6079,-1934757.981
6080,-1597563.571
6081,-4290891.464
6082,-4564701.137
6083,-4960956.597
6084,-5038214.682
6085,-4444548.397
6086,-5327880.496
6087,-5602557.888
6088,-5597368.481
6089,-5494270.662
6090,-5280078.865
6091,-2288456.729
6092,-1956356.840
6093,-72835.727
6094,-661903.434
6095,-652635.331
6096,-625521.191
6097,-527269.072
6098,-475942.110
6099,-436830.519
6100,-420684.554
6101,-391305.538
6102,-372738.529
6103,-1940558.031
6104,-1522703.037
6105,-4030448.179
6106,-4306156.026
6107,-4702602.401
6108,-4959456.444
6109,-4484818.110
6110,-5299952.769
6111,-5512754.750
6112,-5561993.762
6113,-5560347.086
6114,-5403680.142
6115,-2419984.082
6116,-1992271.994
6117,-89396.352
6118,-708246.153
6119,-723324.485
6120,-704898.565
6121,-620584.121
6122,-599790.902
6123,-589049.767
6124,-582620.651
6125,-538652.977
6126,-499674.875
6127,-2069090.347
6128,-1657706.238
6129,-4368645.653
6130,-4634131.473
6131,-4936626.581
6132,-5201693.260
6133,-4539884.487
6134,-5554058.651
6135,-5688060.821
6136,-5718205.815
6137,-5554123.956
6138,-5358892.299
6139,-2312773.388
6140,-1905577.727
6141,-70292.373
6142,-650581.899
6143,-657332.838
6144,-646659.814
6145,-559422.101
6146,-529484.167
6147,-522919.944
6148,-524916.958
6149,-498586.909
6150,-487177.236
6151,-2057293.717
6152,-1494836.820
6153,-3907603.703
6154,-4152509.630
6155,-4606977.395
6156,-4746506.891
6157,-3993380.306
6158,-4620093.194
6159,-4932882.970
6160,-5150045.423
6161,-5037102.869
6162,-4894231.709
6163,-2127558.926
6164,-1788611.681
6165,-0.000
6166,-476983.286
6167,-495190.963
6168,-409216.753
6169,-318480.378
6170,-303830.599
6171,-289282.581
6172,-239018.768
6173,-207198.740
6174,-199064.520
6175,-212207.862
6176,-205584.724
6177,-2342080.521
6178,-2227623.605
6179,-2477872.784
6180,-2648341.019
6181,-2811161.639
6182,-2828155.291
6183,-2869457.202
6184,-3102502.317
6185,-3213476.591
6186,-3063439.759
6187,-414296.811
6188,-510367.379
6189,-514967.169
6190,-518850.591
6191,-491655.457
6192,-467480.077
6193,-382554.176
6194,-354174.218
6195,-344752.003
6196,-325119.793
6197,-289934.052
6198,-271866.688
6199,-310516.581
6200,-434562.452
6201,-772867.926
6202,-1181918.494
6203,-1509603.918
6204,-1651210.184
6205,-1660089.323
6206,-1852810.664
6207,-1857425.572
6208,-1963182.845
6209,-1857456.616
6210,-1476259.964
6211,-735268.338
6212,-429330.768
6213,-453170.082
6214,-475825.892
6215,-418417.298
6216,-357870.549
6217,-361930.430
6218,-336287.475
6219,-320656.241
6220,-317846.604
6221,-297700.331
6222,-279374.596
6223,-2404774.771
6224,-1484142.385
6225,-3944467.843
6226,-4254677.806
6227,-4614032.280
6228,-4885642.351
6229,-4373036.184
6230,-5244073.781
6231,-5508962.922
6232,-5468658.922
6233,-5283285.195
6234,-4878970.760
6235,-2014072.458
6236,-1709272.818
6237,-0.000
6238,-442270.185
6239,-527622.699
6240,-518620.743
6241,-420055.742
6242,-384598.138
6243,-355623.298
6244,-352453.041
6245,-339755.990
6246,-322805.950
6247,-1987209.668
6248,-1603702.851
6249,-4334440.937
6250,-4568229.799
6251,-4634678.039
6252,-4545412.691
6253,-4251945.547
6254,-4947430.272
6255,-5283180.689
6256,-5314701.250
6257,-5170892.734
6258,-4803643.139
6259,-1952060.075
6260,-1751241.192
6261,-13127.211
6262,-550620.676
6263,-581872.827
6264,-560663.448
6265,-472320.870
6266,-420067.954
6267,-393031.090
6268,-365854.771
6269,-288994.621
6270,-253827.203
6271,-2011585.124
6272,-1176364.082
6273,-2976921.495
6274,-3408977.776
6275,-3965930.309
6276,-4249731.530
6277,-3984508.312
6278,-4612701.282
6279,-4819793.456
6280,-4886625.355
6281,-4844700.237
6282,-4572028.572
6283,-1655345.460
6284,-1322481.399
6285,-0.000
6286,-265428.229
6287,-307451.777
6288,-282343.186
6289,-204241.573
6290,-157300.967
6291,-134430.196
6292,-131368.770
6293,-72601.855
6294,-15341.426
6295,-1651739.923
6296,-925822.083
6297,-2493022.847
6298,-3114100.931
6299,-3809942.604
6300,-3886523.048
6301,-3493530.952
6302,-4058325.340
6303,-4283265.247
6304,-4341095.503
6305,-4310730.257
6306,-4084485.575
6307,-1488950.410
6308,-1211075.106
6309,-0.000
6310,-120914.799
6311,-231217.217
6312,-204119.733
6313,-118261.720
6314,-72145.474
6315,-39156.960
6316,-32984.157
6317,-12332.720
6318,-0.000
6319,-1365374.363
6320,-930743.104
6321,-2533354.288
6322,-3142531.329
6323,-3491964.355
6324,-3590510.126
6325,-3356428.351
6326,-4015422.236
6327,-4285582.059
6328,-4290005.239
6329,-4194057.751
6330,-3944521.233
6331,-1457257.816
6332,-1205794.185
6333,-0.000
6334,-173554.916
6335,-255406.273
6336,-221582.698
6337,-142327.664
6338,-90467.059
6339,-48428.329
6340,-27874.425
6341,-1078.629
6342,-0.000
6343,-0.000
6344,-91221.916
6345,-1812881.057
6346,-1895429.573
6347,-2130218.620
6348,-2198799.022
6349,-2263195.290
6350,-2559627.728
6351,-2798214.788
6352,-2855324.919
6353,-2831717.288
6354,-2595641.192
6355,-21342.047
6356,-210641.740
6357,-205728.072
6358,-192094.914
6359,-135903.058
6360,-99546.698
6361,-41089.061
6362,-7705.974
6363,-0.000
6364,-0.000
6365,-0.000
6366,-0.000
6367,-0.000
6368,-0.000
6369,-373473.755
6370,-848271.147
6371,-1179758.336
6372,-1301101.962
6373,-1361514.555
6374,-1583887.281
6375,-1782591.842
6376,-1834481.743
6377,-1761562.141
6378,-1498828.008
6379,-411691.794
6380,-229114.114
6381,-182686.633
6382,-168934.815
6383,-102564.320
6384,-5280.400
6385,-0.000
6386,-0.000
6387,-0.000
6388,-0.000
6389,-0.000
6390,-0.000
6391,-659666.454
6392,-684191.426
6393,-1998924.645
6394,-2605021.108
6395,-3054478.623
6396,-3329591.035
6397,-3169106.507
6398,-3626052.532
6399,-3803060.517
6400,-3872646.348
6401,-3893294.391
6402,-3636602.386
6403,-1292759.115
6404,-973940.709
6405,-0.000
6406,-0.000
6407,-0.000
6408,-0.000
6409,-0.000
6410,-0.000
6411,-0.000
6412,-0.000
6413,-0.000
6414,-0.000
6415,-467585.041
6416,-711816.156
6417,-2446496.848
6418,-2804283.258
6419,-3484941.062
6420,-3954876.384
6421,-3803347.638
6422,-4116220.197
6423,-4136239.934
6424,-4103727.732
6425,-4120885.632
6426,-3927345.904
6427,-1345381.065
6428,-1040550.336
6429,-0.000
6430,-0.000
6431,-0.000
6432,-0.000
6433,-0.000
6434,-0.000
6435,-0.000
6436,-0.000
6437,-0.000
6438,-0.000
6439,-438090.529
6440,-708889.143
6441,-2505942.337
6442,-2955929.558
6443,-3622881.931
6444,-3927195.537
6445,-3874007.392
6446,-4381977.730
6447,-4517032.157
6448,-4530633.755
6449,-4400993.682
6450,-4057908.197
6451,-1417836.028
6452,-1077439.093
6453,-0.000
6454,-0.000
6455,-26555.835
6456,-47102.177
6457,-0.000
6458,-0.000
6459,-0.000
6460,-0.000
6461,-0.000
6462,-0.000
6463,-700092.987
6464,-848413.222
6465,-2653575.860
6466,-3028933.495
6467,-3604005.951
6468,-4014057.420
6469,-3754464.389
6470,-4278789.834
6471,-4448279.770
6472,-4475240.202
6473,-4419746.128
6474,-4194929.329
6475,-1459910.441
6476,-1086370.123
6477,-0.000
6478,-0.000
6479,-22973.081
6480,-10892.507
6481,-0.000
6482,-0.000
6483,-0.000
6484,-0.000
6485,-0.000
6486,-0.000
6487,-698490.152
6488,-797286.471
6489,-2438844.633
6490,-2797919.265
6491,-3643863.870
6492,-4023996.791
6493,-3629964.655
6494,-4207873.717
6495,-4378853.675
6496,-4419858.455
6497,-4442916.323
6498,-4232649.989
6499,-1466579.440
6500,-1087648.100
6501,-0.000
6502,-0.000
6503,-67619.888
6504,-78775.993
6505,-1058.454
6506,-0.000
6507,-0.000
6508,-0.000
6509,-0.000
6510,-0.000
6511,-0.000
6512,-0.000
6513,-2063932.126
6514,-2081979.443
6515,-2667216.610
6516,-2926854.239
6517,-2886684.901
6518,-3139074.310
6519,-3308842.022
6520,-3327851.617
6521,-3262684.355
6522,-3012095.796
6523,-156844.333
6524,-250984.004
6525,-239818.903
6526,-224004.840
6527,-169024.983
6528,-116706.507
6529,-14867.440
6530,-0.000
6531,-0.000
6532,-0.000
6533,-0.000
6534,-0.000
6535,-0.000
6536,-0.000
6537,-645851.132
6538,-1208230.234
6539,-1608930.504
6540,-1797511.606
6541,-1706291.924
6542,-1913560.481
6543,-2067680.633
6544,-2091468.327
6545,-2042377.567
6546,-1772105.867
6547,-529197.924
6548,-300256.528
6549,-245204.595
6550,-242607.116
6551,-191109.244
6552,-128698.104
6553,-118750.785
6554,-87419.779
6555,-46806.463
6556,-16826.818
6557,-0.000
6558,-0.000
6559,-1539421.116
6560,-1040484.154
6561,-2968622.216
6562,-3299715.403
6563,-3960364.892
6564,-4430396.940
6565,-4255444.695
6566,-4890711.220
6567,-5132551.122
6568,-5229626.378
6569,-5160483.127
6570,-4861575.602
6571,-1793859.844
6572,-1512893.408
6573,-0.000
6574,-384127.403
6575,-317098.509
6576,-256268.104
6577,-192297.184
6578,-149678.541
6579,-110519.872
6580,-73121.564
6581,-8641.072
6582,-0.000
6583,-1861280.048
6584,-1161042.832
6585,-3349526.953
6586,-3714066.642
6587,-4310105.139
6588,-4600828.360
6589,-4272207.471
6590,-5059199.348
6591,-5294720.108
6592,-5264962.696
6593,-5127959.186
6594,-4839853.593
6595,-1771143.843
6596,-1430076.252
6597,-0.000
6598,-377624.730
6599,-415201.972
6600,-377517.060
6601,-287350.750
6602,-236909.833
6603,-214573.091
6604,-203461.967
6605,-133957.174
6606,-73291.989
6607,-2036669.130
6608,-1270610.120
6609,-3592000.556
6610,-3954780.017
6611,-4407451.016
6612,-4528708.576
6613,-4154695.835
6614,-4924447.343
6615,-5289117.821
6616,-5279716.829
6617,-5068152.980
6618,-4749471.431
6619,-1697469.123
6620,-1376347.532
6621,-0.000
6622,-327208.681
6623,-353574.763
6624,-322675.021
6625,-229771.835
6626,-163532.825
6627,-115532.459
6628,-91683.945
6629,-31079.647
6630,-2008.789
6631,-1989843.687
6632,-1210472.058
6633,-3504281.955
6634,-3904773.009
6635,-4317038.853
6636,-4463471.210
6637,-4171711.813
6638,-4845685.297
6639,-5169826.289
6640,-4972299.722
6641,-4834441.509
6642,-4553641.557
6643,-1664999.470
6644,-1359952.203
6645,-0.000
6646,-309310.602
6647,-327773.294
6648,-290700.034
6649,-187271.201
6650,-121616.949
6651,-110542.904
6652,-135259.185
6653,-96127.397
6654,-5523.784
6655,-1857640.542
6656,-1168607.437
6657,-3485959.330
6658,-3870481.934
6659,-4388082.403
6660,-4635785.909
6661,-4268124.656
6662,-4950838.804
6663,-5140620.776
6664,-5016467.952
6665,-5033674.940
6666,-4636584.862
6667,-1730857.207
6668,-1420821.019
6669,-0.000
6670,-363194.627
6671,-382590.049
6672,-343154.171
6673,-273863.573
6674,-254721.651
6675,-231942.891
6676,-236206.790
6677,-221112.864
6678,-199154.752
6679,-212832.173
6680,-338150.154
6681,-2667796.931
6682,-2542415.080
6683,-2838563.490
6684,-2981166.900
6685,-3066952.204
6686,-3380072.523
6687,-3365062.513
6688,-3318442.751
6689,-2877267.043
6690,-2600505.054
6691,-0.000
6692,-277356.602
6693,-328062.810
6694,-354893.987
6695,-338698.375
6696,-303812.922
6697,-212222.147
6698,-165793.506
6699,-143694.343
6700,-149139.133
6701,-131692.568
6702,-119326.605
6703,-136663.084
6704,-182010.328
6705,-418707.717
6706,-861493.928
6707,-1327078.607
6708,-1410383.186
6709,-1488994.932
6710,-1475311.026
6711,-1364703.974
6712,-1700335.767
6713,-1436129.407
6714,-1123766.762
6715,-358349.855
6716,-235545.034
6717,-217602.030
6718,-215141.548
6719,-200913.395
6720,-167557.176
6721,-144983.246
6722,-117134.828
6723,-93118.695
6724,-86278.833
6725,-74817.397
6726,-76818.082
6727,-2116436.932
6728,-1225504.374
6729,-3443805.991
6730,-3936611.145
6731,-4346218.553
6732,-4480297.775
6733,-4205887.734
6734,-4629507.183
6735,-4749636.566
6736,-4627473.373
6737,-4470313.806
6738,-4042485.198
6739,-1631398.166
6740,-1488958.920
6741,-0.000
6742,-319470.796
6743,-379605.078
6744,-364807.979
6745,-285629.180
6746,-251629.069
6747,-238459.408
6748,-211702.525
6749,-190321.813
6750,-170864.381
6751,-2072231.147
6752,-1161329.804
6753,-3074427.235
6754,-3258002.525
6755,-3632926.321
6756,-3885524.403
6757,-3795839.169
6758,-4386281.047
6759,-4689597.254
6760,-4434416.646
6761,-4154385.803
6762,-3653262.661
6763,-1559521.125
6764,-1472753.701
6765,-0.000
6766,-330343.830
6767,-408707.152
6768,-404804.275
6769,-314574.210
6770,-258646.759
6771,-215286.185
6772,-182136.740
6773,-161353.751
6774,-150105.552
6775,-2037101.731
6776,-1227475.456
6777,-3556546.813
6778,-3962718.813
6779,-4242208.617
6780,-4437865.430
6781,-4112136.752
6782,-4606840.503
6783,-4840201.343
6784,-4869980.979
6785,-4988728.714
6786,-4328462.974
6787,-1646132.708
6788,-1495869.470
6789,-0.000
6790,-328921.501
6791,-392616.138
6792,-363912.603
6793,-268502.454
6794,-213024.904
6795,-181380.957
6796,-161459.828
6797,-118421.448
6798,-111598.705
6799,-2138693.773
6800,-1270838.478
6801,-3649938.795
6802,-4067413.753
6803,-4584534.835
6804,-4774737.504
6805,-4441955.686
6806,-5137031.305
6807,-5307880.793
6808,-5407545.570
6809,-5148841.935
6810,-4488089.612
6811,-1684100.438
6812,-1493015.751
6813,-0.000
6814,-359941.816
6815,-398938.061
6816,-366506.161
6817,-272061.752
6818,-238495.903
6819,-209555.562
6820,-194622.382
6821,-169885.925
6822,-148861.030
6823,-2105895.216
6824,-1295775.897
6825,-3583434.944
6826,-3999928.140
6827,-4537937.438
6828,-4777307.959
6829,-4415319.567
6830,-5239929.998
6831,-5475282.465
6832,-5384135.987
6833,-5421387.643
6834,-4546403.481
6835,-1747529.048
6836,-1599133.642
6837,-0.000
6838,-409827.280
6839,-466414.513
6840,-422815.957
6841,-337336.940
6842,-326508.757
6843,-313856.678
6844,-298294.617
6845,-250939.070
6846,-219578.248
6847,-214657.438
6848,-327507.785
6849,-2720625.624
6850,-2577342.450
6851,-2767746.413
6852,-2793700.574
6853,-3014324.516
6854,-3375987.177
6855,-3431700.281
6856,-3293860.843
6857,-2706325.680
6858,-2346123.101
6859,-52402.599
6860,-347472.737
6861,-379824.483
6862,-386954.176
6863,-377851.893
6864,-352417.902
6865,-260120.394
6866,-239270.218
6867,-224346.476
6868,-215750.949
6869,-179159.151
6870,-151524.242
6871,-143291.651
6872,-175985.307
6873,-332021.018
6874,-530663.837
6875,-786023.223
6876,-1179300.087
6877,-1430927.766
6878,-1795627.091
6879,-1694349.625
6880,-1050861.861
6881,-992394.541
6882,-824479.738
6883,-365881.916
6884,-302581.504
6885,-299347.924
6886,-285730.726
6887,-255770.049
6888,-218858.107
6889,-186192.813
6890,-150242.773
6891,-123562.915
6892,-97509.695
6893,-58087.995
6894,-29717.887
6895,-1430402.058
6896,-807998.562
6897,-2189457.998
6898,-2493204.065
6899,-3085497.375
6900,-3470404.802
6901,-3639844.903
6902,-4092847.961
6903,-4056111.848
6904,-3972031.408
6905,-3589421.265
6906,-3180266.761
6907,-1296674.444
6908,-1116305.819
6909,-0.000
6910,-46065.533
6911,-193925.180
6912,-193822.014
6913,-116986.209
6914,-84300.173
6915,-40821.327
6916,-21638.962
6917,-2670.852
6918,-0.000
6919,-1256438.266
6920,-731988.707
6921,-2235078.466
6922,-2926154.155
6923,-3615493.245
6924,-3938945.448
6925,-3681891.735
6926,-4256159.571
6927,-4128590.301
6928,-3458940.515
6929,-3466435.371
6930,-3125111.231
6931,-1327825.036
6932,-1118551.629
6933,-0.000
6934,-0.000
6935,-143493.139
6936,-156658.967
6937,-87176.144
6938,-21292.747
6939,-0.000
6940,-0.000
6941,-0.000
6942,-0.000
6943,-1116124.830
6944,-709292.929
6945,-2204278.923
6946,-2851135.266
6947,-3490856.792
6948,-3659310.957
6949,-3482156.641
6950,-4052671.895
6951,-4260668.615
6952,-4298515.906
6953,-4150324.559
6954,-3483885.376
6955,-1226021.548
6956,-1053926.756
6957,-0.000
6958,-0.000
6959,-127937.979
6960,-122586.480
6961,-33332.163
6962,-0.000
6963,-0.000
6964,-0.000
6965,-0.000
6966,-0.000
6967,-541974.535
6968,-580013.685
6969,-1986735.171
6970,-2676792.784
6971,-3060315.183
6972,-3300331.922
6973,-3214788.438
6974,-3794198.226
6975,-4045709.744
6976,-4073892.970
6977,-4011905.988
6978,-3380569.554
6979,-1186366.005
6980,-1016782.471
6981,-0.000
6982,-0.000
6983,-106462.702
6984,-102500.152
6985,-28072.978
6986,-99.556
6987,-0.000
6988,-0.000
6989,-0.000
6990,-0.000
6991,-821688.872
6992,-615352.682
6993,-2049781.860
6994,-2785606.185
6995,-3193391.734
6996,-3346593.808
6997,-3277712.027
6998,-3889971.899
6999,-4146538.661
7000,-4227940.417
7001,-4160697.634
7002,-3489497.009
7003,-1229777.772
7004,-987769.857
7005,-0.000
7006,-0.000
7007,-0.000
7008,-0.000
7009,-0.000
7010,-0.000
7011,-0.000
7012,-0.000
7013,-0.000
7014,-0.000
7015,-0.000
7016,-0.000
7017,-1481495.983
7018,-1976162.499
7019,-2539130.603
7020,-2579301.108
7021,-2625129.078
7022,-2865725.299
7023,-3050289.883
7024,-3091962.746
7025,-2988218.645
7026,-2207492.621
7027,-0.000
7028,-128257.978
7029,-108798.858
7030,-57610.495
7031,-13979.843
7032,-0.000
7033,-0.000
7034,-0.000
7035,-0.000
7036,-0.000
7037,-0.000
7038,-0.000
7039,-0.000
7040,-0.000
7041,-0.000
7042,-590031.144
7043,-1395629.912
7044,-1685754.043
7045,-1749236.991
7046,-1914476.557
7047,-2001499.214
7048,-1983909.460
7049,-1910967.350
7050,-1189429.406
7051,-231946.873
7052,-95821.576
7053,-21927.103
7054,-0.000
7055,-0.000
7056,-0.000
7057,-0.000
7058,-0.000
7059,-0.000
7060,-0.000
7061,-0.000
7062,-0.000
7063,-263516.095
7064,-566178.401
7065,-2170003.366
7066,-2584236.482
7067,-3324931.423
7068,-3725902.444
7069,-3665920.827
7070,-3961297.413
7071,-4066816.817
7072,-4016915.642
7073,-3734472.663
7074,-3078736.101
7075,-1209947.406
7076,-1042505.108
7077,-0.000
7078,-0.000
7079,-5268.669
7080,-15367.634
7081,-0.000
7082,-0.000
7083,-0.000
7084,-0.000
7085,-0.000
7086,-0.000
7087,-660145.879
7088,-696915.760
7089,-2275706.670
7090,-2832404.905
7091,-3379532.669
7092,-3831955.370
7093,-3621547.121
7094,-3953931.942
7095,-3989891.072
7096,-3510516.631
7097,-3094234.340
7098,-2758598.054
7099,-1266025.283
7100,-1121878.532
7101,-0.000
7102,-0.000
7103,-131089.289
7104,-128406.954
7105,-42164.309
7106,-7166.855
7107,-0.000
7108,-0.000
7109,-0.000
7110,-0.000
7111,-1273519.274
7112,-687519.225
7113,-2027868.815
7114,-2635876.123
7115,-3136658.743
7116,-3465851.062
7117,-3412951.633
7118,-3999992.345
7119,-4173557.322
7120,-3595826.459
7121,-3471842.952
7122,-3027966.868
7123,-1209582.271
7124,-969619.910
7125,-0.000
7126,-0.000
7127,-0.000
7128,-0.000
7129,-0.000
7130,-0.000
7131,-0.000
7132,-0.000
7133,-0.000
7134,-0.000
7135,-725153.555
7136,-651714.123
7137,-2052474.409
7138,-2518442.552
7139,-3109183.040
7140,-3640126.819
7141,-3681886.833
7142,-4276385.077
7143,-4345799.522
7144,-3836305.086
7145,-3558825.730
7146,-3171904.418
7147,-1363016.611
7148,-1170204.796
7149,-0.000
7150,-56801.882
7151,-207452.468
7152,-219730.358
7153,-162401.221
7154,-146434.977
7155,-117742.993
7156,-83435.049
7157,-30264.817
7158,-3352.189
7159,-1682647.250
7160,-888859.969
7161,-2481910.292
7162,-2836775.102
7163,-3413008.792
7164,-3749550.398
7165,-3578746.481
7166,-3743652.929
7167,-3731714.276
7168,-3586550.615
7169,-3341979.940
7170,-2753415.333
7171,-1166851.229
7172,-999814.814
7173,-0.000
7174,-0.000
7175,-396.759
7176,-39924.872
7177,-0.000
7178,-0.000
7179,-0.000
7180,-0.000
7181,-0.000
7182,-0.000
7183,-0.000
7184,-0.000
7185,-1115596.945
7186,-1720523.537
7187,-2169680.289
7188,-2271346.911
7189,-2411769.380
7190,-2733041.927
7191,-2911156.321
7192,-2515726.008
7193,-2144085.452
7194,-1847588.679
7195,-0.000
7196,-46213.812
7197,-113656.161
7198,-115466.005
7199,-95665.147
7200,-75373.475
7201,-4254.557
7202,-0.000
7203,-0.000
7204,-0.000
7205,-0.000
7206,-0.000
7207,-0.000
7208,-0.000
7209,-0.000
7210,-233649.455
7211,-528523.146
7212,-580252.427
7213,-620992.773
7214,-766562.066
7215,-659495.125
7216,-188542.514
7217,-29530.812
7218,-0.000
7219,-0.000
7220,-0.000
7221,-0.000
7222,-0.000
7223,-0.000
7224,-0.000
7225,-0.000
7226,-0.000
7227,-0.000
7228,-0.000
7229,-0.000
7230,-0.000
7231,-0.000
7232,-0.000
7233,-1243796.482
7234,-2021766.773
7235,-2458547.202
7236,-2721254.054
7237,-2742434.500
7238,-3140752.495
7239,-3416015.028
7240,-3448360.050
7241,-3292745.334
7242,-2108155.482
7243,-698272.879
7244,-500997.427
7245,-0.000
7246,-0.000
7247,-0.000
7248,-0.000
7249,-0.000
7250,-0.000
7251,-0.000
7252,-0.000
7253,-0.000
7254,-0.000
7255,-0.000
7256,-0.000
7257,-883710.895
7258,-1565211.272
7259,-2230466.216
7260,-2640141.080
7261,-2784368.119
7262,-3262941.062
7263,-3482297.549
7264,-3421602.390
7265,-3013423.951
7266,-2112047.061
7267,-724303.966
7268,-535094.053
7269,-0.000
7270,-0.000
7271,-0.000
7272,-0.000
7273,-0.000
7274,-0.000
7275,-0.000
7276,-0.000
7277,-0.000
7278,-0.000
7279,-158919.554
7280,-290730.309
7281,-1015168.488
7282,-1328398.664
7283,-1819687.475
7284,-2178878.718
7285,-2116053.234
7286,-2496705.556
7287,-2446635.130
7288,-2236327.266
7289,-2192070.064
7290,-1801704.243
7291,-841191.242
7292,-759917.886
7293,-0.000
7294,-0.000
7295,-0.000
7296,-0.000
7297,-0.000
7298,-0.000
7299,-0.000
7300,-0.000
7301,-0.000
7302,-0.000
7303,-299266.146
7304,-424936.864
7305,-1751945.787
7306,-2430401.727
7307,-2898155.142
7308,-3235551.236
7309,-3207333.654
7310,-3817893.899
7311,-4123654.111
7312,-4108286.595
7313,-3847118.696
7314,-3050689.890
7315,-1207559.715
7316,-1003394.733
7317,-0.000
7318,-0.000
7319,-0.000
7320,-12725.701
7321,-0.000
7322,-0.000
7323,-0.000
7324,-0.000
7325,-0.000
7326,-0.000
7327,-575267.195
7328,-685386.090
7329,-2509386.324
7330,-3028768.950
7331,-3684133.973
7332,-4192566.462
7333,-3887093.343
7334,-4363656.589
7335,-4496660.369
7336,-4456077.460
7337,-4180984.568
7338,-3209963.883
7339,-1270091.035
7340,-1079266.681
7341,-0.000
7342,-0.000
7343,-161361.333
7344,-144940.449
7345,-49479.346
7346,-2136.493
7347,-0.000
7348,-0.000
7349,-0.000
7350,-0.000
7351,-0.000
7352,-0.000
7353,-1664022.693
7354,-2203406.302
7355,-2475394.001
7356,-2663229.690
7357,-2834763.178
7358,-3078911.193
7359,-3231360.398
7360,-3238322.814
7361,-2893959.806
7362,-1896248.398
7363,-9966.130
7364,-213921.409
7365,-232445.733
7366,-221316.623
7367,-175555.495
7368,-123949.919
7369,-35660.326
7370,-1965.911
7371,-0.000
7372,-0.000
7373,-0.000
7374,-0.000
7375,-0.000
7376,-0.000
7377,-233737.624
7378,-869152.128
7379,-1253373.010
7380,-1400996.402
7381,-1512190.430
7382,-1754935.835
7383,-1925612.521
7384,-1962357.930
7385,-1652540.508
7386,-747526.828
7387,-122893.691
7388,-23804.087
7389,-7060.808
7390,-2527.780
7391,-0.000
7392,-0.000
7393,-0.000
7394,-0.000
7395,-0.000
7396,-0.000
7397,-0.000
7398,-0.000
7399,-111922.945
7400,-225792.736
7401,-1256581.464
7402,-1927508.462
7403,-2469453.348
7404,-2766680.179
7405,-2856590.914
7406,-3267749.598
7407,-3480755.892
7408,-3530136.596
7409,-3166770.286
7410,-2150305.339
7411,-735121.543
7412,-560196.398
7413,-0.000
7414,-0.000
7415,-0.000
7416,-0.000
7417,-0.000
7418,-0.000
7419,-0.000
7420,-0.000
7421,-0.000
7422,-0.000
7423,-0.000
7424,-0.000
7425,-1049372.108
7426,-1786462.311
7427,-2434627.460
7428,-2707246.297
7429,-2836350.459
7430,-3301089.716
7431,-3550723.435
7432,-3632335.003
7433,-3304178.923
7434,-2301539.979
7435,-816409.593
7436,-638825.667
7437,-0.000
7438,-0.000
7439,-0.000
7440,-0.000
7441,-0.000
7442,-0.000
7443,-0.000
7444,-0.000
7445,-0.000
7446,-0.000
7447,-41002.159
7448,-248554.888
7449,-1390923.176
7450,-2010917.084
7451,-2524667.735
7452,-2809919.261
7453,-2872206.416
7454,-3267840.098
7455,-3457445.007
7456,-3483868.635
7457,-3135599.646
7458,-2170382.524
7459,-748010.348
7460,-580517.566
7461,-0.000
7462,-0.000
7463,-0.000
7464,-0.000
7465,-0.000
7466,-0.000
7467,-0.000
7468,-0.000
7469,-0.000
7470,-0.000
7471,-0.000
7472,-125086.158
7473,-1052791.038
7474,-1720581.862
7475,-2265274.591
7476,-2556641.093
7477,-2666550.323
7478,-3043524.773
7479,-3280136.907
7480,-3319197.564
7481,-2926288.256
7482,-1961662.116
7483,-631215.978
7484,-446872.357
7485,-0.000
7486,-0.000
7487,-0.000
7488,-0.000
7489,-0.000
7490,-0.000
7491,-0.000
7492,-0.000
7493,-0.000
7494,-0.000
7495,-0.000
7496,-0.000
7497,-723355.849
7498,-1486620.810
7499,-2176460.232
7500,-2574066.554
7501,-2699524.911
7502,-3124057.626
7503,-3389987.879
7504,-3443582.322
7505,-3063208.672
7506,-2112039.387
7507,-692209.710
7508,-481039.481
7509,-0.000
7510,-0.000
7511,-0.000
7512,-0.000
7513,-0.000
7514,-0.000
7515,-0.000
7516,-0.000
7517,-0.000
7518,-0.000
7519,-0.000
7520,-0.000
7521,-0.000
7522,-928155.946
7523,-1708293.226
7524,-1992991.814
7525,-2144778.848
7526,-2430020.214
7527,-2635156.976
7528,-2690145.133
7529,-2364643.638
7530,-1527747.248
7531,-0.000
7532,-0.000
7533,-0.000
7534,-0.000
7535,-0.000
7536,-0.000
7537,-0.000
7538,-0.000
7539,-0.000
7540,-0.000
7541,-0.000
7542,-0.000
7543,-0.000
7544,-0.000
7545,-0.000
7546,-0.000
7547,-950737.295
7548,-1346445.912
7549,-1456644.351
7550,-1700357.564
7551,-1876239.942
7552,-1925086.211
7553,-1591078.675
7554,-728484.577
7555,-68522.528
7556,-0.000
7557,-0.000
7558,-0.000
7559,-0.000
7560,-0.000
7561,-0.000
7562,-0.000
7563,-0.000
7564,-0.000
7565,-0.000
7566,-0.000
7567,-0.000
7568,-0.000
7569,-1140516.243
7570,-2021554.619
7571,-3061381.722
7572,-3463521.351
7573,-3255897.680
7574,-3912661.801
7575,-4064362.950
7576,-3850400.358
7577,-3593176.967
7578,-2787639.131
7579,-1065700.484
7580,-865314.057
7581,-0.000
7582,-0.000
7583,-0.000
7584,-0.000
7585,-0.000
7586,-0.000
7587,-0.000
7588,-0.000
7589,-0.000
7590,-0.000
7591,-48530.093
7592,-420097.141
7593,-1988661.828
7594,-2362215.766
7595,-3180718.741
7596,-3716096.250
7597,-3841226.285
7598,-4241759.905
7599,-4292988.968
7600,-4071713.783
7601,-3733736.517
7602,-2858421.402
7603,-1160525.783
7604,-977953.098
7605,-0.000
7606,-0.000
7607,-0.000
7608,-0.000
7609,-0.000
7610,-0.000
7611,-0.000
7612,-0.000
7613,-0.000
7614,-0.000
7615,-240805.199
7616,-280656.133
7617,-1251716.311
7618,-1832562.673
7619,-2354159.384
7620,-2599333.099
7621,-2702717.368
7622,-3141344.235
7623,-3380559.827
7624,-3351135.127
7625,-3075341.158
7626,-2159280.601
7627,-729228.844
7628,-550589.450
7629,-0.000
7630,-0.000
7631,-0.000
7632,-0.000
7633,-0.000
7634,-0.000
7635,-0.000
7636,-0.000
7637,-0.000
7638,-0.000
7639,-0.000
7640,-0.000
7641,-803673.703
7642,-1810457.978
7643,-2658739.810
7644,-3194368.420
7645,-3137177.796
7646,-3661341.896
7647,-3881102.126
7648,-3863848.496
7649,-3684338.337
7650,-2735361.825
7651,-956667.604
7652,-701068.351
7653,-0.000
7654,-0.000
7655,-0.000
7656,-0.000
7657,-0.000
7658,-0.000
7659,-0.000
7660,-0.000
7661,-0.000
7662,-0.000
7663,-0.000
7664,-0.000
7665,-1551211.736
7666,-2190845.908
7667,-3007584.803
7668,-3385972.275
7669,-3132062.533
7670,-3495815.671
7671,-3617750.994
7672,-3534977.513
7673,-3603313.811
7674,-2766481.071
7675,-972109.719
7676,-770233.753
7677,-0.000
7678,-0.000
7679,-0.000
7680,-0.000
7681,-0.000
7682,-0.000
7683,-0.000
7684,-0.000
7685,-0.000
7686,-0.000
7687,-0.000
7688,-0.000
7689,-301603.037
7690,-1614449.701
7691,-2398333.161
7692,-2781327.692
7693,-2748674.898
7694,-2994315.160
7695,-3181928.527
7696,-2965769.350
7697,-2680373.950
7698,-1709025.058
7699,-0.000
7700,-0.000
7701,-0.000
7702,-0.000
7703,-0.000
7704,-0.000
7705,-0.000
7706,-0.000
7707,-0.000
7708,-0.000
7709,-0.000
7710,-0.000
7711,-0.000
7712,-0.000
7713,-0.000
7714,-452630.263
7715,-1487673.679
7716,-1759451.422
7717,-1692351.228
7718,-1746971.914
7719,-1826798.367
7720,-1864368.640
7721,-1446410.725
7722,-305014.141
7723,-0.000
7724,-0.000
7725,-0.000
7726,-0.000
7727,-0.000
7728,-0.000
7729,-0.000
7730,-0.000
7731,-0.000
7732,-0.000
7733,-0.000
7734,-0.000
7735,-0.000
7736,-0.000
7737,-276729.341
7738,-1106682.882
7739,-1677794.104
7740,-2016838.422
7741,-2243939.850
7742,-2591664.329
7743,-2881042.378
7744,-2901379.401
7745,-2499651.047
7746,-1410199.226
7747,-465221.558
7748,-293898.930
7749,-0.000
7750,-0.000
7751,-0.000
7752,-0.000
7753,-0.000
7754,-0.000
7755,-0.000
7756,-0.000
7757,-0.000
7758,-0.000
7759,-0.000
7760,-0.000
7761,-280524.537
7762,-1079343.220
7763,-1751113.034
7764,-2128691.828
7765,-2332680.417
7766,-2773075.760
7767,-3115900.658
7768,-3189905.889
7769,-2777679.705
7770,-1576887.189
7771,-542114.333
7772,-369619.145
7773,-0.000
7774,-0.000
7775,-0.000
7776,-0.000
7777,-0.000
7778,-0.000
7779,-0.000
7780,-0.000
7781,-0.000
7782,-0.000
7783,-0.000
7784,-0.000
7785,-282609.406
7786,-1196500.849
7787,-1936189.146
7788,-2354132.020
7789,-2495667.551
7790,-2887725.431
7791,-3146477.424
7792,-3218977.535
7793,-2824186.429
7794,-1627076.092
7795,-572019.046
7796,-395256.025
7797,-0.000
7798,-0.000
7799,-0.000
7800,-0.000
7801,-0.000
7802,-0.000
7803,-0.000
7804,-0.000
7805,-0.000
7806,-0.000
7807,-0.000
7808,-0.000
7809,-532229.536
7810,-1467948.759
7811,-2210022.965
7812,-2623329.911
7813,-2755854.829
7814,-3243603.938
7815,-3548072.564
7816,-3599792.094
7817,-3211814.179
7818,-1931672.108
7819,-747916.224
7820,-558772.929
7821,-0.000
7822,-0.000
7823,-0.000
7824,-0.000
7825,-0.000
7826,-0.000
7827,-0.000
7828,-0.000
7829,-0.000
7830,-0.000
7831,-0.000
7832,-0.000
7833,-427136.693
7834,-1767155.417
7835,-2741612.273
7836,-3199336.041
7837,-3221388.662
7838,-3798604.980
7839,-4078001.764
7840,-4136478.321
7841,-3663408.575
7842,-2626036.517
7843,-1000262.611
7844,-708180.650
7845,-0.000
7846,-0.000
7847,-0.000
7848,-0.000
7849,-0.000
7850,-0.000
7851,-0.000
7852,-0.000
7853,-0.000
7854,-0.000
7855,-0.000
7856,-0.000
7857,-49584.765
7858,-1274837.940
7859,-2224187.215
7860,-2751394.122
7861,-2758676.300
7862,-3031070.365
7863,-3187390.059
7864,-3180034.831
7865,-2740581.690
7866,-1626825.855
7867,-0.000
7868,-0.000
7869,-0.000
7870,-0.000
7871,-0.000
7872,-0.000
7873,-0.000
7874,-0.000
7875,-0.000
7876,-0.000
7877,-0.000
7878,-0.000
7879,-0.000
7880,-0.000
7881,-0.000
7882,-293714.075
7883,-1360112.164
7884,-1583286.473
7885,-1662330.216
7886,-1865620.382
7887,-2003903.301
7888,-2049635.208
7889,-1612403.168
7890,-459967.510
7891,-55116.699
7892,-0.000
7893,-0.000
7894,-0.000
7895,-0.000
7896,-0.000
7897,-0.000
7898,-0.000
7899,-0.000
7900,-0.000
7901,-0.000
7902,-0.000
7903,-0.000
7904,-0.000
7905,-714308.875
7906,-1201796.038
7907,-1708707.155
7908,-2147592.021
7909,-2307144.943
7910,-2694425.702
7911,-3138950.516
7912,-3224801.738
7913,-2878001.629
7914,-1837224.338
7915,-745623.940
7916,-643117.807
7917,-0.000
7918,-0.000
7919,-0.000
7920,-0.000
7921,-0.000
7922,-0.000
7923,-0.000
7924,-0.000
7925,-0.000
7926,-0.000
7927,-68058.883
7928,-196430.099
7929,-1092667.691
7930,-1549661.587
7931,-2167955.538
7932,-2355044.288
7933,-2471468.053
7934,-3100016.722
7935,-3568447.817
7936,-3745804.479
7937,-3259146.597
7938,-2015586.451
7939,-819710.711
7940,-703290.986
7941,-0.000
7942,-0.000
7943,-0.000
7944,-0.000
7945,-0.000
7946,-0.000
7947,-0.000
7948,-0.000
7949,-0.000
7950,-0.000
7951,-0.000
7952,-0.000
7953,-175755.205
7954,-812460.275
7955,-1392626.659
7956,-1706494.206
7957,-1942027.816
7958,-2071083.232
7959,-2028619.734
7960,-1671326.448
7961,-1259662.912
7962,-832464.232
7963,-252042.037
7964,-134166.515
7965,-0.000
7966,-0.000
7967,-0.000
7968,-0.000
7969,-0.000
7970,-0.000
7971,-0.000
7972,-0.000
7973,-0.000
7974,-0.000
7975,-0.000
7976,-0.000
7977,-0.000
7978,-459010.764
7979,-1250578.530
7980,-1652728.272
7981,-1887728.639
7982,-2227040.968
7983,-2470552.975
7984,-2571398.846
7985,-2252555.108
7986,-1091041.064
7987,-284667.353
7988,-129844.307
7989,-0.000
7990,-0.000
7991,-0.000
7992,-0.000
7993,-0.000
7994,-0.000
7995,-0.000
7996,-0.000
7997,-0.000
7998,-0.000
7999,-0.000
8000,-0.000
8001,-0.000
8002,-838320.224
8003,-1636724.619
8004,-2096374.116
8005,-2295270.290
8006,-2807658.343
8007,-3154579.171
8008,-3224282.100
8009,-2835333.872
8010,-1689675.004
8011,-541488.866
8012,-344228.879
8013,-0.000
8014,-0.000
8015,-0.000
8016,-0.000
8017,-0.000
8018,-0.000
8019,-0.000
8020,-0.000
8021,-0.000
8022,-0.000
8023,-0.000
8024,-0.000
8025,-0.000
8026,-722869.891
8027,-1652555.366
8028,-1941535.417
8029,-2153498.842
8030,-2438422.910
8031,-2619633.782
8032,-2606344.160
8033,-2106360.056
8034,-904602.703
8035,-0.000
8036,-0.000
8037,-0.000
8038,-0.000
8039,-0.000
8040,-0.000
8041,-0.000
8042,-0.000
8043,-0.000
8044,-0.000
8045,-0.000
8046,-0.000
8047,-0.000
8048,-0.000
8049,-0.000
8050,-0.000
8051,-0.000
8052,-457770.642
8053,-887243.759
8054,-1178294.243
8055,-1396732.626
8056,-1463897.658
8057,-1090016.866
8058,-146278.257
8059,-0.000
8060,-0.000
8061,-0.000
8062,-0.000
8063,-0.000
8064,-0.000
8065,-0.000
8066,-0.000
8067,-0.000
8068,-0.000
8069,-0.000
8070,-0.000
8071,-0.000
8072,-0.000
8073,-0.000
8074,-137305.019
8075,-1117265.308
8076,-1575993.623
8077,-1849671.470
8078,-2171660.890
8079,-2447705.397
8080,-2520926.715
8081,-2106018.863
8082,-925567.988
8083,-106251.425
8084,-0.000
8085,-0.000
8086,-0.000
8087,-0.000
8088,-0.000
8089,-0.000
8090,-0.000
8091,-0.000
8092,-0.000
8093,-0.000
8094,-0.000
8095,-0.000
8096,-0.000
8097,-0.000
8098,-320136.557
8099,-1300755.739
8100,-1769015.602
8101,-2016344.039
8102,-2379999.241
8103,-2661732.289
8104,-2740919.369
8105,-2327190.604
8106,-1138709.598
8107,-238855.522
8108,-71652.159
8109,-0.000
8110,-0.000
8111,-0.000
8112,-0.000
8113,-0.000
8114,-0.000
8115,-0.000
8116,-0.000
8117,-0.000
8118,-0.000
8119,-0.000
8120,-0.000
8121,-0.000
8122,-62825.984
8123,-520075.820
8124,-750727.323
8125,-786783.163
8126,-796599.136
8127,-965306.908
8128,-1128800.657
8129,-1086514.798
8130,-683103.835
8131,-184988.150
8132,-69545.185
8133,-0.000
8134,-0.000
8135,-0.000
8136,-0.000
8137,-0.000
8138,-0.000
8139,-0.000
8140,-0.000
8141,-0.000
8142,-0.000
8143,-0.000
8144,-0.000
8145,-0.000
8146,-565178.806
8147,-1403906.109
8148,-1795818.876
8149,-2010745.112
8150,-2314817.539
8151,-2556682.276
8152,-2615738.763
8153,-2188687.518
8154,-1009392.645
8155,-164944.084
8156,-6587.636
8157,-0.000
8158,-0.000
8159,-0.000
8160,-0.000
8161,-0.000
8162,-0.000
8163,-0.000
8164,-0.000
8165,-0.000
8166,-0.000
8167,-0.000
8168,-0.000
8169,-0.000
8170,-199419.702
8171,-1214882.761
8172,-1731110.334
8173,-1984642.861
8174,-2328013.364
8175,-2636583.274
8176,-2726019.025
8177,-2303281.887
8178,-1107508.068
8179,-157463.507
8180,-0.000
8181,-0.000
8182,-0.000
8183,-0.000
8184,-0.000
8185,-0.000
8186,-0.000
8187,-0.000
8188,-0.000
8189,-0.000
8190,-0.000
8191,-0.000
8192,-0.000
8193,-0.000
8194,-0.000
8195,-783946.393
8196,-1353902.678
8197,-1574950.177
8198,-1913648.533
8199,-2170763.948
8200,-2255026.833
8201,-1851117.135
8202,-693070.880
8203,-0.000
8204,-0.000
8205,-0.000
8206,-0.000
8207,-0.000
8208,-0.000
8209,-0.000
8210,-0.000
8211,-0.000
8212,-0.000
8213,-0.000
8214,-0.000
8215,-0.000
8216,-0.000
8217,-0.000
8218,-0.000
8219,-0.000
8220,-81362.928
8221,-933685.801
8222,-1136657.510
8223,-1255262.450
8224,-1304111.898
8225,-1039011.527
8226,-205400.776
8227,-0.000
8228,-0.000
8229,-0.000
8230,-0.000
8231,-0.000
8232,-0.000
8233,-0.000
8234,-0.000
8235,-0.000
8236,-0.000
8237,-0.000
8238,-0.000
8239,-0.000
8240,-0.000
8241,-0.000
8242,-237173.860
8243,-1320322.975
8244,-1914735.229
8245,-2165672.097
8246,-2579588.951
8247,-2861138.078
8248,-2968917.514
8249,-2555567.497
8250,-1338195.795
8251,-305477.619
8252,-88609.780
8253,-0.000
8254,-0.000
8255,-0.000
8256,-0.000
8257,-0.000
8258,-0.000
8259,-0.000
8260,-0.000
8261,-0.000
8262,-0.000
8263,-0.000
8264,-0.000
8265,-0.000
8266,-276746.509
8267,-1472636.520
8268,-2060480.406
8269,-2280421.651
8270,-2750814.761
8271,-3083716.050
8272,-3144987.581
8273,-2709334.270
8274,-1475741.119
8275,-384886.138
8276,-146558.596
8277,-0.000
8278,-0.000
8279,-0.000
8280,-0.000
8281,-0.000
8282,-0.000
8283,-0.000
8284,-0.000
8285,-0.000
8286,-0.000
8287,-0.000
8288,-0.000
8289,-0.000
8290,-247730.296
8291,-1468961.704
8292,-2092167.228
8293,-2304642.328
8294,-2737071.690
8295,-3047956.318
8296,-3129504.073
8297,-2718023.843
8298,-1523857.824
8299,-378045.817
8300,-137908.870
8301,-0.000
8302,-0.000
8303,-0.000
8304,-0.000
8305,-0.000
8306,-0.000
8307,-0.000
8308,-0.000
8309,-0.000
8310,-0.000
8311,-0.000
8312,-0.000
8313,-0.000
8314,-442219.905
8315,-1170790.338
8316,-1903801.474
8317,-2179490.807
8318,-2518059.258
8319,-2905044.101
8320,-3078061.505
8321,-2914625.082
8322,-1912415.487
8323,-581897.243
8324,-328614.202
8325,-0.000
8326,-0.000
8327,-0.000
8328,-0.000
8329,-0.000
8330,-0.000
8331,-0.000
8332,-0.000
8333,-0.000
8334,-0.000
8335,-0.000
8336,-0.000
8337,-0.000
8338,-860683.074
8339,-2268337.819
8340,-2741355.726
8341,-2831920.888
8342,-3318357.778
8343,-3599732.055
8344,-3648727.430
8345,-3235661.834
8346,-2188576.658
8347,-707007.314
8348,-488112.638
8349,-0.000
8350,-0.000
8351,-0.000
8352,-0.000
8353,-0.000
8354,-0.000
8355,-0.000
8356,-0.000
8357,-0.000
8358,-0.000
8359,-0.000
8360,-0.000
8361,-0.000
8362,-364617.328
8363,-1686371.641
8364,-1910569.237
8365,-1819748.615
8366,-1959219.884
8367,-2123389.305
8368,-2297838.553
8369,-1954651.459
8370,-1154698.432
8371,-0.000
8372,-0.000
8373,-0.000
8374,-0.000
8375,-0.000
8376,-0.000
8377,-0.000
8378,-0.000
8379,-0.000
8380,-0.000
8381,-0.000
8382,-0.000
8383,-0.000
8384,-0.000
8385,-0.000
8386,-0.000
8387,-0.000
8388,-0.000
8389,-488320.053
8390,-983283.481
8391,-1162522.641
8392,-1114389.838
8393,-1081513.320
8394,-451560.341
8395,-67435.710
8396,-0.000
8397,-0.000
8398,-0.000
8399,-0.000
8400,-0.000
8401,-0.000
8402,-0.000
8403,-0.000
8404,-0.000
8405,-0.000
8406,-0.000
8407,-139503.213
8408,-314765.390
8409,-1382341.611
8410,-1831641.780
8411,-2697450.803
8412,-3243431.704
8413,-3159031.639
8414,-3814837.284
8415,-3564311.889
8416,-3541787.152
8417,-3428945.684
8418,-2549274.963
8419,-1133400.296
8420,-959659.359
8421,-0.000
8422,-0.000
8423,-0.000
8424,-0.000
8425,-0.000
8426,-0.000
8427,-0.000
8428,-0.000
8429,-0.000
8430,-0.000
8431,-548976.043
8432,-595357.773
8433,-2009518.326
8434,-2341622.646
8435,-2898361.058
8436,-3516822.856
8437,-3357813.616
8438,-3886839.583
8439,-4096197.738
8440,-3890754.448
8441,-3416342.301
8442,-2525749.323
8443,-1009578.695
8444,-820170.583
8445,-0.000
8446,-0.000
8447,-0.000
8448,-0.000
8449,-0.000
8450,-0.000
8451,-0.000
8452,-0.000
8453,-0.000
8454,-0.000
8455,-0.000
8456,-0.000
8457,-385976.924
8458,-630961.030
8459,-865602.522
8460,-988044.439
8461,-1170294.810
8462,-1068123.622
8463,-1001218.931
8464,-685681.374
8465,-473941.268
8466,-345687.702
8467,-103026.003
8468,-49108.359
8469,-0.000
8470,-0.000
8471,-0.000
8472,-0.000
8473,-0.000
8474,-0.000
8475,-0.000
8476,-0.000
8477,-0.000
8478,-0.000
8479,-0.000
8480,-0.000
8481,-0.000
8482,-268627.222
8483,-940674.987
8484,-1374284.730
8485,-1659893.038
8486,-1826832.649
8487,-2182248.613
8488,-2407923.104
8489,-2064860.434
8490,-1029991.740
8491,-196163.814
8492,-39865.617
8493,-0.000
8494,-0.000
8495,-0.000
8496,-0.000
8497,-0.000
8498,-0.000
8499,-0.000
8500,-0.000
8501,-0.000
8502,-0.000
8503,-0.000
8504,-0.000
8505,-0.000
8506,-184216.105
8507,-793732.670
8508,-921887.690
8509,-969638.049
8510,-1060712.630
8511,-1414290.487
8512,-2330048.653
8513,-2319726.603
8514,-1343638.231
8515,-375060.669
8516,-226698.583
8517,-0.000
8518,-0.000
8519,-0.000
8520,-0.000
8521,-0.000
8522,-0.000
8523,-0.000
8524,-0.000
8525,-0.000
8526,-0.000
8527,-0.000
8528,-0.000
8529,-0.000
8530,-130239.804
8531,-789823.469
8532,-1266195.816
8533,-1617535.748
8534,-1897311.263
8535,-2052134.443
8536,-1623398.124
8537,-1403882.933
8538,-699352.706
8539,-0.000
8540,-0.000
8541,-0.000
8542,-0.000
8543,-0.000
8544,-0.000
8545,-0.000
8546,-0.000
8547,-0.000
8548,-0.000
8549,-0.000
8550,-0.000
8551,-0.000
8552,-0.000
8553,-0.000
8554,-0.000
8555,-0.000
8556,-500573.447
8557,-997620.664
8558,-1174623.218
8559,-1410331.557
8560,-967733.741
8561,-680949.965
8562,-194770.504
8563,-0.000
8564,-0.000
8565,-0.000
8566,-0.000
8567,-0.000
8568,-0.000
8569,-0.000
8570,-0.000
8571,-0.000
8572,-0.000
8573,-0.000
8574,-0.000
8575,-0.000
8576,-6653.356
8577,-1076790.181
8578,-1231369.513
8579,-1462152.403
8580,-1692210.806
8581,-1735202.210
8582,-1864475.669
8583,-2028999.487
8584,-1932655.659
8585,-1825049.723
8586,-1304847.998
8587,-416465.063
8588,-226545.855
8589,-0.000
8590,-0.000
8591,-0.000
8592,-0.000
8593,-0.000
8594,-0.000
8595,-0.000
8596,-0.000
8597,-0.000
8598,-0.000
8599,-0.000
8600,-0.000
8601,-52966.575
8602,-1149737.408
8603,-1991009.152
8604,-2184449.900
8605,-2242593.162
8606,-2802671.039
8607,-2877016.043
8608,-2829437.929
8609,-2850536.577
8610,-1943699.310
8611,-677827.374
8612,-467853.464
8613,-0.000
8614,-0.000
8615,-0.000
8616,-0.000
8617,-0.000
8618,-0.000
8619,-0.000
8620,-0.000
8621,-0.000
8622,-0.000
8623,-0.000
8624,-0.000
8625,-209241.066
8626,-1521710.960
8627,-2454243.718
8628,-2688628.736
8629,-2671640.120
8630,-2917377.865
8631,-3104976.569
8632,-3124091.863
8633,-2557538.991
8634,-1183024.971
8635,-233338.080
8636,-59972.387
8637,-0.000
8638,-0.000
8639,-0.000
8640,-0.000
8641,-0.000
8642,-0.000
8643,-0.000
8644,-0.000
8645,-0.000
8646,-0.000
8647,-0.000
8648,-0.000
8649,-0.000
8650,-284699.658
8651,-1181558.827
8652,-1608579.412
8653,-1866258.867
8654,-2104274.523
8655,-2413142.677
8656,-2455871.101
8657,-2209349.928
8658,-1222316.772
8659,-211734.997
8660,-47029.257
8661,-0.000
8662,-0.000
8663,-0.000
8664,-0.000
8665,-0.000
8666,-0.000
8667,-0.000
8668,-0.000
8669,-0.000
8670,-0.000
8671,-0.000
8672,-0.000
8673,-0.000
8674,-114665.213
8675,-1203416.912
8676,-1722882.975
8677,-1993891.519
8678,-2379782.323
8679,-2699447.474
8680,-2799491.024
8681,-2489734.289
8682,-1509353.464
8683,-319201.506
8684,-86980.602
8685,-0.000
8686,-0.000
8687,-0.000
8688,-0.000
8689,-0.000
8690,-0.000
8691,-0.000
8692,-0.000
8693,-0.000
8694,-0.000
8695,-0.000
8696,-0.000
8697,-0.000
8698,-0.000
8699,-0.000
8700,-311688.153
8701,-409893.992
8702,-640163.022
8703,-896008.621
8704,-1269451.251
8705,-1298254.447
8706,-899326.822
8707,-0.000
8708,-0.000
8709,-0.000
8710,-0.000
8711,-0.000
8712,-0.000
8713,-0.000
8714,-0.000
8715,-0.000
8716,-0.000
8717,-0.000
8718,-0.000
8719,-0.000
8720,-0.000
8721,-0.000
8722,-0.000
8723,-13161.142
8724,-780480.683
8725,-955776.548
8726,-1138425.262
8727,-1106403.023
8728,-1317588.777
8729,-1247839.288
8730,-482796.437
8731,-47766.601
8732,-0.000
8733,-0.000
8734,-0.000
8735,-0.000
8736,-0.000
8737,-0.000
8738,-0.000
8739,-0.000
8740,-0.000
8741,-0.000
8742,-0.000
8743,-150981.960
8744,-217152.527
8745,-970614.104
8746,-1457385.869
8747,-1965527.279
8748,-2269776.409
8749,-2390469.157
8750,-2725542.102
8751,-2803711.885
8752,-2292443.059
8753,-2164778.939
8754,-1478961.436
8755,-475244.214
8756,-322462.000
8757,-0.000
8758,-0.000
8759,-0.000
8760,-0.000
