Hour,CoolingLoad_W
1,-0.000
2,-0.000
3,-0.000
4,-0.000
5,-0.000
6,-0.000
7,-0.000
8,-0.000
9,-0.000
10,-408817.506
11,-1151962.794
12,-1498697.015
13,-1626259.468
14,-1982296.257
15,-2176861.341
16,-2114686.310
17,-2035989.492
18,-1373977.968
19,-321142.816
20,-187877.385
21,-0.000
22,-0.000
23,-0.000
24,-0.000
25,-0.000
26,-0.000
27,-0.000
28,-0.000
29,-0.000
30,-0.000
31,-0.000
32,-0.000
33,-0.000
34,-582376.856
35,-1331104.326
36,-1771086.785
37,-1952264.544
38,-2283436.394
39,-2613126.999
40,-2705045.762
41,-2663906.719
42,-1706216.677
43,-392732.019
44,-209643.118
45,-0.000
46,-0.000
47,-0.000
48,-0.000
49,-0.000
50,-0.000
51,-0.000
52,-0.000
53,-0.000
54,-0.000
55,-0.000
56,-0.000
57,-0.000
58,-432341.837
59,-1570476.002
60,-1956613.385
61,-2121589.605
62,-2548987.650
63,-2862887.210
64,-2951409.427
65,-2880995.077
66,-1941869.501
67,-488998.450
68,-280060.379
69,-0.000
70,-0.000
71,-0.000
72,-0.000
73,-0.000
74,-0.000
75,-0.000
76,-0.000
77,-0.000
78,-0.000
79,-0.000
80,-0.000
81,-0.000
82,-423573.365
83,-1639249.201
84,-2357776.874
85,-2447899.633
86,-2926230.305
87,-3193734.030
88,-3196254.053
89,-3111956.354
90,-2149297.474
91,-587907.165
92,-368672.166
93,-0.000
94,-0.000
95,-0.000
96,-0.000
97,-0.000
98,-0.000
99,-0.000
100,-0.000
101,-0.000
102,-0.000
103,-0.000
104,-0.000
105,-82562.748
106,-1182577.159
107,-2116409.631
108,-2578839.890
109,-2484299.661
110,-2812989.890
111,-2699403.525
112,-2459838.994
113,-2517957.010
114,-2221237.966
115,-674327.566
116,-452886.997
117,-0.000
118,-0.000
119,-0.000
120,-0.000
121,-0.000
122,-0.000
123,-0.000
124,-0.000
125,-0.000
126,-0.000
127,-0.000
128,-0.000
129,-0.000
130,-346108.106
131,-1195105.573
132,-1410653.753
133,-1508418.349
134,-1798056.842
135,-2040199.518
136,-2017882.881
137,-2159642.591
138,-1320791.033
139,-0.000
140,-0.000
141,-0.000
142,-0.000
143,-0.000
144,-0.000
145,-0.000
146,-0.000
147,-0.000
148,-0.000
149,-0.000
150,-0.000
151,-0.000
152,-0.000
153,-0.000
154,-0.000
155,-0.000
156,-263330.779
157,-723382.974
158,-923507.697
159,-1167388.376
160,-1232418.085
161,-1195179.513
162,-482084.057
163,-0.000
164,-0.000
165,-0.000
166,-0.000
167,-0.000
168,-0.000
169,-0.000
170,-0.000
171,-0.000
172,-0.000
173,-0.000
174,-0.000
175,-0.000
176,-0.000
177,-0.000
178,-251746.600
179,-1071104.230
180,-1474867.395
181,-1784253.196
182,-2179686.633
183,-2384817.035
184,-2232590.108
185,-1853479.040
186,-1303868.824
187,-350552.296
188,-186454.659
189,-0.000
190,-0.000
191,-0.000
192,-0.000
193,-0.000
194,-0.000
195,-0.000
196,-0.000
197,-0.000
198,-0.000
199,-0.000
200,-0.000
201,-0.000
202,-159282.745
203,-529102.607
204,-614680.766
205,-698082.325
206,-726506.324
207,-826795.766
208,-1130611.512
209,-1206433.836
210,-913369.397
211,-110385.510
212,-0.000
213,-0.000
214,-0.000
215,-0.000
216,-0.000
217,-0.000
218,-0.000
219,-0.000
220,-0.000
221,-0.000
222,-0.000
223,-0.000
224,-0.000
225,-0.000
226,-0.000
227,-275831.495
228,-611405.770
229,-1021469.303
230,-1066025.977
231,-1108997.529
232,-983187.306
233,-968352.800
234,-762478.908
235,-139394.867
236,-13077.390
237,-0.000
238,-0.000
239,-0.000
240,-0.000
241,-0.000
242,-0.000
243,-0.000
244,-0.000
245,-0.000
246,-0.000
247,-0.000
248,-0.000
249,-0.000
250,-0.000
251,-693845.556
252,-1116847.581
253,-1420978.549
254,-1647301.601
255,-1832634.413
256,-1925984.972
257,-1874594.887
258,-988643.996
259,-41098.295
260,-0.000
261,-0.000
262,-0.000
263,-0.000
264,-0.000
265,-0.000
266,-0.000
267,-0.000
268,-0.000
269,-0.000
270,-0.000
271,-0.000
272,-0.000
273,-0.000
274,-0.000
275,-372537.312
276,-825420.264
277,-1006445.002
278,-1048549.779
279,-1158343.763
280,-1215643.073
281,-1297572.165
282,-714056.470
283,-47982.343
284,-0.000
285,-0.000
286,-0.000
287,-0.000
288,-0.000
289,-0.000
290,-0.000
291,-0.000
292,-0.000
293,-0.000
294,-0.000
295,-0.000
296,-0.000
297,-0.000
298,-0.000
299,-0.000
300,-297708.474
301,-726105.921
302,-1103583.945
303,-1403871.045
304,-1499156.910
305,-1497928.082
306,-804604.489
307,-0.000
308,-0.000
309,-0.000
310,-0.000
311,-0.000
312,-0.000
313,-0.000
314,-0.000
315,-0.000
316,-0.000
317,-0.000
318,-0.000
319,-0.000
320,-0.000
321,-0.000
322,-0.000
323,-0.000
324,-0.000
325,-0.000
326,-0.000
327,-0.000
328,-0.000
329,-0.000
330,-0.000
331,-0.000
332,-0.000
333,-0.000
334,-0.000
335,-0.000
336,-0.000
337,-0.000
338,-0.000
339,-0.000
340,-0.000
341,-0.000
342,-0.000
343,-0.000
344,-0.000
345,-0.000
346,-5863.922
347,-444627.172
348,-662216.399
349,-923583.483
350,-1239442.961
351,-1688037.491
352,-1948012.583
353,-1693878.775
354,-1317220.106
355,-433042.279
356,-281740.324
357,-0.000
358,-0.000
359,-0.000
360,-0.000
361,-0.000
362,-0.000
363,-0.000
364,-0.000
365,-0.000
366,-0.000
367,-0.000
368,-0.000
369,-64394.496
370,-897288.244
371,-1533549.084
372,-2102655.014
373,-2178367.510
374,-2461546.701
375,-2215429.868
376,-1956340.819
377,-1798456.340
378,-1490123.097
379,-515905.897
380,-321332.554
381,-0.000
382,-0.000
383,-0.000
384,-0.000
385,-0.000
386,-0.000
387,-0.000
388,-0.000
389,-0.000
390,-0.000
391,-0.000
392,-0.000
393,-0.000
394,-454973.834
395,-829851.766
396,-1026786.349
397,-1197909.273
398,-1198715.087
399,-1115664.084
400,-736979.878
401,-533163.528
402,-393904.201
403,-51120.949
404,-0.000
405,-0.000
406,-0.000
407,-0.000
408,-0.000
409,-0.000
410,-0.000
411,-0.000
412,-0.000
413,-0.000
414,-0.000
415,-0.000
416,-0.000
417,-0.000
418,-0.000
419,-471376.974
420,-1029456.037
421,-1301744.198
422,-1423763.668
423,-1489494.822
424,-1020174.351
425,-893733.420
426,-703832.436
427,-134027.940
428,-15817.015
429,-0.000
430,-0.000
431,-0.000
432,-0.000
433,-0.000
434,-0.000
435,-0.000
436,-0.000
437,-0.000
438,-0.000
439,-0.000
440,-0.000
441,-0.000
442,-95244.801
443,-1027441.849
444,-1481465.497
445,-1761730.138
446,-1992435.180
447,-2159027.083
448,-1898800.009
449,-1559489.886
450,-1012993.622
451,-173933.846
452,-42015.789
453,-0.000
454,-0.000
455,-0.000
456,-0.000
457,-0.000
458,-0.000
459,-0.000
460,-0.000
461,-0.000
462,-0.000
463,-0.000
464,-0.000
465,-0.000
466,-0.000
467,-286297.225
468,-964106.023
469,-1193775.729
470,-1520229.336
471,-1681765.210
472,-1703784.423
473,-1842184.312
474,-1132498.037
475,-0.000
476,-0.000
477,-0.000
478,-0.000
479,-0.000
480,-0.000
481,-0.000
482,-0.000
483,-0.000
484,-0.000
485,-0.000
486,-0.000
487,-0.000
488,-0.000
489,-0.000
490,-0.000
491,-0.000
492,-362034.699
493,-901070.757
494,-1196770.005
495,-1346655.712
496,-1245609.929
497,-1014575.343
498,-537636.723
499,-0.000
500,-0.000
501,-0.000
502,-0.000
503,-0.000
504,-0.000
505,-0.000
506,-0.000
507,-0.000
508,-0.000
509,-0.000
510,-0.000
511,-0.000
512,-0.000
513,-324299.328
514,-762436.643
515,-1009226.751
516,-1446735.037
517,-1353477.473
518,-1288442.798
519,-1434073.430
520,-1596450.429
521,-1723785.506
522,-1549497.719
523,-461929.951
524,-322848.444
525,-0.000
526,-0.000
527,-0.000
528,-0.000
529,-0.000
530,-0.000
531,-0.000
532,-0.000
533,-0.000
534,-0.000
535,-0.000
536,-0.000
537,-559000.164
538,-862664.820
539,-1023176.938
540,-1105006.164
541,-1108360.419
542,-1249074.350
543,-1320432.108
544,-1541739.456
545,-1387766.390
546,-1339952.274
547,-542951.091
548,-450877.042
549,-0.000
550,-0.000
551,-0.000
552,-0.000
553,-0.000
554,-0.000
555,-0.000
556,-0.000
557,-0.000
558,-0.000
559,-0.000
560,-0.000
561,-223282.309
562,-560698.786
563,-786862.682
564,-975136.647
565,-1391617.146
566,-1434896.403
567,-1492967.816
568,-1194854.319
569,-1102160.807
570,-829998.463
571,-263039.810
572,-148451.015
573,-0.000
574,-0.000
575,-0.000
576,-0.000
577,-0.000
578,-0.000
579,-0.000
580,-0.000
581,-0.000
582,-0.000
583,-0.000
584,-0.000
585,-0.000
586,-141409.687
587,-611616.212
588,-844230.787
589,-1076856.126
590,-1363906.096
591,-1572893.089
592,-1565314.720
593,-1476474.629
594,-1272534.623
595,-353950.987
596,-221405.787
597,-0.000
598,-0.000
599,-0.000
600,-0.000
601,-0.000
602,-0.000
603,-0.000
604,-0.000
605,-0.000
606,-0.000
607,-0.000
608,-0.000
609,-0.000
610,-678922.222
611,-1552623.444
612,-1881994.701
613,-1865553.199
614,-1848269.005
615,-1801288.213
616,-1659987.159
617,-1660209.405
618,-1417086.697
619,-534499.950
620,-360664.070
621,-0.000
622,-0.000
623,-0.000
624,-0.000
625,-0.000
626,-0.000
627,-0.000
628,-0.000
629,-0.000
630,-0.000
631,-0.000
632,-0.000
633,-0.000
634,-271044.657
635,-810378.601
636,-1149204.179
637,-1421709.442
638,-1742109.951
639,-1813666.579
640,-1788602.223
641,-2016209.526
642,-1695818.887
643,-0.000
644,-0.000
645,-0.000
646,-0.000
647,-0.000
648,-0.000
649,-0.000
650,-0.000
651,-0.000
652,-0.000
653,-0.000
654,-0.000
655,-0.000
656,-0.000
657,-0.000
658,-0.000
659,-0.000
660,-584293.444
661,-938032.934
662,-1081044.330
663,-981393.442
664,-350479.340
665,-161981.095
666,-7898.518
667,-0.000
668,-0.000
669,-0.000
670,-0.000
671,-0.000
672,-0.000
673,-0.000
674,-0.000
675,-0.000
676,-0.000
677,-0.000
678,-0.000
679,-0.000
680,-0.000
681,-0.000
682,-128507.588
683,-457383.292
684,-714898.495
685,-1051948.935
686,-1117678.398
687,-1208196.036
688,-800385.648
689,-488829.671
690,-255652.920
691,-8492.596
692,-0.000
693,-0.000
694,-0.000
695,-0.000
696,-0.000
697,-0.000
698,-0.000
699,-0.000
700,-0.000
701,-0.000
702,-0.000
703,-0.000
704,-0.000
705,-0.000
706,-0.000
707,-408583.057
708,-940556.440
709,-1256397.390
710,-1455523.658
711,-1694375.351
712,-1809991.603
713,-1748753.241
714,-1095771.395
715,-24852.575
716,-0.000
717,-0.000
718,-0.000
719,-0.000
720,-0.000
721,-0.000
722,-0.000
723,-0.000
724,-0.000
725,-0.000
726,-0.000
727,-0.000
728,-0.000
729,-0.000
730,-0.000
731,-0.000
732,-85461.432
733,-546883.258
734,-716780.628
735,-877236.775
736,-624947.198
737,-152394.180
738,-3080.308
739,-0.000
740,-0.000
741,-0.000
742,-0.000
743,-0.000
744,-0.000
745,-0.000
746,-0.000
747,-0.000
748,-0.000
749,-0.000
750,-0.000
751,-0.000
752,-0.000
753,-0.000
754,-0.000
755,-0.000
756,-0.000
757,-0.000
758,-0.000
759,-0.000
760,-0.000
761,-13671.950
762,-8317.364
763,-0.000
764,-0.000
765,-0.000
766,-0.000
767,-0.000
768,-0.000
769,-0.000
770,-0.000
771,-0.000
772,-0.000
773,-0.000
774,-0.000
775,-0.000
776,-0.000
777,-0.000
778,-0.000
779,-0.000
780,-0.000
781,-0.000
782,-0.000
783,-0.000
784,-0.000
785,-0.000
786,-0.000
787,-0.000
788,-0.000
789,-0.000
790,-0.000
791,-0.000
792,-0.000
793,-0.000
794,-0.000
795,-0.000
796,-0.000
797,-0.000
798,-0.000
799,-0.000
800,-0.000
801,-0.000
802,-0.000
803,-0.000
804,-0.000
805,-0.000
806,-0.000
807,-0.000
808,-0.000
809,-0.000
810,-0.000
811,-0.000
812,-0.000
813,-0.000
814,-0.000
815,-0.000
816,-0.000
817,-0.000
818,-0.000
819,-0.000
820,-0.000
821,-0.000
822,-0.000
823,-0.000
824,-0.000
825,-0.000
826,-0.000
827,-0.000
828,-0.000
829,-0.000
830,-540876.256
831,-860970.439
832,-923311.622
833,-948458.844
834,-508378.352
835,-0.000
836,-0.000
837,-0.000
838,-0.000
839,-0.000
840,-0.000
841,-0.000
842,-0.000
843,-0.000
844,-0.000
845,-0.000
846,-0.000
847,-0.000
848,-0.000
849,-0.000
850,-0.000
851,-0.000
852,-278729.272
853,-713524.223
854,-776130.087
855,-905609.058
856,-801955.271
857,-686878.563
858,-575287.599
859,-24573.017
860,-0.000
861,-0.000
862,-0.000
863,-0.000
864,-0.000
865,-0.000
866,-0.000
867,-0.000
868,-0.000
869,-0.000
870,-0.000
871,-0.000
872,-0.000
873,-0.000
874,-0.000
875,-167860.219
876,-467380.250
877,-730367.122
878,-769962.401
879,-899057.834
880,-989886.948
881,-708643.999
882,-410419.307
883,-28812.646
884,-0.000
885,-0.000
886,-0.000
887,-0.000
888,-0.000
889,-0.000
890,-0.000
891,-0.000
892,-0.000
893,-0.000
894,-0.000
895,-0.000
896,-0.000
897,-0.000
898,-0.000
899,-35595.515
900,-377105.990
901,-631014.874
902,-597953.491
903,-715358.822
904,-622365.064
905,-703371.649
906,-634549.888
907,-86809.941
908,-0.000
909,-0.000
910,-0.000
911,-0.000
912,-0.000
913,-0.000
914,-0.000
915,-0.000
916,-0.000
917,-0.000
918,-0.000
919,-0.000
920,-0.000
921,-0.000
922,-0.000
923,-0.000
924,-0.000
925,-195911.295
926,-110822.168
927,-129322.927
928,-162190.496
929,-162755.108
930,-18670.833
931,-0.000
932,-0.000
933,-0.000
934,-0.000
935,-0.000
936,-0.000
937,-0.000
938,-0.000
939,-0.000
940,-0.000
941,-0.000
942,-0.000
943,-0.000
944,-0.000
945,-0.000
946,-0.000
947,-0.000
948,-0.000
949,-117973.441
950,-176210.893
951,-185860.297
952,-147192.064
953,-117312.763
954,-1685.455
955,-0.000
956,-0.000
957,-0.000
958,-0.000
959,-0.000
960,-0.000
961,-0.000
962,-0.000
963,-0.000
964,-0.000
965,-0.000
966,-0.000
967,-0.000
968,-0.000
969,-0.000
970,-0.000
971,-0.000
972,-122490.197
973,-538804.617
974,-721771.882
975,-934786.490
976,-623830.464
977,-452163.854
978,-445810.465
979,-0.000
980,-0.000
981,-0.000
982,-0.000
983,-0.000
984,-0.000
985,-0.000
986,-0.000
987,-0.000
988,-0.000
989,-0.000
990,-0.000
991,-0.000
992,-0.000
993,-0.000
994,-0.000
995,-0.000
996,-0.000
997,-126567.367
998,-538823.049
999,-556801.965
1000,-662852.205
1001,-456308.604
1002,-348743.624
1003,-0.000
1004,-0.000
1005,-0.000
1006,-0.000
1007,-0.000
1008,-0.000
1009,-0.000
1010,-0.000
1011,-0.000
1012,-0.000
1013,-0.000
1014,-0.000
1015,-0.000
1016,-0.000
1017,-0.000
1018,-147381.648
1019,-827487.360
1020,-1137369.390
1021,-1335116.418
1022,-1649398.053
1023,-1888837.626
1024,-1639406.765
1025,-1189033.799
1026,-844387.113
1027,-273355.619
1028,-149900.297
1029,-0.000
1030,-0.000
1031,-0.000
1032,-0.000
1033,-0.000
1034,-0.000
1035,-0.000
1036,-0.000
1037,-0.000
1038,-0.000
1039,-0.000
1040,-0.000
1041,-0.000
1042,-0.000
1043,-79570.545
1044,-264673.790
1045,-413685.698
1046,-324231.800
1047,-247667.784
1048,-213604.403
1049,-141924.685
1050,-75323.082
1051,-3187.180
1052,-0.000
1053,-0.000
1054,-0.000
1055,-0.000
1056,-0.000
1057,-0.000
1058,-0.000
1059,-0.000
1060,-0.000
1061,-0.000
1062,-0.000
1063,-0.000
1064,-0.000
1065,-0.000
1066,-0.000
1067,-641198.782
1068,-1163569.199
1069,-1401679.363
1070,-1659583.724
1071,-2001817.474
1072,-2155394.953
1073,-2174330.696
1074,-1782789.695
1075,-260486.257
1076,-12809.995
1077,-0.000
1078,-0.000
1079,-0.000
1080,-0.000
1081,-0.000
1082,-0.000
1083,-0.000
1084,-0.000
1085,-0.000
1086,-0.000
1087,-0.000
1088,-0.000
1089,-0.000
1090,-78226.727
1091,-726500.501
1092,-1134238.457
1093,-1374273.379
1094,-1587116.880
1095,-1624170.308
1096,-1438126.783
1097,-1488930.863
1098,-1392453.437
1099,-311976.943
1100,-82647.163
1101,-0.000
1102,-0.000
1103,-0.000
1104,-0.000
1105,-0.000
1106,-0.000
1107,-0.000
1108,-0.000
1109,-0.000
1110,-0.000
1111,-0.000
1112,-0.000
1113,-0.000
1114,-285748.401
1115,-972165.540
1116,-1256768.116
1117,-1175338.178
1118,-1118062.320
1119,-1204284.937
1120,-1183139.830
1121,-1335853.915
1122,-1318344.463
1123,-353488.393
1124,-177311.148
1125,-0.000
1126,-0.000
1127,-0.000
1128,-0.000
1129,-0.000
1130,-0.000
1131,-0.000
1132,-0.000
1133,-0.000
1134,-0.000
1135,-0.000
1136,-0.000
1137,-0.000
1138,-0.000
1139,-0.000
1140,-372876.923
1141,-733770.179
1142,-822434.968
1143,-770011.784
1144,-489164.939
1145,-393645.317
1146,-410544.975
1147,-0.000
1148,-0.000
1149,-0.000
1150,-0.000
1151,-0.000
1152,-0.000
1153,-0.000
1154,-0.000
1155,-0.000
1156,-0.000
1157,-0.000
1158,-0.000
1159,-0.000
1160,-0.000
1161,-0.000
1162,-0.000
1163,-0.000
1164,-0.000
1165,-0.000
1166,-0.000
1167,-0.000
1168,-0.000
1169,-0.000
1170,-0.000
1171,-0.000
1172,-0.000
1173,-0.000
1174,-0.000
1175,-0.000
1176,-0.000
1177,-0.000
1178,-0.000
1179,-0.000
1180,-0.000
1181,-0.000
1182,-0.000
1183,-0.000
1184,-0.000
1185,-0.000
1186,-0.000
1187,-0.000
1188,-0.000
1189,-0.000
1190,-0.000
1191,-0.000
1192,-0.000
1193,-0.000
1194,-0.000
1195,-0.000
1196,-0.000
1197,-0.000
1198,-0.000
1199,-0.000
1200,-0.000
1201,-0.000
1202,-0.000
1203,-0.000
1204,-0.000
1205,-0.000
1206,-0.000
1207,-0.000
1208,-0.000
1209,-0.000
1210,-0.000
1211,-0.000
1212,-0.000
1213,-0.000
1214,-0.000
1215,-0.000
1216,-0.000
1217,-0.000
1218,-0.000
1219,-0.000
1220,-0.000
1221,-0.000
1222,-0.000
1223,-0.000
1224,-0.000
1225,-0.000
1226,-0.000
1227,-0.000
1228,-0.000
1229,-0.000
1230,-0.000
1231,-0.000
1232,-0.000
1233,-0.000
1234,-0.000
1235,-0.000
1236,-0.000
1237,-0.000
1238,-0.000
1239,-0.000
1240,-0.000
1241,-0.000
1242,-0.000
1243,-0.000
1244,-0.000
1245,-0.000
1246,-0.000
1247,-0.000
1248,-0.000
1249,-0.000
1250,-0.000
1251,-0.000
1252,-0.000
1253,-0.000
1254,-0.000
1255,-0.000
1256,-0.000
1257,-0.000
1258,-0.000
1259,-0.000
1260,-0.000
1261,-0.000
1262,-0.000
1263,-0.000
1264,-0.000
1265,-0.000
1266,-0.000
1267,-0.000
1268,-0.000
1269,-0.000
1270,-0.000
1271,-0.000
1272,-0.000
1273,-0.000
1274,-0.000
1275,-0.000
1276,-0.000
1277,-0.000
1278,-0.000
1279,-0.000
1280,-0.000
1281,-0.000
1282,-0.000
1283,-0.000
1284,-614489.741
1285,-923222.419
1286,-1176196.332
1287,-1433110.679
1288,-1381913.593
1289,-1334759.498
1290,-1008547.010
1291,-43971.080
1292,-0.000
1293,-0.000
1294,-0.000
1295,-0.000
1296,-0.000
1297,-0.000
1298,-0.000
1299,-0.000
1300,-0.000
1301,-0.000
1302,-0.000
1303,-0.000
1304,-0.000
1305,-0.000
1306,-0.000
1307,-0.000
1308,-348011.928
1309,-683697.338
1310,-943593.585
1311,-1186534.913
1312,-1172862.559
1313,-1051213.300
1314,-775289.173
1315,-0.000
1316,-0.000
1317,-0.000
1318,-0.000
1319,-0.000
1320,-0.000
1321,-0.000
1322,-0.000
1323,-0.000
1324,-0.000
1325,-0.000
1326,-0.000
1327,-0.000
1328,-0.000
1329,-0.000
1330,-0.000
1331,-0.000
1332,-0.000
1333,-477944.440
1334,-831443.761
1335,-1066534.354
1336,-1117102.103
1337,-1042267.305
1338,-674145.053
1339,-0.000
1340,-0.000
1341,-0.000
1342,-0.000
1343,-0.000
1344,-0.000
1345,-0.000
1346,-0.000
1347,-0.000
1348,-0.000
1349,-0.000
1350,-0.000
1351,-0.000
1352,-0.000
1353,-0.000
1354,-4316.848
1355,-1024881.691
1356,-1589444.829
1357,-1775847.649
1358,-2124331.099
1359,-2427425.448
1360,-2535706.663
1361,-2483690.514
1362,-2099663.468
1363,-472222.026
1364,-234092.500
1365,-0.000
1366,-0.000
1367,-0.000
1368,-0.000
1369,-0.000
1370,-0.000
1371,-0.000
1372,-0.000
1373,-0.000
1374,-0.000
1375,-0.000
1376,-0.000
1377,-0.000
1378,-576776.587
1379,-1719041.939
1380,-2139764.024
1381,-2181076.037
1382,-2586870.077
1383,-2811547.289
1384,-2748479.725
1385,-2540132.149
1386,-2155329.078
1387,-658812.091
1388,-437512.012
1389,-0.000
1390,-0.000
1391,-0.000
1392,-0.000
1393,-0.000
1394,-0.000
1395,-0.000
1396,-0.000
1397,-0.000
1398,-0.000
1399,-0.000
1400,-0.000
1401,-252507.234
1402,-881971.280
1403,-1664826.022
1404,-2233059.811
1405,-2217791.804
1406,-2473181.779
1407,-2524332.567
1408,-2361977.009
1409,-2414978.300
1410,-2210729.941
1411,-833649.658
1412,-617515.423
1413,-0.000
1414,-0.000
1415,-0.000
1416,-0.000
1417,-0.000
1418,-0.000
1419,-0.000
1420,-0.000
1421,-0.000
1422,-0.000
1423,-0.000
1424,-0.000
1425,-766782.573
1426,-1424685.408
1427,-2219129.629
1428,-2718435.554
1429,-2859163.156
1430,-3019375.694
1431,-2988382.820
1432,-2889032.117
1433,-2799820.084
1434,-2641715.332
1435,-951870.699
1436,-715896.466
1437,-0.000
1438,-0.000
1439,-0.000
1440,-0.000
1441,-0.000
1442,-0.000
1443,-0.000
1444,-0.000
1445,-0.000
1446,-0.000
1447,-7323.598
1448,-142199.752
1449,-933006.147
1450,-1592204.556
1451,-2184985.633
1452,-2398229.737
1453,-2331723.479
1454,-2767342.541
1455,-3044766.488
1456,-3040166.007
1457,-2777351.694
1458,-2498051.519
1459,-1051572.998
1460,-735207.852
1461,-0.000
1462,-0.000
1463,-0.000
1464,-0.000
1465,-0.000
1466,-0.000
1467,-0.000
1468,-0.000
1469,-0.000
1470,-0.000
1471,-0.000
1472,-0.000
1473,-349666.022
1474,-899850.059
1475,-1465482.415
1476,-1860870.756
1477,-1920371.309
1478,-1969016.049
1479,-2078201.512
1480,-1862323.029
1481,-1719026.651
1482,-1701188.381
1483,-48035.277
1484,-0.000
1485,-0.000
1486,-0.000
1487,-0.000
1488,-0.000
1489,-0.000
1490,-0.000
1491,-0.000
1492,-0.000
1493,-0.000
1494,-0.000
1495,-0.000
1496,-0.000
1497,-0.000
1498,-0.000
1499,-532553.493
1500,-1143101.911
1501,-1223647.662
1502,-1256620.459
1503,-1259807.217
1504,-1077814.180
1505,-850370.828
1506,-755383.750
1507,-367744.013
1508,-51733.611
1509,-1339.255
1510,-0.000
1511,-0.000
1512,-0.000
1513,-0.000
1514,-0.000
1515,-0.000
1516,-0.000
1517,-0.000
1518,-0.000
1519,-0.000
1520,-176644.612
1521,-1307187.089
1522,-1672502.277
1523,-2282416.891
1524,-2609135.703
1525,-2687217.654
1526,-3301439.854
1527,-3636109.323
1528,-3692093.424
1529,-3583264.859
1530,-3290135.486
1531,-1309902.258
1532,-870838.206
1533,-0.000
1534,-0.000
1535,-0.000
1536,-0.000
1537,-0.000
1538,-0.000
1539,-0.000
1540,-0.000
1541,-0.000
1542,-0.000
1543,-282085.181
1544,-287663.000
1545,-1059227.369
1546,-1486503.290
1547,-1842942.598
1548,-2096451.792
1549,-2052723.639
1550,-2471268.615
1551,-2624383.744
1552,-2437888.612
1553,-2261827.590
1554,-2074299.312
1555,-922094.540
1556,-618668.817
1557,-0.000
1558,-0.000
1559,-0.000
1560,-0.000
1561,-0.000
1562,-0.000
1563,-0.000
1564,-0.000
1565,-0.000
1566,-0.000
1567,-0.000
1568,-7336.276
1569,-608941.665
1570,-1041690.832
1571,-1412399.996
1572,-1641508.007
1573,-1790385.826
1574,-2091940.794
1575,-2435025.507
1576,-2517579.062
1577,-2366418.802
1578,-2043316.131
1579,-705612.720
1580,-254339.936
1581,-0.000
1582,-0.000
1583,-0.000
1584,-0.000
1585,-0.000
1586,-0.000
1587,-0.000
1588,-0.000
1589,-0.000
1590,-0.000
1591,-0.000
1592,-0.000
1593,-0.000
1594,-461229.030
1595,-1245767.593
1596,-1586651.689
1597,-1681403.117
1598,-1965401.592
1599,-2219056.965
1600,-2307946.292
1601,-2334172.155
1602,-2086290.664
1603,-688953.352
1604,-203371.146
1605,-0.000
1606,-0.000
1607,-0.000
1608,-0.000
1609,-0.000
1610,-0.000
1611,-0.000
1612,-0.000
1613,-0.000
1614,-0.000
1615,-0.000
1616,-0.000
1617,-0.000
1618,-302379.797
1619,-1251076.111
1620,-1671810.742
1621,-1758798.634
1622,-2071495.445
1623,-2323336.264
1624,-2407210.288
1625,-2451410.322
1626,-2275241.913
1627,-833732.777
1628,-352243.561
1629,-0.000
1630,-0.000
1631,-0.000
1632,-0.000
1633,-0.000
1634,-0.000
1635,-0.000
1636,-0.000
1637,-0.000
1638,-0.000
1639,-0.000
1640,-0.000
1641,-0.000
1642,-201988.416
1643,-1129514.244
1644,-1481128.315
1645,-1603673.872
1646,-1862810.218
1647,-2023089.591
1648,-1967664.541
1649,-1732531.106
1650,-1373147.015
1651,-0.000
1652,-0.000
1653,-0.000
1654,-0.000
1655,-0.000
1656,-0.000
1657,-0.000
1658,-0.000
1659,-0.000
1660,-0.000
1661,-0.000
1662,-0.000
1663,-0.000
1664,-0.000
1665,-0.000
1666,-0.000
1667,-514474.433
1668,-993028.771
1669,-986570.229
1670,-946451.589
1671,-812905.724
1672,-811457.580
1673,-717230.143
1674,-638769.871
1675,-233393.429
1676,-29334.431
1677,-823.491
1678,-0.000
1679,-0.000
1680,-0.000
1681,-0.000
1682,-0.000
1683,-0.000
1684,-0.000
1685,-0.000
1686,-0.000
1687,-0.000
1688,-0.000
1689,-1194762.398
1690,-1749733.745
1691,-2411552.579
1692,-2939614.529
1693,-2839285.034
1694,-3145328.094
1695,-3284449.367
1696,-3276002.645
1697,-3218474.864
1698,-2830810.486
1699,-1189734.258
1700,-817228.287
1701,-0.000
1702,-0.000
1703,-0.000
1704,-0.000
1705,-0.000
1706,-0.000
1707,-0.000
1708,-0.000
1709,-0.000
1710,-0.000
1711,-363219.673
1712,-383686.672
1713,-1475901.467
1714,-1954679.462
1715,-2587886.680
1716,-3069633.052
1717,-3020608.027
1718,-3301696.259
1719,-3334859.174
1720,-3514995.849
1721,-3411621.724
1722,-3111320.831
1723,-1269681.952
1724,-892101.267
1725,-0.000
1726,-0.000
1727,-0.000
1728,-0.000
1729,-0.000
1730,-0.000
1731,-0.000
1732,-0.000
1733,-0.000
1734,-0.000
1735,-516947.805
1736,-499974.409
1737,-1800110.753
1738,-2046155.737
1739,-2543375.138
1740,-2871755.165
1741,-2976392.631
1742,-3394717.048
1743,-3716344.331
1744,-3633075.597
1745,-3629787.900
1746,-3479873.674
1747,-1401757.560
1748,-860226.115
1749,-0.000
1750,-0.000
1751,-0.000
1752,-0.000
1753,-0.000
1754,-0.000
1755,-0.000
1756,-0.000
1757,-0.000
1758,-0.000
1759,-467186.522
1760,-511993.630
1761,-1846473.482
1762,-2285618.728
1763,-2878986.965
1764,-3168843.992
1765,-3002571.618
1766,-3634992.859
1767,-3968214.525
1768,-3985421.358
1769,-3982932.053
1770,-3665813.613
1771,-1538005.641
1772,-1051133.270
1773,-0.000
1774,-35130.252
1775,-162670.700
1776,-131096.477
1777,-37710.341
1778,-453.925
1779,-0.000
1780,-0.000
1781,-0.000
1782,-0.000
1783,-947538.710
1784,-579408.117
1785,-1710863.364
1786,-1876120.818
1787,-2049584.320
1788,-2173197.091
1789,-2195722.133
1790,-2333854.689
1791,-2408075.924
1792,-2469538.628
1793,-2399130.553
1794,-2485673.694
1795,-1250807.912
1796,-837906.739
1797,-0.000
1798,-0.000
1799,-0.000
1800,-0.000
1801,-0.000
1802,-0.000
1803,-0.000
1804,-0.000
1805,-0.000
1806,-0.000
1807,-0.000
1808,-0.000
1809,-1329062.827
1810,-1410501.172
1811,-1625940.212
1812,-1881947.968
1813,-1950320.743
1814,-2106552.769
1815,-2230197.302
1816,-1950209.538
1817,-2182898.767
1818,-1957518.129
1819,-140587.247
1820,-132111.808
1821,-123683.505
1822,-142770.368
1823,-124676.354
1824,-79707.620
1825,-0.000
1826,-0.000
1827,-0.000
1828,-0.000
1829,-0.000
1830,-0.000
1831,-0.000
1832,-0.000
1833,-0.000
1834,-24172.324
1835,-500267.742
1836,-712820.029
1837,-861614.541
1838,-1184863.265
1839,-1512623.437
1840,-1245474.398
1841,-1124551.952
1842,-1098566.990
1843,-493575.065
1844,-96609.453
1845,-18025.908
1846,-0.000
1847,-0.000
1848,-0.000
1849,-0.000
1850,-0.000
1851,-0.000
1852,-0.000
1853,-0.000
1854,-0.000
1855,-1053485.405
1856,-626405.273
1857,-1941507.013
1858,-2252218.766
1859,-2724975.323
1860,-2942852.741
1861,-2839121.545
1862,-3239570.819
1863,-3683548.904
1864,-3784940.803
1865,-3649619.321
1866,-3383616.486
1867,-1382229.303
1868,-1032436.097
1869,-0.000
1870,-0.000
1871,-130159.469
1872,-127004.387
1873,-61157.978
1874,-30307.367
1875,-16560.882
1876,-17618.257
1877,-3023.597
1878,-0.000
1879,-1499973.289
1880,-747664.774
1881,-2074694.686
1882,-2345158.919
1883,-2698817.380
1884,-2666553.872
1885,-2211215.426
1886,-2544177.887
1887,-2766232.931
1888,-2788021.358
1889,-2586689.762
1890,-2383282.408
1891,-1034020.636
1892,-842771.088
1893,-0.000
1894,-0.000
1895,-0.000
1896,-0.000
1897,-0.000
1898,-0.000
1899,-0.000
1900,-0.000
1901,-0.000
1902,-0.000
1903,-1224166.467
1904,-699110.248
1905,-2058007.760
1906,-2364181.289
1907,-2825883.975
1908,-3040651.867
1909,-2659982.868
1910,-3075988.022
1911,-3229774.602
1912,-3378385.277
1913,-3350006.676
1914,-3199228.909
1915,-1371524.404
1916,-1077679.524
1917,-0.000
1918,-0.000
1919,-124391.883
1920,-120236.567
1921,-28705.729
1922,-25826.042
1923,-45690.728
1924,-62236.681
1925,-46785.649
1926,-36934.761
1927,-1730378.589
1928,-836652.926
1929,-2270553.787
1930,-2490476.423
1931,-2662402.775
1932,-2916541.083
1933,-2618779.608
1934,-2920146.490
1935,-2761449.233
1936,-2775738.629
1937,-2560706.385
1938,-2227336.012
1939,-794258.391
1940,-488731.148
1941,-0.000
1942,-0.000
1943,-0.000
1944,-0.000
1945,-0.000
1946,-0.000
1947,-0.000
1948,-0.000
1949,-0.000
1950,-0.000
1951,-0.000
1952,-0.000
1953,-0.000
1954,-0.000
1955,-0.000
1956,-85852.301
1957,-238418.281
1958,-107844.123
1959,-115740.603
1960,-97797.051
1961,-90749.734
1962,-89923.949
1963,-0.000
1964,-0.000
1965,-0.000
1966,-0.000
1967,-0.000
1968,-0.000
1969,-0.000
1970,-0.000
1971,-0.000
1972,-0.000
1973,-0.000
1974,-0.000
1975,-0.000
1976,-0.000
1977,-0.000
1978,-0.000
1979,-0.000
1980,-0.000
1981,-0.000
1982,-146318.006
1983,-275501.318
1984,-287254.628
1985,-349348.841
1986,-335796.551
1987,-0.000
1988,-0.000
1989,-0.000
1990,-0.000
1991,-0.000
1992,-0.000
1993,-0.000
1994,-0.000
1995,-0.000
1996,-0.000
1997,-0.000
1998,-0.000
1999,-0.000
2000,-0.000
2001,-0.000
2002,-0.000
2003,-0.000
2004,-0.000
2005,-181096.543
2006,-464677.645
2007,-765317.503
2008,-713015.407
2009,-481978.987
2010,-562172.811
2011,-353671.816
2012,-106011.952
2013,-84104.651
2014,-88742.816
2015,-74304.735
2016,-38299.850
2017,-19406.744
2018,-3930.463
2019,-0.000
2020,-0.000
2021,-0.000
2022,-0.000
2023,-1597486.714
2024,-832580.433
2025,-2345197.360
2026,-2482603.192
2027,-2782106.159
2028,-2975207.759
2029,-2830079.231
2030,-3187321.349
2031,-3103011.229
2032,-2908163.310
2033,-2283888.777
2034,-1637712.969
2035,-615791.646
2036,-556476.198
2037,-0.000
2038,-0.000
2039,-0.000
2040,-0.000
2041,-0.000
2042,-0.000
2043,-0.000
2044,-0.000
2045,-0.000
2046,-0.000
2047,-0.000
2048,-203320.691
2049,-1010899.204
2050,-1437447.657
2051,-1702369.828
2052,-1838697.012
2053,-1830216.698
2054,-1953546.093
2055,-2132821.577
2056,-2007535.345
2057,-1573790.545
2058,-1024561.474
2059,-243637.405
2060,-41985.032
2061,-0.000
2062,-0.000
2063,-0.000
2064,-0.000
2065,-0.000
2066,-0.000
2067,-0.000
2068,-0.000
2069,-0.000
2070,-0.000
2071,-0.000
2072,-0.000
2073,-0.000
2074,-115361.642
2075,-360404.886
2076,-411568.989
2077,-463226.744
2078,-396998.682
2079,-535407.516
2080,-841100.686
2081,-852515.614
2082,-799928.628
2083,-274228.097
2084,-15241.492
2085,-0.000
2086,-0.000
2087,-0.000
2088,-0.000
2089,-0.000
2090,-0.000
2091,-0.000
2092,-0.000
2093,-0.000
2094,-0.000
2095,-0.000
2096,-0.000
2097,-0.000
2098,-643711.505
2099,-1155726.389
2100,-1383205.327
2101,-1579531.750
2102,-1649221.011
2103,-1801587.485
2104,-1760131.040
2105,-1531470.515
2106,-1168125.896
2107,-551451.301
2108,-315548.181
2109,-0.000
2110,-0.000
2111,-0.000
2112,-0.000
2113,-0.000
2114,-0.000
2115,-0.000
2116,-0.000
2117,-0.000
2118,-0.000
2119,-0.000
2120,-0.000
2121,-1117637.554
2122,-1395651.118
2123,-1678369.090
2124,-1900490.318
2125,-1924067.535
2126,-2284714.518
2127,-2539570.279
2128,-2516466.431
2129,-2600411.830
2130,-2445330.928
2131,-1117410.690
2132,-856226.385
2133,-0.000
2134,-0.000
2135,-0.000
2136,-0.000
2137,-0.000
2138,-0.000
2139,-0.000
2140,-0.000
2141,-0.000
2142,-0.000
2143,-0.000
2144,-0.000
2145,-1346192.036
2146,-1555428.035
2147,-1873721.852
2148,-2039257.217
2149,-2124305.998
2150,-2257218.362
2151,-2230832.554
2152,-2161617.698
2153,-1965686.188
2154,-1837883.410
2155,-0.000
2156,-153016.334
2157,-166546.811
2158,-98957.661
2159,-17991.474
2160,-0.000
2161,-0.000
2162,-0.000
2163,-0.000
2164,-0.000
2165,-0.000
2166,-0.000
2167,-0.000
2168,-0.000
2169,-0.000
2170,-0.000
2171,-0.000
2172,-0.000
2173,-0.000
2174,-0.000
2175,-0.000
2176,-0.000
2177,-0.000
2178,-0.000
2179,-0.000
2180,-0.000
2181,-0.000
2182,-0.000
2183,-0.000
2184,-0.000
2185,-0.000
2186,-0.000
2187,-0.000
2188,-0.000
2189,-0.000
2190,-0.000
2191,-0.000
2192,-0.000
2193,-0.000
2194,-0.000
2195,-24861.155
2196,-265692.388
2197,-457162.104
2198,-542701.935
2199,-690686.340
2200,-579248.571
2201,-542140.000
2202,-506201.726
2203,-111303.846
2204,-0.000
2205,-0.000
2206,-0.000
2207,-0.000
2208,-0.000
2209,-0.000
2210,-0.000
2211,-0.000
2212,-0.000
2213,-0.000
2214,-0.000
2215,-0.000
2216,-0.000
2217,-47264.916
2218,-758176.505
2219,-1263915.323
2220,-1500968.556
2221,-1544354.394
2222,-1843785.420
2223,-2102536.218
2224,-2196436.421
2225,-2221867.797
2226,-2059066.813
2227,-854305.929
2228,-215861.566
2229,-0.000
2230,-0.000
2231,-0.000
2232,-0.000
2233,-0.000
2234,-0.000
2235,-0.000
2236,-0.000
2237,-0.000
2238,-0.000
2239,-0.000
2240,-0.000
2241,-0.000
2242,-809266.441
2243,-1537790.578
2244,-1762937.930
2245,-1780732.309
2246,-2070720.309
2247,-2295284.039
2248,-2381263.446
2249,-2380813.865
2250,-2218950.108
2251,-1004648.489
2252,-390587.064
2253,-0.000
2254,-0.000
2255,-0.000
2256,-0.000
2257,-0.000
2258,-0.000
2259,-0.000
2260,-0.000
2261,-0.000
2262,-0.000
2263,-0.000
2264,-0.000
2265,-77834.982
2266,-1109582.814
2267,-1950488.973
2268,-2178475.557
2269,-2099628.717
2270,-2496261.542
2271,-2726689.242
2272,-2772804.357
2273,-2736701.108
2274,-2548541.684
2275,-1161848.321
2276,-583844.652
2277,-0.000
2278,-0.000
2279,-0.000
2280,-0.000
2281,-0.000
2282,-0.000
2283,-0.000
2284,-0.000
2285,-0.000
2286,-0.000
2287,-0.000
2288,-0.000
2289,-1053677.824
2290,-1649580.861
2291,-2381858.473
2292,-2709532.727
2293,-2471302.641
2294,-2907775.213
2295,-3116789.540
2296,-3145763.444
2297,-3033376.701
2298,-2709928.840
2299,-1260885.188
2300,-776309.178
2301,-0.000
2302,-0.000
2303,-0.000
2304,-0.000
2305,-0.000
2306,-0.000
2307,-0.000
2308,-0.000
2309,-0.000
2310,-0.000
2311,-0.000
2312,-0.000
2313,-881933.804
2314,-1326741.014
2315,-1867689.835
2316,-1958811.111
2317,-1811430.264
2318,-1840852.769
2319,-2053958.672
2320,-2139693.965
2321,-2105459.424
2322,-1930939.661
2323,-175950.307
2324,-59417.308
2325,-13433.142
2326,-0.000
2327,-0.000
2328,-0.000
2329,-0.000
2330,-0.000
2331,-0.000
2332,-0.000
2333,-0.000
2334,-0.000
2335,-0.000
2336,-0.000
2337,-0.000
2338,-32231.238
2339,-843144.990
2340,-1104899.520
2341,-1059862.131
2342,-1138743.027
2343,-1139630.925
2344,-1217737.645
2345,-1119988.658
2346,-1011415.122
2347,-502824.532
2348,-86223.865
2349,-15469.031
2350,-0.000
2351,-0.000
2352,-0.000
2353,-0.000
2354,-0.000
2355,-0.000
2356,-0.000
2357,-0.000
2358,-0.000
2359,-0.000
2360,-267084.327
2361,-1333412.408
2362,-1766690.878
2363,-2464305.211
2364,-2711300.300
2365,-2467106.439
2366,-2971059.467
2367,-3264103.869
2368,-3315491.184
2369,-3232437.848
2370,-2997231.167
2371,-1362105.148
2372,-763709.664
2373,-0.000
2374,-0.000
2375,-0.000
2376,-0.000
2377,-0.000
2378,-0.000
2379,-0.000
2380,-0.000
2381,-0.000
2382,-0.000
2383,-0.000
2384,-79430.437
2385,-1432789.859
2386,-1859562.349
2387,-2570611.166
2388,-2875527.675
2389,-2558461.738
2390,-2919167.500
2391,-3085837.567
2392,-3125156.124
2393,-3087927.835
2394,-2914222.742
2395,-1353545.827
2396,-763067.460
2397,-0.000
2398,-0.000
2399,-0.000
2400,-0.000
2401,-0.000
2402,-0.000
2403,-0.000
2404,-0.000
2405,-0.000
2406,-0.000
2407,-63558.847
2408,-489947.980
2409,-1794230.063
2410,-2123546.239
2411,-2609198.145
2412,-2858518.881
2413,-2717187.851
2414,-3206063.729
2415,-3423884.694
2416,-3474086.876
2417,-3276807.932
2418,-3106510.891
2419,-1531248.325
2420,-980293.773
2421,-0.000
2422,-0.000
2423,-37408.538
2424,-71382.359
2425,-2039.935
2426,-0.000
2427,-0.000
2428,-0.000
2429,-0.000
2430,-0.000
2431,-736211.707
2432,-796194.985
2433,-2319497.884
2434,-2548359.688
2435,-2916027.407
2436,-3064306.301
2437,-2774733.514
2438,-3266708.200
2439,-3539535.201
2440,-3634400.042
2441,-3530629.945
2442,-3432376.159
2443,-1729027.055
2444,-1082412.050
2445,-0.000
2446,-37042.462
2447,-159814.830
2448,-158361.020
2449,-89956.263
2450,-35575.004
2451,-1004.250
2452,-0.000
2453,-0.000
2454,-0.000
2455,-1633186.431
2456,-894758.913
2457,-2393809.931
2458,-2521948.384
2459,-2790989.962
2460,-3006160.878
2461,-2673255.319
2462,-2996535.312
2463,-3188951.206
2464,-3387959.510
2465,-3388199.174
2466,-3271493.359
2467,-1645079.798
2468,-932212.754
2469,-0.000
2470,-0.000
2471,-6403.431
2472,-17289.670
2473,-0.000
2474,-0.000
2475,-0.000
2476,-0.000
2477,-0.000
2478,-0.000
2479,-0.000
2480,-0.000
2481,-1005103.464
2482,-1378204.255
2483,-1708336.757
2484,-1736142.509
2485,-1743662.202
2486,-1996480.953
2487,-2199500.976
2488,-2229149.218
2489,-2223539.716
2490,-2208822.497
2491,-376374.626
2492,-176287.974
2493,-131134.290
2494,-109332.161
2495,-83057.140
2496,-49275.784
2497,-0.000
2498,-0.000
2499,-0.000
2500,-0.000
2501,-0.000
2502,-0.000
2503,-0.000
2504,-0.000
2505,-0.000
2506,-0.000
2507,-342987.783
2508,-688999.678
2509,-953781.129
2510,-1065184.939
2511,-1058851.176
2512,-1074991.235
2513,-955382.387
2514,-754064.554
2515,-496856.221
2516,-180124.671
2517,-120355.983
2518,-99467.538
2519,-71394.408
2520,-17950.162
2521,-5653.454
2522,-281.919
2523,-0.000
2524,-0.000
2525,-0.000
2526,-0.000
2527,-1005813.839
2528,-531629.602
2529,-1518085.407
2530,-1628970.221
2531,-1757650.763
2532,-1866255.095
2533,-1845808.035
2534,-2084221.475
2535,-1974323.582
2536,-1684512.618
2537,-1526291.841
2538,-1463558.937
2539,-586438.790
2540,-388928.191
2541,-0.000
2542,-0.000
2543,-0.000
2544,-0.000
2545,-0.000
2546,-0.000
2547,-0.000
2548,-0.000
2549,-0.000
2550,-0.000
2551,-0.000
2552,-0.000
2553,-521425.749
2554,-1019023.104
2555,-1494404.367
2556,-1786515.797
2557,-1913814.582
2558,-2156280.236
2559,-2165497.558
2560,-1839200.745
2561,-1536131.214
2562,-1452310.234
2563,-633019.342
2564,-373857.157
2565,-0.000
2566,-0.000
2567,-0.000
2568,-0.000
2569,-0.000
2570,-0.000
2571,-0.000
2572,-0.000
2573,-0.000
2574,-0.000
2575,-0.000
2576,-0.000
2577,-431060.979
2578,-743230.111
2579,-890513.861
2580,-963387.719
2581,-1014693.552
2582,-1089422.017
2583,-1026505.538
2584,-942003.838
2585,-816782.386
2586,-752952.740
2587,-286078.321
2588,-154466.200
2589,-0.000
2590,-0.000
2591,-0.000
2592,-0.000
2593,-0.000
2594,-0.000
2595,-0.000
2596,-0.000
2597,-0.000
2598,-0.000
2599,-0.000
2600,-0.000
2601,-45796.422
2602,-465918.850
2603,-642541.201
2604,-597733.805
2605,-554228.228
2606,-547697.196
2607,-606848.366
2608,-698732.554
2609,-880071.662
2610,-773437.493
2611,-308013.263
2612,-204569.128
2613,-0.000
2614,-0.000
2615,-0.000
2616,-0.000
2617,-0.000
2618,-0.000
2619,-0.000
2620,-0.000
2621,-0.000
2622,-0.000
2623,-0.000
2624,-0.000
2625,-671660.331
2626,-1269832.650
2627,-1685956.031
2628,-1851085.659
2629,-1837559.375
2630,-2082937.681
2631,-2272322.879
2632,-2124363.003
2633,-1887467.139
2634,-1767498.500
2635,-844447.215
2636,-581797.788
2637,-0.000
2638,-0.000
2639,-0.000
2640,-0.000
2641,-0.000
2642,-0.000
2643,-0.000
2644,-0.000
2645,-0.000
2646,-0.000
2647,-0.000
2648,-0.000
2649,-825272.394
2650,-1416614.148
2651,-1695416.930
2652,-1878551.665
2653,-1949497.156
2654,-2111470.216
2655,-2089132.397
2656,-2127226.187
2657,-1992799.449
2658,-1797862.293
2659,-116089.506
2660,-141552.803
2661,-141385.362
2662,-132067.225
2663,-111368.971
2664,-70602.359
2665,-0.000
2666,-0.000
2667,-0.000
2668,-0.000
2669,-0.000
2670,-0.000
2671,-0.000
2672,-0.000
2673,-84930.953
2674,-511689.193
2675,-870950.468
2676,-956380.168
2677,-1029892.419
2678,-1111391.468
2679,-1186701.005
2680,-1147057.753
2681,-1297226.019
2682,-1179985.079
2683,-745980.285
2684,-216546.620
2685,-174843.653
2686,-153399.454
2687,-112496.196
2688,-68202.890
2689,-25849.371
2690,-11533.993
2691,-46694.091
2692,-69853.699
2693,-66554.180
2694,-56665.894
2695,-1855260.565
2696,-1023801.705
2697,-2689952.215
2698,-2945919.498
2699,-3273967.865
2700,-3419920.016
2701,-3005288.626
2702,-3367584.652
2703,-3520269.464
2704,-3507307.572
2705,-3438656.640
2706,-3405530.886
2707,-1663592.399
2708,-1104881.165
2709,-0.000
2710,-0.000
2711,-149352.687
2712,-162010.818
2713,-101631.222
2714,-65979.655
2715,-35586.341
2716,-43473.572
2717,-51050.337
2718,-54075.818
2719,-1886820.498
2720,-1041455.319
2721,-2769791.697
2722,-2969039.784
2723,-3357997.641
2724,-3520272.760
2725,-3169670.034
2726,-3730543.588
2727,-3615987.320
2728,-3551972.375
2729,-3660592.832
2730,-3921563.339
2731,-1811721.781
2732,-1273761.050
2733,-0.000
2734,-82323.474
2735,-243453.426
2736,-271760.305
2737,-220481.945
2738,-225281.044
2739,-229460.285
2740,-224387.371
2741,-208553.594
2742,-190781.604
2743,-2000005.075
2744,-1200668.157
2745,-3118827.877
2746,-3308324.014
2747,-3488595.952
2748,-3508091.532
2749,-3117816.647
2750,-3628803.691
2751,-3785771.105
2752,-3751955.420
2753,-3792053.981
2754,-3786579.369
2755,-1889190.727
2756,-1328646.910
2757,-0.000
2758,-285679.360
2759,-378962.568
2760,-388450.344
2761,-337850.715
2762,-318075.958
2763,-310216.036
2764,-307390.146
2765,-286786.341
2766,-275544.172
2767,-2024917.681
2768,-1244704.624
2769,-3205811.040
2770,-3409258.213
2771,-3544202.343
2772,-3517073.148
2773,-3053412.140
2774,-3661404.331
2775,-3854220.377
2776,-3888262.079
2777,-3724208.378
2778,-3614560.970
2779,-1775764.957
2780,-1336465.188
2781,-0.000
2782,-206640.013
2783,-338223.642
2784,-344937.859
2785,-292256.739
2786,-273651.833
2787,-269066.882
2788,-273261.231
2789,-264144.909
2790,-258481.420
2791,-2080728.904
2792,-1308677.229
2793,-3366214.073
2794,-3586294.208
2795,-3645621.264
2796,-3688980.699
2797,-3249109.730
2798,-3754413.724
2799,-3886509.500
2800,-3945073.710
2801,-3903323.264
2802,-3971121.138
2803,-2116223.373
2804,-1309253.078
2805,-0.000
2806,-313093.564
2807,-355796.225
2808,-348991.577
2809,-282839.966
2810,-267537.953
2811,-288497.266
2812,-311401.605
2813,-309793.523
2814,-309343.762
2815,-351439.605
2816,-495724.806
2817,-2595367.177
2818,-2377810.854
2819,-2559366.137
2820,-2686285.601
2821,-2686571.793
2822,-2672124.741
2823,-2763185.994
2824,-2660252.138
2825,-2549783.678
2826,-2637510.737
2827,-561868.264
2828,-439051.531
2829,-431834.476
2830,-417535.030
2831,-366733.728
2832,-319845.618
2833,-239011.450
2834,-209700.366
2835,-187174.803
2836,-174599.222
2837,-140852.152
2838,-135266.537
2839,-191634.646
2840,-443533.814
2841,-871351.604
2842,-1118363.263
2843,-1261761.168
2844,-1288071.841
2845,-1191749.455
2846,-1277364.459
2847,-1199773.811
2848,-1212240.475
2849,-1038140.510
2850,-851520.322
2851,-532091.852
2852,-213122.640
2853,-188236.083
2854,-181229.924
2855,-155817.291
2856,-125404.001
2857,-121434.318
2858,-104660.356
2859,-89396.419
2860,-80138.457
2861,-38907.181
2862,-5264.911
2863,-1366194.403
2864,-800974.453
2865,-2135881.907
2866,-2399979.123
2867,-2681167.242
2868,-2935455.772
2869,-2734769.764
2870,-3186011.224
2871,-3219250.992
2872,-3084138.288
2873,-3050058.579
2874,-2801087.474
2875,-1192862.936
2876,-968693.761
2877,-0.000
2878,-0.000
2879,-0.000
2880,-0.000
2881,-0.000
2882,-0.000
2883,-0.000
2884,-0.000
2885,-0.000
2886,-0.000
2887,-0.000
2888,-0.000
2889,-443520.210
2890,-689103.366
2891,-750634.765
2892,-770753.005
2893,-736391.166
2894,-747831.436
2895,-736227.442
2896,-698685.431
2897,-611719.092
2898,-567825.589
2899,-101990.153
2900,-0.000
2901,-0.000
2902,-0.000
2903,-0.000
2904,-0.000
2905,-0.000
2906,-0.000
2907,-0.000
2908,-0.000
2909,-0.000
2910,-0.000
2911,-0.000
2912,-0.000
2913,-0.000
2914,-325652.740
2915,-756873.465
2916,-1004700.531
2917,-1141821.578
2918,-1444573.821
2919,-1812743.350
2920,-1992614.204
2921,-2042046.017
2922,-1818281.758
2923,-924570.541
2924,-489791.662
2925,-0.000
2926,-0.000
2927,-0.000
2928,-0.000
2929,-0.000
2930,-0.000
2931,-0.000
2932,-0.000
2933,-0.000
2934,-0.000
2935,-0.000
2936,-0.000
2937,-928958.980
2938,-1401045.649
2939,-1687760.994
2940,-1835841.065
2941,-1791209.820
2942,-2166122.767
2943,-2432817.122
2944,-2542503.984
2945,-2637806.457
2946,-2808532.077
2947,-1482307.469
2948,-670135.556
2949,-0.000
2950,-0.000
2951,-0.000
2952,-0.000
2953,-0.000
2954,-0.000
2955,-0.000
2956,-0.000
2957,-0.000
2958,-0.000
2959,-0.000
2960,-229412.756
2961,-1509595.524
2962,-1804756.787
2963,-2311158.486
2964,-2542440.111
2965,-2277400.464
2966,-2718124.178
2967,-2936722.569
2968,-2935489.055
2969,-2883227.920
2970,-2996874.025
2971,-1484215.849
2972,-814268.858
2973,-0.000
2974,-0.000
2975,-0.000
2976,-0.000
2977,-0.000
2978,-0.000
2979,-0.000
2980,-0.000
2981,-0.000
2982,-0.000
2983,-0.000
2984,-0.000
2985,-1246598.213
2986,-1545257.996
2987,-1778574.302
2988,-1881328.918
2989,-1894578.194
2990,-2127879.170
2991,-2177717.635
2992,-2213974.052
2993,-2181529.698
2994,-2199638.091
2995,-311165.971
2996,-253965.790
2997,-227944.737
2998,-210413.811
2999,-149704.064
3000,-72909.856
3001,-0.000
3002,-0.000
3003,-0.000
3004,-0.000
3005,-0.000
3006,-0.000
3007,-0.000
3008,-0.000
3009,-294165.903
3010,-800286.901
3011,-985716.750
3012,-994006.930
3013,-1035255.927
3014,-1269098.171
3015,-1273877.372
3016,-1251264.065
3017,-1249216.058
3018,-1183125.783
3019,-831170.680
3020,-280066.621
3021,-210166.630
3022,-201740.793
3023,-178051.727
3024,-141437.183
3025,-123881.925
3026,-91362.381
3027,-47025.396
3028,-13183.625
3029,-532.709
3030,-0.000
3031,-1615984.487
3032,-916435.004
3033,-2331105.111
3034,-2424549.470
3035,-2570775.945
3036,-2580447.754
3037,-2378877.160
3038,-2618686.942
3039,-2489047.276
3040,-2398177.424
3041,-2351878.570
3042,-2378228.776
3043,-1110322.934
3044,-890600.102
3045,-0.000
3046,-0.000
3047,-0.000
3048,-0.000
3049,-0.000
3050,-0.000
3051,-0.000
3052,-0.000
3053,-0.000
3054,-0.000
3055,-747702.560
3056,-869651.680
3057,-2516337.724
3058,-2660452.461
3059,-2634459.001
3060,-2500036.483
3061,-2142008.775
3062,-2277266.221
3063,-2344427.105
3064,-2405536.601
3065,-2448455.695
3066,-2451005.503
3067,-1159570.261
3068,-840187.828
3069,-0.000
3070,-0.000
3071,-0.000
3072,-0.000
3073,-0.000
3074,-0.000
3075,-0.000
3076,-0.000
3077,-0.000
3078,-0.000
3079,-746314.938
3080,-794001.739
3081,-2333799.140
3082,-2326547.785
3083,-2599334.564
3084,-2777116.924
3085,-2460598.177
3086,-3005379.840
3087,-3222740.157
3088,-3425674.813
3089,-3540832.003
3090,-3450111.085
3091,-1637846.553
3092,-1076898.168
3093,-0.000
3094,-0.000
3095,-66929.784
3096,-144512.396
3097,-73250.117
3098,-33340.163
3099,-10140.805
3100,-793.270
3101,-0.000
3102,-0.000
3103,-1551133.587
3104,-888271.950
3105,-2457737.478
3106,-2744888.157
3107,-2805235.307
3108,-2768557.536
3109,-2503770.824
3110,-3028808.635
3111,-3193183.633
3112,-3335632.050
3113,-3160598.224
3114,-2894006.676
3115,-1237277.039
3116,-1105239.725
3117,-0.000
3118,-0.000
3119,-0.000
3120,-51794.661
3121,-25164.439
3122,-14908.001
3123,-13142.027
3124,-12958.393
3125,-366.983
3126,-0.000
3127,-1772835.117
3128,-929219.649
3129,-2479033.766
3130,-2501802.086
3131,-2589243.681
3132,-2721913.977
3133,-2393456.598
3134,-2811448.355
3135,-2778348.769
3136,-2808958.050
3137,-2759943.858
3138,-2799331.495
3139,-1208958.369
3140,-1021832.696
3141,-0.000
3142,-0.000
3143,-0.000
3144,-0.000
3145,-0.000
3146,-0.000
3147,-0.000
3148,-0.000
3149,-0.000
3150,-0.000
3151,-0.000
3152,-0.000
3153,-1550111.126
3154,-1537573.730
3155,-1598435.132
3156,-1580724.945
3157,-1436468.675
3158,-1423157.676
3159,-1467159.198
3160,-1408309.612
3161,-1359330.913
3162,-1345583.993
3163,-0.000
3164,-0.000
3165,-0.000
3166,-0.000
3167,-0.000
3168,-0.000
3169,-0.000
3170,-0.000
3171,-0.000
3172,-0.000
3173,-0.000
3174,-0.000
3175,-0.000
3176,-0.000
3177,-0.000
3178,-0.000
3179,-114874.050
3180,-183911.759
3181,-203235.739
3182,-139694.518
3183,-145439.954
3184,-182411.512
3185,-164726.423
3186,-49329.029
3187,-0.000
3188,-0.000
3189,-0.000
3190,-0.000
3191,-0.000
3192,-0.000
3193,-0.000
3194,-0.000
3195,-0.000
3196,-0.000
3197,-0.000
3198,-0.000
3199,-537245.108
3200,-547723.548
3201,-1984337.103
3202,-2124855.838
3203,-2503064.748
3204,-2767643.594
3205,-2559851.430
3206,-2962820.479
3207,-2923794.190
3208,-2800664.974
3209,-2706509.119
3210,-2657352.017
3211,-1189828.445
3212,-891822.826
3213,-0.000
3214,-0.000
3215,-0.000
3216,-0.000
3217,-0.000
3218,-0.000
3219,-0.000
3220,-0.000
3221,-0.000
3222,-0.000
3223,-655041.007
3224,-585430.365
3225,-1671095.402
3226,-1707870.504
3227,-1777359.765
3228,-1910287.277
3229,-1801967.124
3230,-1943094.220
3231,-1887407.043
3232,-1905452.556
3233,-1762245.502
3234,-1626981.868
3235,-577193.259
3236,-415816.129
3237,-0.000
3238,-0.000
3239,-0.000
3240,-0.000
3241,-0.000
3242,-0.000
3243,-0.000
3244,-0.000
3245,-0.000
3246,-0.000
3247,-0.000
3248,-0.000
3249,-618733.855
3250,-870181.832
3251,-1022742.072
3252,-1196603.850
3253,-1428809.305
3254,-1689590.668
3255,-1934251.015
3256,-1959448.037
3257,-2153111.768
3258,-2202028.754
3259,-1049339.028
3260,-530701.121
3261,-0.000
3262,-0.000
3263,-0.000
3264,-0.000
3265,-0.000
3266,-0.000
3267,-0.000
3268,-0.000
3269,-0.000
3270,-0.000
3271,-0.000
3272,-0.000
3273,-1204178.869
3274,-1630513.555
3275,-2043855.007
3276,-2084393.354
3277,-1930895.208
3278,-2351131.199
3279,-2653153.666
3280,-2850739.177
3281,-3011819.546
3282,-3148620.701
3283,-1588580.522
3284,-750813.042
3285,-0.000
3286,-0.000
3287,-0.000
3288,-0.000
3289,-0.000
3290,-0.000
3291,-0.000
3292,-0.000
3293,-0.000
3294,-0.000
3295,-51210.416
3296,-634911.739
3297,-1858521.469
3298,-2026383.177
3299,-2411246.020
3300,-2612272.249
3301,-2484064.226
3302,-2806469.455
3303,-2901960.658
3304,-2908512.297
3305,-2988191.995
3306,-3015659.527
3307,-1502363.877
3308,-895712.594
3309,-0.000
3310,-0.000
3311,-0.000
3312,-0.000
3313,-0.000
3314,-0.000
3315,-0.000
3316,-0.000
3317,-0.000
3318,-0.000
3319,-0.000
3320,-0.000
3321,-1304454.316
3322,-1209812.312
3323,-1528341.390
3324,-1850659.538
3325,-1887587.483
3326,-1953248.854
3327,-2148393.265
3328,-2293777.543
3329,-2425359.065
3330,-2552142.065
3331,-589015.080
3332,-315160.391
3333,-301942.924
3334,-278026.659
3335,-224008.267
3336,-184465.372
3337,-135328.540
3338,-112551.424
3339,-93560.646
3340,-71228.328
3341,-14785.154
3342,-0.000
3343,-40512.658
3344,-373952.552
3345,-733866.298
3346,-910075.851
3347,-996016.314
3348,-1008681.682
3349,-997536.397
3350,-1161589.361
3351,-1309331.312
3352,-1368958.264
3353,-1434760.856
3354,-1430684.582
3355,-1019513.262
3356,-366902.755
3357,-301081.934
3358,-288326.525
3359,-277715.805
3360,-264509.476
3361,-242756.567
3362,-212899.930
3363,-194438.203
3364,-173791.329
3365,-142491.688
3366,-126171.441
3367,-1797464.290
3368,-1116596.004
3369,-2931495.444
3370,-3206019.017
3371,-3349233.250
3372,-3380454.774
3373,-2989409.930
3374,-3460397.602
3375,-3471024.226
3376,-3423670.223
3377,-3372675.271
3378,-3197328.028
3379,-1539766.757
3380,-1080769.695
3381,-0.000
3382,-0.000
3383,-66963.630
3384,-166522.189
3385,-112995.847
3386,-74176.943
3387,-34958.329
3388,-5363.020
3389,-0.000
3390,-0.000
3391,-1366140.165
3392,-791502.315
3393,-2205342.890
3394,-2344682.137
3395,-2507635.515
3396,-2612734.726
3397,-2384238.598
3398,-2998698.687
3399,-3156359.022
3400,-3088865.405
3401,-2980581.669
3402,-2798895.798
3403,-1456614.703
3404,-1072185.560
3405,-0.000
3406,-0.000
3407,-5731.857
3408,-109642.663
3409,-29673.123
3410,-1173.795
3411,-0.000
3412,-0.000
3413,-0.000
3414,-0.000
3415,-1578598.907
3416,-859998.069
3417,-2272482.322
3418,-2302096.424
3419,-2478928.217
3420,-2667513.022
3421,-2483738.589
3422,-2972134.944
3423,-3060167.851
3424,-2906294.263
3425,-2962610.570
3426,-2859023.536
3427,-1343315.105
3428,-1058180.311
3429,-0.000
3430,-0.000
3431,-53601.261
3432,-138822.404
3433,-77982.518
3434,-60865.677
3435,-59277.582
3436,-54025.778
3437,-45931.992
3438,-39217.112
3439,-1854755.762
3440,-1013199.141
3441,-2689808.261
3442,-2922984.765
3443,-3056289.061
3444,-3195120.501
3445,-2982116.359
3446,-3483180.433
3447,-3687637.169
3448,-3585140.809
3449,-3625301.297
3450,-3517001.193
3451,-1668094.951
3452,-1298363.594
3453,-0.000
3454,-59821.146
3455,-239369.127
3456,-248389.491
3457,-196800.005
3458,-195844.850
3459,-190753.529
3460,-191058.872
3461,-188003.629
3462,-180176.099
3463,-2043747.414
3464,-1156230.695
3465,-2960485.158
3466,-3005402.402
3467,-3167943.160
3468,-3280835.680
3469,-2969832.528
3470,-3535592.119
3471,-3456356.296
3472,-3618291.538
3473,-3692256.283
3474,-3724662.166
3475,-2007305.240
3476,-1373930.097
3477,-0.000
3478,-151702.105
3479,-310217.093
3480,-311921.124
3481,-244991.364
3482,-223848.375
3483,-203893.814
3484,-201778.694
3485,-192638.884
3486,-174224.050
3487,-213962.216
3488,-405656.030
3489,-2525078.397
3490,-2052440.466
3491,-2083978.088
3492,-2187139.967
3493,-2277364.606
3494,-2454401.842
3495,-2588899.150
3496,-2670236.574
3497,-2478138.947
3498,-2385989.735
3499,-308673.618
3500,-369570.866
3501,-368416.235
3502,-368060.509
3503,-353826.154
3504,-340665.808
3505,-261705.918
3506,-230647.462
3507,-235405.487
3508,-250069.633
3509,-243354.986
3510,-233672.933
3511,-247415.760
3512,-282868.243
3513,-478276.941
3514,-712643.725
3515,-1033832.851
3516,-1136870.628
3517,-1062973.565
3518,-961831.584
3519,-731809.175
3520,-743569.199
3521,-619462.371
3522,-465424.681
3523,-327904.099
3524,-218219.181
3525,-206798.300
3526,-206452.212
3527,-216096.696
3528,-221919.624
3529,-218986.968
3530,-206332.250
3531,-199388.430
3532,-201496.560
3533,-181822.462
3534,-173376.911
3535,-2164625.309
3536,-1268456.201
3537,-3286926.629
3538,-3368718.402
3539,-3896274.746
3540,-3977906.954
3541,-3314091.866
3542,-3807267.222
3543,-4017384.304
3544,-4208695.497
3545,-4079280.455
3546,-3943138.068
3547,-2053497.012
3548,-1437385.002
3549,-0.000
3550,-300309.924
3551,-381131.699
3552,-386696.660
3553,-314851.104
3554,-306351.187
3555,-303773.557
3556,-296559.415
3557,-274971.065
3558,-264390.735
3559,-2179240.786
3560,-1445713.018
3561,-3585652.588
3562,-3833759.775
3563,-4070036.371
3564,-4132469.473
3565,-3606307.649
3566,-4187468.638
3567,-4231136.661
3568,-4332773.887
3569,-4202883.467
3570,-4039810.934
3571,-2106346.265
3572,-1520237.411
3573,-0.000
3574,-362992.713
3575,-430440.526
3576,-409411.989
3577,-326788.191
3578,-298896.052
3579,-278419.825
3580,-278397.885
3581,-279459.812
3582,-257017.494
3583,-2199757.447
3584,-1511261.033
3585,-3737639.650
3586,-3755513.889
3587,-3897654.255
3588,-3930745.424
3589,-3380742.761
3590,-4029523.193
3591,-3986520.733
3592,-4137478.190
3593,-4182354.967
3594,-4303221.079
3595,-2187443.121
3596,-1463626.877
3597,-0.000
3598,-353851.898
3599,-422522.590
3600,-427658.254
3601,-352723.200
3602,-328941.508
3603,-295183.242
3604,-269064.166
3605,-257965.257
3606,-254165.537
3607,-2139736.486
3608,-1445121.203
3609,-3654557.771
3610,-3792953.849
3611,-3845021.105
3612,-3718728.317
3613,-3255530.115
3614,-3830086.396
3615,-4075846.203
3616,-3817457.154
3617,-3572520.325
3618,-3591151.585
3619,-1993625.353
3620,-1388596.818
3621,-0.000
3622,-147099.952
3623,-337526.017
3624,-366774.030
3625,-314371.334
3626,-292120.529
3627,-281040.219
3628,-285961.440
3629,-279279.126
3630,-268489.440
3631,-2179001.628
3632,-1437956.772
3633,-3639440.153
3634,-3911320.859
3635,-4099076.594
3636,-4016782.715
3637,-3507083.751
3638,-4129535.258
3639,-4317705.478
3640,-4179665.119
3641,-3904190.343
3642,-3829699.538
3643,-1831699.784
3644,-1386782.881
3645,-0.000
3646,-190657.344
3647,-348922.244
3648,-368416.451
3649,-308424.049
3650,-286879.016
3651,-268070.999
3652,-258900.530
3653,-249240.826
3654,-243266.967
3655,-306840.065
3656,-526816.747
3657,-2709820.054
3658,-2354496.316
3659,-2472047.544
3660,-2430147.251
3661,-2199637.252
3662,-2433427.470
3663,-2395193.715
3664,-2478204.549
3665,-2313029.080
3666,-2416613.774
3667,-426566.047
3668,-377460.897
3669,-382035.057
3670,-393966.784
3671,-407621.458
3672,-391051.796
3673,-311883.795
3674,-336429.724
3675,-332241.820
3676,-329059.195
3677,-328202.822
3678,-326404.843
3679,-366163.937
3680,-555770.266
3681,-903710.960
3682,-1116250.508
3683,-1201819.353
3684,-1252703.066
3685,-994981.896
3686,-1130311.270
3687,-904785.991
3688,-914222.398
3689,-987319.529
3690,-953770.276
3691,-690108.254
3692,-378631.515
3693,-351601.478
3694,-346533.495
3695,-357032.546
3696,-370389.085
3697,-378681.130
3698,-378412.875
3699,-370929.301
3700,-375609.611
3701,-375144.909
3702,-366201.851
3703,-1825097.223
3704,-1398681.329
3705,-3614036.639
3706,-3849104.701
3707,-4038177.767
3708,-3965028.889
3709,-3426634.827
3710,-4341141.698
3711,-4181131.171
3712,-4239994.508
3713,-4170286.241
3714,-4182342.687
3715,-2074294.332
3716,-1555692.334
3717,-0.000
3718,-407234.598
3719,-479932.241
3720,-487565.642
3721,-417203.130
3722,-399926.016
3723,-354499.290
3724,-338024.273
3725,-367536.893
3726,-356637.115
3727,-1789219.877
3728,-1408523.972
3729,-3506851.979
3730,-3716836.883
3731,-4141097.662
3732,-4247001.529
3733,-3752497.492
3734,-4438035.117
3735,-4542822.240
3736,-4486471.929
3737,-4430219.852
3738,-4182630.957
3739,-1893231.481
3740,-1560972.775
3741,-0.000
3742,-396742.006
3743,-496533.019
3744,-446531.310
3745,-383145.407
3746,-377475.826
3747,-346624.906
3748,-298492.023
3749,-305399.192
3750,-337295.461
3751,-1735115.521
3752,-1369189.330
3753,-3546732.382
3754,-3751184.417
3755,-3926389.971
3756,-4028390.469
3757,-3484719.365
3758,-3962708.875
3759,-3889139.707
3760,-3641109.344
3761,-3349299.138
3762,-3219142.712
3763,-1448427.710
3764,-1253302.537
3765,-0.000
3766,-0.000
3767,-181901.151
3768,-251074.261
3769,-187628.773
3770,-161871.070
3771,-118967.954
3772,-116024.657
3773,-118006.914
3774,-57909.604
3775,-1945769.816
3776,-1108470.573
3777,-2985660.899
3778,-3229929.780
3779,-3498850.231
3780,-3521520.410
3781,-2987339.924
3782,-3414355.907
3783,-3244998.107
3784,-3245011.951
3785,-3015254.352
3786,-2916950.481
3787,-1288472.877
3788,-1122993.776
3789,-0.000
3790,-0.000
3791,-84911.004
3792,-203008.641
3793,-110332.380
3794,-57411.191
3795,-49610.876
3796,-47903.292
3797,-78493.434
3798,-60823.988
3799,-1806884.349
3800,-984485.869
3801,-2582766.554
3802,-2597476.759
3803,-2659681.309
3804,-2709261.463
3805,-2334451.391
3806,-2901828.312
3807,-3162046.168
3808,-3115121.114
3809,-3148424.749
3810,-3055885.805
3811,-1335393.202
3812,-1167614.438
3813,-0.000
3814,-0.000
3815,-155143.551
3816,-222197.314
3817,-174798.852
3818,-105344.479
3819,-107604.005
3820,-156399.683
3821,-157753.116
3822,-139725.083
3823,-137782.296
3824,-186943.460
3825,-2074794.965
3826,-1749210.727
3827,-1803023.415
3828,-1867062.850
3829,-1848598.013
3830,-1896417.908
3831,-1987694.200
3832,-2011666.160
3833,-1903468.360
3834,-2043850.802
3835,-37514.098
3836,-271637.360
3837,-298484.780
3838,-297073.962
3839,-241816.327
3840,-229821.137
3841,-162750.275
3842,-167158.314
3843,-169282.907
3844,-166942.963
3845,-157476.564
3846,-152173.403
3847,-216071.484
3848,-559548.084
3849,-975451.676
3850,-1079015.630
3851,-1138902.673
3852,-963638.168
3853,-967227.980
3854,-1217026.589
3855,-1367448.323
3856,-956370.960
3857,-788327.251
3858,-569556.727
3859,-471627.397
3860,-293484.928
3861,-258732.616
3862,-260648.098
3863,-248783.839
3864,-230081.252
3865,-228154.214
3866,-224908.397
3867,-223722.141
3868,-215181.389
3869,-202745.132
3870,-196791.048
3871,-2126641.965
3872,-1251395.542
3873,-3086008.628
3874,-3064420.872
3875,-3313140.397
3876,-3506179.784
3877,-3251473.650
3878,-3751451.553
3879,-3512081.481
3880,-3089675.374
3881,-3106468.015
3882,-3157790.149
3883,-1547840.959
3884,-1278198.246
3885,-0.000
3886,-31703.942
3887,-240848.431
3888,-251355.680
3889,-159823.481
3890,-130961.408
3891,-120646.284
3892,-120891.327
3893,-146894.681
3894,-166042.767
3895,-2128676.320
3896,-1223374.082
3897,-3152079.453
3898,-3272417.705
3899,-3748264.812
3900,-4090795.812
3901,-3441139.932
3902,-3962776.901
3903,-3821459.900
3904,-3415752.928
3905,-3346597.241
3906,-3412534.212
3907,-1610768.141
3908,-1388536.377
3909,-0.000
3910,-65759.885
3911,-297150.897
3912,-341419.893
3913,-292713.141
3914,-289011.707
3915,-288676.899
3916,-288590.215
3917,-279455.824
3918,-263697.057
3919,-2219493.601
3920,-1276889.860
3921,-3209573.081
3922,-3307457.156
3923,-3442709.257
3924,-3609343.739
3925,-3203903.607
3926,-3940532.438
3927,-4045787.913
3928,-4133200.550
3929,-3548080.589
3930,-3224133.744
3931,-1545660.416
3932,-1337688.120
3933,-0.000
3934,-31515.409
3935,-265124.013
3936,-301390.789
3937,-228596.229
3938,-187148.487
3939,-189252.950
3940,-204624.782
3941,-197524.320
3942,-200346.003
3943,-2085199.033
3944,-1107501.883
3945,-2850464.781
3946,-2960968.551
3947,-3063430.293
3948,-3157827.246
3949,-2638340.086
3950,-2967624.067
3951,-2952526.383
3952,-2932098.159
3953,-2767411.513
3954,-2704509.660
3955,-1256931.654
3956,-1150697.122
3957,-0.000
3958,-0.000
3959,-77601.168
3960,-181246.351
3961,-130639.291
3962,-107692.897
3963,-99093.799
3964,-106039.602
3965,-116767.688
3966,-100143.895
3967,-2023613.646
3968,-1070753.616
3969,-2842385.018
3970,-2958559.701
3971,-3134766.364
3972,-3192108.743
3973,-2833310.004
3974,-3574231.059
3975,-3611956.960
3976,-3833457.046
3977,-3391574.528
3978,-3099569.603
3979,-1303132.864
3980,-1125088.553
3981,-0.000
3982,-0.000
3983,-0.000
3984,-77584.888
3985,-78577.025
3986,-68992.900
3987,-67952.148
3988,-64188.124
3989,-62037.563
3990,-56792.920
3991,-106409.788
3992,-298002.716
3993,-2412043.132
3994,-2014334.517
3995,-2095322.191
3996,-2317003.567
3997,-2251619.934
3998,-2289714.085
3999,-2384254.774
4000,-2141448.473
4001,-1915296.595
4002,-1805983.698
4003,-82183.148
4004,-277799.414
4005,-310513.543
4006,-328957.155
4007,-336159.144
4008,-337534.339
4009,-259814.549
4010,-239364.515
4011,-233646.097
4012,-238981.125
4013,-254557.085
4014,-262562.439
4015,-278979.608
4016,-370204.205
4017,-484090.937
4018,-506563.796
4019,-614729.115
4020,-705082.271
4021,-819169.779
4022,-894171.155
4023,-883200.533
4024,-770437.695
4025,-612135.243
4026,-483020.358
4027,-397775.228
4028,-325731.947
4029,-323781.162
4030,-329172.584
4031,-320379.715
4032,-298889.403
4033,-285807.027
4034,-274301.491
4035,-272036.846
4036,-283867.899
4037,-297802.382
4038,-301691.341
4039,-2210400.053
4040,-1251682.734
4041,-3212001.183
4042,-3489629.919
4043,-3801515.537
4044,-3986536.055
4045,-3477972.444
4046,-3931048.096
4047,-4084462.642
4048,-4030340.814
4049,-4067544.820
4050,-3979858.796
4051,-1936632.195
4052,-1472661.345
4053,-0.000
4054,-295378.144
4055,-402475.364
4056,-428651.468
4057,-372596.891
4058,-358032.797
4059,-353631.271
4060,-312273.541
4061,-292656.643
4062,-286360.171
4063,-2142183.841
4064,-1227019.612
4065,-3136459.192
4066,-3317964.258
4067,-3714003.405
4068,-4056452.747
4069,-3517815.709
4070,-4028842.277
4071,-3953868.742
4072,-3902026.786
4073,-4046865.487
4074,-3856685.763
4075,-1794975.460
4076,-1532793.559
4077,-0.000
4078,-356520.022
4079,-443820.181
4080,-450226.193
4081,-382848.025
4082,-362816.057
4083,-339090.472
4084,-342404.917
4085,-329620.123
4086,-317941.883
4087,-2190894.882
4088,-1262341.680
4089,-3232700.416
4090,-3297303.839
4091,-3447471.754
4092,-3615495.012
4093,-3120251.502
4094,-3556271.634
4095,-3727392.753
4096,-3774261.117
4097,-3610164.669
4098,-3529819.781
4099,-1637533.666
4100,-1418271.133
4101,-0.000
4102,-155249.047
4103,-347679.946
4104,-396839.369
4105,-356047.727
4106,-338202.502
4107,-317499.379
4108,-290152.125
4109,-287111.902
4110,-282740.606
4111,-2176813.779
4112,-1281983.207
4113,-3336962.674
4114,-3527160.225
4115,-3794125.992
4116,-3943472.026
4117,-3528651.928
4118,-4062079.542
4119,-4079199.770
4120,-3933499.086
4121,-3823884.180
4122,-3726482.664
4123,-1843925.309
4124,-1441358.709
4125,-0.000
4126,-320431.388
4127,-414853.030
4128,-435140.000
4129,-366331.421
4130,-341881.643
4131,-324720.548
4132,-322323.674
4133,-314365.873
4134,-307075.435
4135,-2200007.776
4136,-1465027.275
4137,-3679957.268
4138,-3779832.072
4139,-3978037.381
4140,-3944936.121
4141,-3397929.836
4142,-4163138.094
4143,-4317317.331
4144,-4467796.740
4145,-4441808.002
4146,-4438837.586
4147,-2355692.122
4148,-1562724.363
4149,-3983.622
4150,-426038.445
4151,-470665.538
4152,-456891.677
4153,-375248.319
4154,-344813.683
4155,-333222.912
4156,-343591.034
4157,-340480.285
4158,-338820.170
4159,-443380.614
4160,-690338.081
4161,-2917756.364
4162,-2572561.935
4163,-2605713.109
4164,-2559527.073
4165,-2540613.179
4166,-2780385.132
4167,-3041358.378
4168,-3179398.365
4169,-3348691.058
4170,-3342124.026
4171,-1109252.441
4172,-589210.012
4173,-523614.024
4174,-537746.516
4175,-521979.927
4176,-491038.790
4177,-407353.254
4178,-365131.574
4179,-342977.514
4180,-329203.516
4181,-285183.714
4182,-253640.907
4183,-354201.874
4184,-752409.297
4185,-1101342.919
4186,-1204192.327
4187,-1226200.977
4188,-1170676.090
4189,-1064656.316
4190,-1257758.775
4191,-1535741.230
4192,-1659650.919
4193,-1743016.500
4194,-1882907.217
4195,-1423318.498
4196,-527109.611
4197,-437517.449
4198,-446251.896
4199,-445831.264
4200,-422070.869
4201,-404145.845
4202,-362554.799
4203,-334309.380
4204,-323247.445
4205,-295837.849
4206,-275319.755
4207,-2113279.118
4208,-1505357.436
4209,-3646860.251
4210,-3748272.257
4211,-3824206.708
4212,-3784511.939
4213,-3200394.200
4214,-3836083.820
4215,-4084093.949
4216,-4258920.934
4217,-4355328.338
4218,-4430441.642
4219,-2510481.409
4220,-1506787.547
4221,-18817.216
4222,-482912.878
4223,-514725.064
4224,-497799.200
4225,-423322.546
4226,-387148.267
4227,-359391.466
4228,-348592.694
4229,-322921.913
4230,-313640.628
4231,-1740311.563
4232,-1557651.933
4233,-3689975.347
4234,-3795452.726
4235,-3889893.221
4236,-3820341.266
4237,-3330479.946
4238,-3951709.228
4239,-4240826.675
4240,-4001043.599
4241,-3944693.926
4242,-4122745.743
4243,-2296827.113
4244,-1460896.774
4245,-0.000
4246,-397340.463
4247,-451857.581
4248,-444418.174
4249,-373439.674
4250,-342337.123
4251,-323564.709
4252,-323453.855
4253,-311896.568
4254,-310515.050
4255,-1749738.567
4256,-1532018.263
4257,-3661752.841
4258,-3837520.383
4259,-3971771.052
4260,-3975007.425
4261,-3406630.475
4262,-4135979.421
4263,-4357063.030
4264,-4461485.659
4265,-4603543.210
4266,-4752649.502
4267,-2471882.396
4268,-1548905.891
4269,-0.000
4270,-447304.041
4271,-494265.536
4272,-494273.880
4273,-426814.454
4274,-401002.587
4275,-382030.574
4276,-382632.313
4277,-383565.648
4278,-382863.572
4279,-1807931.840
4280,-1556774.898
4281,-3765000.512
4282,-3820171.798
4283,-3931699.018
4284,-3892103.450
4285,-3367923.207
4286,-4043598.099
4287,-4246229.548
4288,-4334870.908
4289,-4545415.603
4290,-4817037.526
4291,-2790748.370
4292,-1593206.520
4293,-49035.907
4294,-541796.257
4295,-556227.585
4296,-539056.368
4297,-462167.419
4298,-422656.524
4299,-386683.139
4300,-372359.960
4301,-353385.758
4302,-337041.872
4303,-1803319.528
4304,-1579501.442
4305,-3785210.865
4306,-3976193.151
4307,-4246857.691
4308,-4289285.584
4309,-3769754.335
4310,-4570632.705
4311,-4432759.854
4312,-4350903.681
4313,-4309448.164
4314,-4494534.893
4315,-2276855.794
4316,-1495649.442
4317,-0.000
4318,-393094.225
4319,-458766.393
4320,-456434.600
4321,-387054.674
4322,-360484.333
4323,-330806.674
4324,-324479.547
4325,-310193.516
4326,-294813.055
4327,-372412.929
4328,-579097.156
4329,-2694972.917
4330,-2360625.368
4331,-2383507.453
4332,-2373020.462
4333,-2252923.337
4334,-2262179.804
4335,-2372663.861
4336,-2200033.611
4337,-2099391.833
4338,-1986313.284
4339,-68100.143
4340,-318250.239
4341,-326800.571
4342,-343474.174
4343,-346014.537
4344,-324074.484
4345,-250500.313
4346,-241053.148
4347,-240267.760
4348,-243029.215
4349,-247163.546
4350,-246783.581
4351,-306221.093
4352,-563807.180
4353,-928899.819
4354,-1007652.080
4355,-1064530.914
4356,-1101282.626
4357,-1000666.912
4358,-1183755.198
4359,-1330019.589
4360,-1070157.015
4361,-951485.912
4362,-1056989.424
4363,-831469.782
4364,-371106.528
4365,-320952.726
4366,-240059.940
4367,-217441.986
4368,-206600.611
4369,-207316.819
4370,-194446.980
4371,-184394.136
4372,-205950.724
4373,-230870.766
4374,-200225.261
4375,-1951842.862
4376,-1038256.331
4377,-2701850.985
4378,-2826299.592
4379,-2907306.319
4380,-2910853.609
4381,-2469894.028
4382,-2836311.772
4383,-2831995.868
4384,-2858070.469
4385,-2835936.043
4386,-2810568.951
4387,-1279771.401
4388,-1192318.321
4389,-0.000
4390,-0.000
4391,-137927.895
4392,-221431.732
4393,-227252.635
4394,-232618.177
4395,-248266.825
4396,-211644.897
4397,-205011.805
4398,-189838.693
4399,-2083461.906
4400,-1155492.626
4401,-2974352.482
4402,-2975389.532
4403,-3053476.114
4404,-3231609.115
4405,-3123599.996
4406,-3837073.613
4407,-3751925.811
4408,-3415994.946
4409,-3403648.936
4410,-3324389.353
4411,-1583086.604
4412,-1366088.457
4413,-0.000
4414,-82804.774
4415,-302283.703
4416,-377580.366
4417,-300015.264
4418,-246961.876
4419,-227696.961
4420,-219615.730
4421,-219060.768
4422,-226943.436
4423,-2115765.660
4424,-1150222.990
4425,-2957967.833
4426,-3001558.690
4427,-3153593.695
4428,-3291284.193
4429,-2945878.344
4430,-3526719.810
4431,-3528941.257
4432,-3649407.543
4433,-3573407.866
4434,-3304835.901
4435,-1499947.657
4436,-1406628.363
4437,-0.000
4438,-126173.657
4439,-335887.105
4440,-382028.019
4441,-319123.285
4442,-313946.977
4443,-312902.643
4444,-314751.427
4445,-337374.774
4446,-332525.733
4447,-2284879.499
4448,-1349007.893
4449,-3482708.320
4450,-3553315.943
4451,-3789722.705
4452,-4006057.687
4453,-3627995.279
4454,-3973111.111
4455,-3757925.472
4456,-3849372.059
4457,-3786276.365
4458,-3532820.018
4459,-1627156.380
4460,-1473369.281
4461,-0.000
4462,-143969.525
4463,-340681.613
4464,-374061.586
4465,-305551.114
4466,-274068.380
4467,-244329.005
4468,-218887.563
4469,-199898.853
4470,-196648.335
4471,-2188576.481
4472,-1307802.179
4473,-3398523.299
4474,-3546779.193
4475,-3812787.246
4476,-3975080.822
4477,-3479217.835
4478,-3709163.080
4479,-3548775.407
4480,-3624265.431
4481,-3839812.941
4482,-3938683.819
4483,-1884369.949
4484,-1358044.609
4485,-0.000
4486,-108416.195
4487,-300660.916
4488,-319102.299
4489,-219747.065
4490,-210495.554
4491,-212386.436
4492,-225839.551
4493,-266740.968
4494,-246071.973
4495,-257328.709
4496,-324534.062
4497,-2391460.585
4498,-2192925.908
4499,-2393349.190
4500,-2531604.116
4501,-2638606.778
4502,-2310148.235
4503,-2186898.444
4504,-2045805.250
4505,-2160923.522
4506,-2120837.478
4507,-350565.434
4508,-329656.997
4509,-345580.391
4510,-355418.278
4511,-362328.614
4512,-354589.348
4513,-268863.035
4514,-244493.703
4515,-225955.140
4516,-222928.716
4517,-225911.648
4518,-222556.401
4519,-313258.323
4520,-526143.886
4521,-854656.764
4522,-1122672.598
4523,-1282057.696
4524,-1265933.925
4525,-1223231.566
4526,-1342139.454
4527,-1508813.141
4528,-1722746.682
4529,-1759631.135
4530,-1278284.265
4531,-855410.439
4532,-353982.128
4533,-365340.213
4534,-369832.569
4535,-338982.190
4536,-312110.650
4537,-313957.043
4538,-295663.294
4539,-276096.409
4540,-272163.834
4541,-264662.912
4542,-246288.902
4543,-2175327.463
4544,-1421828.083
4545,-3547479.406
4546,-3650320.428
4547,-3905549.269
4548,-4063558.719
4549,-3481023.198
4550,-4264326.591
4551,-4470673.388
4552,-4554914.055
4553,-4633346.904
4554,-4739468.432
4555,-2407736.461
4556,-1486976.487
4557,-0.000
4558,-429904.268
4559,-477112.396
4560,-459070.051
4561,-389111.566
4562,-365953.457
4563,-361876.861
4564,-369280.081
4565,-347346.208
4566,-338591.852
4567,-1852840.533
4568,-1591277.790
4569,-3940259.826
4570,-4115272.885
4571,-4381066.819
4572,-4479368.136
4573,-3860036.441
4574,-4634207.796
4575,-4761164.035
4576,-4785281.560
4577,-4820708.940
4578,-4766688.205
4579,-2723114.348
4580,-1643938.714
4581,-52062.354
4582,-554152.519
4583,-565119.399
4584,-534443.398
4585,-448288.790
4586,-399060.206
4587,-374292.934
4588,-378734.199
4589,-379058.928
4590,-381052.891
4591,-1880385.481
4592,-1600551.751
4593,-3907518.776
4594,-4052151.305
4595,-4160416.508
4596,-4196289.110
4597,-3589941.245
4598,-4315367.401
4599,-4618207.811
4600,-4690739.717
4601,-4855194.263
4602,-4943168.008
4603,-2884824.484
4604,-1554285.966
4605,-50775.640
4606,-532775.997
4607,-525139.904
4608,-482236.116
4609,-398699.187
4610,-360205.431
4611,-340340.269
4612,-343680.255
4613,-314100.597
4614,-308110.270
4615,-1773315.412
4616,-1589191.818
4617,-3863018.782
4618,-3934706.100
4619,-3976308.376
4620,-4022652.305
4621,-3453683.473
4622,-4133284.911
4623,-4358605.526
4624,-4481263.932
4625,-4522238.996
4626,-4710255.198
4627,-2910165.831
4628,-1543463.804
4629,-59361.597
4630,-548257.387
4631,-555520.257
4632,-526111.141
4633,-451639.370
4634,-407067.793
4635,-373807.291
4636,-377428.462
4637,-367358.962
4638,-359805.700
4639,-1833847.401
4640,-1585702.254
4641,-3841656.252
4642,-3897976.939
4643,-3968178.932
4644,-3864223.523
4645,-3341318.704
4646,-4026122.833
4647,-4188690.771
4648,-4348010.119
4649,-4524644.810
4650,-4632822.737
4651,-2878481.100
4652,-1517905.087
4653,-59225.404
4654,-529439.525
4655,-527634.138
4656,-505984.803
4657,-441534.862
4658,-409068.784
4659,-373454.140
4660,-367171.382
4661,-354788.028
4662,-354656.731
4663,-478418.231
4664,-821996.694
4665,-3066330.289
4666,-2504813.886
4667,-2546093.151
4668,-2552553.179
4669,-2495852.121
4670,-2657474.082
4671,-2931660.761
4672,-3125477.307
4673,-3391724.104
4674,-3511758.104
4675,-1252575.495
4676,-679636.256
4677,-609227.803
4678,-585166.290
4679,-567959.452
4680,-542942.490
4681,-473988.228
4682,-434839.036
4683,-399153.520
4684,-396255.985
4685,-397210.007
4686,-373622.111
4687,-474691.250
4688,-812760.092
4689,-1146468.110
4690,-1199574.795
4691,-1257971.504
4692,-1275838.481
4693,-1205470.227
4694,-1148831.471
4695,-1175755.192
4696,-1313009.250
4697,-1292092.047
4698,-1213557.241
4699,-1257624.081
4700,-530216.801
4701,-491042.644
4702,-494553.690
4703,-478927.230
4704,-454335.107
4705,-453945.789
4706,-447014.951
4707,-431547.899
4708,-426726.498
4709,-416314.151
4710,-412495.817
4711,-1890227.911
4712,-1606931.650
4713,-3989831.527
4714,-4086102.386
4715,-4203035.279
4716,-4204032.196
4717,-3644068.880
4718,-4438144.070
4719,-4599185.239
4720,-4793235.843
4721,-4822279.297
4722,-4933058.429
4723,-2676944.052
4724,-1712750.361
4725,-75027.590
4726,-599718.049
4727,-610042.221
4728,-590018.316
4729,-514701.697
4730,-502706.558
4731,-496769.090
4732,-500590.598
4733,-495241.410
4734,-485586.204
4735,-1874564.821
4736,-1575704.305
4737,-3937162.203
4738,-4145708.275
4739,-4269445.377
4740,-4308232.167
4741,-3478737.681
4742,-4048054.481
4743,-4421054.239
4744,-4826682.827
4745,-4957622.972
4746,-4660680.893
4747,-2289782.303
4748,-1706141.113
4749,-13747.101
4750,-532884.047
4751,-571350.573
4752,-574570.972
4753,-511383.122
4754,-500916.111
4755,-497895.372
4756,-497492.059
4757,-441109.973
4758,-422897.260
4759,-1869414.609
4760,-1525715.682
4761,-3941929.545
4762,-4189017.999
4763,-4499449.891
4764,-4628378.209
4765,-3900826.585
4766,-4651388.837
4767,-4719797.303
4768,-4740646.849
4769,-4867745.304
4770,-4842755.626
4771,-2506304.837
4772,-1700442.225
4773,-20490.664
4774,-548930.534
4775,-593934.350
4776,-600547.782
4777,-530646.902
4778,-511180.188
4779,-502546.129
4780,-503824.688
4781,-489828.272
4782,-470969.206
4783,-1883435.679
4784,-1557673.076
4785,-3991739.948
4786,-4190100.018
4787,-4369967.537
4788,-4417878.598
4789,-3722498.098
4790,-4289054.100
4791,-4483877.709
4792,-4535222.610
4793,-4372238.561
4794,-4432138.877
4795,-2466178.725
4796,-1682716.877
4797,-54279.029
4798,-575674.021
4799,-594026.691
4800,-582661.195
4801,-507414.479
4802,-480233.859
4803,-468019.622
4804,-471069.841
4805,-448589.214
4806,-421295.027
4807,-1837605.284
4808,-1527866.327
4809,-3825646.465
4810,-3950862.755
4811,-3983287.584
4812,-3831346.896
4813,-3392290.181
4814,-4147923.103
4815,-4297672.084
4816,-4399885.782
4817,-4559550.318
4818,-4709301.886
4819,-2413706.764
4820,-1600812.885
4821,-0.000
4822,-482662.750
4823,-530841.040
4824,-528665.986
4825,-467545.294
4826,-420162.427
4827,-381750.334
4828,-379312.827
4829,-360078.584
4830,-338364.728
4831,-437950.727
4832,-715890.893
4833,-3036733.251
4834,-2561949.294
4835,-2667009.672
4836,-2672599.839
4837,-2645595.330
4838,-2828974.339
4839,-2988648.498
4840,-3144501.205
4841,-3213181.292
4842,-3225746.166
4843,-958512.614
4844,-607830.864
4845,-591306.989
4846,-609938.201
4847,-590715.205
4848,-543416.779
4849,-458173.800
4850,-407965.394
4851,-366514.852
4852,-368411.244
4853,-361849.345
4854,-350212.916
4855,-463457.273
4856,-825084.619
4857,-1187401.978
4858,-1285701.798
4859,-1337676.903
4860,-1303816.576
4861,-1269022.110
4862,-1489962.693
4863,-1770156.947
4864,-1846571.293
4865,-1924812.884
4866,-2056265.938
4867,-1653124.551
4868,-664050.744
4869,-571966.943
4870,-580344.754
4871,-569846.367
4872,-531769.664
4873,-523530.656
4874,-495655.716
4875,-477354.451
4876,-474591.483
4877,-445282.600
4878,-421031.824
4879,-1836473.308
4880,-1573170.513
4881,-3783702.046
4882,-3980971.110
4883,-4247974.644
4884,-4286154.311
4885,-3661468.997
4886,-4427465.064
4887,-4597690.638
4888,-4736579.910
4889,-4853469.529
4890,-5033232.586
4891,-2994932.638
4892,-1729888.416
4893,-91171.669
4894,-651218.318
4895,-655211.321
4896,-634182.276
4897,-564165.868
4898,-528375.309
4899,-506856.385
4900,-500658.845
4901,-475949.480
4902,-448491.138
4903,-1877373.389
4904,-1661546.744
4905,-4003209.674
4906,-4155818.428
4907,-4448436.527
4908,-4479034.295
4909,-3846243.719
4910,-4549235.579
4911,-4668093.426
4912,-4775514.231
4913,-5004866.374
4914,-5263163.028
4915,-3007427.874
4916,-1829219.143
4917,-245033.971
4918,-688849.465
4919,-722165.199
4920,-677991.898
4921,-600035.566
4922,-555013.204
4923,-532416.168
4924,-528875.227
4925,-495982.514
4926,-470379.936
4927,-1926278.139
4928,-1718488.492
4929,-4198745.958
4930,-4332171.390
4931,-4646000.635
4932,-4637367.827
4933,-3883911.643
4934,-4659675.013
4935,-4829629.248
4936,-4985425.354
4937,-5182403.009
4938,-5337840.000
4939,-2969112.364
4940,-1896237.094
4941,-140067.068
4942,-750956.110
4943,-757442.651
4944,-723274.897
4945,-650165.706
4946,-614259.806
4947,-591479.722
4948,-590424.595
4949,-566304.436
4950,-548305.019
4951,-2083153.828
4952,-1700250.147
4953,-4124520.165
4954,-4216634.515
4955,-4434233.709
4956,-4525120.110
4957,-3829134.044
4958,-4531726.656
4959,-4783559.272
4960,-4857640.834
4961,-5001886.024
4962,-5125862.263
4963,-2980430.446
4964,-1748137.170
4965,-200336.876
4966,-649299.384
4967,-680301.361
4968,-643364.267
4969,-568327.376
4970,-530993.390
4971,-510225.935
4972,-511332.584
4973,-484845.396
4974,-467790.380
4975,-1910666.021
4976,-1632817.226
4977,-3973982.909
4978,-4065382.155
4979,-4297923.894
4980,-4397367.171
4981,-3730435.887
4982,-4474065.770
4983,-4649288.668
4984,-4817417.342
4985,-5012428.476
4986,-5158309.434
4987,-2930090.895
4988,-1751684.980
4989,-106359.701
4990,-671304.176
4991,-665811.337
4992,-620482.043
4993,-541274.235
4994,-515592.375
4995,-503592.874
4996,-488737.252
4997,-447885.195
4998,-423461.468
4999,-499945.759
5000,-806587.079
5001,-3120570.477
5002,-2667569.741
5003,-2822174.886
5004,-2866228.808
5005,-2820904.374
5006,-3007288.266
5007,-3183849.366
5008,-3357641.265
5009,-3498443.625
5010,-3703167.096
5011,-1450612.509
5012,-747492.928
5013,-690455.606
5014,-711036.617
5015,-689152.159
5016,-648263.539
5017,-566657.362
5018,-522178.697
5019,-490811.284
5020,-483158.958
5021,-451879.833
5022,-430763.711
5023,-522881.743
5024,-845981.649
5025,-1206689.519
5026,-1334842.596
5027,-1450458.798
5028,-1420928.845
5029,-1372834.926
5030,-1582666.970
5031,-1846147.268
5032,-1913228.173
5033,-1962156.518
5034,-2077908.325
5035,-1587364.520
5036,-706165.047
5037,-613043.750
5038,-566799.267
5039,-527698.206
5040,-507842.566
5041,-507732.974
5042,-498090.170
5043,-491914.589
5044,-494955.883
5045,-474541.152
5046,-452539.814
5047,-1926599.420
5048,-1699498.588
5049,-4189908.500
5050,-4289919.071
5051,-4468566.053
5052,-4499394.863
5053,-3835544.519
5054,-4600050.704
5055,-4684387.854
5056,-4320316.321
5057,-4056666.308
5058,-3815717.846
5059,-1869601.305
5060,-1282114.995
5061,-0.000
5062,-126898.774
5063,-308190.592
5064,-343675.960
5065,-295002.927
5066,-277241.280
5067,-262543.732
5068,-276666.762
5069,-282641.599
5070,-288909.503
5071,-2209995.847
5072,-1469675.428
5073,-3512802.538
5074,-3574699.238
5075,-3897939.960
5076,-4072758.350
5077,-3532774.996
5078,-4226950.770
5079,-4420962.935
5080,-4563346.181
5081,-4724160.419
5082,-4933956.227
5083,-2791083.706
5084,-1654794.241
5085,-60804.508
5086,-580736.604
5087,-588643.788
5088,-562823.059
5089,-484338.582
5090,-441693.194
5091,-417277.465
5092,-421233.057
5093,-400554.331
5094,-372092.661
5095,-1812238.747
5096,-1547968.267
5097,-3791876.024
5098,-3886682.982
5099,-4071617.934
5100,-4048213.300
5101,-3452512.687
5102,-4092435.060
5103,-4270599.149
5104,-4379507.717
5105,-4508299.840
5106,-4726331.102
5107,-2874849.631
5108,-1571686.065
5109,-67685.836
5110,-571172.208
5111,-587530.235
5112,-572914.327
5113,-502769.673
5114,-465194.636
5115,-442797.285
5116,-440816.266
5117,-419383.258
5118,-403218.097
5119,-1881924.737
5120,-1621965.835
5121,-4015529.302
5122,-4156820.131
5123,-4386811.951
5124,-4509183.418
5125,-3903441.428
5126,-4713248.824
5127,-4863068.326
5128,-4850323.018
5129,-4712838.768
5130,-4644640.565
5131,-2443245.390
5132,-1615496.996
5133,-78250.138
5134,-594518.324
5135,-614402.621
5136,-601792.359
5137,-526998.465
5138,-426765.336
5139,-379618.731
5140,-377835.526
5141,-338984.404
5142,-302865.290
5143,-2081039.126
5144,-1248762.516
5145,-3209897.113
5146,-3285852.966
5147,-3519748.975
5148,-3784712.027
5149,-3374876.112
5150,-3857058.521
5151,-4033829.108
5152,-4124987.423
5153,-3988595.583
5154,-3761583.025
5155,-1767580.409
5156,-1237662.319
5157,-0.000
5158,-18786.200
5159,-262221.305
5160,-281451.347
5161,-228883.775
5162,-220586.785
5163,-207841.145
5164,-197367.579
5165,-191952.244
5166,-192814.027
5167,-223244.407
5168,-451939.763
5169,-2696671.860
5170,-2278787.320
5171,-2310961.663
5172,-2338624.039
5173,-2254767.118
5174,-2151881.687
5175,-2187287.289
5176,-1959618.998
5177,-1952954.540
5178,-1869059.974
5179,-0.000
5180,-183054.751
5181,-216287.473
5182,-230825.008
5183,-283778.320
5184,-295056.928
5185,-206321.626
5186,-178272.340
5187,-173954.668
5188,-175836.858
5189,-158064.262
5190,-143045.508
5191,-192520.753
5192,-302743.774
5193,-559112.746
5194,-855698.378
5195,-974080.239
5196,-913332.288
5197,-707222.711
5198,-639657.976
5199,-697398.459
5200,-816091.588
5201,-719950.416
5202,-479274.474
5203,-506849.975
5204,-280268.941
5205,-255776.362
5206,-246354.058
5207,-232811.851
5208,-211854.145
5209,-196174.174
5210,-189244.708
5211,-184666.232
5212,-181983.187
5213,-171369.547
5214,-162162.134
5215,-2127212.778
5216,-1302598.182
5217,-3362234.611
5218,-3546940.356
5219,-3889038.727
5220,-4112008.142
5221,-3605679.185
5222,-4125370.173
5223,-3847737.903
5224,-3907532.552
5225,-4058375.496
5226,-4202613.172
5227,-2105752.012
5228,-1348665.655
5229,-0.000
5230,-139720.943
5231,-316273.800
5232,-333529.606
5233,-256220.364
5234,-226019.623
5235,-208281.112
5236,-208278.845
5237,-196159.292
5238,-176246.160
5239,-2135370.797
5240,-1380846.710
5241,-3553626.599
5242,-3732300.999
5243,-3922500.033
5244,-3916689.867
5245,-3375428.000
5246,-3969958.735
5247,-4112289.008
5248,-4289804.502
5249,-4439153.738
5250,-4675333.574
5251,-2512647.770
5252,-1578118.550
5253,-0.000
5254,-488563.183
5255,-542505.049
5256,-531403.585
5257,-457802.423
5258,-420453.409
5259,-398017.611
5260,-392153.319
5261,-359997.483
5262,-334003.140
5263,-1721746.910
5264,-1438922.706
5265,-3607149.400
5266,-3740181.462
5267,-3920910.629
5268,-4035676.676
5269,-3576994.907
5270,-4154237.439
5271,-4351154.767
5272,-4420552.196
5273,-3884080.521
5274,-3428271.579
5275,-1521026.976
5276,-1266915.607
5277,-0.000
5278,-87671.621
5279,-264193.651
5280,-290126.500
5281,-217597.977
5282,-194636.056
5283,-180509.305
5284,-166371.358
5285,-169019.233
5286,-180803.852
5287,-1993241.779
5288,-1236231.913
5289,-3152368.277
5290,-3249560.758
5291,-3475538.914
5292,-3585084.071
5293,-3040060.221
5294,-3475253.609
5295,-3458186.078
5296,-3519625.779
5297,-3414005.331
5298,-3171439.207
5299,-1421955.395
5300,-1149582.846
5301,-0.000
5302,-0.000
5303,-48874.659
5304,-154924.046
5305,-109642.562
5306,-97149.626
5307,-84591.530
5308,-97036.090
5309,-135907.118
5310,-135851.734
5311,-2042480.007
5312,-1138952.002
5313,-2928782.230
5314,-3016462.061
5315,-3189661.353
5316,-3297179.557
5317,-3043518.669
5318,-3780522.584
5319,-3949400.457
5320,-3534152.709
5321,-3125486.358
5322,-3080885.039
5323,-1441572.404
5324,-1251123.833
5325,-0.000
5326,-0.000
5327,-199118.957
5328,-265498.350
5329,-222220.515
5330,-215614.261
5331,-209185.683
5332,-202183.226
5333,-198162.574
5334,-199670.543
5335,-246308.031
5336,-358516.230
5337,-2451197.521
5338,-2108283.047
5339,-2252475.028
5340,-2109211.032
5341,-2235779.308
5342,-2358410.819
5343,-2259431.352
5344,-2213944.329
5345,-2446015.209
5346,-2516859.203
5347,-300408.418
5348,-216840.003
5349,-226941.808
5350,-254438.719
5351,-241060.634
5352,-224568.775
5353,-153058.165
5354,-129246.215
5355,-114881.579
5356,-108004.952
5357,-98059.331
5358,-102989.229
5359,-172545.317
5360,-317674.776
5361,-562295.424
5362,-704604.240
5363,-985064.416
5364,-1090093.012
5365,-1061859.415
5366,-973277.819
5367,-764744.493
5368,-501713.703
5369,-507624.846
5370,-560380.990
5371,-436107.968
5372,-191958.244
5373,-170881.704
5374,-163003.903
5375,-147219.549
5376,-127058.676
5377,-110026.030
5378,-89893.957
5379,-77608.785
5380,-88702.955
5381,-98704.260
5382,-99842.918
5383,-2081696.604
5384,-1158696.706
5385,-3016823.887
5386,-3228968.174
5387,-3713790.220
5388,-3965099.231
5389,-3485848.090
5390,-4209830.175
5391,-4395769.359
5392,-3969941.792
5393,-3765841.560
5394,-3845732.254
5395,-1926137.870
5396,-1427835.760
5397,-0.000
5398,-224960.288
5399,-368711.632
5400,-357242.667
5401,-290302.411
5402,-254819.416
5403,-222379.472
5404,-216311.915
5405,-200488.114
5406,-182976.906
5407,-2142770.910
5408,-1328712.401
5409,-3448957.668
5410,-3671586.479
5411,-3992683.249
5412,-4041731.997
5413,-3440734.672
5414,-4150466.562
5415,-4351344.342
5416,-4423561.313
5417,-4501769.698
5418,-4467987.273
5419,-2147445.421
5420,-1583691.532
5421,-0.000
5422,-450585.944
5423,-517273.845
5424,-514264.892
5425,-444538.190
5426,-408566.686
5427,-388322.303
5428,-380353.011
5429,-358368.906
5430,-345864.431
5431,-1833412.095
5432,-1475325.790
5433,-3733655.930
5434,-3871921.617
5435,-4233820.581
5436,-4399675.170
5437,-3879417.665
5438,-4723269.255
5439,-4927323.059
5440,-4957762.620
5441,-4922738.047
5442,-4866298.465
5443,-2308206.194
5444,-1642994.131
5445,-0.000
5446,-517049.026
5447,-555907.615
5448,-541667.949
5449,-461910.735
5450,-443067.154
5451,-428566.615
5452,-422442.418
5453,-400523.481
5454,-363921.581
5455,-1821872.961
5456,-1486971.775
5457,-3776253.995
5458,-3954392.933
5459,-4267840.830
5460,-4380590.898
5461,-3789201.408
5462,-4356476.644
5463,-4503611.996
5464,-4619062.967
5465,-4642242.827
5466,-4631564.303
5467,-2293293.247
5468,-1551002.407
5469,-0.000
5470,-462346.268
5471,-505843.622
5472,-493429.573
5473,-421601.492
5474,-398682.348
5475,-379569.408
5476,-373034.433
5477,-351909.599
5478,-336306.128
5479,-1739534.627
5480,-1362119.983
5481,-3418608.040
5482,-3581163.195
5483,-3852028.125
5484,-3864230.982
5485,-3426283.986
5486,-4083927.883
5487,-4292670.092
5488,-4171520.263
5489,-3716697.237
5490,-3651135.630
5491,-1785428.861
5492,-1390160.459
5493,-0.000
5494,-203217.125
5495,-360019.977
5496,-359785.269
5497,-282132.488
5498,-250424.448
5499,-240697.008
5500,-241981.810
5501,-231034.290
5502,-224942.445
5503,-271790.119
5504,-431230.441
5505,-2558063.183
5506,-2243660.841
5507,-2410395.267
5508,-2536152.920
5509,-2515890.769
5510,-2536900.423
5511,-2566947.302
5512,-2683232.653
5513,-2660739.080
5514,-2836249.641
5515,-529564.310
5516,-455843.538
5517,-469562.724
5518,-486384.448
5519,-471391.681
5520,-441952.774
5521,-360718.730
5522,-333285.135
5523,-321512.286
5524,-327270.433
5525,-306234.870
5526,-283356.746
5527,-340072.789
5528,-500712.453
5529,-819274.093
5530,-1036592.863
5531,-1203276.082
5532,-1342944.715
5533,-1255079.001
5534,-886261.274
5535,-955446.303
5536,-1034004.510
5537,-987431.735
5538,-1049252.681
5539,-844181.915
5540,-384770.070
5541,-355626.008
5542,-364179.103
5543,-353161.540
5544,-335629.272
5545,-335112.351
5546,-317892.953
5547,-301858.004
5548,-300873.979
5549,-293705.204
5550,-285460.460
5551,-2103493.932
5552,-1259129.730
5553,-3267234.898
5554,-3443966.517
5555,-3633598.032
5556,-3678414.516
5557,-3285493.064
5558,-3953093.885
5559,-3819066.115
5560,-3742171.263
5561,-3600393.929
5562,-3662781.710
5563,-1964298.575
5564,-1232860.307
5565,-0.000
5566,-60526.122
5567,-251171.185
5568,-283405.528
5569,-224117.580
5570,-199069.356
5571,-182708.086
5572,-178555.874
5573,-179922.525
5574,-169017.324
5575,-2057945.731
5576,-1246119.815
5577,-3220594.934
5578,-3515686.828
5579,-3870960.403
5580,-4026979.838
5581,-3492586.665
5582,-3989529.590
5583,-4121985.742
5584,-4205778.812
5585,-4343332.310
5586,-4313511.382
5587,-2054466.602
5588,-1465948.314
5589,-0.000
5590,-302970.462
5591,-390108.816
5592,-389923.673
5593,-329228.408
5594,-298676.910
5595,-281096.413
5596,-283201.801
5597,-264276.928
5598,-264498.223
5599,-2207740.714
5600,-1387530.052
5601,-3615904.822
5602,-3813256.656
5603,-4098381.657
5604,-4257236.918
5605,-3721597.923
5606,-4505063.698
5607,-4616081.188
5608,-4647781.473
5609,-4701662.147
5610,-4851290.725
5611,-2502887.917
5612,-1627615.605
5613,-0.000
5614,-509400.188
5615,-552645.312
5616,-542587.529
5617,-469232.956
5618,-428534.238
5619,-405730.393
5620,-403543.967
5621,-383160.687
5622,-363445.455
5623,-1825176.556
5624,-1499652.234
5625,-3831547.200
5626,-4066766.803
5627,-4467539.262
5628,-4543659.357
5629,-3862875.684
5630,-4748021.943
5631,-4911807.177
5632,-4934801.211
5633,-5013963.345
5634,-5086057.903
5635,-2646700.873
5636,-1740220.319
5637,-87165.786
5638,-626310.233
5639,-629789.097
5640,-615835.858
5641,-556600.999
5642,-530051.098
5643,-505585.342
5644,-503676.616
5645,-480085.548
5646,-447726.483
5647,-1901578.883
5648,-1590204.825
5649,-4113364.444
5650,-4257033.393
5651,-4659927.028
5652,-4881160.282
5653,-4194295.481
5654,-4825446.646
5655,-4825721.797
5656,-5084466.595
5657,-5057724.220
5658,-4982794.095
5659,-2301791.869
5660,-1560609.182
5661,-57175.673
5662,-527211.471
5663,-523175.197
5664,-510971.863
5665,-439471.208
5666,-392377.553
5667,-368821.222
5668,-364039.798
5669,-330868.233
5670,-304873.685
5671,-322689.636
5672,-309863.977
5673,-1737997.191
5674,-1789306.701
5675,-2148646.382
5676,-2193249.156
5677,-2000254.181
5678,-1984054.443
5679,-1966193.958
5680,-1886557.868
5681,-1891926.488
5682,-2025572.267
5683,-148224.656
5684,-203984.574
5685,-226808.092
5686,-231671.836
5687,-245866.198
5688,-249770.347
5689,-177145.889
5690,-145821.538
5691,-141369.375
5692,-149675.626
5693,-138978.037
5694,-108809.980
5695,-189054.017
5696,-338295.106
5697,-579985.879
5698,-961298.911
5699,-1180439.715
5700,-1191561.432
5701,-1271977.223
5702,-1327349.009
5703,-1401481.893
5704,-1228895.022
5705,-1226973.748
5706,-1290824.977
5707,-873190.018
5708,-351327.929
5709,-328778.558
5710,-320489.781
5711,-310531.323
5712,-294708.855
5713,-292791.263
5714,-276359.364
5715,-259927.043
5716,-259367.494
5717,-245794.321
5718,-226645.020
5719,-2214022.540
5720,-1389441.641
5721,-3664505.074
5722,-3828990.486
5723,-4058752.438
5724,-4185979.214
5725,-3688594.872
5726,-4319689.139
5727,-4473715.744
5728,-4493710.456
5729,-4577332.126
5730,-4795217.890
5731,-2456705.974
5732,-1604071.861
5733,-16997.929
5734,-461729.146
5735,-504741.680
5736,-491832.865
5737,-425053.069
5738,-384822.196
5739,-357354.875
5740,-354799.301
5741,-338003.908
5742,-323880.579
5743,-1782483.431
5744,-1456504.699
5745,-3854721.469
5746,-4093732.674
5747,-4415980.776
5748,-4527567.449
5749,-3915334.257
5750,-4594975.185
5751,-4667352.445
5752,-4858511.405
5753,-4828173.596
5754,-4537655.604
5755,-2120635.719
5756,-1724517.150
5757,-5234.819
5758,-544934.881
5759,-589510.933
5760,-589795.209
5761,-514243.000
5762,-477913.639
5763,-456680.226
5764,-447466.362
5765,-425779.670
5766,-412553.032
5767,-1876937.305
5768,-1484319.648
5769,-3821331.160
5770,-3905001.403
5771,-4190024.829
5772,-4375553.167
5773,-3904851.913
5774,-4495745.405
5775,-4266177.604
5776,-3967835.680
5777,-4022986.513
5778,-4283808.016
5779,-1920179.283
5780,-1604934.647
5781,-0.000
5782,-452254.031
5783,-520055.528
5784,-517733.557
5785,-429212.374
5786,-394297.761
5787,-378068.287
5788,-366169.901
5789,-340982.723
5790,-322589.194
5791,-2258092.133
5792,-1431972.281
5793,-3777872.734
5794,-4063116.490
5795,-4250685.946
5796,-4298152.257
5797,-3820327.131
5798,-4493743.007
5799,-4671242.982
5800,-4625614.623
5801,-4510766.669
5802,-4209751.376
5803,-1774237.384
5804,-1477293.788
5805,-0.000
5806,-244659.147
5807,-404731.097
5808,-400452.254
5809,-336345.262
5810,-314157.831
5811,-301255.536
5812,-296195.589
5813,-286698.298
5814,-286000.930
5815,-2244161.608
5816,-1407330.918
5817,-3709446.479
5818,-4001741.993
5819,-4299231.559
5820,-4497345.454
5821,-3823757.078
5822,-4091298.179
5823,-4230988.195
5824,-4379122.677
5825,-4069782.064
5826,-3733582.006
5827,-1620664.015
5828,-1427491.505
5829,-0.000
5830,-182484.680
5831,-361902.384
5832,-378956.056
5833,-309602.073
5834,-292863.886
5835,-283441.004
5836,-289170.228
5837,-293703.566
5838,-290830.254
5839,-331562.599
5840,-485650.037
5841,-2739954.736
5842,-2398172.211
5843,-2439899.174
5844,-2507759.790
5845,-2553708.610
5846,-2647010.641
5847,-2726955.212
5848,-2719271.222
5849,-2339033.887
5850,-2176571.077
5851,-301428.092
5852,-405213.003
5853,-430485.804
5854,-442426.536
5855,-421605.344
5856,-390552.218
5857,-316007.947
5858,-279769.017
5859,-253097.875
5860,-240083.395
5861,-212673.661
5862,-190265.820
5863,-222628.058
5864,-361214.553
5865,-751837.141
5866,-1031559.239
5867,-1227275.597
5868,-1315841.030
5869,-1263914.264
5870,-1468999.979
5871,-1539427.562
5872,-1341910.975
5873,-1336343.668
5874,-1363985.047
5875,-733922.214
5876,-347779.610
5877,-310091.966
5878,-333736.909
5879,-329167.729
5880,-283225.384
5881,-252897.073
5882,-216088.228
5883,-188752.881
5884,-172804.963
5885,-132778.493
5886,-103982.489
5887,-1429057.870
5888,-927890.648
5889,-2506481.760
5890,-2836804.969
5891,-3194630.564
5892,-3383985.659
5893,-3212586.693
5894,-3728761.559
5895,-4024990.241
5896,-4081211.155
5897,-4049554.323
5898,-3944676.217
5899,-1751385.810
5900,-1238880.645
5901,-0.000
5902,-316737.415
5903,-382858.797
5904,-378067.037
5905,-310884.135
5906,-261007.479
5907,-223636.322
5908,-200654.602
5909,-167447.215
5910,-144296.604
5911,-1458661.441
5912,-968161.515
5913,-2548505.614
5914,-2874277.417
5915,-3236888.023
5916,-3436954.573
5917,-3278071.628
5918,-3803668.123
5919,-4082134.241
5920,-4091877.601
5921,-4084960.616
5922,-4018473.295
5923,-1818374.372
5924,-1274434.523
5925,-0.000
5926,-329282.004
5927,-370945.533
5928,-345899.029
5929,-282373.326
5930,-231465.065
5931,-186787.320
5932,-174263.868
5933,-151616.455
5934,-128546.299
5935,-1415813.912
5936,-909261.258
5937,-2422420.072
5938,-2727543.756
5939,-3148715.467
5940,-3410054.883
5941,-3301245.638
5942,-3802439.869
5943,-4136801.773
5944,-4205000.298
5945,-4081808.155
5946,-3924245.708
5947,-1766626.773
5948,-1277407.357
5949,-0.000
5950,-347574.098
5951,-366585.478
5952,-337769.079
5953,-276626.398
5954,-255971.237
5955,-249926.242
5956,-259087.414
5957,-256420.259
5958,-243085.104
5959,-1761347.005
5960,-1039108.265
5961,-2608238.260
5962,-2911835.536
5963,-3366859.867
5964,-3628145.757
5965,-3447785.728
5966,-3968589.218
5967,-4226683.931
5968,-4224398.508
5969,-4210060.050
5970,-3972535.291
5971,-1848521.101
5972,-1374104.785
5973,-9022.780
5974,-422835.651
5975,-428732.391
5976,-426668.544
5977,-378636.378
5978,-362267.025
5979,-351326.704
5980,-349584.994
5981,-323722.386
5982,-288231.185
5983,-1950010.082
5984,-1199221.509
5985,-3062311.697
5986,-3279093.162
5987,-3737587.438
5988,-3916796.181
5989,-3537842.285
5990,-4173703.531
5991,-3765183.141
5992,-3752078.880
5993,-3352606.369
5994,-3202715.458
5995,-1492590.533
5996,-1313058.500
5997,-0.000
5998,-70600.531
5999,-276237.440
6000,-327436.270
6001,-265578.650
6002,-246273.209
6003,-226119.372
6004,-212181.746
6005,-205144.309
6006,-202241.301
6007,-264243.251
6008,-435664.890
6009,-2735207.684
6010,-2476990.288
6011,-2649114.159
6012,-2725889.300
6013,-2803881.580
6014,-2956737.621
6015,-3014622.411
6016,-3045924.826
6017,-2844748.653
6018,-2322348.434
6019,-71914.484
6020,-259949.991
6021,-334036.427
6022,-342421.468
6023,-329961.506
6024,-317964.260
6025,-245428.896
6026,-227335.410
6027,-215804.371
6028,-200036.984
6029,-192188.266
6030,-194502.114
6031,-241569.814
6032,-339939.140
6033,-567481.431
6034,-715435.961
6035,-1041722.268
6036,-1209765.701
6037,-1258920.044
6038,-1425159.514
6039,-1660167.118
6040,-1803315.201
6041,-1597504.351
6042,-1317958.460
6043,-723319.571
6044,-385322.438
6045,-365546.752
6046,-378752.005
6047,-377173.986
6048,-346156.029
6049,-325017.882
6050,-289864.847
6051,-275110.855
6052,-289823.306
6053,-268622.077
6054,-240325.648
6055,-2042788.275
6056,-1287032.021
6057,-3370416.910
6058,-3614260.537
6059,-4058093.438
6060,-4251928.132
6061,-3783802.280
6062,-4572000.674
6063,-4772398.780
6064,-4791416.625
6065,-4449784.097
6066,-4051667.994
6067,-1673285.481
6068,-1393428.374
6069,-0.000
6070,-208824.811
6071,-350573.097
6072,-343204.614
6073,-253355.962
6074,-210646.780
6075,-189306.239
6076,-191214.152
6077,-166188.584
6078,-150474.298
6079,-2052160.991
6080,-1286173.920
6081,-3395866.417
6082,-3631960.467
6083,-4094905.031
6084,-4316528.589
6085,-3825481.913
6086,-4483938.343
6087,-4526861.419
6088,-4480570.166
6089,-4277749.622
6090,-3962075.568
6091,-1815964.707
6092,-1443008.396
6093,-0.000
6094,-389690.896
6095,-432255.034
6096,-394172.310
6097,-308317.038
6098,-268338.446
6099,-238850.327
6100,-216846.128
6101,-186600.858
6102,-163772.002
6103,-1961207.402
6104,-1189325.772
6105,-3010838.925
6106,-3145705.844
6107,-3459594.759
6108,-3697196.706
6109,-3495770.473
6110,-4059394.173
6111,-4347536.727
6112,-4406992.548
6113,-4264869.369
6114,-4118211.212
6115,-1796718.407
6116,-1208000.081
6117,-0.000
6118,-319059.530
6119,-342655.247
6120,-313920.587
6121,-251222.020
6122,-214428.376
6123,-179222.833
6124,-171891.520
6125,-144908.044
6126,-124569.848
6127,-1807762.219
6128,-1184579.495
6129,-3105708.312
6130,-3323810.818
6131,-3681722.779
6132,-3772775.253
6133,-3558991.874
6134,-4135154.120
6135,-4362765.598
6136,-4415680.321
6137,-4351826.420
6138,-4127796.042
6139,-1881500.097
6140,-1363816.218
6141,-542.834
6142,-405288.320
6143,-427090.605
6144,-402275.454
6145,-346527.152
6146,-309878.557
6147,-276497.349
6148,-278537.889
6149,-259334.149
6150,-227332.091
6151,-1939862.823
6152,-1195727.540
6153,-2991205.107
6154,-3121715.000
6155,-3452030.496
6156,-3671256.385
6157,-3460358.679
6158,-4000722.015
6159,-4278064.809
6160,-4335978.111
6161,-4324831.807
6162,-4122504.795
6163,-1813088.983
6164,-1226210.600
6165,-0.000
6166,-318241.904
6167,-369991.220
6168,-344681.250
6169,-275398.229
6170,-224257.923
6171,-179986.665
6172,-155531.832
6173,-108039.523
6174,-68621.168
6175,-118042.256
6176,-311625.533
6177,-2417282.689
6178,-2196571.940
6179,-2425274.231
6180,-2622513.637
6181,-2655966.205
6182,-2752808.072
6183,-2877892.156
6184,-2923973.729
6185,-2882277.145
6186,-2763414.886
6187,-379100.755
6188,-403752.980
6189,-384264.443
6190,-379663.094
6191,-348012.674
6192,-317463.363
6193,-247437.120
6194,-208851.239
6195,-186769.659
6196,-198546.543
6197,-182094.572
6198,-159832.383
6199,-197501.345
6200,-378910.908
6201,-805894.330
6202,-1099592.141
6203,-1353645.989
6204,-1515292.525
6205,-1529881.863
6206,-1596082.675
6207,-1674592.470
6208,-1719844.812
6209,-1647736.719
6210,-1477579.163
6211,-824801.552
6212,-416874.066
6213,-372924.569
6214,-374114.056
6215,-357251.156
6216,-330408.094
6217,-322096.844
6218,-292215.051
6219,-271385.717
6220,-262308.326
6221,-240928.403
6222,-225741.457
6223,-1996593.874
6224,-1222259.087
6225,-3066436.724
6226,-3325112.296
6227,-3917639.491
6228,-4252855.111
6229,-3769782.954
6230,-4490449.589
6231,-4642066.685
6232,-4758005.581
6233,-4716862.486
6234,-4474774.073
6235,-1865546.934
6236,-1586476.270
6237,-4079.746
6238,-515328.497
6239,-533337.379
6240,-501424.852
6241,-423133.494
6242,-387660.397
6243,-357173.133
6244,-343576.834
6245,-318462.355
6246,-302800.824
6247,-2123442.683
6248,-1327319.026
6249,-3416696.513
6250,-3749490.477
6251,-4306663.497
6252,-4500016.786
6253,-4115883.412
6254,-4946867.626
6255,-5101240.086
6256,-5134827.591
6257,-4976118.758
6258,-4618910.030
6259,-1741196.575
6260,-1548682.725
6261,-14909.395
6262,-470655.049
6263,-515273.929
6264,-504548.043
6265,-413750.571
6266,-373605.355
6267,-367519.059
6268,-358630.026
6269,-335182.246
6270,-324411.456
6271,-2124270.177
6272,-1290092.956
6273,-3393838.334
6274,-3527013.899
6275,-4051454.521
6276,-4479919.541
6277,-4080012.141
6278,-4901930.604
6279,-4971804.401
6280,-4852902.021
6281,-4555339.490
6282,-4329335.515
6283,-1772101.421
6284,-1597538.853
6285,-0.000
6286,-457292.115
6287,-514845.905
6288,-501715.629
6289,-446698.644
6290,-423075.895
6291,-394745.916
6292,-383527.026
6293,-361121.535
6294,-348865.758
6295,-1783292.588
6296,-1358996.235
6297,-3558494.885
6298,-3811996.797
6299,-4131660.139
6300,-4320356.824
6301,-3929913.981
6302,-4550973.121
6303,-4135404.197
6304,-4116553.651
6305,-4231632.754
6306,-3983979.765
6307,-1522045.865
6308,-1335222.894
6309,-0.000
6310,-181367.400
6311,-354064.903
6312,-376337.802
6313,-300330.962
6314,-283821.700
6315,-277427.316
6316,-276903.837
6317,-261690.598
6318,-228410.195
6319,-2012343.185
6320,-1169243.314
6321,-3181112.926
6322,-3466530.565
6323,-3786216.682
6324,-3947603.592
6325,-3543157.087
6326,-4137371.273
6327,-3986751.962
6328,-3855725.136
6329,-3826595.031
6330,-3688886.932
6331,-1417529.191
6332,-1285730.753
6333,-0.000
6334,-145097.795
6335,-316625.696
6336,-326708.169
6337,-270112.170
6338,-258529.195
6339,-232557.217
6340,-207178.332
6341,-183677.465
6342,-178160.862
6343,-221614.612
6344,-357371.086
6345,-2529747.380
6346,-2282785.692
6347,-2561149.142
6348,-2622292.442
6349,-2633286.548
6350,-2825267.253
6351,-2955848.815
6352,-3130827.136
6353,-3011253.350
6354,-2563713.256
6355,-46218.697
6356,-364778.261
6357,-395132.085
6358,-401192.152
6359,-377941.182
6360,-365953.504
6361,-310270.314
6362,-266517.379
6363,-226371.923
6364,-207678.781
6365,-170963.283
6366,-148140.061
6367,-190183.772
6368,-371294.761
6369,-880885.527
6370,-1269457.312
6371,-1503529.245
6372,-1627009.968
6373,-1694801.214
6374,-1756444.506
6375,-1782317.684
6376,-1748068.955
6377,-1660268.176
6378,-1431972.465
6379,-545002.010
6380,-377945.829
6381,-340842.167
6382,-345078.969
6383,-354689.922
6384,-345776.556
6385,-330573.302
6386,-320088.780
6387,-295877.016
6388,-260999.973
6389,-236906.158
6390,-227052.209
6391,-1958974.231
6392,-1173514.459
6393,-3097348.212
6394,-3283683.124
6395,-3446413.937
6396,-3598856.321
6397,-3497955.673
6398,-3934904.958
6399,-4019185.214
6400,-3729820.075
6401,-3728640.394
6402,-3540608.761
6403,-1474583.534
6404,-1295071.120
6405,-0.000
6406,-158313.842
6407,-305671.156
6408,-296519.714
6409,-219467.912
6410,-176594.845
6411,-154768.620
6412,-160858.463
6413,-132505.100
6414,-102972.770
6415,-1944547.948
6416,-1180031.880
6417,-3197245.832
6418,-3510364.904
6419,-3880169.143
6420,-3967737.279
6421,-3588714.258
6422,-4155255.986
6423,-4315405.752
6424,-4213997.021
6425,-3721949.130
6426,-3538501.209
6427,-1476525.742
6428,-1275183.479
6429,-0.000
6430,-184837.933
6431,-308297.027
6432,-299536.965
6433,-248429.523
6434,-207978.454
6435,-171544.198
6436,-161142.754
6437,-130259.343
6438,-104757.121
6439,-1934807.335
6440,-1201333.774
6441,-3306069.769
6442,-3474218.378
6443,-3703938.675
6444,-3764991.914
6445,-3637018.665
6446,-4248659.123
6447,-4511121.528
6448,-4492038.065
6449,-4389022.548
6450,-4066929.562
6451,-1532575.503
6452,-1227492.303
6453,-0.000
6454,-289352.391
6455,-347302.817
6456,-349739.580
6457,-282514.554
6458,-241518.420
6459,-224082.292
6460,-221785.696
6461,-198416.564
6462,-183781.023
6463,-1993364.966
6464,-1195991.176
6465,-3044911.519
6466,-3113470.548
6467,-3312431.819
6468,-3609988.866
6469,-3576427.999
6470,-4120165.631
6471,-4181861.106
6472,-4201018.807
6473,-4097716.593
6474,-3968656.358
6475,-1578773.945
6476,-1405723.119
6477,-0.000
6478,-379985.650
6479,-449091.718
6480,-429901.158
6481,-353752.493
6482,-314609.988
6483,-296957.077
6484,-302199.932
6485,-298269.847
6486,-297818.593
6487,-1597577.215
6488,-1231216.655
6489,-3264259.039
6490,-3511037.163
6491,-3769650.329
6492,-3966411.531
6493,-3626154.497
6494,-4130264.964
6495,-4422730.977
6496,-4282152.500
6497,-3889139.935
6498,-3784730.222
6499,-1567767.313
6500,-1402910.197
6501,-0.000
6502,-363129.146
6503,-405940.318
6504,-382208.689
6505,-308231.505
6506,-274995.977
6507,-241793.670
6508,-221160.349
6509,-193261.113
6510,-187086.912
6511,-240865.330
6512,-369106.573
6513,-2371735.530
6514,-2259738.297
6515,-2518455.091
6516,-2676246.086
6517,-2707018.172
6518,-2867338.886
6519,-2634534.366
6520,-2660736.290
6521,-2447754.617
6522,-2284131.761
6523,-1584.799
6524,-344978.190
6525,-387772.085
6526,-418753.291
6527,-399049.140
6528,-369326.048
6529,-292791.983
6530,-259296.242
6531,-239763.134
6532,-240366.476
6533,-222435.756
6534,-209971.167
6535,-250743.665
6536,-365661.529
6537,-686360.526
6538,-1052994.887
6539,-1344101.513
6540,-1361838.357
6541,-1330165.559
6542,-1525200.286
6543,-1290922.979
6544,-973342.561
6545,-856290.989
6546,-543928.418
6547,-281083.855
6548,-227891.456
6549,-232618.178
6550,-236935.276
6551,-232808.971
6552,-214644.884
6553,-206091.378
6554,-197469.498
6555,-189015.140
6556,-190979.446
6557,-185180.970
6558,-175255.276
6559,-1992441.534
6560,-1127954.594
6561,-3004975.336
6562,-3269077.358
6563,-3605274.420
6564,-3902409.288
6565,-3435028.212
6566,-4016790.447
6567,-4198323.867
6568,-4168323.694
6569,-4025753.011
6570,-3928570.896
6571,-1481756.241
6572,-1329846.917
6573,-0.000
6574,-132518.139
6575,-296924.702
6576,-332924.536
6577,-272590.862
6578,-246512.677
6579,-229597.932
6580,-227479.385
6581,-219536.452
6582,-209561.584
6583,-2038818.809
6584,-1163880.576
6585,-3018078.620
6586,-3219489.895
6587,-3781767.308
6588,-4043167.007
6589,-3602959.189
6590,-4270989.987
6591,-4446157.434
6592,-4282630.673
6593,-4269680.326
6594,-4045417.534
6595,-1610609.433
6596,-1434534.485
6597,-0.000
6598,-219281.634
6599,-377986.093
6600,-391237.063
6601,-327415.880
6602,-292028.487
6603,-269897.418
6604,-245553.543
6605,-221504.846
6606,-200811.623
6607,-2049395.102
6608,-1235545.356
6609,-3347681.182
6610,-3640224.080
6611,-4128064.392
6612,-4364135.644
6613,-3857656.332
6614,-4466607.099
6615,-4619266.527
6616,-4691246.722
6617,-4536189.015
6618,-4312150.162
6619,-1634370.642
6620,-1453178.614
6621,-0.000
6622,-383565.863
6623,-409477.777
6624,-382640.563
6625,-321843.144
6626,-285969.497
6627,-245155.937
6628,-207620.216
6629,-158125.951
6630,-138079.148
6631,-1974491.315
6632,-1204280.779
6633,-3296049.809
6634,-3579928.699
6635,-3996463.497
6636,-4202734.171
6637,-3811549.588
6638,-4575109.861
6639,-4747002.870
6640,-4696875.245
6641,-4669441.930
6642,-4407421.074
6643,-1684591.009
6644,-1486667.525
6645,-0.000
6646,-423345.691
6647,-467484.280
6648,-437775.463
6649,-359371.236
6650,-331528.212
6651,-326029.058
6652,-323212.796
6653,-303093.112
6654,-294793.982
6655,-2147424.546
6656,-1348641.281
6657,-3575128.822
6658,-3692127.440
6659,-3824859.506
6660,-3845387.581
6661,-3660634.111
6662,-4429306.994
6663,-4558603.688
6664,-4606599.882
6665,-4347120.215
6666,-4057418.231
6667,-1541790.258
6668,-1386647.672
6669,-0.000
6670,-192141.459
6671,-335092.513
6672,-329874.087
6673,-264369.911
6674,-248106.253
6675,-229829.844
6676,-229037.366
6677,-220618.607
6678,-210785.891
6679,-234623.813
6680,-338758.650
6681,-2469775.543
6682,-2257654.810
6683,-2452423.507
6684,-2623884.190
6685,-2645001.177
6686,-2823532.559
6687,-3028461.976
6688,-3047713.739
6689,-2935492.184
6690,-2660686.891
6691,-62712.478
6692,-353907.448
6693,-365147.467
6694,-394198.741
6695,-381284.059
6696,-345404.639
6697,-275330.359
6698,-241765.653
6699,-238325.014
6700,-252932.719
6701,-215145.228
6702,-188001.127
6703,-200568.578
6704,-275807.813
6705,-604442.185
6706,-869774.539
6707,-1036561.004
6708,-1210886.583
6709,-1424476.868
6710,-1522436.049
6711,-1611370.741
6712,-1511662.805
6713,-1464153.288
6714,-1195383.770
6715,-334199.529
6716,-204411.741
6717,-167940.152
6718,-144469.847
6719,-113772.268
6720,-75102.991
6721,-47926.170
6722,-9083.309
6723,-0.000
6724,-0.000
6725,-0.000
6726,-0.000
6727,-936879.066
6728,-590414.431
6729,-1689464.447
6730,-2196529.916
6731,-2665222.852
6732,-2988887.957
6733,-2878172.882
6734,-3543761.556
6735,-3848434.525
6736,-3821269.990
6737,-3790847.682
6738,-3193229.163
6739,-1127591.739
6740,-898391.580
6741,-0.000
6742,-0.000
6743,-61759.278
6744,-109298.557
6745,-40865.149
6746,-10485.446
6747,-7619.860
6748,-2674.266
6749,-0.000
6750,-0.000
6751,-1340005.133
6752,-765782.697
6753,-2108983.516
6754,-2578158.504
6755,-3135021.570
6756,-3482609.086
6757,-3327201.920
6758,-3733020.474
6759,-3865842.915
6760,-3673690.673
6761,-3303764.992
6762,-2766938.093
6763,-954364.722
6764,-749711.179
6765,-0.000
6766,-0.000
6767,-0.000
6768,-0.000
6769,-0.000
6770,-0.000
6771,-0.000
6772,-0.000
6773,-0.000
6774,-0.000
6775,-369832.675
6776,-411972.652
6777,-1373728.572
6778,-1751951.558
6779,-2146869.598
6780,-2349005.396
6781,-2355229.551
6782,-2679754.367
6783,-2849295.873
6784,-2846062.401
6785,-2709592.570
6786,-2151318.841
6787,-647061.765
6788,-464628.027
6789,-0.000
6790,-0.000
6791,-0.000
6792,-0.000
6793,-0.000
6794,-0.000
6795,-0.000
6796,-0.000
6797,-0.000
6798,-0.000
6799,-0.000
6800,-166650.496
6801,-961789.227
6802,-1394089.511
6803,-1821704.490
6804,-2052095.693
6805,-2114668.555
6806,-2464163.641
6807,-2684102.702
6808,-2738083.351
6809,-2682677.873
6810,-2133253.752
6811,-645047.769
6812,-448710.887
6813,-0.000
6814,-0.000
6815,-0.000
6816,-0.000
6817,-0.000
6818,-0.000
6819,-0.000
6820,-0.000
6821,-0.000
6822,-0.000
6823,-0.000
6824,-85503.464
6825,-920703.648
6826,-1381748.987
6827,-1889810.438
6828,-2172425.745
6829,-2214659.354
6830,-2589165.313
6831,-2815186.981
6832,-2867881.479
6833,-2812705.966
6834,-2220823.449
6835,-676715.868
6836,-447048.423
6837,-0.000
6838,-0.000
6839,-0.000
6840,-0.000
6841,-0.000
6842,-0.000
6843,-0.000
6844,-0.000
6845,-0.000
6846,-0.000
6847,-0.000
6848,-0.000
6849,-490055.415
6850,-1054832.094
6851,-1549347.877
6852,-1810773.393
6853,-1946196.894
6854,-2273131.685
6855,-2506844.368
6856,-2550066.300
6857,-2495064.810
6858,-1914423.759
6859,-0.000
6860,-0.000
6861,-30175.708
6862,-81234.765
6863,-80223.069
6864,-61977.231
6865,-6701.612
6866,-0.000
6867,-0.000
6868,-0.000
6869,-0.000
6870,-0.000
6871,-0.000
6872,-0.000
6873,-148723.594
6874,-727919.457
6875,-1062602.069
6876,-1236364.093
6877,-1349768.792
6878,-1554080.320
6879,-1711265.686
6880,-1748275.661
6881,-1688458.673
6882,-1080769.089
6883,-204757.222
6884,-77987.044
6885,-64695.842
6886,-65228.557
6887,-34424.770
6888,-3044.491
6889,-0.000
6890,-0.000
6891,-0.000
6892,-0.000
6893,-0.000
6894,-0.000
6895,-379961.905
6896,-456142.430
6897,-1573784.746
6898,-2044284.812
6899,-2492316.638
6900,-2704683.512
6901,-2669245.881
6902,-3149105.809
6903,-3443415.020
6904,-3506652.432
6905,-3457702.322
6906,-2793786.307
6907,-937368.624
6908,-723932.962
6909,-0.000
6910,-0.000
6911,-25343.608
6912,-61950.776
6913,-31584.446
6914,-10812.955
6915,-0.000
6916,-0.000
6917,-0.000
6918,-0.000
6919,-871113.071
6920,-554275.920
6921,-1610385.939
6922,-2077049.236
6923,-2528985.073
6924,-2789128.884
6925,-2706306.719
6926,-3141681.924
6927,-3414638.250
6928,-3427487.847
6929,-3286602.390
6930,-2815761.269
6931,-1088160.166
6932,-950020.302
6933,-0.000
6934,-232937.098
6935,-259011.918
6936,-253777.005
6937,-202022.108
6938,-166886.386
6939,-150043.877
6940,-146314.045
6941,-123242.265
6942,-113373.301
6943,-1083986.448
6944,-646349.028
6945,-1676046.762
6946,-1947844.556
6947,-2229414.002
6948,-2442735.008
6949,-2301792.014
6950,-2673605.790
6951,-2957313.012
6952,-2873852.971
6953,-2510174.182
6954,-1982484.447
6955,-918901.635
6956,-792641.811
6957,-0.000
6958,-132688.364
6959,-205614.038
6960,-177696.311
6961,-115559.711
6962,-71286.958
6963,-46862.473
6964,-49631.227
6965,-21642.724
6966,-0.000
6967,-508870.704
6968,-361984.471
6969,-1104308.025
6970,-1471031.015
6971,-1639707.891
6972,-1666274.043
6973,-1547882.880
6974,-1580619.087
6975,-1449951.160
6976,-1613195.415
6977,-1622499.691
6978,-1275715.484
6979,-563517.407
6980,-483156.149
6981,-0.000
6982,-0.000
6983,-0.000
6984,-0.000
6985,-0.000
6986,-0.000
6987,-0.000
6988,-0.000
6989,-0.000
6990,-0.000
6991,-24483.087
6992,-234910.437
6993,-858597.342
6994,-1137748.993
6995,-1479572.626
6996,-1744952.980
6997,-1912548.036
6998,-2109828.902
6999,-2075741.410
7000,-1897774.947
7001,-1806639.383
7002,-1496461.385
7003,-569000.320
7004,-462761.691
7005,-0.000
7006,-0.000
7007,-0.000
7008,-0.000
7009,-0.000
7010,-0.000
7011,-0.000
7012,-0.000
7013,-0.000
7014,-0.000
7015,-0.000
7016,-0.000
7017,-576793.478
7018,-926753.353
7019,-1419301.506
7020,-1665136.783
7021,-1791435.379
7022,-2131708.497
7023,-2357688.442
7024,-2386741.749
7025,-2363714.734
7026,-1774190.293
7027,-0.000
7028,-44223.752
7029,-65548.545
7030,-46130.708
7031,-10896.986
7032,-0.000
7033,-0.000
7034,-0.000
7035,-0.000
7036,-0.000
7037,-0.000
7038,-0.000
7039,-0.000
7040,-0.000
7041,-0.000
7042,-650713.220
7043,-1315375.282
7044,-1601050.239
7045,-1542194.562
7046,-1670729.428
7047,-1805256.667
7048,-1822666.866
7049,-1744170.933
7050,-1121822.649
7051,-272727.319
7052,-124761.510
7053,-79037.514
7054,-54909.276
7055,-10163.505
7056,-0.000
7057,-0.000
7058,-0.000
7059,-0.000
7060,-0.000
7061,-0.000
7062,-0.000
7063,-382547.204
7064,-552366.256
7065,-1981813.257
7066,-2337836.994
7067,-3169289.540
7068,-3201217.232
7069,-2917187.496
7070,-3346201.117
7071,-3494124.406
7072,-3468667.440
7073,-3381609.585
7074,-2950629.020
7075,-1133687.951
7076,-938091.326
7077,-0.000
7078,-39533.918
7079,-110127.275
7080,-70565.727
7081,-240.307
7082,-0.000
7083,-0.000
7084,-0.000
7085,-0.000
7086,-0.000
7087,-846346.037
7088,-647054.287
7089,-2051053.926
7090,-2738410.078
7091,-3029244.729
7092,-3129585.356
7093,-3023020.648
7094,-3499580.121
7095,-3688744.817
7096,-3735905.331
7097,-3696921.600
7098,-3161243.772
7099,-1137591.344
7100,-908102.617
7101,-0.000
7102,-0.000
7103,-106867.901
7104,-87563.689
7105,-3277.002
7106,-0.000
7107,-0.000
7108,-0.000
7109,-0.000
7110,-0.000
7111,-936295.459
7112,-688936.393
7113,-2035732.631
7114,-2491351.667
7115,-3075218.215
7116,-3080742.041
7117,-2995854.673
7118,-3580195.113
7119,-3806263.178
7120,-3786833.573
7121,-3689858.645
7122,-3185424.538
7123,-1179094.330
7124,-1001223.265
7125,-0.000
7126,-0.000
7127,-96075.832
7128,-75753.974
7129,-1031.899
7130,-0.000
7131,-0.000
7132,-0.000
7133,-0.000
7134,-0.000
7135,-874416.552
7136,-620840.716
7137,-2050746.906
7138,-2398806.898
7139,-2996392.572
7140,-3426334.793
7141,-3219048.100
7142,-3620322.993
7143,-3709249.606
7144,-3659702.097
7145,-3664764.764
7146,-2942398.264
7147,-1034013.680
7148,-850719.087
7149,-0.000
7150,-0.000
7151,-0.000
7152,-0.000
7153,-0.000
7154,-0.000
7155,-0.000
7156,-0.000
7157,-0.000
7158,-0.000
7159,-393835.850
7160,-487817.119
7161,-1730407.926
7162,-2147394.920
7163,-2892906.629
7164,-3111160.300
7165,-2930265.764
7166,-3484725.119
7167,-3712456.524
7168,-3759107.384
7169,-3674643.301
7170,-2959134.248
7171,-1017573.722
7172,-817566.224
7173,-0.000
7174,-0.000
7175,-0.000
7176,-0.000
7177,-0.000
7178,-0.000
7179,-0.000
7180,-0.000
7181,-0.000
7182,-0.000
7183,-0.000
7184,-0.000
7185,-1302343.271
7186,-1693710.582
7187,-2198902.437
7188,-2478852.141
7189,-2429478.250
7190,-2671703.162
7191,-2835080.144
7192,-2695324.326
7193,-2466760.038
7194,-1956760.724
7195,-0.000
7196,-174340.414
7197,-205838.090
7198,-217681.413
7199,-198328.260
7200,-145090.124
7201,-54879.827
7202,-3831.603
7203,-0.000
7204,-0.000
7205,-0.000
7206,-0.000
7207,-0.000
7208,-0.000
7209,-358276.370
7210,-967983.894
7211,-1413945.341
7212,-1478002.668
7213,-1512666.583
7214,-1720683.899
7215,-1885934.440
7216,-1915015.042
7217,-1787828.708
7218,-827090.480
7219,-239720.225
7220,-150230.707
7221,-142006.305
7222,-143647.936
7223,-128747.153
7224,-93488.233
7225,-65036.174
7226,-18696.627
7227,-0.000
7228,-0.000
7229,-0.000
7230,-0.000
7231,-861625.641
7232,-543284.398
7233,-1710613.699
7234,-2365284.179
7235,-2828910.041
7236,-3123858.732
7237,-3048053.848
7238,-3581606.667
7239,-3747074.496
7240,-3419158.822
7241,-3275927.685
7242,-2564248.176
7243,-981590.503
7244,-816500.768
7245,-0.000
7246,-0.000
7247,-54270.095
7248,-67653.830
7249,-3900.804
7250,-0.000
7251,-0.000
7252,-0.000
7253,-0.000
7254,-0.000
7255,-729902.536
7256,-510525.717
7257,-1721071.293
7258,-2314410.569
7259,-2747958.705
7260,-3019588.443
7261,-2948836.103
7262,-3432940.724
7263,-3663496.330
7264,-3678135.081
7265,-3323728.839
7266,-2426648.857
7267,-958251.903
7268,-807681.989
7269,-0.000
7270,-0.000
7271,-31896.472
7272,-58337.137
7273,-4648.358
7274,-0.000
7275,-0.000
7276,-0.000
7277,-0.000
7278,-0.000
7279,-742441.071
7280,-471518.270
7281,-1528709.756
7282,-1975810.396
7283,-2419466.244
7284,-2733838.470
7285,-2730773.148
7286,-3102904.242
7287,-3204795.564
7288,-3139628.559
7289,-2714687.415
7290,-1951764.271
7291,-908064.141
7292,-796069.630
7293,-0.000
7294,-4357.761
7295,-97632.543
7296,-82920.875
7297,-33834.854
7298,-4463.021
7299,-0.000
7300,-0.000
7301,-0.000
7302,-0.000
7303,-613601.227
7304,-374367.295
7305,-1252079.878
7306,-1746901.551
7307,-2235607.379
7308,-2475618.251
7309,-2542221.117
7310,-2765551.161
7311,-2691313.559
7312,-2025138.088
7313,-1775600.398
7314,-1607399.846
7315,-799275.131
7316,-706267.997
7317,-0.000
7318,-0.000
7319,-34526.149
7320,-64990.426
7321,-18910.170
7322,-1635.443
7323,-0.000
7324,-0.000
7325,-0.000
7326,-0.000
7327,-528705.374
7328,-112234.741
7329,-604997.870
7330,-653302.983
7331,-708364.756
7332,-707996.662
7333,-755041.158
7334,-839946.443
7335,-1012875.943
7336,-975914.250
7337,-890175.446
7338,-816210.062
7339,-355616.058
7340,-326471.552
7341,-0.000
7342,-0.000
7343,-0.000
7344,-0.000
7345,-0.000
7346,-0.000
7347,-0.000
7348,-0.000
7349,-0.000
7350,-0.000
7351,-0.000
7352,-0.000
7353,-0.000
7354,-287524.626
7355,-514538.351
7356,-668718.235
7357,-717926.731
7358,-697799.094
7359,-687955.114
7360,-708721.586
7361,-670347.800
7362,-633663.144
7363,-0.000
7364,-0.000
7365,-0.000
7366,-0.000
7367,-0.000
7368,-0.000
7369,-0.000
7370,-0.000
7371,-0.000
7372,-0.000
7373,-0.000
7374,-0.000
7375,-0.000
7376,-0.000
7377,-0.000
7378,-0.000
7379,-0.000
7380,-0.000
7381,-0.000
7382,-0.000
7383,-81706.472
7384,-21208.845
7385,-0.000
7386,-0.000
7387,-0.000
7388,-0.000
7389,-0.000
7390,-0.000
7391,-0.000
7392,-0.000
7393,-0.000
7394,-0.000
7395,-0.000
7396,-0.000
7397,-0.000
7398,-0.000
7399,-0.000
7400,-0.000
7401,-492316.467
7402,-850627.953
7403,-1034016.540
7404,-1264906.366
7405,-1467720.144
7406,-1573520.600
7407,-1648891.846
7408,-1865509.141
7409,-1575946.680
7410,-1086923.934
7411,-434719.851
7412,-339036.924
7413,-0.000
7414,-0.000
7415,-0.000
7416,-0.000
7417,-0.000
7418,-0.000
7419,-0.000
7420,-0.000
7421,-0.000
7422,-0.000
7423,-0.000
7424,-0.000
7425,-444882.046
7426,-930869.679
7427,-1192379.370
7428,-1409573.572
7429,-1470507.525
7430,-1837757.546
7431,-1844065.743
7432,-1672979.647
7433,-1670295.594
7434,-1286884.921
7435,-527232.004
7436,-414330.670
7437,-0.000
7438,-0.000
7439,-0.000
7440,-0.000
7441,-0.000
7442,-0.000
7443,-0.000
7444,-0.000
7445,-0.000
7446,-0.000
7447,-0.000
7448,-0.000
7449,-806956.973
7450,-1032200.163
7451,-1276640.506
7452,-1531450.648
7453,-1555639.957
7454,-2064609.773
7455,-2063515.410
7456,-2150868.131
7457,-2006458.288
7458,-1675666.973
7459,-609688.769
7460,-501838.224
7461,-0.000
7462,-0.000
7463,-0.000
7464,-0.000
7465,-0.000
7466,-0.000
7467,-0.000
7468,-0.000
7469,-0.000
7470,-0.000
7471,-917.152
7472,-330709.070
7473,-1327043.716
7474,-1589994.364
7475,-1904759.319
7476,-2066139.433
7477,-2112397.980
7478,-2193647.905
7479,-2207625.626
7480,-2021579.075
7481,-2054106.806
7482,-1777627.659
7483,-751571.404
7484,-662633.379
7485,-0.000
7486,-0.000
7487,-0.000
7488,-0.000
7489,-0.000
7490,-0.000
7491,-0.000
7492,-0.000
7493,-0.000
7494,-0.000
7495,-521786.707
7496,-557208.908
7497,-1810007.383
7498,-2049499.915
7499,-2593607.706
7500,-2946023.834
7501,-2952718.741
7502,-3395742.444
7503,-3681605.866
7504,-3242085.860
7505,-2829651.246
7506,-2449702.829
7507,-1029765.784
7508,-893613.420
7509,-0.000
7510,-0.000
7511,-0.000
7512,-0.000
7513,-0.000
7514,-0.000
7515,-0.000
7516,-0.000
7517,-0.000
7518,-0.000
7519,-0.000
7520,-0.000
7521,-1481046.628
7522,-1904291.210
7523,-2218051.146
7524,-2574326.095
7525,-2751936.776
7526,-2860297.471
7527,-2706446.094
7528,-2166922.265
7529,-1998063.961
7530,-1719578.374
7531,-0.000
7532,-1309.651
7533,-128366.992
7534,-165602.675
7535,-122850.388
7536,-27827.039
7537,-0.000
7538,-0.000
7539,-0.000
7540,-0.000
7541,-0.000
7542,-0.000
7543,-0.000
7544,-0.000
7545,-0.000
7546,-498496.958
7547,-1246716.498
7548,-1461794.618
7549,-1485053.811
7550,-1551536.531
7551,-1569234.538
7552,-1610346.114
7553,-1555100.554
7554,-781005.355
7555,-243705.378
7556,-134997.868
7557,-117526.601
7558,-96415.208
7559,-27975.791
7560,-0.000
7561,-0.000
7562,-0.000
7563,-0.000
7564,-0.000
7565,-0.000
7566,-0.000
7567,-482135.206
7568,-561879.306
7569,-1835696.350
7570,-2035905.957
7571,-2561817.614
7572,-3197188.465
7573,-3267070.254
7574,-3733391.356
7575,-4016590.412
7576,-3932588.235
7577,-3786759.383
7578,-2796556.923
7579,-1057689.126
7580,-812732.876
7581,-0.000
7582,-0.000
7583,-0.000
7584,-0.000
7585,-0.000
7586,-0.000
7587,-0.000
7588,-0.000
7589,-0.000
7590,-0.000
7591,-408601.831
7592,-505963.986
7593,-1883593.083
7594,-2390713.559
7595,-3099241.012
7596,-3561567.725
7597,-3655606.415
7598,-4253396.497
7599,-4380194.618
7600,-4048905.943
7601,-3600503.344
7602,-2813899.087
7603,-1229310.998
7604,-1040724.137
7605,-0.000
7606,-83233.053
7607,-187154.753
7608,-171549.904
7609,-87975.881
7610,-51472.482
7611,-17600.171
7612,-18480.074
7613,-5620.142
7614,-0.000
7615,-1639475.874
7616,-818319.300
7617,-2114646.447
7618,-2166422.946
7619,-2269648.692
7620,-2327197.572
7621,-2500890.107
7622,-3188992.120
7623,-3310507.463
7624,-3230928.915
7625,-3063352.060
7626,-2324386.556
7627,-936996.005
7628,-787629.887
7629,-0.000
7630,-0.000
7631,-0.000
7632,-28744.735
7633,-1770.329
7634,-0.000
7635,-0.000
7636,-0.000
7637,-0.000
7638,-0.000
7639,-1067017.373
7640,-566624.495
7641,-1573058.178
7642,-1803853.606
7643,-2197891.784
7644,-2322890.414
7645,-2295617.213
7646,-2675767.205
7647,-3088791.858
7648,-2971496.800
7649,-2680938.470
7650,-2095611.378
7651,-943088.559
7652,-856390.628
7653,-0.000
7654,-0.000
7655,-0.000
7656,-0.000
7657,-0.000
7658,-0.000
7659,-0.000
7660,-0.000
7661,-0.000
7662,-0.000
7663,-568461.190
7664,-507869.206
7665,-1472812.433
7666,-1720449.047
7667,-1930296.881
7668,-2154481.741
7669,-2163488.334
7670,-2515859.189
7671,-2712940.051
7672,-3100084.052
7673,-2869257.201
7674,-2261215.599
7675,-1007124.974
7676,-903062.652
7677,-0.000
7678,-0.000
7679,-0.000
7680,-0.000
7681,-0.000
7682,-0.000
7683,-0.000
7684,-0.000
7685,-0.000
7686,-0.000
7687,-0.000
7688,-0.000
7689,-1396566.103
7690,-1857591.612
7691,-1922544.580
7692,-1985117.062
7693,-1849924.989
7694,-1939981.713
7695,-1989855.637
7696,-2223537.616
7697,-2188264.472
7698,-1414715.608
7699,-0.000
7700,-0.000
7701,-56737.095
7702,-81959.039
7703,-34648.387
7704,-0.000
7705,-0.000
7706,-0.000
7707,-0.000
7708,-0.000
7709,-0.000
7710,-0.000
7711,-0.000
7712,-0.000
7713,-0.000
7714,-663172.554
7715,-1471470.769
7716,-1546827.838
7717,-1381321.142
7718,-1406428.862
7719,-1420539.999
7720,-1461486.654
7721,-1268594.959
7722,-560123.357
7723,-229289.298
7724,-159944.752
7725,-142074.511
7726,-129838.251
7727,-88906.085
7728,-11638.384
7729,-0.000
7730,-0.000
7731,-0.000
7732,-0.000
7733,-0.000
7734,-0.000
7735,-1280285.666
7736,-761961.767
7737,-2176297.259
7738,-2573052.572
7739,-3021829.572
7740,-3274677.618
7741,-3219437.721
7742,-3696879.191
7743,-3859490.887
7744,-3706317.831
7745,-3496666.148
7746,-2402311.186
7747,-1037727.612
7748,-900945.897
7749,-0.000
7750,-0.000
7751,-0.000
7752,-25068.424
7753,-0.000
7754,-0.000
7755,-0.000
7756,-0.000
7757,-0.000
7758,-0.000
7759,-482872.179
7760,-456681.015
7761,-1580305.705
7762,-2153384.206
7763,-2898792.285
7764,-3360845.422
7765,-3227701.801
7766,-3761415.112
7767,-4039779.205
7768,-4105570.122
7769,-3721671.738
7770,-2395785.785
7771,-972434.479
7772,-793375.239
7773,-0.000
7774,-0.000
7775,-0.000
7776,-11701.617
7777,-0.000
7778,-0.000
7779,-0.000
7780,-0.000
7781,-0.000
7782,-0.000
7783,-563125.800
7784,-519964.435
7785,-1761052.930
7786,-2224451.704
7787,-2979002.799
7788,-3456896.468
7789,-3488595.343
7790,-3852275.258
7791,-3814644.186
7792,-3410170.604
7793,-2791947.496
7794,-2321353.857
7795,-1098075.695
7796,-994406.524
7797,-0.000
7798,-0.000
7799,-0.000
7800,-1644.736
7801,-0.000
7802,-7136.765
7803,-4087.178
7804,-0.000
7805,-0.000
7806,-0.000
7807,-1472071.501
7808,-711440.060
7809,-1979635.543
7810,-2084685.670
7811,-2179491.294
7812,-2395659.278
7813,-2147513.590
7814,-2346428.184
7815,-2364925.783
7816,-2299107.427
7817,-2224386.601
7818,-2123644.063
7819,-901660.953
7820,-814895.243
7821,-0.000
7822,-0.000
7823,-0.000
7824,-0.000
7825,-0.000
7826,-0.000
7827,-0.000
7828,-0.000
7829,-0.000
7830,-0.000
7831,-706729.716
7832,-616140.427
7833,-1756920.252
7834,-1773248.580
7835,-1804680.113
7836,-1840948.534
7837,-1731050.531
7838,-1933590.803
7839,-1893463.136
7840,-1873423.351
7841,-1755607.729
7842,-1619366.757
7843,-724874.650
7844,-657375.974
7845,-0.000
7846,-0.000
7847,-0.000
7848,-0.000
7849,-0.000
7850,-0.000
7851,-0.000
7852,-0.000
7853,-0.000
7854,-0.000
7855,-0.000
7856,-0.000
7857,-199736.361
7858,-631506.543
7859,-618839.822
7860,-632248.717
7861,-616622.457
7862,-612531.514
7863,-580523.428
7864,-534866.276
7865,-495096.165
7866,-461486.955
7867,-0.000
7868,-0.000
7869,-0.000
7870,-0.000
7871,-0.000
7872,-0.000
7873,-0.000
7874,-0.000
7875,-0.000
7876,-0.000
7877,-0.000
7878,-0.000
7879,-0.000
7880,-0.000
7881,-0.000
7882,-0.000
7883,-0.000
7884,-0.000
7885,-0.000
7886,-0.000
7887,-0.000
7888,-0.000
7889,-0.000
7890,-0.000
7891,-0.000
7892,-0.000
7893,-0.000
7894,-0.000
7895,-0.000
7896,-0.000
7897,-0.000
7898,-0.000
7899,-0.000
7900,-0.000
7901,-0.000
7902,-0.000
7903,-0.000
7904,-40652.823
7905,-1190730.675
7906,-1440614.213
7907,-1587750.441
7908,-1735031.808
7909,-1553166.870
7910,-1646113.570
7911,-1735141.022
7912,-1763304.078
7913,-1703582.969
7914,-1580281.875
7915,-697645.965
7916,-645758.006
7917,-0.000
7918,-0.000
7919,-0.000
7920,-0.000
7921,-0.000
7922,-0.000
7923,-0.000
7924,-0.000
7925,-0.000
7926,-0.000
7927,-504471.249
7928,-547832.422
7929,-1732491.698
7930,-1856545.998
7931,-2006338.127
7932,-2172626.868
7933,-2058194.239
7934,-2470036.833
7935,-2500823.471
7936,-2714622.064
7937,-2779790.722
7938,-2316394.144
7939,-978700.439
7940,-912372.128
7941,-0.000
7942,-0.000
7943,-0.000
7944,-0.000
7945,-0.000
7946,-0.000
7947,-0.000
7948,-0.000
7949,-0.000
7950,-0.000
7951,-1557496.974
7952,-855776.921
7953,-2469373.348
7954,-2768198.330
7955,-3537691.043
7956,-3856657.270
7957,-3516134.242
7958,-4253901.211
7959,-4535425.036
7960,-4322027.674
7961,-4025058.935
7962,-3087862.952
7963,-1289422.805
7964,-1162533.938
7965,-0.000
7966,-0.000
7967,-134979.886
7968,-175827.301
7969,-107543.964
7970,-90569.123
7971,-114729.417
7972,-142567.197
7973,-137482.552
7974,-125168.470
7975,-1905246.339
7976,-965584.089
7977,-2660566.458
7978,-3029557.596
7979,-3409174.484
7980,-3586349.860
7981,-3323529.228
7982,-3880667.433
7983,-4036937.808
7984,-3912030.723
7985,-3790572.478
7986,-2983595.336
7987,-1248890.210
7988,-1118744.742
7989,-0.000
7990,-0.000
7991,-229711.214
7992,-214346.502
7993,-125958.165
7994,-20229.736
7995,-0.000
7996,-0.000
7997,-0.000
7998,-0.000
7999,-289500.050
8000,-213924.617
8001,-791953.714
8002,-1028602.151
8003,-1251617.372
8004,-1459280.915
8005,-1543173.164
8006,-1700495.267
8007,-1584473.665
8008,-1190608.748
8009,-725524.524
8010,-418075.515
8011,-104808.307
8012,-24565.934
8013,-0.000
8014,-0.000
8015,-0.000
8016,-0.000
8017,-0.000
8018,-0.000
8019,-0.000
8020,-0.000
8021,-0.000
8022,-0.000
8023,-0.000
8024,-0.000
8025,-0.000
8026,-0.000
8027,-0.000
8028,-0.000
8029,-0.000
8030,-0.000
8031,-0.000
8032,-10753.694
8033,-0.000
8034,-0.000
8035,-0.000
8036,-0.000
8037,-0.000
8038,-0.000
8039,-0.000
8040,-0.000
8041,-0.000
8042,-0.000
8043,-0.000
8044,-0.000
8045,-0.000
8046,-0.000
8047,-0.000
8048,-0.000
8049,-0.000
8050,-0.000
8051,-0.000
8052,-0.000
8053,-0.000
8054,-0.000
8055,-0.000
8056,-0.000
8057,-0.000
8058,-0.000
8059,-0.000
8060,-0.000
8061,-0.000
8062,-0.000
8063,-0.000
8064,-0.000
8065,-0.000
8066,-0.000
8067,-0.000
8068,-0.000
8069,-0.000
8070,-0.000
8071,-0.000
8072,-0.000
8073,-0.000
8074,-0.000
8075,-44942.397
8076,-389960.994
8077,-580126.280
8078,-735385.016
8079,-816860.887
8080,-723728.388
8081,-806912.308
8082,-628368.231
8083,-176639.490
8084,-86223.460
8085,-0.000
8086,-0.000
8087,-0.000
8088,-0.000
8089,-0.000
8090,-0.000
8091,-0.000
8092,-0.000
8093,-0.000
8094,-0.000
8095,-0.000
8096,-0.000
8097,-0.000
8098,-249557.942
8099,-656519.330
8100,-846578.479
8101,-991968.125
8102,-1050697.505
8103,-1032964.823
8104,-1115743.599
8105,-940982.640
8106,-586397.017
8107,-113079.769
8108,-6363.681
8109,-0.000
8110,-0.000
8111,-0.000
8112,-0.000
8113,-0.000
8114,-0.000
8115,-0.000
8116,-0.000
8117,-0.000
8118,-0.000
8119,-0.000
8120,-0.000
8121,-0.000
8122,-0.000
8123,-53595.538
8124,-300464.538
8125,-467289.396
8126,-580006.410
8127,-625862.518
8128,-476430.864
8129,-417295.072
8130,-214112.623
8131,-267.829
8132,-0.000
8133,-0.000
8134,-0.000
8135,-0.000
8136,-0.000
8137,-0.000
8138,-0.000
8139,-0.000
8140,-0.000
8141,-0.000
8142,-0.000
8143,-0.000
8144,-0.000
8145,-0.000
8146,-0.000
8147,-346289.873
8148,-635304.328
8149,-770889.582
8150,-889142.902
8151,-962224.036
8152,-726647.436
8153,-626582.494
8154,-344048.740
8155,-31615.028
8156,-0.000
8157,-0.000
8158,-0.000
8159,-0.000
8160,-0.000
8161,-0.000
8162,-0.000
8163,-0.000
8164,-0.000
8165,-0.000
8166,-0.000
8167,-0.000
8168,-0.000
8169,-0.000
8170,-202639.721
8171,-997596.672
8172,-1413749.351
8173,-1661261.253
8174,-2009922.152
8175,-2261785.574
8176,-2383925.654
8177,-2011231.726
8178,-991725.967
8179,-213406.510
8180,-50477.384
8181,-0.000
8182,-0.000
8183,-0.000
8184,-0.000
8185,-0.000
8186,-0.000
8187,-0.000
8188,-0.000
8189,-0.000
8190,-0.000
8191,-0.000
8192,-0.000
8193,-0.000
8194,-0.000
8195,-728254.297
8196,-1271857.399
8197,-1473491.087
8198,-1797334.355
8199,-1949441.114
8200,-1990195.449
8201,-1705670.095
8202,-726834.844
8203,-0.000
8204,-0.000
8205,-0.000
8206,-0.000
8207,-0.000
8208,-0.000
8209,-0.000
8210,-0.000
8211,-0.000
8212,-0.000
8213,-0.000
8214,-0.000
8215,-0.000
8216,-0.000
8217,-0.000
8218,-0.000
8219,-0.000
8220,-86380.403
8221,-794251.680
8222,-1057125.533
8223,-1305041.251
8224,-1434768.499
8225,-1113892.665
8226,-207485.736
8227,-0.000
8228,-0.000
8229,-0.000
8230,-0.000
8231,-0.000
8232,-0.000
8233,-0.000
8234,-0.000
8235,-0.000
8236,-0.000
8237,-0.000
8238,-0.000
8239,-0.000
8240,-0.000
8241,-0.000
8242,-485515.197
8243,-1285735.494
8244,-1648830.166
8245,-1851515.324
8246,-2137516.515
8247,-2386214.334
8248,-2447556.909
8249,-2059856.562
8250,-1006591.186
8251,-228758.090
8252,-89144.139
8253,-0.000
8254,-0.000
8255,-0.000
8256,-0.000
8257,-0.000
8258,-0.000
8259,-0.000
8260,-0.000
8261,-0.000
8262,-0.000
8263,-0.000
8264,-0.000
8265,-0.000
8266,-252852.317
8267,-815040.310
8268,-1012939.935
8269,-1175935.054
8270,-1192139.614
8271,-1097925.533
8272,-956633.759
8273,-1019426.787
8274,-489494.225
8275,-55979.660
8276,-0.000
8277,-0.000
8278,-0.000
8279,-0.000
8280,-0.000
8281,-0.000
8282,-0.000
8283,-0.000
8284,-0.000
8285,-0.000
8286,-0.000
8287,-0.000
8288,-0.000
8289,-0.000
8290,-199114.343
8291,-830790.161
8292,-1090806.253
8293,-1340307.893
8294,-1494990.424
8295,-1738751.900
8296,-2003860.459
8297,-1647353.930
8298,-660045.183
8299,-47596.036
8300,-0.000
8301,-0.000
8302,-0.000
8303,-0.000
8304,-0.000
8305,-0.000
8306,-0.000
8307,-0.000
8308,-0.000
8309,-0.000
8310,-0.000
8311,-0.000
8312,-0.000
8313,-0.000
8314,-0.000
8315,-684638.923
8316,-1013475.975
8317,-981158.648
8318,-880332.265
8319,-891617.848
8320,-1103639.859
8321,-954988.965
8322,-365641.327
8323,-33203.673
8324,-0.000
8325,-0.000
8326,-0.000
8327,-0.000
8328,-0.000
8329,-0.000
8330,-0.000
8331,-0.000
8332,-0.000
8333,-0.000
8334,-0.000
8335,-0.000
8336,-0.000
8337,-0.000
8338,-0.000
8339,-0.000
8340,-364245.042
8341,-479572.668
8342,-530594.449
8343,-667387.079
8344,-770411.810
8345,-652507.906
8346,-315157.141
8347,-18263.892
8348,-0.000
8349,-0.000
8350,-0.000
8351,-0.000
8352,-0.000
8353,-0.000
8354,-0.000
8355,-0.000
8356,-0.000
8357,-0.000
8358,-0.000
8359,-0.000
8360,-0.000
8361,-0.000
8362,-0.000
8363,-0.000
8364,-0.000
8365,-0.000
8366,-0.000
8367,-0.000
8368,-0.000
8369,-0.000
8370,-0.000
8371,-0.000
8372,-0.000
8373,-0.000
8374,-0.000
8375,-0.000
8376,-0.000
8377,-0.000
8378,-0.000
8379,-0.000
8380,-0.000
8381,-0.000
8382,-0.000
8383,-0.000
8384,-0.000
8385,-0.000
8386,-0.000
8387,-0.000
8388,-0.000
8389,-0.000
8390,-0.000
8391,-0.000
8392,-0.000
8393,-0.000
8394,-0.000
8395,-0.000
8396,-0.000
8397,-0.000
8398,-0.000
8399,-0.000
8400,-0.000
8401,-0.000
8402,-0.000
8403,-0.000
8404,-0.000
8405,-0.000
8406,-0.000
8407,-0.000
8408,-0.000
8409,-0.000
8410,-0.000
8411,-0.000
8412,-224289.636
8413,-529075.476
8414,-673087.676
8415,-709106.753
8416,-579908.448
8417,-598592.308
8418,-322926.872
8419,-11117.653
8420,-0.000
8421,-0.000
8422,-0.000
8423,-0.000
8424,-0.000
8425,-0.000
8426,-0.000
8427,-0.000
8428,-0.000
8429,-0.000
8430,-0.000
8431,-0.000
8432,-0.000
8433,-0.000
8434,-0.000
8435,-274835.955
8436,-887566.150
8437,-1209140.280
8438,-1447626.354
8439,-1716485.799
8440,-1794361.874
8441,-1447516.822
8442,-434466.657
8443,-0.000
8444,-0.000
8445,-0.000
8446,-0.000
8447,-0.000
8448,-0.000
8449,-0.000
8450,-0.000
8451,-0.000
8452,-0.000
8453,-0.000
8454,-0.000
8455,-0.000
8456,-0.000
8457,-0.000
8458,-0.000
8459,-367201.944
8460,-1098112.264
8461,-1430372.743
8462,-1725142.242
8463,-1991509.780
8464,-2057506.949
8465,-1753184.149
8466,-717532.082
8467,-29194.650
8468,-0.000
8469,-0.000
8470,-0.000
8471,-0.000
8472,-0.000
8473,-0.000
8474,-0.000
8475,-0.000
8476,-0.000
8477,-0.000
8478,-0.000
8479,-0.000
8480,-0.000
8481,-0.000
8482,-0.000
8483,-647866.194
8484,-1298288.505
8485,-1529609.481
8486,-1843808.404
8487,-2026626.384
8488,-1892800.138
8489,-1475658.680
8490,-809739.345
8491,-189780.789
8492,-71374.815
8493,-0.000
8494,-0.000
8495,-0.000
8496,-0.000
8497,-0.000
8498,-0.000
8499,-0.000
8500,-0.000
8501,-0.000
8502,-0.000
8503,-0.000
8504,-0.000
8505,-0.000
8506,-378024.012
8507,-1152285.172
8508,-1463747.615
8509,-1733981.143
8510,-2029547.649
8511,-2284374.622
8512,-2363387.560
8513,-2022443.878
8514,-977050.772
8515,-149310.499
8516,-239.412
8517,-0.000
8518,-0.000
8519,-0.000
8520,-0.000
8521,-0.000
8522,-0.000
8523,-0.000
8524,-0.000
8525,-0.000
8526,-0.000
8527,-0.000
8528,-0.000
8529,-0.000
8530,-0.000
8531,-380435.474
8532,-1145013.868
8533,-1369220.534
8534,-1715700.283
8535,-1961519.599
8536,-2033619.475
8537,-1678403.416
8538,-637343.551
8539,-0.000
8540,-0.000
8541,-0.000
8542,-0.000
8543,-0.000
8544,-0.000
8545,-0.000
8546,-0.000
8547,-0.000
8548,-0.000
8549,-0.000
8550,-0.000
8551,-0.000
8552,-0.000
8553,-0.000
8554,-0.000
8555,-0.000
8556,-384801.090
8557,-876234.976
8558,-1196569.248
8559,-1410999.654
8560,-1495047.412
8561,-1168738.903
8562,-215864.560
8563,-0.000
8564,-0.000
8565,-0.000
8566,-0.000
8567,-0.000
8568,-0.000
8569,-0.000
8570,-0.000
8571,-0.000
8572,-0.000
8573,-0.000
8574,-0.000
8575,-0.000
8576,-0.000
8577,-0.000
8578,-79284.957
8579,-1108225.264
8580,-1591057.901
8581,-1814132.555
8582,-2122390.152
8583,-2385119.908
8584,-2478668.072
8585,-2123449.173
8586,-1039715.308
8587,-154449.019
8588,-0.000
8589,-0.000
8590,-0.000
8591,-0.000
8592,-0.000
8593,-0.000
8594,-0.000
8595,-0.000
8596,-0.000
8597,-0.000
8598,-0.000
8599,-0.000
8600,-0.000
8601,-0.000
8602,-0.000
8603,-886788.438
8604,-1478545.031
8605,-1729389.394
8606,-2057869.371
8607,-2345053.975
8608,-2432535.601
8609,-2079834.513
8610,-1008320.700
8611,-139049.691
8612,-0.000
8613,-0.000
8614,-0.000
8615,-0.000
8616,-0.000
8617,-0.000
8618,-0.000
8619,-0.000
8620,-0.000
8621,-0.000
8622,-0.000
8623,-0.000
8624,-0.000
8625,-0.000
8626,-0.000
8627,-673924.189
8628,-1371970.004
8629,-1659772.762
8630,-1987232.521
8631,-2211801.845
8632,-2324946.549
8633,-2023942.330
8634,-981711.228
8635,-141649.201
8636,-0.000
8637,-0.000
8638,-0.000
8639,-0.000
8640,-0.000
8641,-0.000
8642,-0.000
8643,-0.000
8644,-0.000
8645,-0.000
8646,-0.000
8647,-0.000
8648,-0.000
8649,-0.000
8650,-77769.223
8651,-981795.127
8652,-1395279.916
8653,-1643206.026
8654,-1958341.623
8655,-2301563.027
8656,-2406083.318
8657,-2096677.255
8658,-1157958.006
8659,-178887.637
8660,-9760.006
8661,-0.000
8662,-0.000
8663,-0.000
8664,-0.000
8665,-0.000
8666,-0.000
8667,-0.000
8668,-0.000
8669,-0.000
8670,-0.000
8671,-0.000
8672,-0.000
8673,-0.000
8674,-254857.035
8675,-1076689.307
8676,-1472163.066
8677,-1732997.618
8678,-1993149.437
8679,-2199493.978
8680,-2289268.324
8681,-1962716.330
8682,-1037217.626
8683,-158399.409
8684,-9616.664
8685,-0.000
8686,-0.000
8687,-0.000
8688,-0.000
8689,-0.000
8690,-0.000
8691,-0.000
8692,-0.000
8693,-0.000
8694,-0.000
8695,-0.000
8696,-0.000
8697,-0.000
8698,-0.000
8699,-0.000
8700,-0.000
8701,-303726.316
8702,-1049427.124
8703,-1369057.502
8704,-1727589.317
8705,-1504751.193
8706,-625592.480
8707,-0.000
8708,-0.000
8709,-0.000
8710,-0.000
8711,-0.000
8712,-0.000
8713,-0.000
8714,-0.000
8715,-0.000
8716,-0.000
8717,-0.000
8718,-0.000
8719,-0.000
8720,-0.000
8721,-0.000
8722,-0.000
8723,-0.000
8724,-31929.220
8725,-621226.896
8726,-928890.170
8727,-1148621.747
8728,-1237853.691
8729,-977227.119
8730,-221422.058
8731,-0.000
8732,-0.000
8733,-0.000
8734,-0.000
8735,-0.000
8736,-0.000
8737,-0.000
8738,-0.000
8739,-0.000
8740,-0.000
8741,-0.000
8742,-0.000
8743,-0.000
8744,-0.000
8745,-0.000
8746,-0.000
8747,-567633.505
8748,-1152102.528
8749,-1443931.648
8750,-1701860.936
8751,-1971731.228
8752,-2062445.191
8753,-1774629.773
8754,-860043.609
8755,-64844.507
8756,-0.000
8757,-0.000
8758,-0.000
8759,-0.000
8760,-0.000
