Hour,CoolingLoad_W
1,-0.000
2,-0.000
3,-0.000
4,-0.000
5,-0.000
6,-0.000
7,-0.000
8,-0.000
9,-0.000
10,-0.000
11,-0.000
12,-0.000
13,-109807.245
14,-139412.732
15,-143271.996
16,-21170.769
17,-0.000
18,-0.000
19,-0.000
20,-0.000
21,-0.000
22,-0.000
23,-0.000
24,-0.000
25,-0.000
26,-0.000
27,-0.000
28,-0.000
29,-0.000
30,-0.000
31,-0.000
32,-0.000
33,-0.000
34,-0.000
35,-0.000
36,-0.000
37,-0.000
38,-0.000
39,-0.000
40,-0.000
41,-0.000
42,-0.000
43,-0.000
44,-0.000
45,-0.000
46,-0.000
47,-0.000
48,-0.000
49,-0.000
50,-0.000
51,-0.000
52,-0.000
53,-0.000
54,-0.000
55,-0.000
56,-0.000
57,-0.000
58,-0.000
59,-0.000
60,-0.000
61,-182477.449
62,-254122.181
63,-418172.638
64,-350237.017
65,-286705.230
66,-199600.876
67,-5629.470
68,-0.000
69,-0.000
70,-0.000
71,-0.000
72,-0.000
73,-0.000
74,-0.000
75,-0.000
76,-0.000
77,-0.000
78,-0.000
79,-0.000
80,-0.000
81,-0.000
82,-0.000
83,-169651.333
84,-535664.467
85,-816814.051
86,-990326.710
87,-1073706.306
88,-813170.934
89,-759279.922
90,-623317.812
91,-134246.273
92,-23008.357
93,-0.000
94,-0.000
95,-0.000
96,-0.000
97,-0.000
98,-0.000
99,-0.000
100,-0.000
101,-0.000
102,-0.000
103,-0.000
104,-0.000
105,-0.000
106,-83065.872
107,-520620.742
108,-709999.480
109,-862687.153
110,-870718.913
111,-960501.285
112,-1119384.745
113,-1116730.106
114,-799087.772
115,-135945.920
116,-1750.401
117,-0.000
118,-0.000
119,-0.000
120,-0.000
121,-0.000
122,-0.000
123,-0.000
124,-0.000
125,-0.000
126,-0.000
127,-0.000
128,-0.000
129,-0.000
130,-0.000
131,-0.000
132,-0.000
133,-92724.326
134,-147201.571
135,-154085.193
136,-81351.053
137,-40898.091
138,-7722.729
139,-0.000
140,-0.000
141,-0.000
142,-0.000
143,-0.000
144,-0.000
145,-0.000
146,-0.000
147,-0.000
148,-0.000
149,-0.000
150,-0.000
151,-0.000
152,-0.000
153,-0.000
154,-0.000
155,-0.000
156,-0.000
157,-204755.506
158,-523682.849
159,-542640.445
160,-171577.475
161,-62290.101
162,-0.000
163,-0.000
164,-0.000
165,-0.000
166,-0.000
167,-0.000
168,-0.000
169,-0.000
170,-0.000
171,-0.000
172,-0.000
173,-0.000
174,-0.000
175,-0.000
176,-0.000
177,-0.000
178,-122067.403
179,-518559.388
180,-792758.089
181,-970166.535
182,-1075492.053
183,-1111791.894
184,-1109890.009
185,-1022579.274
186,-642353.884
187,-95798.445
188,-627.938
189,-0.000
190,-0.000
191,-0.000
192,-0.000
193,-0.000
194,-0.000
195,-0.000
196,-0.000
197,-0.000
198,-0.000
199,-0.000
200,-0.000
201,-0.000
202,-196474.907
203,-936951.727
204,-1291439.594
205,-1558806.539
206,-1803762.957
207,-2108519.408
208,-2037925.479
209,-1815678.795
210,-1146688.649
211,-295832.747
212,-143306.177
213,-0.000
214,-0.000
215,-0.000
216,-0.000
217,-0.000
218,-0.000
219,-0.000
220,-0.000
221,-0.000
222,-0.000
223,-0.000
224,-0.000
225,-0.000
226,-206585.529
227,-780946.842
228,-1065030.463
229,-1268789.415
230,-1640504.141
231,-1727464.347
232,-1419160.902
233,-1357076.558
234,-1118994.190
235,-377143.812
236,-251468.194
237,-0.000
238,-0.000
239,-0.000
240,-0.000
241,-0.000
242,-0.000
243,-0.000
244,-0.000
245,-0.000
246,-0.000
247,-0.000
248,-0.000
249,-100677.724
250,-528254.897
251,-856275.592
252,-1122938.508
253,-1349350.306
254,-1672796.441
255,-1716630.018
256,-1840887.710
257,-1882784.269
258,-1551557.953
259,-473859.017
260,-314200.447
261,-0.000
262,-0.000
263,-0.000
264,-0.000
265,-0.000
266,-0.000
267,-0.000
268,-0.000
269,-0.000
270,-0.000
271,-0.000
272,-0.000
273,-106032.881
274,-758759.352
275,-1359185.429
276,-1637101.296
277,-1688414.178
278,-1950778.912
279,-2156575.424
280,-1877103.346
281,-1860902.422
282,-1529216.836
283,-402322.842
284,-225692.725
285,-0.000
286,-0.000
287,-0.000
288,-0.000
289,-0.000
290,-0.000
291,-0.000
292,-0.000
293,-0.000
294,-0.000
295,-0.000
296,-0.000
297,-0.000
298,-0.000
299,-392822.084
300,-676538.313
301,-937243.275
302,-1188725.534
303,-1348603.262
304,-1527945.657
305,-1232180.218
306,-885218.135
307,-0.000
308,-0.000
309,-0.000
310,-0.000
311,-0.000
312,-0.000
313,-0.000
314,-0.000
315,-0.000
316,-0.000
317,-0.000
318,-0.000
319,-0.000
320,-0.000
321,-0.000
322,-0.000
323,-0.000
324,-415404.516
325,-853508.717
326,-1099826.944
327,-1171300.749
328,-994184.119
329,-674893.182
330,-369505.359
331,-0.000
332,-0.000
333,-0.000
334,-0.000
335,-0.000
336,-0.000
337,-0.000
338,-0.000
339,-0.000
340,-0.000
341,-0.000
342,-0.000
343,-0.000
344,-0.000
345,-501045.674
346,-1017652.838
347,-1363718.576
348,-1511666.862
349,-1560161.798
350,-1519733.143
351,-1630982.480
352,-1749416.781
353,-1608950.081
354,-1250198.419
355,-326276.016
356,-193215.642
357,-0.000
358,-0.000
359,-0.000
360,-0.000
361,-0.000
362,-0.000
363,-0.000
364,-0.000
365,-0.000
366,-0.000
367,-0.000
368,-0.000
369,-0.000
370,-0.000
371,-373670.066
372,-730850.547
373,-1073761.680
374,-1301670.175
375,-1319551.181
376,-547352.207
377,-328538.360
378,-252997.728
379,-26302.307
380,-0.000
381,-0.000
382,-0.000
383,-0.000
384,-0.000
385,-0.000
386,-0.000
387,-0.000
388,-0.000
389,-0.000
390,-0.000
391,-0.000
392,-0.000
393,-0.000
394,-0.000
395,-563905.212
396,-1085870.047
397,-1402602.197
398,-1642646.576
399,-1887188.706
400,-1984714.793
401,-1927586.957
402,-1135013.182
403,-124365.521
404,-468.259
405,-0.000
406,-0.000
407,-0.000
408,-0.000
409,-0.000
410,-0.000
411,-0.000
412,-0.000
413,-0.000
414,-0.000
415,-0.000
416,-0.000
417,-0.000
418,-0.000
419,-444517.067
420,-941486.447
421,-1204949.343
422,-1465684.351
423,-1764581.981
424,-1779587.863
425,-1853957.228
426,-1152503.089
427,-177790.053
428,-67523.147
429,-0.000
430,-0.000
431,-0.000
432,-0.000
433,-0.000
434,-0.000
435,-0.000
436,-0.000
437,-0.000
438,-0.000
439,-0.000
440,-0.000
441,-0.000
442,-411118.328
443,-798937.011
444,-1212325.715
445,-1475612.429
446,-1882993.706
447,-2157933.492
448,-2494858.547
449,-2378405.134
450,-1728115.856
451,-534350.541
452,-394468.975
453,-0.000
454,-0.000
455,-0.000
456,-0.000
457,-0.000
458,-0.000
459,-0.000
460,-0.000
461,-0.000
462,-0.000
463,-0.000
464,-0.000
465,-0.000
466,-260957.601
467,-1141499.222
468,-1620672.829
469,-1740965.220
470,-1728381.281
471,-1660620.939
472,-1644085.369
473,-1451016.744
474,-871974.468
475,-0.000
476,-0.000
477,-0.000
478,-0.000
479,-0.000
480,-0.000
481,-0.000
482,-0.000
483,-0.000
484,-0.000
485,-0.000
486,-0.000
487,-0.000
488,-0.000
489,-0.000
490,-0.000
491,-0.000
492,-0.000
493,-0.000
494,-231894.691
495,-724099.392
496,-979126.255
497,-976904.928
498,-525052.928
499,-0.000
500,-0.000
501,-0.000
502,-0.000
503,-0.000
504,-0.000
505,-0.000
506,-0.000
507,-0.000
508,-0.000
509,-0.000
510,-0.000
511,-0.000
512,-0.000
513,-0.000
514,-0.000
515,-600524.683
516,-1030253.077
517,-1279227.975
518,-1536948.027
519,-1768689.212
520,-1896557.743
521,-1920336.545
522,-1360194.513
523,-123429.330
524,-0.000
525,-0.000
526,-0.000
527,-0.000
528,-0.000
529,-0.000
530,-0.000
531,-0.000
532,-0.000
533,-0.000
534,-0.000
535,-0.000
536,-0.000
537,-0.000
538,-0.000
539,-660076.245
540,-1210933.346
541,-1407802.567
542,-1695013.506
543,-1975538.968
544,-2077211.042
545,-2066521.119
546,-1477117.896
547,-167319.193
548,-2740.641
549,-0.000
550,-0.000
551,-0.000
552,-0.000
553,-0.000
554,-0.000
555,-0.000
556,-0.000
557,-0.000
558,-0.000
559,-0.000
560,-0.000
561,-0.000
562,-60065.018
563,-959615.318
564,-1405092.446
565,-1592883.366
566,-1882734.590
567,-2111442.745
568,-2218490.840
569,-2230640.000
570,-1711057.226
571,-273688.837
572,-52060.759
573,-0.000
574,-0.000
575,-0.000
576,-0.000
577,-0.000
578,-0.000
579,-0.000
580,-0.000
581,-0.000
582,-0.000
583,-0.000
584,-0.000
585,-0.000
586,-105523.432
587,-1101472.194
588,-1556536.551
589,-1711220.147
590,-1997021.052
591,-2307025.021
592,-2398669.678
593,-2433299.185
594,-1945340.070
595,-427677.949
596,-245972.570
597,-0.000
598,-0.000
599,-0.000
600,-0.000
601,-0.000
602,-0.000
603,-0.000
604,-0.000
605,-0.000
606,-0.000
607,-0.000
608,-0.000
609,-95263.070
610,-584851.422
611,-1099598.342
612,-1382688.575
613,-1409889.511
614,-1722489.231
615,-2023239.603
616,-2133978.660
617,-2048564.560
618,-1595682.798
619,-285943.328
620,-106909.333
621,-0.000
622,-0.000
623,-0.000
624,-0.000
625,-0.000
626,-0.000
627,-0.000
628,-0.000
629,-0.000
630,-0.000
631,-0.000
632,-0.000
633,-0.000
634,-0.000
635,-608048.454
636,-1049528.648
637,-1184150.023
638,-1466623.775
639,-1703584.474
640,-1800007.919
641,-1824736.686
642,-1307671.479
643,-0.000
644,-0.000
645,-0.000
646,-0.000
647,-0.000
648,-0.000
649,-0.000
650,-0.000
651,-0.000
652,-0.000
653,-0.000
654,-0.000
655,-0.000
656,-0.000
657,-0.000
658,-0.000
659,-0.000
660,-0.000
661,-551259.853
662,-783117.948
663,-1049287.363
664,-971018.390
665,-1034168.504
666,-645517.980
667,-0.000
668,-0.000
669,-0.000
670,-0.000
671,-0.000
672,-0.000
673,-0.000
674,-0.000
675,-0.000
676,-0.000
677,-0.000
678,-0.000
679,-0.000
680,-0.000
681,-0.000
682,-291376.811
683,-995813.447
684,-1451874.590
685,-1666141.009
686,-2097165.938
687,-2393204.104
688,-2406114.485
689,-2477452.859
690,-1940808.707
691,-452347.767
692,-241402.388
693,-0.000
694,-0.000
695,-0.000
696,-0.000
697,-0.000
698,-0.000
699,-0.000
700,-0.000
701,-0.000
702,-0.000
703,-0.000
704,-0.000
705,-0.000
706,-657682.343
707,-1719154.624
708,-2049633.381
709,-2175752.650
710,-2534700.001
711,-2617968.793
712,-2604223.596
713,-2444779.816
714,-2121447.283
715,-685822.476
716,-530344.930
717,-0.000
718,-0.000
719,-0.000
720,-0.000
721,-0.000
722,-0.000
723,-0.000
724,-0.000
725,-0.000
726,-0.000
727,-0.000
728,-0.000
729,-579177.597
730,-1079591.012
731,-1642511.856
732,-2121790.647
733,-2336744.708
734,-2851926.812
735,-3039315.232
736,-2942753.117
737,-2841932.747
738,-2184732.238
739,-580877.816
740,-400922.086
741,-0.000
742,-0.000
743,-0.000
744,-0.000
745,-0.000
746,-0.000
747,-0.000
748,-0.000
749,-0.000
750,-0.000
751,-0.000
752,-0.000
753,-0.000
754,-179058.809
755,-483881.524
756,-586126.735
757,-690038.386
758,-747236.337
759,-945648.672
760,-833268.860
761,-845893.703
762,-849876.335
763,-110057.470
764,-1814.833
765,-0.000
766,-0.000
767,-0.000
768,-0.000
769,-0.000
770,-0.000
771,-0.000
772,-0.000
773,-0.000
774,-0.000
775,-0.000
776,-0.000
777,-0.000
778,-104869.440
779,-568741.064
780,-1027071.453
781,-1347254.901
782,-1840194.570
783,-2162069.306
784,-1983386.680
785,-1948594.497
786,-1739873.034
787,-590127.704
788,-402929.240
789,-0.000
790,-0.000
791,-0.000
792,-0.000
793,-0.000
794,-0.000
795,-0.000
796,-0.000
797,-0.000
798,-0.000
799,-0.000
800,-0.000
801,-50012.128
802,-723595.860
803,-1223371.304
804,-1508389.572
805,-1455728.746
806,-1615699.671
807,-1685870.788
808,-1574336.364
809,-1507263.916
810,-1466130.019
811,-0.000
812,-0.000
813,-0.000
814,-0.000
815,-0.000
816,-0.000
817,-0.000
818,-0.000
819,-0.000
820,-0.000
821,-0.000
822,-0.000
823,-0.000
824,-0.000
825,-0.000
826,-0.000
827,-412400.750
828,-870402.462
829,-1059938.470
830,-1224484.948
831,-1263048.696
832,-1046255.045
833,-1071552.877
834,-717277.084
835,-70196.912
836,-0.000
837,-0.000
838,-0.000
839,-0.000
840,-0.000
841,-0.000
842,-0.000
843,-0.000
844,-0.000
845,-0.000
846,-0.000
847,-162097.787
848,-250523.967
849,-962232.807
850,-1183984.459
851,-1463221.052
852,-1733108.541
853,-2022322.849
854,-2373955.569
855,-2529820.237
856,-2395916.268
857,-2464772.126
858,-2144597.385
859,-751461.695
860,-638238.199
861,-0.000
862,-0.000
863,-0.000
864,-0.000
865,-0.000
866,-0.000
867,-0.000
868,-0.000
869,-0.000
870,-0.000
871,-410604.053
872,-399279.463
873,-1386834.104
874,-1683735.804
875,-2195368.307
876,-2478486.782
877,-2666647.379
878,-3111463.438
879,-3242600.556
880,-3060176.128
881,-2921310.685
882,-2668993.964
883,-941587.691
884,-728050.239
885,-0.000
886,-0.000
887,-0.000
888,-0.000
889,-0.000
890,-0.000
891,-0.000
892,-0.000
893,-0.000
894,-0.000
895,-557447.352
896,-513842.946
897,-1591306.773
898,-1897730.513
899,-2449146.473
900,-2860927.537
901,-2832076.309
902,-3149049.252
903,-3198368.924
904,-3364220.262
905,-3318666.811
906,-2621497.952
907,-947492.840
908,-747259.591
909,-0.000
910,-0.000
911,-0.000
912,-0.000
913,-0.000
914,-0.000
915,-0.000
916,-0.000
917,-0.000
918,-0.000
919,-867647.937
920,-494497.609
921,-1579663.142
922,-1870655.448
923,-2262173.780
924,-2579895.266
925,-2851491.126
926,-3319190.058
927,-3365333.222
928,-3398120.787
929,-3230067.699
930,-2556924.237
931,-922571.767
932,-741764.817
933,-0.000
934,-0.000
935,-0.000
936,-0.000
937,-0.000
938,-0.000
939,-0.000
940,-0.000
941,-0.000
942,-0.000
943,-448469.671
944,-390128.996
945,-1246826.137
946,-1390389.447
947,-1489003.653
948,-1484240.939
949,-1502951.339
950,-1564877.455
951,-1315915.683
952,-1446219.372
953,-1273820.238
954,-1020695.939
955,-316658.517
956,-200818.799
957,-0.000
958,-0.000
959,-0.000
960,-0.000
961,-0.000
962,-0.000
963,-0.000
964,-0.000
965,-0.000
966,-0.000
967,-0.000
968,-0.000
969,-0.000
970,-0.000
971,-0.000
972,-11216.144
973,-282621.302
974,-360771.714
975,-368656.381
976,-392650.566
977,-395082.248
978,-330455.016
979,-0.000
980,-0.000
981,-0.000
982,-0.000
983,-0.000
984,-0.000
985,-0.000
986,-0.000
987,-0.000
988,-0.000
989,-0.000
990,-0.000
991,-0.000
992,-0.000
993,-0.000
994,-0.000
995,-0.000
996,-0.000
997,-0.000
998,-0.000
999,-0.000
1000,-0.000
1001,-0.000
1002,-0.000
1003,-0.000
1004,-0.000
1005,-0.000
1006,-0.000
1007,-0.000
1008,-0.000
1009,-0.000
1010,-0.000
1011,-0.000
1012,-0.000
1013,-0.000
1014,-0.000
1015,-0.000
1016,-0.000
1017,-0.000
1018,-0.000
1019,-506915.118
1020,-977143.645
1021,-1074185.524
1022,-1447244.802
1023,-1842416.720
1024,-2154130.435
1025,-1970305.132
1026,-1708230.555
1027,-543834.137
1028,-375481.278
1029,-0.000
1030,-0.000
1031,-0.000
1032,-0.000
1033,-0.000
1034,-0.000
1035,-0.000
1036,-0.000
1037,-0.000
1038,-0.000
1039,-0.000
1040,-0.000
1041,-381560.337
1042,-1116931.357
1043,-1636318.906
1044,-1987334.435
1045,-2007923.882
1046,-2391887.039
1047,-2441406.976
1048,-2359915.678
1049,-2200000.177
1050,-2011527.715
1051,-723159.070
1052,-534163.429
1053,-0.000
1054,-0.000
1055,-0.000
1056,-0.000
1057,-0.000
1058,-0.000
1059,-0.000
1060,-0.000
1061,-0.000
1062,-0.000
1063,-0.000
1064,-0.000
1065,-714897.215
1066,-1332592.792
1067,-1727004.784
1068,-1967448.890
1069,-1857469.188
1070,-2168234.282
1071,-2635468.417
1072,-2382855.686
1073,-2372508.064
1074,-2291420.448
1075,-780914.903
1076,-537778.603
1077,-0.000
1078,-0.000
1079,-0.000
1080,-0.000
1081,-0.000
1082,-0.000
1083,-0.000
1084,-0.000
1085,-0.000
1086,-0.000
1087,-0.000
1088,-197450.626
1089,-965206.457
1090,-1138736.849
1091,-1340246.014
1092,-1532504.486
1093,-1877002.301
1094,-1974713.844
1095,-2054588.536
1096,-1877331.828
1097,-1715237.034
1098,-1752376.225
1099,-699814.151
1100,-550638.010
1101,-0.000
1102,-0.000
1103,-0.000
1104,-0.000
1105,-0.000
1106,-0.000
1107,-0.000
1108,-0.000
1109,-0.000
1110,-0.000
1111,-0.000
1112,-207053.105
1113,-1162820.852
1114,-1463925.600
1115,-1736153.150
1116,-1834816.893
1117,-1842121.784
1118,-2301535.209
1119,-2779402.688
1120,-2768420.993
1121,-2533249.167
1122,-2223719.650
1123,-701111.013
1124,-435531.941
1125,-0.000
1126,-0.000
1127,-0.000
1128,-0.000
1129,-0.000
1130,-0.000
1131,-0.000
1132,-0.000
1133,-0.000
1134,-0.000
1135,-0.000
1136,-0.000
1137,-0.000
1138,-0.000
1139,-0.000
1140,-22454.320
1141,-150389.655
1142,-255864.594
1143,-300809.008
1144,-270316.693
1145,-237445.715
1146,-194458.846
1147,-0.000
1148,-0.000
1149,-0.000
1150,-0.000
1151,-0.000
1152,-0.000
1153,-0.000
1154,-0.000
1155,-0.000
1156,-0.000
1157,-0.000
1158,-0.000
1159,-0.000
1160,-0.000
1161,-0.000
1162,-0.000
1163,-0.000
1164,-0.000
1165,-0.000
1166,-0.000
1167,-0.000
1168,-0.000
1169,-0.000
1170,-0.000
1171,-0.000
1172,-0.000
1173,-0.000
1174,-0.000
1175,-0.000
1176,-0.000
1177,-0.000
1178,-0.000
1179,-0.000
1180,-0.000
1181,-0.000
1182,-0.000
1183,-0.000
1184,-0.000
1185,-0.000
1186,-75717.540
1187,-530189.042
1188,-773474.640
1189,-925986.672
1190,-1170046.339
1191,-1230669.037
1192,-1264215.248
1193,-1352049.890
1194,-1249739.055
1195,-468760.801
1196,-371069.086
1197,-0.000
1198,-0.000
1199,-0.000
1200,-0.000
1201,-0.000
1202,-0.000
1203,-0.000
1204,-0.000
1205,-0.000
1206,-0.000
1207,-0.000
1208,-60500.588
1209,-1085578.623
1210,-1299660.030
1211,-1691931.444
1212,-2082158.659
1213,-2160012.641
1214,-2760987.954
1215,-2824696.308
1216,-2809245.685
1217,-2634518.259
1218,-2510411.026
1219,-923113.335
1220,-756805.725
1221,-0.000
1222,-0.000
1223,-0.000
1224,-0.000
1225,-0.000
1226,-0.000
1227,-0.000
1228,-0.000
1229,-0.000
1230,-0.000
1231,-669700.783
1232,-590909.996
1233,-1740530.085
1234,-1931534.658
1235,-1971559.617
1236,-2076979.161
1237,-1870350.102
1238,-2041131.885
1239,-2019872.292
1240,-2003636.739
1241,-1762350.652
1242,-1321769.953
1243,-325014.543
1244,-36663.769
1245,-0.000
1246,-0.000
1247,-0.000
1248,-0.000
1249,-0.000
1250,-0.000
1251,-0.000
1252,-0.000
1253,-0.000
1254,-0.000
1255,-0.000
1256,-0.000
1257,-0.000
1258,-0.000
1259,-656986.389
1260,-1160593.989
1261,-1351072.499
1262,-1571441.717
1263,-1810960.654
1264,-1802418.487
1265,-1664927.652
1266,-1311745.592
1267,-324553.848
1268,-152914.494
1269,-0.000
1270,-0.000
1271,-0.000
1272,-0.000
1273,-0.000
1274,-0.000
1275,-0.000
1276,-0.000
1277,-0.000
1278,-0.000
1279,-0.000
1280,-0.000
1281,-0.000
1282,-0.000
1283,-0.000
1284,-2453.190
1285,-127327.997
1286,-0.000
1287,-0.000
1288,-0.000
1289,-0.000
1290,-0.000
1291,-0.000
1292,-0.000
1293,-0.000
1294,-0.000
1295,-0.000
1296,-0.000
1297,-0.000
1298,-0.000
1299,-0.000
1300,-0.000
1301,-0.000
1302,-0.000
1303,-0.000
1304,-0.000
1305,-0.000
1306,-0.000
1307,-0.000
1308,-0.000
1309,-485664.802
1310,-940317.652
1311,-1186837.741
1312,-1042436.656
1313,-745962.903
1314,-398661.233
1315,-0.000
1316,-0.000
1317,-0.000
1318,-0.000
1319,-0.000
1320,-0.000
1321,-0.000
1322,-0.000
1323,-0.000
1324,-0.000
1325,-0.000
1326,-0.000
1327,-0.000
1328,-0.000
1329,-0.000
1330,-0.000
1331,-0.000
1332,-0.000
1333,-0.000
1334,-0.000
1335,-0.000
1336,-0.000
1337,-0.000
1338,-0.000
1339,-0.000
1340,-0.000
1341,-0.000
1342,-0.000
1343,-0.000
1344,-0.000
1345,-0.000
1346,-0.000
1347,-0.000
1348,-0.000
1349,-0.000
1350,-0.000
1351,-0.000
1352,-0.000
1353,-0.000
1354,-0.000
1355,-210585.072
1356,-663951.371
1357,-890558.250
1358,-1103676.188
1359,-1313910.860
1360,-1378149.304
1361,-1272013.323
1362,-1039000.808
1363,-363738.473
1364,-222208.775
1365,-0.000
1366,-0.000
1367,-0.000
1368,-0.000
1369,-0.000
1370,-0.000
1371,-0.000
1372,-0.000
1373,-0.000
1374,-0.000
1375,-0.000
1376,-0.000
1377,-254363.829
1378,-779096.764
1379,-1105294.682
1380,-1407597.974
1381,-1668363.745
1382,-1964996.879
1383,-2151968.500
1384,-2232301.869
1385,-2081867.163
1386,-2044746.123
1387,-719788.714
1388,-562674.817
1389,-0.000
1390,-0.000
1391,-0.000
1392,-0.000
1393,-0.000
1394,-0.000
1395,-0.000
1396,-0.000
1397,-0.000
1398,-0.000
1399,-0.000
1400,-100885.651
1401,-676897.280
1402,-727835.974
1403,-905982.877
1404,-1065642.561
1405,-1364899.487
1406,-1538973.864
1407,-1779862.065
1408,-2120567.719
1409,-2062608.888
1410,-1805373.035
1411,-589709.247
1412,-355815.896
1413,-0.000
1414,-0.000
1415,-0.000
1416,-0.000
1417,-0.000
1418,-0.000
1419,-0.000
1420,-0.000
1421,-0.000
1422,-0.000
1423,-0.000
1424,-0.000
1425,-557583.885
1426,-858954.688
1427,-1179801.580
1428,-1531580.337
1429,-1807957.344
1430,-2046998.628
1431,-2102223.046
1432,-2035570.367
1433,-2117597.173
1434,-1930401.139
1435,-768560.699
1436,-586622.807
1437,-0.000
1438,-0.000
1439,-0.000
1440,-0.000
1441,-0.000
1442,-0.000
1443,-0.000
1444,-0.000
1445,-0.000
1446,-0.000
1447,-210801.683
1448,-337153.643
1449,-1240941.420
1450,-1467620.572
1451,-1916038.100
1452,-2163624.639
1453,-2165822.425
1454,-2487771.148
1455,-2505815.475
1456,-2167794.348
1457,-1850543.848
1458,-1747776.075
1459,-808040.768
1460,-665880.808
1461,-0.000
1462,-0.000
1463,-0.000
1464,-0.000
1465,-0.000
1466,-0.000
1467,-0.000
1468,-0.000
1469,-0.000
1470,-0.000
1471,-0.000
1472,-0.000
1473,-0.000
1474,-0.000
1475,-213567.356
1476,-491744.956
1477,-1044069.655
1478,-1448349.157
1479,-1661970.290
1480,-1454031.788
1481,-1327338.988
1482,-1161616.835
1483,-0.000
1484,-0.000
1485,-0.000
1486,-0.000
1487,-0.000
1488,-0.000
1489,-0.000
1490,-0.000
1491,-0.000
1492,-0.000
1493,-0.000
1494,-0.000
1495,-0.000
1496,-0.000
1497,-0.000
1498,-0.000
1499,-0.000
1500,-0.000
1501,-252439.216
1502,-780505.813
1503,-885612.906
1504,-902014.543
1505,-729210.626
1506,-330464.258
1507,-36674.254
1508,-0.000
1509,-0.000
1510,-0.000
1511,-0.000
1512,-0.000
1513,-0.000
1514,-0.000
1515,-0.000
1516,-0.000
1517,-0.000
1518,-0.000
1519,-0.000
1520,-0.000
1521,-1029747.136
1522,-1505154.428
1523,-1991408.177
1524,-2211181.144
1525,-2078145.430
1526,-2384592.256
1527,-2330983.247
1528,-2220148.553
1529,-1855776.941
1530,-1676055.585
1531,-687926.538
1532,-627318.435
1533,-0.000
1534,-0.000
1535,-0.000
1536,-0.000
1537,-0.000
1538,-0.000
1539,-0.000
1540,-0.000
1541,-0.000
1542,-0.000
1543,-0.000
1544,-98407.501
1545,-821214.312
1546,-887063.058
1547,-1016373.783
1548,-1047504.466
1549,-1129973.358
1550,-1092105.773
1551,-1023714.876
1552,-863583.248
1553,-711566.288
1554,-644692.291
1555,-199212.880
1556,-62430.694
1557,-0.000
1558,-0.000
1559,-0.000
1560,-0.000
1561,-0.000
1562,-0.000
1563,-0.000
1564,-0.000
1565,-0.000
1566,-0.000
1567,-0.000
1568,-0.000
1569,-0.000
1570,-0.000
1571,-0.000
1572,-232481.474
1573,-501437.252
1574,-260159.262
1575,-250542.154
1576,-175524.307
1577,-184293.109
1578,-248835.367
1579,-56140.575
1580,-0.000
1581,-0.000
1582,-0.000
1583,-0.000
1584,-0.000
1585,-0.000
1586,-0.000
1587,-0.000
1588,-0.000
1589,-0.000
1590,-0.000
1591,-0.000
1592,-0.000
1593,-0.000
1594,-118038.949
1595,-472178.799
1596,-570133.179
1597,-722351.637
1598,-547695.560
1599,-527672.278
1600,-449374.662
1601,-390400.349
1602,-206777.474
1603,-879.694
1604,-0.000
1605,-0.000
1606,-0.000
1607,-0.000
1608,-0.000
1609,-0.000
1610,-0.000
1611,-0.000
1612,-0.000
1613,-0.000
1614,-0.000
1615,-0.000
1616,-0.000
1617,-0.000
1618,-0.000
1619,-0.000
1620,-191373.020
1621,-250936.529
1622,-110596.016
1623,-129452.667
1624,-126187.298
1625,-47181.365
1626,-23472.203
1627,-0.000
1628,-0.000
1629,-0.000
1630,-0.000
1631,-0.000
1632,-0.000
1633,-0.000
1634,-0.000
1635,-0.000
1636,-0.000
1637,-0.000
1638,-0.000
1639,-0.000
1640,-0.000
1641,-0.000
1642,-0.000
1643,-0.000
1644,-0.000
1645,-6262.561
1646,-332223.992
1647,-557834.420
1648,-938895.680
1649,-834089.219
1650,-750916.295
1651,-0.000
1652,-0.000
1653,-0.000
1654,-0.000
1655,-0.000
1656,-0.000
1657,-0.000
1658,-0.000
1659,-0.000
1660,-0.000
1661,-0.000
1662,-0.000
1663,-0.000
1664,-0.000
1665,-0.000
1666,-0.000
1667,-0.000
1668,-429387.273
1669,-709916.559
1670,-915348.172
1671,-1065808.029
1672,-1030860.852
1673,-878212.156
1674,-706156.819
1675,-193831.865
1676,-0.000
1677,-0.000
1678,-0.000
1679,-0.000
1680,-0.000
1681,-0.000
1682,-0.000
1683,-0.000
1684,-0.000
1685,-0.000
1686,-0.000
1687,-0.000
1688,-0.000
1689,-0.000
1690,-943344.793
1691,-1694646.013
1692,-1860110.482
1693,-1872286.273
1694,-2180221.387
1695,-2418357.951
1696,-2484533.329
1697,-2470619.803
1698,-2188263.578
1699,-858145.760
1700,-415522.155
1701,-0.000
1702,-0.000
1703,-0.000
1704,-0.000
1705,-0.000
1706,-0.000
1707,-0.000
1708,-0.000
1709,-0.000
1710,-0.000
1711,-0.000
1712,-0.000
1713,-238916.912
1714,-1128954.917
1715,-1892309.201
1716,-1983664.968
1717,-1905075.684
1718,-2267885.521
1719,-2533872.342
1720,-2651126.288
1721,-2575870.107
1722,-2313853.034
1723,-903605.289
1724,-655961.017
1725,-0.000
1726,-0.000
1727,-0.000
1728,-0.000
1729,-0.000
1730,-0.000
1731,-0.000
1732,-0.000
1733,-0.000
1734,-0.000
1735,-165129.437
1736,-250035.524
1737,-1000813.496
1738,-1129132.425
1739,-1173646.709
1740,-1105220.603
1741,-1124230.727
1742,-1321421.983
1743,-1355143.536
1744,-1424727.794
1745,-1418975.197
1746,-1317119.755
1747,-527990.483
1748,-413803.641
1749,-0.000
1750,-0.000
1751,-0.000
1752,-0.000
1753,-0.000
1754,-0.000
1755,-0.000
1756,-0.000
1757,-0.000
1758,-0.000
1759,-0.000
1760,-0.000
1761,-192889.714
1762,-562603.300
1763,-792840.985
1764,-932473.838
1765,-917481.063
1766,-1056475.481
1767,-1327036.794
1768,-1192662.386
1769,-1135248.157
1770,-1090854.562
1771,-449355.909
1772,-293191.748
1773,-0.000
1774,-0.000
1775,-0.000
1776,-0.000
1777,-0.000
1778,-0.000
1779,-0.000
1780,-0.000
1781,-0.000
1782,-0.000
1783,-0.000
1784,-0.000
1785,-327822.835
1786,-1129010.023
1787,-1691976.894
1788,-1830886.119
1789,-1779624.057
1790,-1982582.954
1791,-2054161.353
1792,-1984444.726
1793,-1952003.827
1794,-1646084.974
1795,-713960.391
1796,-484992.810
1797,-0.000
1798,-0.000
1799,-0.000
1800,-0.000
1801,-0.000
1802,-0.000
1803,-0.000
1804,-0.000
1805,-0.000
1806,-0.000
1807,-0.000
1808,-0.000
1809,-21130.445
1810,-524601.873
1811,-775810.098
1812,-1156236.055
1813,-1424778.781
1814,-1540156.604
1815,-1428883.979
1816,-1324150.926
1817,-1125850.593
1818,-1009605.200
1819,-0.000
1820,-0.000
1821,-0.000
1822,-0.000
1823,-0.000
1824,-0.000
1825,-0.000
1826,-0.000
1827,-0.000
1828,-0.000
1829,-0.000
1830,-0.000
1831,-0.000
1832,-0.000
1833,-0.000
1834,-0.000
1835,-0.000
1836,-58281.457
1837,-403794.005
1838,-513357.793
1839,-512210.691
1840,-472400.622
1841,-369948.791
1842,-210359.117
1843,-48170.821
1844,-0.000
1845,-0.000
1846,-0.000
1847,-0.000
1848,-0.000
1849,-0.000
1850,-0.000
1851,-0.000
1852,-0.000
1853,-0.000
1854,-0.000
1855,-193293.676
1856,-349538.066
1857,-1412638.976
1858,-1826231.672
1859,-2216074.504
1860,-2434367.975
1861,-2381973.692
1862,-2669618.702
1863,-2925197.952
1864,-2854552.464
1865,-2870072.018
1866,-2668657.742
1867,-1203929.967
1868,-800566.235
1869,-0.000
1870,-0.000
1871,-0.000
1872,-0.000
1873,-0.000
1874,-0.000
1875,-0.000
1876,-0.000
1877,-0.000
1878,-0.000
1879,-1384199.907
1880,-745055.687
1881,-2093889.141
1882,-2405052.025
1883,-2641276.420
1884,-2739183.648
1885,-2570063.424
1886,-2835201.477
1887,-2870343.339
1888,-2766377.373
1889,-2676960.852
1890,-2679023.180
1891,-1210536.746
1892,-918322.590
1893,-0.000
1894,-0.000
1895,-0.000
1896,-0.000
1897,-0.000
1898,-0.000
1899,-0.000
1900,-0.000
1901,-0.000
1902,-0.000
1903,-952470.005
1904,-775022.670
1905,-2248912.171
1906,-2531675.182
1907,-2772672.672
1908,-2983729.095
1909,-2831249.491
1910,-3405458.231
1911,-3646090.205
1912,-3567532.843
1913,-3529461.746
1914,-3284193.149
1915,-1438846.208
1916,-973975.554
1917,-0.000
1918,-43322.415
1919,-144814.754
1920,-144803.452
1921,-92310.416
1922,-93096.839
1923,-112600.287
1924,-136389.636
1925,-125087.616
1926,-108247.829
1927,-1607108.368
1928,-876548.635
1929,-2538698.518
1930,-2837491.631
1931,-3045884.026
1932,-3070930.184
1933,-2687809.188
1934,-2741016.070
1935,-2828988.699
1936,-2749618.072
1937,-2638437.177
1938,-2460083.901
1939,-993177.202
1940,-758059.559
1941,-0.000
1942,-0.000
1943,-0.000
1944,-0.000
1945,-0.000
1946,-0.000
1947,-0.000
1948,-0.000
1949,-0.000
1950,-0.000
1951,-0.000
1952,-0.000
1953,-225089.834
1954,-628496.482
1955,-735191.347
1956,-692076.482
1957,-791896.666
1958,-731179.367
1959,-726156.922
1960,-511196.350
1961,-376745.430
1962,-380503.007
1963,-71168.891
1964,-0.000
1965,-0.000
1966,-0.000
1967,-0.000
1968,-0.000
1969,-0.000
1970,-0.000
1971,-0.000
1972,-0.000
1973,-0.000
1974,-0.000
1975,-0.000
1976,-0.000
1977,-0.000
1978,-0.000
1979,-0.000
1980,-61376.541
1981,-410384.773
1982,-540259.527
1983,-447690.149
1984,-370440.432
1985,-296662.756
1986,-135676.188
1987,-0.000
1988,-0.000
1989,-0.000
1990,-0.000
1991,-0.000
1992,-0.000
1993,-0.000
1994,-0.000
1995,-0.000
1996,-0.000
1997,-0.000
1998,-0.000
1999,-0.000
2000,-0.000
2001,-0.000
2002,-0.000
2003,-0.000
2004,-0.000
2005,-0.000
2006,-0.000
2007,-0.000
2008,-0.000
2009,-196149.937
2010,-164385.543
2011,-18945.812
2012,-0.000
2013,-0.000
2014,-0.000
2015,-0.000
2016,-0.000
2017,-0.000
2018,-0.000
2019,-0.000
2020,-0.000
2021,-0.000
2022,-0.000
2023,-0.000
2024,-62726.632
2025,-1020182.075
2026,-1286576.205
2027,-1616160.095
2028,-1824252.774
2029,-1964752.749
2030,-2393761.219
2031,-2466962.603
2032,-2266295.112
2033,-2080088.006
2034,-2067569.079
2035,-923655.032
2036,-713128.930
2037,-0.000
2038,-0.000
2039,-0.000
2040,-0.000
2041,-0.000
2042,-0.000
2043,-0.000
2044,-0.000
2045,-0.000
2046,-0.000
2047,-182011.442
2048,-373538.549
2049,-1369996.644
2050,-1586607.889
2051,-1916052.152
2052,-2124609.620
2053,-2114672.255
2054,-2631119.497
2055,-2808527.860
2056,-2799478.570
2057,-2817839.881
2058,-2705439.358
2059,-1301006.095
2060,-867791.457
2061,-0.000
2062,-0.000
2063,-0.000
2064,-0.000
2065,-0.000
2066,-0.000
2067,-0.000
2068,-0.000
2069,-0.000
2070,-0.000
2071,-648069.585
2072,-617421.007
2073,-1875442.570
2074,-2109226.145
2075,-2472745.452
2076,-2710837.509
2077,-2553761.595
2078,-2884030.812
2079,-2945684.897
2080,-2958758.858
2081,-2907447.718
2082,-2769290.605
2083,-1313391.655
2084,-990620.739
2085,-0.000
2086,-0.000
2087,-89913.011
2088,-121822.613
2089,-43108.650
2090,-7782.424
2091,-0.000
2092,-0.000
2093,-0.000
2094,-0.000
2095,-1446022.495
2096,-726795.066
2097,-1955384.060
2098,-2057951.419
2099,-2204772.829
2100,-2483112.131
2101,-2357339.526
2102,-2607224.187
2103,-2669890.705
2104,-2461231.981
2105,-2539356.600
2106,-2358233.904
2107,-1064437.632
2108,-801739.340
2109,-0.000
2110,-0.000
2111,-0.000
2112,-0.000
2113,-0.000
2114,-0.000
2115,-0.000
2116,-0.000
2117,-0.000
2118,-0.000
2119,-395099.486
2120,-473539.265
2121,-1659994.317
2122,-1937219.990
2123,-2156314.985
2124,-2477858.286
2125,-2487865.429
2126,-2742873.766
2127,-2782025.176
2128,-2875518.712
2129,-2904648.975
2130,-2775903.765
2131,-1278128.288
2132,-914329.752
2133,-0.000
2134,-0.000
2135,-56083.711
2136,-90819.875
2137,-2497.682
2138,-0.000
2139,-0.000
2140,-0.000
2141,-0.000
2142,-0.000
2143,-0.000
2144,-0.000
2145,-1290267.332
2146,-1342556.158
2147,-1430658.706
2148,-1418483.348
2149,-1494526.059
2150,-1511470.003
2151,-1543098.127
2152,-1610170.575
2153,-1304224.051
2154,-1241571.515
2155,-0.000
2156,-0.000
2157,-0.000
2158,-0.000
2159,-0.000
2160,-0.000
2161,-0.000
2162,-0.000
2163,-0.000
2164,-0.000
2165,-0.000
2166,-0.000
2167,-0.000
2168,-0.000
2169,-0.000
2170,-0.000
2171,-0.000
2172,-0.000
2173,-0.000
2174,-0.000
2175,-210957.753
2176,-79052.861
2177,-1686.410
2178,-0.000
2179,-0.000
2180,-0.000
2181,-0.000
2182,-0.000
2183,-0.000
2184,-0.000
2185,-0.000
2186,-0.000
2187,-0.000
2188,-0.000
2189,-0.000
2190,-0.000
2191,-0.000
2192,-0.000
2193,-770817.229
2194,-1167653.284
2195,-1548016.079
2196,-1944437.188
2197,-2016099.833
2198,-2312780.407
2199,-2421826.520
2200,-2269410.242
2201,-2131540.664
2202,-2109027.300
2203,-1051022.419
2204,-645498.047
2205,-0.000
2206,-0.000
2207,-0.000
2208,-0.000
2209,-0.000
2210,-0.000
2211,-0.000
2212,-0.000
2213,-0.000
2214,-0.000
2215,-372641.788
2216,-438630.254
2217,-1418104.937
2218,-1556578.928
2219,-1880111.161
2220,-2266887.015
2221,-2350213.504
2222,-2735110.146
2223,-2933910.324
2224,-2841627.872
2225,-2824471.802
2226,-2709162.275
2227,-1276189.437
2228,-817887.294
2229,-0.000
2230,-0.000
2231,-0.000
2232,-0.000
2233,-0.000
2234,-0.000
2235,-0.000
2236,-0.000
2237,-0.000
2238,-0.000
2239,-495767.698
2240,-447738.920
2241,-1427295.016
2242,-1604957.459
2243,-1815942.337
2244,-1958052.934
2245,-1881465.459
2246,-2105838.861
2247,-2128447.829
2248,-1996265.440
2249,-2065426.310
2250,-2146900.028
2251,-1045120.179
2252,-632380.903
2253,-0.000
2254,-0.000
2255,-0.000
2256,-0.000
2257,-0.000
2258,-0.000
2259,-0.000
2260,-0.000
2261,-0.000
2262,-0.000
2263,-374231.773
2264,-404015.136
2265,-1451194.356
2266,-1793923.100
2267,-2200495.499
2268,-2327376.375
2269,-2274455.660
2270,-2664263.633
2271,-2819856.478
2272,-2760733.302
2273,-2961162.099
2274,-2821994.791
2275,-1310494.856
2276,-775352.709
2277,-0.000
2278,-0.000
2279,-0.000
2280,-0.000
2281,-0.000
2282,-0.000
2283,-0.000
2284,-0.000
2285,-0.000
2286,-0.000
2287,-424405.923
2288,-528772.654
2289,-1932706.559
2290,-2243192.094
2291,-2665780.816
2292,-2817948.519
2293,-2584420.737
2294,-3139706.693
2295,-3403450.177
2296,-3358235.589
2297,-3419775.327
2298,-3234508.820
2299,-1535795.826
2300,-1061482.068
2301,-0.000
2302,-44812.977
2303,-170970.506
2304,-160770.523
2305,-88655.631
2306,-25425.338
2307,-0.000
2308,-0.000
2309,-0.000
2310,-0.000
2311,-0.000
2312,-0.000
2313,-1804370.330
2314,-1740125.475
2315,-1944539.135
2316,-1977121.285
2317,-2076306.270
2318,-2334514.347
2319,-2558765.359
2320,-2642274.133
2321,-2557096.106
2322,-2295919.172
2323,-287384.280
2324,-297781.951
2325,-289722.009
2326,-297055.775
2327,-275322.513
2328,-221282.245
2329,-130979.168
2330,-82157.703
2331,-38370.008
2332,-66657.808
2333,-88266.870
2334,-87542.761
2335,-136241.041
2336,-214981.481
2337,-418086.333
2338,-759612.426
2339,-1000046.961
2340,-1062205.212
2341,-1104916.687
2342,-1394463.608
2343,-1496880.206
2344,-1407074.221
2345,-1292473.883
2346,-1014727.655
2347,-663755.410
2348,-299347.130
2349,-267006.882
2350,-263670.634
2351,-256446.410
2352,-256968.892
2353,-275668.853
2354,-279865.572
2355,-280895.700
2356,-285125.032
2357,-271721.080
2358,-258841.514
2359,-1420208.374
2360,-1057676.741
2361,-2822299.076
2362,-3043600.600
2363,-3266375.852
2364,-3312616.267
2365,-3003153.130
2366,-3426105.267
2367,-3547297.988
2368,-3325963.877
2369,-3260837.927
2370,-3227848.790
2371,-1564610.873
2372,-1211170.234
2373,-0.000
2374,-258342.638
2375,-302563.353
2376,-288952.875
2377,-215719.318
2378,-172585.550
2379,-145033.802
2380,-141831.106
2381,-130872.666
2382,-143526.762
2383,-1764357.635
2384,-1023785.132
2385,-2760180.859
2386,-3008528.532
2387,-3199958.338
2388,-3317856.058
2389,-3079870.600
2390,-3681150.189
2391,-3709245.254
2392,-3814975.655
2393,-3739056.748
2394,-3619514.315
2395,-1692728.365
2396,-1285444.802
2397,-0.000
2398,-299401.775
2399,-330875.162
2400,-312704.525
2401,-252595.303
2402,-223922.153
2403,-189403.586
2404,-171223.314
2405,-153342.845
2406,-138394.370
2407,-1702230.959
2408,-1004016.730
2409,-2791152.120
2410,-3070106.648
2411,-3126228.818
2412,-3141264.097
2413,-2898495.888
2414,-3232742.624
2415,-3270955.151
2416,-3104424.263
2417,-2818356.356
2418,-2570940.064
2419,-1071227.004
2420,-792185.110
2421,-0.000
2422,-0.000
2423,-0.000
2424,-0.000
2425,-0.000
2426,-0.000
2427,-0.000
2428,-0.000
2429,-0.000
2430,-0.000
2431,-131649.198
2432,-218372.375
2433,-807720.454
2434,-985410.890
2435,-1205112.282
2436,-1426579.505
2437,-1546105.344
2438,-1528607.628
2439,-1496169.493
2440,-1399686.075
2441,-1531010.834
2442,-1759122.672
2443,-775434.392
2444,-430846.246
2445,-0.000
2446,-0.000
2447,-0.000
2448,-0.000
2449,-0.000
2450,-0.000
2451,-0.000
2452,-0.000
2453,-0.000
2454,-0.000
2455,-136504.902
2456,-307737.327
2457,-1216797.619
2458,-1392991.473
2459,-1533517.634
2460,-1658001.403
2461,-1650892.666
2462,-1806675.463
2463,-1876775.252
2464,-2089038.816
2465,-1954810.505
2466,-1737794.818
2467,-712551.461
2468,-610705.452
2469,-0.000
2470,-0.000
2471,-0.000
2472,-0.000
2473,-0.000
2474,-0.000
2475,-0.000
2476,-0.000
2477,-0.000
2478,-0.000
2479,-0.000
2480,-0.000
2481,-964814.279
2482,-1108725.598
2483,-1228981.401
2484,-1135767.500
2485,-1158897.319
2486,-1158933.604
2487,-1251389.023
2488,-1584592.779
2489,-1215739.962
2490,-1061203.281
2491,-0.000
2492,-0.000
2493,-0.000
2494,-0.000
2495,-0.000
2496,-0.000
2497,-0.000
2498,-0.000
2499,-0.000
2500,-0.000
2501,-0.000
2502,-0.000
2503,-0.000
2504,-0.000
2505,-0.000
2506,-0.000
2507,-0.000
2508,-0.000
2509,-125639.813
2510,-277294.767
2511,-304389.615
2512,-294433.851
2513,-251800.734
2514,-101196.245
2515,-259.513
2516,-0.000
2517,-0.000
2518,-0.000
2519,-0.000
2520,-0.000
2521,-0.000
2522,-0.000
2523,-0.000
2524,-0.000
2525,-0.000
2526,-0.000
2527,-0.000
2528,-97916.339
2529,-1007534.751
2530,-1109537.917
2531,-1269804.703
2532,-1507010.050
2533,-1436867.605
2534,-1786775.383
2535,-1999990.404
2536,-2046972.128
2537,-2040092.021
2538,-2170112.916
2539,-1000461.555
2540,-726148.820
2541,-0.000
2542,-0.000
2543,-0.000
2544,-0.000
2545,-0.000
2546,-0.000
2547,-0.000
2548,-0.000
2549,-0.000
2550,-0.000
2551,-90450.487
2552,-451827.593
2553,-1697457.724
2554,-2000199.724
2555,-2398842.487
2556,-2448073.138
2557,-2401542.096
2558,-2816298.415
2559,-2907063.794
2560,-2851777.274
2561,-2624710.667
2562,-2500321.916
2563,-1237461.237
2564,-945442.455
2565,-0.000
2566,-0.000
2567,-124160.757
2568,-129718.224
2569,-45812.857
2570,-1573.092
2571,-0.000
2572,-0.000
2573,-0.000
2574,-0.000
2575,-1265299.938
2576,-767286.389
2577,-2119523.443
2578,-2276038.813
2579,-2449046.700
2580,-2394470.001
2581,-2131204.789
2582,-2483272.383
2583,-2463168.724
2584,-2344558.386
2585,-2314779.692
2586,-2229957.992
2587,-987446.438
2588,-914829.257
2589,-0.000
2590,-0.000
2591,-0.000
2592,-0.000
2593,-0.000
2594,-0.000
2595,-0.000
2596,-0.000
2597,-0.000
2598,-0.000
2599,-1281921.560
2600,-710740.637
2601,-2043181.531
2602,-2226925.297
2603,-2478765.797
2604,-2564382.417
2605,-2171418.528
2606,-2312909.480
2607,-2255158.213
2608,-2109204.410
2609,-2016440.795
2610,-1985026.288
2611,-875802.582
2612,-764249.810
2613,-0.000
2614,-0.000
2615,-0.000
2616,-0.000
2617,-0.000
2618,-0.000
2619,-0.000
2620,-0.000
2621,-0.000
2622,-0.000
2623,-658057.205
2624,-618604.855
2625,-1870822.866
2626,-1939586.964
2627,-2227601.356
2628,-2312428.272
2629,-1854916.151
2630,-2141259.716
2631,-2138605.373
2632,-2322713.846
2633,-2424827.761
2634,-2403149.288
2635,-1088801.039
2636,-901675.104
2637,-0.000
2638,-0.000
2639,-0.000
2640,-0.000
2641,-0.000
2642,-0.000
2643,-0.000
2644,-0.000
2645,-0.000
2646,-0.000
2647,-0.000
2648,-0.000
2649,-1558090.046
2650,-1363417.309
2651,-1447603.109
2652,-1583429.418
2653,-1613943.190
2654,-1626643.873
2655,-1674066.312
2656,-1644635.075
2657,-1790327.432
2658,-1655163.228
2659,-0.000
2660,-107019.687
2661,-138564.782
2662,-182935.677
2663,-179923.841
2664,-173121.714
2665,-113482.549
2666,-96560.778
2667,-89473.376
2668,-88810.626
2669,-79451.941
2670,-78817.781
2671,-131176.208
2672,-229042.562
2673,-408671.879
2674,-760784.175
2675,-1105674.210
2676,-1156046.894
2677,-1055551.090
2678,-1105045.219
2679,-1172887.632
2680,-1196506.633
2681,-865116.462
2682,-437987.187
2683,-263580.760
2684,-196945.783
2685,-176756.963
2686,-160264.840
2687,-136407.630
2688,-102024.584
2689,-82938.968
2690,-61927.787
2691,-49781.498
2692,-53365.794
2693,-66213.547
2694,-88054.738
2695,-1833991.533
2696,-1018142.992
2697,-2779448.252
2698,-3106529.428
2699,-3445018.095
2700,-3600580.694
2701,-3155265.733
2702,-3768270.743
2703,-3870428.560
2704,-3896678.315
2705,-3777581.518
2706,-3776738.815
2707,-1790575.043
2708,-1270644.541
2709,-0.000
2710,-310552.104
2711,-327386.147
2712,-300696.600
2713,-215117.305
2714,-175412.020
2715,-168396.587
2716,-175398.521
2717,-195612.657
2718,-218172.624
2719,-1920299.849
2720,-1158040.911
2721,-3029839.149
2722,-3223721.310
2723,-3465243.998
2724,-3612647.622
2725,-3217229.536
2726,-3785796.679
2727,-3888824.298
2728,-3803965.596
2729,-3712017.966
2730,-3675463.956
2731,-1871963.029
2732,-1312061.371
2733,-0.000
2734,-320751.085
2735,-362448.773
2736,-335702.097
2737,-247368.237
2738,-211193.244
2739,-188346.491
2740,-180240.635
2741,-169418.461
2742,-175784.937
2743,-1860105.901
2744,-1192431.112
2745,-3094693.285
2746,-3265454.756
2747,-3516390.681
2748,-3576876.352
2749,-3146920.382
2750,-3778838.802
2751,-3902995.035
2752,-3968894.212
2753,-4029593.638
2754,-4094790.650
2755,-1865595.740
2756,-1316558.255
2757,-0.000
2758,-292024.113
2759,-339564.231
2760,-328912.660
2761,-259364.468
2762,-210684.142
2763,-161350.817
2764,-147675.967
2765,-133992.913
2766,-124309.238
2767,-1769627.837
2768,-1078184.078
2769,-2761023.943
2770,-2915210.469
2771,-3101826.670
2772,-3183017.884
2773,-2815555.874
2774,-3354067.944
2775,-3290440.849
2776,-3157014.271
2777,-3168056.700
2778,-3212259.454
2779,-1431284.321
2780,-1126702.579
2781,-0.000
2782,-40874.611
2783,-193486.926
2784,-182235.198
2785,-106304.148
2786,-58336.720
2787,-16427.450
2788,-350.939
2789,-0.000
2790,-0.000
2791,-1350543.019
2792,-785122.572
2793,-2111843.637
2794,-2306088.915
2795,-2465471.302
2796,-2589907.406
2797,-2106778.545
2798,-2353299.690
2799,-2642961.916
2800,-2297065.550
2801,-1976325.088
2802,-1849458.332
2803,-885751.628
2804,-805963.324
2805,-0.000
2806,-0.000
2807,-0.000
2808,-0.000
2809,-0.000
2810,-0.000
2811,-0.000
2812,-0.000
2813,-0.000
2814,-0.000
2815,-0.000
2816,-0.000
2817,-1412991.353
2818,-1368553.849
2819,-1526606.529
2820,-1613446.290
2821,-1688920.290
2822,-1831097.772
2823,-2049787.847
2824,-1932613.069
2825,-1915021.355
2826,-1918717.522
2827,-180013.445
2828,-212194.987
2829,-206422.940
2830,-200458.418
2831,-189974.382
2832,-163390.656
2833,-79666.352
2834,-19237.336
2835,-0.000
2836,-0.000
2837,-0.000
2838,-0.000
2839,-53450.964
2840,-177715.299
2841,-370810.463
2842,-635856.284
2843,-895946.985
2844,-1059623.482
2845,-1010305.825
2846,-1102782.251
2847,-1274284.584
2848,-1340180.692
2849,-1236324.415
2850,-1017247.869
2851,-661553.824
2852,-255361.465
2853,-238391.289
2854,-239181.183
2855,-217338.631
2856,-175454.982
2857,-138512.142
2858,-100144.542
2859,-94897.190
2860,-117986.542
2861,-111381.265
2862,-55315.290
2863,-1604817.296
2864,-836737.546
2865,-2320945.280
2866,-2353633.566
2867,-2266996.648
2868,-2267403.792
2869,-1905556.714
2870,-2231603.694
2871,-2330088.075
2872,-2591767.551
2873,-2607277.241
2874,-2475334.952
2875,-1157320.548
2876,-883782.920
2877,-0.000
2878,-0.000
2879,-0.000
2880,-0.000
2881,-0.000
2882,-0.000
2883,-0.000
2884,-0.000
2885,-0.000
2886,-0.000
2887,-419705.203
2888,-482659.360
2889,-1445121.597
2890,-1723875.680
2891,-2041693.251
2892,-2181280.861
2893,-2159875.363
2894,-2581115.275
2895,-2674916.543
2896,-2568876.563
2897,-2271955.734
2898,-2146213.111
2899,-1163330.620
2900,-725233.296
2901,-0.000
2902,-0.000
2903,-0.000
2904,-0.000
2905,-0.000
2906,-0.000
2907,-0.000
2908,-0.000
2909,-0.000
2910,-0.000
2911,-368700.578
2912,-360651.573
2913,-1081736.121
2914,-1225696.022
2915,-1446311.326
2916,-1627874.882
2917,-1656587.456
2918,-1834418.334
2919,-1792277.023
2920,-1630387.767
2921,-1518618.842
2922,-1470804.515
2923,-651378.605
2924,-510710.765
2925,-0.000
2926,-0.000
2927,-0.000
2928,-0.000
2929,-0.000
2930,-0.000
2931,-0.000
2932,-0.000
2933,-0.000
2934,-0.000
2935,-261919.450
2936,-439336.067
2937,-1465136.384
2938,-1733071.006
2939,-2012625.722
2940,-2126311.423
2941,-2149666.767
2942,-2516830.190
2943,-2586171.794
2944,-2422019.926
2945,-2436900.853
2946,-2398343.707
2947,-1202051.550
2948,-748879.095
2949,-0.000
2950,-0.000
2951,-0.000
2952,-0.000
2953,-0.000
2954,-0.000
2955,-0.000
2956,-0.000
2957,-0.000
2958,-0.000
2959,-869745.972
2960,-561171.225
2961,-1571239.957
2962,-1718643.588
2963,-1907864.973
2964,-2124846.595
2965,-2016423.985
2966,-2171381.299
2967,-2170171.210
2968,-1949501.098
2969,-1750995.244
2970,-1608838.710
2971,-670457.447
2972,-385998.278
2973,-0.000
2974,-0.000
2975,-0.000
2976,-0.000
2977,-0.000
2978,-0.000
2979,-0.000
2980,-0.000
2981,-0.000
2982,-0.000
2983,-0.000
2984,-0.000
2985,-19822.446
2986,-582543.523
2987,-781004.540
2988,-867678.637
2989,-893473.508
2990,-985838.651
2991,-920183.363
2992,-814411.743
2993,-713206.132
2994,-685401.166
2995,-0.000
2996,-0.000
2997,-0.000
2998,-0.000
2999,-0.000
3000,-0.000
3001,-0.000
3002,-0.000
3003,-0.000
3004,-0.000
3005,-0.000
3006,-0.000
3007,-0.000
3008,-0.000
3009,-0.000
3010,-0.000
3011,-0.000
3012,-0.000
3013,-0.000
3014,-210427.708
3015,-254588.014
3016,-283281.229
3017,-201313.578
3018,-14393.962
3019,-0.000
3020,-0.000
3021,-0.000
3022,-0.000
3023,-0.000
3024,-0.000
3025,-0.000
3026,-0.000
3027,-0.000
3028,-0.000
3029,-0.000
3030,-0.000
3031,-0.000
3032,-249914.450
3033,-1241492.660
3034,-1382039.218
3035,-1423299.762
3036,-1543070.030
3037,-1494962.441
3038,-1659560.740
3039,-1667305.156
3040,-1624343.203
3041,-1573356.317
3042,-1556176.370
3043,-698358.830
3044,-541596.711
3045,-0.000
3046,-0.000
3047,-0.000
3048,-0.000
3049,-0.000
3050,-0.000
3051,-0.000
3052,-0.000
3053,-0.000
3054,-0.000
3055,-0.000
3056,-242359.800
3057,-1247524.287
3058,-1412140.483
3059,-1479062.617
3060,-1485545.976
3061,-1426293.050
3062,-1629818.796
3063,-1556548.806
3064,-1421958.883
3065,-1424743.884
3066,-1387814.973
3067,-650629.162
3068,-548495.498
3069,-0.000
3070,-0.000
3071,-0.000
3072,-0.000
3073,-0.000
3074,-0.000
3075,-0.000
3076,-0.000
3077,-0.000
3078,-0.000
3079,-296335.757
3080,-470721.335
3081,-1585944.889
3082,-1839461.213
3083,-2087131.058
3084,-2279237.012
3085,-2164554.973
3086,-2630881.600
3087,-2723211.771
3088,-2593419.476
3089,-2627699.638
3090,-2543699.008
3091,-1156764.276
3092,-887096.077
3093,-0.000
3094,-0.000
3095,-13452.079
3096,-88594.810
3097,-18831.230
3098,-773.371
3099,-0.000
3100,-0.000
3101,-0.000
3102,-0.000
3103,-1230008.303
3104,-791219.980
3105,-2147224.227
3106,-2337882.365
3107,-2568199.221
3108,-2686849.696
3109,-2484120.947
3110,-2958240.347
3111,-3047239.154
3112,-3060499.228
3113,-3048258.930
3114,-2975650.307
3115,-1507649.437
3116,-1043769.330
3117,-0.000
3118,-31259.408
3119,-161170.604
3120,-168791.726
3121,-77069.104
3122,-8222.080
3123,-0.000
3124,-0.000
3125,-0.000
3126,-0.000
3127,-1396151.801
3128,-1014336.577
3129,-2695298.660
3130,-2890910.748
3131,-3135513.728
3132,-3155347.440
3133,-2799490.931
3134,-3327793.943
3135,-3435928.146
3136,-3578796.255
3137,-3638693.106
3138,-3784029.027
3139,-2017774.590
3140,-1172225.983
3141,-0.000
3142,-239539.883
3143,-291141.740
3144,-255437.902
3145,-170012.945
3146,-123559.125
3147,-96504.540
3148,-78641.437
3149,-23293.751
3150,-0.000
3151,-40053.638
3152,-311489.864
3153,-2109541.377
3154,-1783779.490
3155,-1861410.519
3156,-1961376.374
3157,-1987499.398
3158,-2229632.798
3159,-2468317.334
3160,-2626193.294
3161,-2560392.037
3162,-2605989.409
3163,-644777.921
3164,-400015.698
3165,-348278.400
3166,-327350.824
3167,-298950.912
3168,-260836.638
3169,-182949.239
3170,-153472.355
3171,-142581.567
3172,-149456.486
3173,-152076.601
3174,-151666.213
3175,-194648.422
3176,-325229.698
3177,-538631.492
3178,-729166.812
3179,-949643.702
3180,-1033471.178
3181,-992513.112
3182,-1180326.261
3183,-1355329.301
3184,-1485311.668
3185,-1360512.600
3186,-1293878.828
3187,-980101.894
3188,-372982.301
3189,-338810.969
3190,-345830.483
3191,-326706.075
3192,-292846.949
3193,-275417.691
3194,-244421.973
3195,-222960.686
3196,-240078.099
3197,-250403.905
3198,-246210.742
3199,-1503029.727
3200,-1171527.564
3201,-3060412.925
3202,-3229029.316
3203,-3333307.528
3204,-3390656.598
3205,-3018163.298
3206,-3665396.677
3207,-3851463.843
3208,-3952601.862
3209,-4058488.188
3210,-4116171.729
3211,-2105549.745
3212,-1430532.082
3213,-0.000
3214,-397549.120
3215,-421279.519
3216,-408429.041
3217,-324983.065
3218,-291404.385
3219,-286754.808
3220,-299964.870
3221,-301347.812
3222,-306097.099
3223,-1636466.401
3224,-1331612.614
3225,-3452440.979
3226,-3580867.243
3227,-3782724.429
3228,-3896350.337
3229,-3423122.364
3230,-3784813.571
3231,-3909557.299
3232,-3764720.615
3233,-3735954.340
3234,-3706426.275
3235,-1698423.459
3236,-1450319.038
3237,-0.000
3238,-374842.929
3239,-435230.820
3240,-484379.243
3241,-419069.831
3242,-399740.171
3243,-396614.808
3244,-386244.178
3245,-389081.569
3246,-391514.002
3247,-1760159.934
3248,-1451445.130
3249,-3806728.798
3250,-3929235.652
3251,-4213329.068
3252,-4303743.367
3253,-3685966.411
3254,-4381609.904
3255,-4478148.308
3256,-4610003.548
3257,-4628860.083
3258,-4334617.221
3259,-1963734.223
3260,-1599276.844
3261,-13584.714
3262,-486412.680
3263,-516353.449
3264,-502336.923
3265,-430551.415
3266,-411448.714
3267,-399552.727
3268,-397213.893
3269,-393022.768
3270,-392298.378
3271,-1765147.308
3272,-1458656.385
3273,-3668177.555
3274,-3863600.607
3275,-4137060.146
3276,-4215913.819
3277,-3550252.517
3278,-4196136.783
3279,-4381131.955
3280,-4562533.407
3281,-4494251.958
3282,-4228978.679
3283,-1923140.592
3284,-1443888.924
3285,-0.000
3286,-209816.529
3287,-338558.937
3288,-369764.428
3289,-298270.609
3290,-293312.309
3291,-305872.131
3292,-323392.913
3293,-320887.996
3294,-311484.790
3295,-1641970.342
3296,-1259015.753
3297,-3384277.738
3298,-3581846.511
3299,-3846108.136
3300,-4040318.894
3301,-3619004.079
3302,-4448509.692
3303,-4595574.155
3304,-4636967.626
3305,-4607870.505
3306,-4723099.115
3307,-2419869.154
3308,-1701712.549
3309,-97607.095
3310,-594581.134
3311,-597158.828
3312,-575364.733
3313,-504284.932
3314,-503400.266
3315,-508799.262
3316,-515422.330
3317,-507859.727
3318,-495852.898
3319,-558359.158
3320,-770981.770
3321,-3003479.846
3322,-2598323.892
3323,-2607961.908
3324,-2673492.861
3325,-2691026.784
3326,-2832314.090
3327,-2927853.058
3328,-2966577.512
3329,-3058381.736
3330,-3118858.984
3331,-723929.608
3332,-657267.088
3333,-649357.139
3334,-646426.543
3335,-604659.771
3336,-567830.056
3337,-491940.361
3338,-464652.071
3339,-452472.078
3340,-406126.400
3341,-325531.918
3342,-299139.858
3343,-279360.108
3344,-273839.628
3345,-317468.220
3346,-435499.090
3347,-572792.515
3348,-716292.579
3349,-1004932.097
3350,-1182911.296
3351,-1049461.791
3352,-1013434.262
3353,-1020657.508
3354,-933474.108
3355,-630603.469
3356,-269961.581
3357,-248723.365
3358,-248544.578
3359,-224318.230
3360,-188724.372
3361,-163427.833
3362,-145653.617
3363,-129090.268
3364,-107491.213
3365,-89158.451
3366,-78684.628
3367,-1478506.138
3368,-940441.592
3369,-2397260.270
3370,-2448093.940
3371,-2513739.884
3372,-2665012.054
3373,-2498106.264
3374,-2674632.405
3375,-2687719.393
3376,-2944189.942
3377,-2853658.530
3378,-2820334.294
3379,-1292949.642
3380,-1039421.844
3381,-0.000
3382,-0.000
3383,-103805.214
3384,-129331.898
3385,-54940.369
3386,-16478.442
3387,-0.000
3388,-0.000
3389,-0.000
3390,-0.000
3391,-1333241.462
3392,-755263.191
3393,-2132534.863
3394,-2358690.456
3395,-2616038.458
3396,-2730147.152
3397,-2388154.736
3398,-2705482.851
3399,-2790351.027
3400,-3053450.636
3401,-2963780.233
3402,-2771885.242
3403,-1347595.282
3404,-1064930.707
3405,-0.000
3406,-0.000
3407,-116860.292
3408,-171226.711
3409,-109893.974
3410,-80875.503
3411,-72291.119
3412,-59472.206
3413,-0.000
3414,-0.000
3415,-1591955.137
3416,-843169.222
3417,-2287455.909
3418,-2383952.378
3419,-2572717.582
3420,-2860808.933
3421,-2686751.664
3422,-3005357.810
3423,-3116608.046
3424,-3178142.996
3425,-2930892.312
3426,-2856001.141
3427,-1318584.307
3428,-1065590.960
3429,-0.000
3430,-0.000
3431,-168108.014
3432,-192385.002
3433,-134904.248
3434,-111332.195
3435,-100314.551
3436,-115204.310
3437,-107783.707
3438,-103592.945
3439,-1743577.562
3440,-961502.977
3441,-2537074.415
3442,-2634863.029
3443,-2728240.245
3444,-3062832.750
3445,-2780865.400
3446,-3358336.607
3447,-3213742.230
3448,-3172055.290
3449,-3431388.260
3450,-3422509.115
3451,-1759643.173
3452,-1165681.191
3453,-0.000
3454,-73869.552
3455,-228174.288
3456,-262384.814
3457,-212639.701
3458,-203311.350
3459,-203303.180
3460,-203602.430
3461,-183842.436
3462,-146747.142
3463,-1687198.804
3464,-962028.550
3465,-2683864.303
3466,-2883971.566
3467,-3074075.984
3468,-3241719.565
3469,-2998539.827
3470,-3593357.696
3471,-3434893.865
3472,-3347058.604
3473,-3580665.242
3474,-3245591.133
3475,-1633083.064
3476,-1287107.656
3477,-0.000
3478,-101609.209
3479,-263820.525
3480,-308134.141
3481,-250575.554
3482,-229584.530
3483,-213535.997
3484,-184757.083
3485,-165360.785
3486,-159226.103
3487,-189274.186
3488,-272045.207
3489,-2243260.764
3490,-2121617.786
3491,-2261784.430
3492,-2315594.318
3493,-2192870.610
3494,-2116185.206
3495,-2191445.840
3496,-2143340.542
3497,-2296919.387
3498,-2330697.300
3499,-280309.547
3500,-259532.494
3501,-259109.110
3502,-279257.429
3503,-297928.932
3504,-275986.966
3505,-178024.994
3506,-155625.020
3507,-155363.807
3508,-161996.019
3509,-155684.232
3510,-141745.047
3511,-155727.119
3512,-216022.923
3513,-368905.002
3514,-560324.682
3515,-619006.679
3516,-761952.192
3517,-800151.468
3518,-968317.415
3519,-1065835.330
3520,-880717.671
3521,-890086.026
3522,-995352.079
3523,-847868.851
3524,-317426.238
3525,-261933.762
3526,-245584.011
3527,-232374.085
3528,-220365.481
3529,-194738.173
3530,-169758.388
3531,-181270.028
3532,-166993.387
3533,-117908.832
3534,-110348.561
3535,-1803511.571
3536,-1036079.111
3537,-2762376.709
3538,-2938689.923
3539,-3028119.364
3540,-3075438.062
3541,-2762941.696
3542,-3478892.752
3543,-3757961.537
3544,-3542587.611
3545,-3407791.166
3546,-3236534.725
3547,-1549618.780
3548,-1251082.971
3549,-0.000
3550,-110911.692
3551,-270576.881
3552,-283924.913
3553,-200552.533
3554,-174170.193
3555,-168812.231
3556,-170427.269
3557,-111130.209
3558,-60076.888
3559,-1705614.001
3560,-924383.945
3561,-2400804.872
3562,-2407640.820
3563,-2426192.466
3564,-2443444.975
3565,-2114534.344
3566,-2426886.384
3567,-2416472.427
3568,-2537431.542
3569,-2494908.332
3570,-2382217.229
3571,-1082891.759
3572,-998928.798
3573,-0.000
3574,-0.000
3575,-6684.866
3576,-132225.755
3577,-72075.415
3578,-42439.812
3579,-17855.312
3580,-9601.868
3581,-961.833
3582,-0.000
3583,-1555080.347
3584,-899801.267
3585,-2305658.928
3586,-2357374.438
3587,-2452929.390
3588,-2571703.173
3589,-2168966.425
3590,-2579034.176
3591,-2640688.315
3592,-2731710.529
3593,-2637632.422
3594,-2578911.313
3595,-1194121.557
3596,-1061450.071
3597,-0.000
3598,-0.000
3599,-0.000
3600,-106850.198
3601,-101463.781
3602,-94682.837
3603,-89542.587
3604,-83044.159
3605,-66034.347
3606,-51641.963
3607,-1757774.171
3608,-1029536.795
3609,-2700501.979
3610,-2881177.461
3611,-3115384.561
3612,-3205181.939
3613,-2822935.018
3614,-3281246.068
3615,-3361607.220
3616,-3495833.402
3617,-3544593.071
3618,-3571557.510
3619,-1680821.106
3620,-1201713.657
3621,-0.000
3622,-0.000
3623,-182911.119
3624,-220524.194
3625,-144994.204
3626,-121324.783
3627,-93401.841
3628,-84681.387
3629,-86793.689
3630,-93012.099
3631,-1861236.446
3632,-1072236.649
3633,-2935972.440
3634,-3074869.462
3635,-3305761.603
3636,-3498978.575
3637,-3063905.425
3638,-3380799.925
3639,-3385687.830
3640,-3485979.099
3641,-3222806.367
3642,-3357263.822
3643,-1827907.042
3644,-1276236.737
3645,-0.000
3646,-63863.955
3647,-210644.777
3648,-236061.304
3649,-162096.178
3650,-139632.790
3651,-131223.797
3652,-117788.183
3653,-106399.662
3654,-103259.770
3655,-147270.320
3656,-342646.476
3657,-2319655.605
3658,-2001595.201
3659,-2015517.304
3660,-1982400.544
3661,-1952197.980
3662,-2002877.256
3663,-2149055.851
3664,-1877408.054
3665,-1714924.831
3666,-1692245.544
3667,-72254.402
3668,-246687.380
3669,-257623.831
3670,-259341.251
3671,-256899.167
3672,-243864.191
3673,-178326.906
3674,-162752.525
3675,-143649.581
3676,-126844.834
3677,-125291.914
3678,-128923.087
3679,-146300.367
3680,-195078.864
3681,-297601.101
3682,-405023.294
3683,-675332.299
3684,-956810.181
3685,-1000688.631
3686,-1202197.595
3687,-1337328.891
3688,-1538120.260
3689,-1587071.769
3690,-1577841.087
3691,-994836.290
3692,-354621.236
3693,-323455.220
3694,-317223.420
3695,-289637.822
3696,-253710.673
3697,-239406.925
3698,-228579.078
3699,-222199.302
3700,-221927.669
3701,-210011.088
3702,-200176.060
3703,-2039527.151
3704,-1428042.219
3705,-3588440.207
3706,-3816649.246
3707,-3902058.454
3708,-3958129.342
3709,-3481331.701
3710,-3984014.792
3711,-3561802.107
3712,-3336297.964
3713,-3448929.283
3714,-3351438.261
3715,-1594707.281
3716,-1132445.715
3717,-0.000
3718,-41767.273
3719,-240754.658
3720,-286338.804
3721,-239798.433
3722,-228548.491
3723,-191988.133
3724,-163560.166
3725,-159863.260
3726,-188978.982
3727,-1904895.943
3728,-1128742.873
3729,-2962358.668
3730,-3296939.176
3731,-3644196.777
3732,-3870594.160
3733,-3481577.774
3734,-4129450.099
3735,-3863275.798
3736,-3440722.160
3737,-3304883.299
3738,-3374331.302
3739,-1783804.066
3740,-1323160.049
3741,-0.000
3742,-173941.478
3743,-326417.533
3744,-355647.429
3745,-288836.453
3746,-286886.804
3747,-299405.119
3748,-292020.169
3749,-298339.124
3750,-315924.684
3751,-1727916.952
3752,-1491760.875
3753,-3790866.344
3754,-4008349.082
3755,-4138401.450
3756,-4024377.008
3757,-3182738.749
3758,-3765087.286
3759,-3892746.694
3760,-4081429.238
3761,-4052293.308
3762,-3961067.817
3763,-1996030.930
3764,-1398804.517
3765,-0.000
3766,-326775.992
3767,-416551.963
3768,-425233.597
3769,-343510.375
3770,-321408.156
3771,-321235.562
3772,-327546.182
3773,-333245.840
3774,-336946.117
3775,-1706808.980
3776,-1423876.465
3777,-3787938.615
3778,-3980802.133
3779,-4246321.314
3780,-4316382.935
3781,-3559094.573
3782,-4113805.308
3783,-4277826.077
3784,-4482320.774
3785,-4496628.775
3786,-4479952.683
3787,-2195140.185
3788,-1561469.341
3789,-34139.784
3790,-483842.320
3791,-496847.443
3792,-487497.486
3793,-405538.077
3794,-375843.994
3795,-366748.041
3796,-362075.877
3797,-345984.340
3798,-335245.528
3799,-1709039.642
3800,-1523223.310
3801,-3793883.059
3802,-3884404.209
3803,-3911908.211
3804,-3867109.462
3805,-3308666.250
3806,-3973664.233
3807,-4175628.632
3808,-4182686.441
3809,-4201420.456
3810,-4257842.493
3811,-2322773.360
3812,-1514915.089
3813,-64256.352
3814,-514626.195
3815,-525291.084
3816,-506677.753
3817,-429716.972
3818,-408993.868
3819,-403910.324
3820,-403709.298
3821,-387131.305
3822,-377833.784
3823,-459090.572
3824,-762888.729
3825,-2912351.881
3826,-2452203.066
3827,-2411197.447
3828,-2494633.615
3829,-2506891.925
3830,-2677389.032
3831,-2836506.634
3832,-2875240.857
3833,-2742740.922
3834,-2581397.652
3835,-584959.691
3836,-564169.362
3837,-576727.625
3838,-588141.321
3839,-565978.657
3840,-538343.816
3841,-467565.874
3842,-450469.259
3843,-442033.936
3844,-439702.695
3845,-427855.739
3846,-426205.534
3847,-473300.550
3848,-551655.039
3849,-654623.360
3850,-783656.575
3851,-1053859.652
3852,-1263859.411
3853,-1280096.014
3854,-1050144.386
3855,-940968.055
3856,-720376.015
3857,-457267.279
3858,-439347.430
3859,-514645.379
3860,-289852.813
3861,-261444.866
3862,-246755.567
3863,-240692.913
3864,-199287.908
3865,-176342.056
3866,-163006.426
3867,-151855.454
3868,-160999.390
3869,-159557.365
3870,-144000.875
3871,-1938455.364
3872,-1096780.279
3873,-2830390.474
3874,-2850045.090
3875,-2976126.250
3876,-3050766.351
3877,-2734614.358
3878,-3483067.182
3879,-3642469.861
3880,-3787002.539
3881,-3590063.751
3882,-3442425.109
3883,-1419062.934
3884,-1128577.896
3885,-0.000
3886,-9932.328
3887,-209283.420
3888,-237489.613
3889,-173871.763
3890,-161254.478
3891,-163593.343
3892,-143649.992
3893,-121173.213
3894,-117014.694
3895,-1863814.088
3896,-1113025.341
3897,-2958431.152
3898,-3176933.961
3899,-3480317.488
3900,-3765668.071
3901,-3280973.502
3902,-3957237.505
3903,-3810214.422
3904,-3797962.670
3905,-3944050.023
3906,-3878275.710
3907,-1647430.269
3908,-1342914.278
3909,-0.000
3910,-136722.644
3911,-316743.519
3912,-335292.750
3913,-261836.044
3914,-228548.551
3915,-224004.661
3916,-223774.935
3917,-214579.906
3918,-232669.443
3919,-2047248.139
3920,-1253442.421
3921,-3181419.567
3922,-3176081.200
3923,-3482145.106
3924,-3811567.465
3925,-3481433.374
3926,-4226082.004
3927,-3924031.912
3928,-3796635.341
3929,-3533604.051
3930,-3361870.531
3931,-1493981.058
3932,-1305595.887
3933,-0.000
3934,-215479.794
3935,-349984.088
3936,-336747.311
3937,-262741.516
3938,-238727.231
3939,-196821.653
3940,-153986.029
3941,-92460.204
3942,-40628.744
3943,-1656869.520
3944,-1088954.040
3945,-2582705.984
3946,-2822301.875
3947,-2949084.689
3948,-2991268.704
3949,-2641167.315
3950,-3213230.473
3951,-3490306.870
3952,-3748187.530
3953,-3947134.295
3954,-4088972.239
3955,-2262966.958
3956,-1156911.501
3957,-0.000
3958,-196073.842
3959,-218301.502
3960,-185861.465
3961,-119000.605
3962,-76752.450
3963,-43012.497
3964,-37955.771
3965,-5342.100
3966,-0.000
3967,-1489450.527
3968,-1120291.725
3969,-2636440.172
3970,-2763117.777
3971,-2899617.164
3972,-3008463.880
3973,-2784399.448
3974,-3319827.223
3975,-3681777.477
3976,-3879542.197
3977,-3889305.972
3978,-4022602.909
3979,-2170877.209
3980,-1277040.730
3981,-0.000
3982,-293342.896
3983,-340900.023
3984,-336917.133
3985,-271536.152
3986,-227700.849
3987,-204699.207
3988,-198913.536
3989,-172894.501
3990,-161854.992
3991,-240664.320
3992,-511430.795
3993,-2365442.566
3994,-1888061.123
3995,-1979244.715
3996,-2032714.719
3997,-1958897.942
3998,-2005223.350
3999,-2130074.457
4000,-2461902.715
4001,-2520125.247
4002,-2546173.524
4003,-849655.497
4004,-456167.811
4005,-412111.665
4006,-416547.971
4007,-393151.421
4008,-361506.775
4009,-288500.530
4010,-259147.094
4011,-238887.458
4012,-223709.105
4013,-201797.822
4014,-191654.269
4015,-258273.141
4016,-521370.218
4017,-774203.282
4018,-917678.744
4019,-957937.741
4020,-1063479.533
4021,-1027588.642
4022,-1107220.957
4023,-1246875.169
4024,-1435088.025
4025,-1359502.973
4026,-1297694.809
4027,-1060946.177
4028,-393364.380
4029,-376275.950
4030,-395882.770
4031,-385122.659
4032,-371604.911
4033,-371231.404
4034,-362805.627
4035,-362784.240
4036,-351241.800
4037,-319391.248
4038,-304808.275
4039,-1628953.364
4040,-1340676.781
4041,-3540869.991
4042,-3735857.891
4043,-3805632.943
4044,-3718563.266
4045,-3271669.028
4046,-3655406.857
4047,-3858293.284
4048,-3824002.001
4049,-3882349.419
4050,-3823876.514
4051,-2002841.317
4052,-1509084.092
4053,-0.000
4054,-407045.846
4055,-458834.763
4056,-450167.207
4057,-365772.891
4058,-340647.980
4059,-329053.901
4060,-326687.383
4061,-315828.134
4062,-305266.652
4063,-1729345.465
4064,-1470396.619
4065,-3803077.882
4066,-3975382.149
4067,-4032401.888
4068,-3937698.291
4069,-3415654.752
4070,-3992621.998
4071,-4264530.228
4072,-4413058.273
4073,-4212750.829
4074,-4080104.507
4075,-1970256.526
4076,-1595687.408
4077,-24988.556
4078,-498145.101
4079,-529233.709
4080,-527196.713
4081,-452565.501
4082,-420796.311
4083,-413780.504
4084,-411051.148
4085,-393508.953
4086,-380232.854
4087,-1751844.905
4088,-1530279.463
4089,-3871644.315
4090,-4010777.846
4091,-4128018.418
4092,-4129822.334
4093,-3549642.386
4094,-4220605.884
4095,-4287679.109
4096,-4451246.526
4097,-4533677.750
4098,-4700023.551
4099,-2508728.209
4100,-1575364.883
4101,-67706.217
4102,-530409.415
4103,-545593.265
4104,-544613.520
4105,-473779.506
4106,-455242.275
4107,-457535.484
4108,-465751.868
4109,-454583.672
4110,-446381.710
4111,-1849749.353
4112,-1602117.826
4113,-4000995.697
4114,-4100914.314
4115,-4165314.931
4116,-4229743.329
4117,-3710601.951
4118,-4434262.046
4119,-4615349.849
4120,-4771305.540
4121,-4910244.980
4122,-4976559.181
4123,-2723691.631
4124,-1698391.168
4125,-210463.346
4126,-612313.603
4127,-652984.799
4128,-630313.775
4129,-550012.574
4130,-525581.017
4131,-524867.239
4132,-537398.883
4133,-539120.238
4134,-537439.241
4135,-1906355.658
4136,-1642844.513
4137,-4052952.671
4138,-4100841.332
4139,-4270536.238
4140,-4290190.518
4141,-3687861.248
4142,-4492212.060
4143,-4730049.556
4144,-4827410.710
4145,-4827223.392
4146,-4771755.964
4147,-2494732.812
4148,-1753650.033
4149,-197209.326
4150,-615312.025
4151,-657453.886
4152,-631423.602
4153,-552130.426
4154,-530691.671
4155,-524732.397
4156,-525350.637
4157,-502099.503
4158,-491159.406
4159,-528462.911
4160,-757160.917
4161,-2856663.559
4162,-2458759.101
4163,-2526347.414
4164,-2583519.602
4165,-2552183.675
4166,-2663867.966
4167,-2754681.710
4168,-2701601.925
4169,-2598028.952
4170,-2394832.954
4171,-516087.388
4172,-449164.599
4173,-467522.870
4174,-470485.741
4175,-466702.456
4176,-454012.861
4177,-377909.908
4178,-361190.095
4179,-349562.800
4180,-326327.889
4181,-305647.791
4182,-317973.350
4183,-289575.238
4184,-280132.863
4185,-295107.492
4186,-312022.831
4187,-363329.220
4188,-471161.124
4189,-490682.128
4190,-555404.804
4191,-727179.338
4192,-621755.529
4193,-642337.865
4194,-573473.903
4195,-379763.314
4196,-230852.425
4197,-198813.691
4198,-187208.100
4199,-182843.171
4200,-172495.487
4201,-168531.835
4202,-129878.383
4203,-100189.211
4204,-105966.582
4205,-116756.171
4206,-92998.268
4207,-1865941.079
4208,-1113523.593
4209,-2883607.637
4210,-3081084.445
4211,-3092617.433
4212,-3308418.866
4213,-2920330.174
4214,-3697169.974
4215,-3638690.939
4216,-3648359.273
4217,-3681303.803
4218,-3877751.268
4219,-1897985.075
4220,-1409051.932
4221,-0.000
4222,-259358.270
4223,-336005.493
4224,-344790.657
4225,-263143.322
4226,-242553.052
4227,-247045.929
4228,-248690.827
4229,-239730.659
4230,-234038.677
4231,-2063365.654
4232,-1286549.110
4233,-3272942.959
4234,-3367848.333
4235,-3494726.876
4236,-3690542.518
4237,-3268793.359
4238,-3948067.749
4239,-4064059.379
4240,-4211441.009
4241,-4266628.245
4242,-3946682.503
4243,-1884379.914
4244,-1541528.066
4245,-0.000
4246,-389946.920
4247,-465875.043
4248,-461994.458
4249,-372931.462
4250,-352168.937
4251,-341718.061
4252,-340593.152
4253,-340226.260
4254,-338880.444
4255,-1795026.349
4256,-1555212.345
4257,-3929041.325
4258,-4126989.990
4259,-4350442.022
4260,-4356626.532
4261,-3694550.814
4262,-4140503.254
4263,-4136595.566
4264,-4519118.636
4265,-4692626.931
4266,-4662213.794
4267,-2413644.689
4268,-1622240.410
4269,-57693.775
4270,-531673.526
4271,-563543.921
4272,-557858.232
4273,-481269.466
4274,-464994.873
4275,-461552.724
4276,-465876.413
4277,-450530.875
4278,-436122.444
4279,-1852744.056
4280,-1662277.731
4281,-4136349.954
4282,-4251018.983
4283,-4371532.028
4284,-4386464.329
4285,-3761904.105
4286,-4410120.339
4287,-4573537.647
4288,-4619435.010
4289,-4763003.412
4290,-4818291.797
4291,-2542926.498
4292,-1710426.077
4293,-85606.209
4294,-605296.691
4295,-642221.854
4296,-651434.700
4297,-577453.580
4298,-547360.212
4299,-532927.785
4300,-534456.256
4301,-511328.927
4302,-482307.572
4303,-1908553.717
4304,-1594529.726
4305,-4011708.832
4306,-4128843.951
4307,-4349785.657
4308,-4418598.183
4309,-3725036.399
4310,-4406092.017
4311,-4542931.849
4312,-4672620.812
4313,-4865272.378
4314,-4843460.597
4315,-2366311.068
4316,-1742610.944
4317,-106222.279
4318,-627686.107
4319,-639596.567
4320,-627898.623
4321,-566830.003
4322,-542786.541
4323,-527336.625
4324,-521898.480
4325,-490343.123
4326,-461725.789
4327,-534409.920
4328,-785274.031
4329,-3111545.512
4330,-2741803.763
4331,-2747114.054
4332,-2752749.847
4333,-2783702.334
4334,-2903290.495
4335,-2985731.533
4336,-2782721.603
4337,-2569048.447
4338,-2708631.658
4339,-805030.460
4340,-605765.344
4341,-562119.793
4342,-525358.910
4343,-512395.599
4344,-536861.736
4345,-468568.719
4346,-420097.350
4347,-395997.009
4348,-389562.957
4349,-373770.893
4350,-382540.528
4351,-422367.756
4352,-605348.553
4353,-782095.402
4354,-1067175.702
4355,-1236991.098
4356,-1232856.343
4357,-1201809.507
4358,-1370367.603
4359,-1375482.216
4360,-1633459.130
4361,-1841875.947
4362,-1562462.651
4363,-1234410.714
4364,-531580.216
4365,-499040.212
4366,-525488.599
4367,-491198.438
4368,-449765.596
4369,-439541.771
4370,-425318.717
4371,-408991.201
4372,-387913.002
4373,-360544.235
4374,-344399.386
4375,-1724245.528
4376,-1553246.127
4377,-3869119.765
4378,-4022371.459
4379,-4097954.211
4380,-3972692.850
4381,-3444372.550
4382,-4180604.614
4383,-4212435.074
4384,-4231928.852
4385,-4005578.406
4386,-3940007.050
4387,-2030883.913
4388,-1465911.078
4389,-0.000
4390,-329061.397
4391,-432971.201
4392,-427782.963
4393,-346386.330
4394,-324833.565
4395,-315481.897
4396,-311393.189
4397,-272392.335
4398,-242371.559
4399,-1923518.695
4400,-1121714.950
4401,-3034822.508
4402,-3326278.863
4403,-3601768.627
4404,-3499306.200
4405,-2942368.123
4406,-3646036.607
4407,-3596155.926
4408,-3412148.971
4409,-3438421.227
4410,-3586731.843
4411,-1688915.912
4412,-1373011.793
4413,-0.000
4414,-165202.756
4415,-339291.552
4416,-378132.866
4417,-315122.364
4418,-296413.300
4419,-296910.786
4420,-275440.950
4421,-252726.199
4422,-267274.639
4423,-1646831.664
4424,-1319732.818
4425,-3516692.090
4426,-3753077.997
4427,-3956093.650
4428,-4034891.106
4429,-3344555.564
4430,-3700345.059
4431,-3982547.731
4432,-4359251.862
4433,-4374682.359
4434,-4270496.726
4435,-2259212.734
4436,-1525492.708
4437,-0.000
4438,-437026.438
4439,-470473.841
4440,-464793.209
4441,-397921.628
4442,-381151.907
4443,-375149.793
4444,-381321.489
4445,-364492.388
4446,-347135.423
4447,-1694598.919
4448,-1463548.836
4449,-3790367.532
4450,-3902280.483
4451,-3948104.916
4452,-3909040.243
4453,-3397804.266
4454,-4031177.495
4455,-4131466.696
4456,-4142846.406
4457,-4078755.923
4458,-4348423.541
4459,-2256496.754
4460,-1587403.293
4461,-52410.367
4462,-511630.787
4463,-527590.559
4464,-527820.763
4465,-455399.719
4466,-435022.454
4467,-427972.313
4468,-431544.998
4469,-422655.655
4470,-415887.094
4471,-1737628.891
4472,-1483057.071
4473,-3756738.403
4474,-3867886.429
4475,-4037291.147
4476,-4146648.547
4477,-3577406.410
4478,-4226842.675
4479,-4441246.136
4480,-4545694.565
4481,-4528166.849
4482,-4280199.785
4483,-2190896.204
4484,-1663052.031
4485,-82792.090
4486,-573950.825
4487,-582741.781
4488,-576221.976
4489,-501716.749
4490,-488093.285
4491,-477916.770
4492,-468010.115
4493,-459553.017
4494,-447296.514
4495,-490426.927
4496,-702907.526
4497,-2923140.892
4498,-2584259.459
4499,-2659717.438
4500,-2638196.227
4501,-2509523.269
4502,-2333638.175
4503,-2594306.725
4504,-2942471.623
4505,-2846914.652
4506,-2591871.629
4507,-570437.518
4508,-536783.965
4509,-550175.546
4510,-565541.228
4511,-569184.143
4512,-551094.396
4513,-465928.805
4514,-434856.417
4515,-427994.871
4516,-445330.326
4517,-448541.292
4518,-442812.354
4519,-488396.364
4520,-660145.037
4521,-966451.763
4522,-1178939.076
4523,-1107691.223
4524,-1164638.424
4525,-1142359.107
4526,-1168269.586
4527,-1353875.303
4528,-1396637.931
4529,-1271072.211
4530,-1003980.807
4531,-895814.190
4532,-539275.513
4533,-511166.222
4534,-509328.573
4535,-495972.193
4536,-485247.342
4537,-487255.396
4538,-489360.977
4539,-488153.522
4540,-491866.231
4541,-460885.024
4542,-450763.728
4543,-1803252.691
4544,-1365758.040
4545,-3538364.248
4546,-3738483.864
4547,-3958530.957
4548,-4128746.544
4549,-3553104.612
4550,-4257817.782
4551,-4343397.969
4552,-4407245.637
4553,-4330144.420
4554,-3915307.419
4555,-1763473.545
4556,-1501066.908
4557,-0.000
4558,-382580.856
4559,-439988.419
4560,-424171.222
4561,-347179.540
4562,-313890.258
4563,-316947.346
4564,-299133.399
4565,-250154.652
4566,-227794.770
4567,-1935653.886
4568,-1136531.190
4569,-2924884.683
4570,-2950272.056
4571,-2935851.082
4572,-2973985.336
4573,-2540307.621
4574,-2918998.816
4575,-2953248.018
4576,-2836372.335
4577,-2809564.791
4578,-2867584.227
4579,-1337184.298
4580,-1213999.112
4581,-0.000
4582,-14998.234
4583,-221704.697
4584,-251304.217
4585,-203416.553
4586,-196070.932
4587,-196419.878
4588,-191956.000
4589,-186700.988
4590,-187716.725
4591,-1957563.056
4592,-1108497.372
4593,-2972850.959
4594,-3232088.100
4595,-3463650.932
4596,-3623084.100
4597,-3185153.766
4598,-3841340.270
4599,-3835941.443
4600,-4015134.939
4601,-3876460.716
4602,-3791008.303
4603,-1783790.235
4604,-1260017.315
4605,-0.000
4606,-119612.338
4607,-299350.127
4608,-337896.649
4609,-284101.149
4610,-270627.005
4611,-264548.930
4612,-270828.940
4613,-285251.007
4614,-296358.043
4615,-1665544.804
4616,-1334643.165
4617,-3570677.087
4618,-3800772.841
4619,-4026438.679
4620,-4015359.104
4621,-3364144.752
4622,-4006886.334
4623,-3917409.907
4624,-4043520.982
4625,-4060904.808
4626,-3876095.849
4627,-1819512.552
4628,-1540148.168
4629,-0.000
4630,-400406.173
4631,-478564.490
4632,-491785.261
4633,-421743.471
4634,-404855.572
4635,-400091.454
4636,-402182.445
4637,-400931.526
4638,-401637.491
4639,-1693622.878
4640,-1411449.609
4641,-3711172.496
4642,-3829824.674
4643,-3960089.708
4644,-4064740.609
4645,-3563192.746
4646,-4202923.764
4647,-4346635.695
4648,-4380966.652
4649,-4202283.488
4650,-3857071.515
4651,-1875799.966
4652,-1611525.978
4653,-5468.191
4654,-480930.416
4655,-523998.164
4656,-530206.844
4657,-468769.426
4658,-453101.251
4659,-452291.927
4660,-449783.803
4661,-419652.367
4662,-408948.698
4663,-433221.956
4664,-549570.324
4665,-2654748.305
4666,-2362129.274
4667,-2504254.602
4668,-2479632.909
4669,-2500547.361
4670,-2514817.684
4671,-2500325.996
4672,-2564103.067
4673,-2555790.232
4674,-2604994.102
4675,-666444.185
4676,-463166.674
4677,-423063.338
4678,-444448.136
4679,-437279.665
4680,-423387.701
4681,-348299.181
4682,-337787.185
4683,-336399.695
4684,-334748.156
4685,-331431.997
4686,-331666.610
4687,-390617.675
4688,-632142.696
4689,-969684.578
4690,-1163397.884
4691,-1237579.839
4692,-1243041.545
4693,-1159789.540
4694,-1279854.039
4695,-1154818.157
4696,-1251422.540
4697,-1523282.944
4698,-1777293.674
4699,-1541684.575
4700,-495754.554
4701,-441351.242
4702,-454690.184
4703,-442583.585
4704,-422104.040
4705,-416150.231
4706,-395902.421
4707,-381785.708
4708,-382563.789
4709,-358312.734
4710,-346975.392
4711,-1733380.610
4712,-1495685.538
4713,-3853741.571
4714,-3924900.236
4715,-3973525.223
4716,-3932532.075
4717,-3416774.204
4718,-4134803.745
4719,-4269956.117
4720,-4402995.619
4721,-4597237.219
4722,-4687726.190
4723,-2716459.485
4724,-1663497.583
4725,-66380.764
4726,-557463.703
4727,-568389.211
4728,-530383.579
4729,-444924.514
4730,-412252.384
4731,-393486.029
4732,-393168.987
4733,-367889.953
4734,-345168.694
4735,-1700510.125
4736,-1505942.331
4737,-3874077.146
4738,-4058833.364
4739,-4279948.076
4740,-4255693.416
4741,-3606048.161
4742,-4353599.777
4743,-4523923.525
4744,-4682141.613
4745,-4897619.384
4746,-4969645.542
4747,-2770678.397
4748,-1681707.068
4749,-193173.384
4750,-587145.302
4751,-628530.041
4752,-604268.930
4753,-545804.322
4754,-530724.921
4755,-515819.180
4756,-510735.975
4757,-499855.716
4758,-491434.888
4759,-1891356.274
4760,-1656164.630
4761,-4086899.566
4762,-4267988.466
4763,-4473253.354
4764,-4495090.878
4765,-3828233.732
4766,-4586163.235
4767,-4732803.373
4768,-4757412.819
4769,-4827241.046
4770,-4896455.403
4771,-2305474.782
4772,-1590240.044
4773,-42958.788
4774,-538747.854
4775,-506573.016
4776,-469349.629
4777,-405949.268
4778,-385343.705
4779,-373641.033
4780,-376346.483
4781,-371847.388
4782,-373757.011
4783,-1764235.593
4784,-1595908.779
4785,-4145038.146
4786,-4242324.383
4787,-4342034.993
4788,-4410198.169
4789,-3791443.417
4790,-4327130.542
4791,-4376862.002
4792,-4214667.804
4793,-4083676.053
4794,-3751563.781
4795,-1622339.192
4796,-1364601.221
4797,-0.000
4798,-285606.008
4799,-398664.806
4800,-405736.892
4801,-336852.581
4802,-334412.689
4803,-342162.823
4804,-343336.084
4805,-345569.446
4806,-330651.194
4807,-1671268.494
4808,-1425904.691
4809,-3737754.612
4810,-3911650.938
4811,-4250178.687
4812,-4345428.981
4813,-3490135.687
4814,-4103795.398
4815,-4278526.025
4816,-4214255.703
4817,-3672971.766
4818,-3452359.901
4819,-1662991.813
4820,-1343312.845
4821,-0.000
4822,-260607.335
4823,-374651.099
4824,-390231.577
4825,-320756.303
4826,-309464.409
4827,-303142.603
4828,-296297.407
4829,-291471.063
4830,-291327.075
4831,-354483.622
4832,-594496.669
4833,-2829483.581
4834,-2454539.561
4835,-2385736.817
4836,-2385255.966
4837,-2259398.927
4838,-2257316.080
4839,-2174379.992
4840,-2367775.231
4841,-2353234.255
4842,-2242430.993
4843,-245586.157
4844,-346331.342
4845,-376060.387
4846,-373380.599
4847,-368435.261
4848,-362723.838
4849,-287375.475
4850,-261052.488
4851,-249748.662
4852,-255063.397
4853,-258049.227
4854,-261691.348
4855,-250052.779
4856,-319337.399
4857,-554002.665
4858,-904616.096
4859,-932313.183
4860,-1007794.936
4861,-976575.092
4862,-971770.565
4863,-990837.660
4864,-913843.238
4865,-938221.685
4866,-713041.877
4867,-523329.790
4868,-341801.532
4869,-262087.260
4870,-261535.417
4871,-284666.288
4872,-266480.811
4873,-249307.989
4874,-216388.333
4875,-179307.494
4876,-179455.202
4877,-173145.868
4878,-161082.217
4879,-1917282.766
4880,-1204477.901
4881,-3235196.896
4882,-3505289.731
4883,-3767763.206
4884,-3993424.546
4885,-3434720.158
4886,-3865171.418
4887,-3609635.429
4888,-3580279.008
4889,-3977546.386
4890,-3956522.088
4891,-2137053.462
4892,-1391192.519
4893,-0.000
4894,-340960.310
4895,-388826.312
4896,-389088.089
4897,-315608.626
4898,-292878.029
4899,-289545.076
4900,-290693.749
4901,-281733.473
4902,-273681.173
4903,-1614651.201
4904,-1332963.312
4905,-3464887.970
4906,-3693045.094
4907,-4061342.465
4908,-4219119.320
4909,-3517512.857
4910,-3854639.849
4911,-4028641.117
4912,-4200882.270
4913,-4305967.731
4914,-4087367.870
4915,-2072691.588
4916,-1499032.353
4917,-0.000
4918,-423418.153
4919,-469789.632
4920,-466597.908
4921,-394302.098
4922,-375351.530
4923,-353228.030
4924,-344340.230
4925,-332957.323
4926,-323133.399
4927,-1672620.771
4928,-1438940.092
4929,-3736207.346
4930,-3834381.892
4931,-3905289.236
4932,-3844030.426
4933,-3265137.067
4934,-3815846.017
4935,-4064100.654
4936,-4295942.358
4937,-4434922.148
4938,-4489006.939
4939,-2449589.622
4940,-1579143.510
4941,-69180.747
4942,-526457.876
4943,-534495.823
4944,-518165.211
4945,-440614.839
4946,-406581.760
4947,-387336.012
4948,-385707.626
4949,-361591.099
4950,-346361.287
4951,-1710743.763
4952,-1499053.894
4953,-3806953.147
4954,-3905132.980
4955,-3945037.602
4956,-3938998.260
4957,-3378948.776
4958,-4018511.035
4959,-4157487.087
4960,-4340544.032
4961,-4491458.109
4962,-4513929.061
4963,-2478201.259
4964,-1599056.775
4965,-96853.399
4966,-570983.820
4967,-583148.878
4968,-571150.731
4969,-495838.854
4970,-460691.741
4971,-439529.527
4972,-431589.106
4973,-406122.811
4974,-385193.772
4975,-1713489.632
4976,-1476362.935
4977,-3776164.517
4978,-3953903.459
4979,-4054380.769
4980,-4038533.459
4981,-3475947.350
4982,-4086734.567
4983,-4274646.100
4984,-4385479.507
4985,-4394186.400
4986,-4412409.882
4987,-2331871.656
4988,-1611027.592
4989,-185406.283
4990,-558915.684
4991,-601845.193
4992,-586097.805
4993,-518117.694
4994,-486865.675
4995,-468201.235
4996,-472330.377
4997,-463105.944
4998,-447639.040
4999,-494190.109
5000,-667807.091
5001,-2862170.326
5002,-2532884.223
5003,-2651409.068
5004,-2618638.555
5005,-2372766.282
5006,-2275372.485
5007,-2207555.563
5008,-2187949.830
5009,-2277302.180
5010,-2275673.107
5011,-491255.592
5012,-451348.990
5013,-451146.917
5014,-443546.932
5015,-414740.951
5016,-401876.917
5017,-336583.667
5018,-316182.069
5019,-321770.202
5020,-321338.608
5021,-296875.638
5022,-279387.650
5023,-329878.386
5024,-519420.954
5025,-859610.638
5026,-1044811.293
5027,-1170063.750
5028,-1203124.146
5029,-1197165.669
5030,-1243752.623
5031,-1446304.673
5032,-1244889.418
5033,-1133173.575
5034,-833636.296
5035,-697160.326
5036,-326795.462
5037,-269782.270
5038,-308804.151
5039,-318199.365
5040,-300338.103
5041,-288250.305
5042,-279359.428
5043,-282161.283
5044,-292320.207
5045,-293517.396
5046,-292538.243
5047,-1566285.388
5048,-1217662.801
5049,-3187142.886
5050,-3368909.774
5051,-3576981.435
5052,-3690011.517
5053,-3316231.757
5054,-3683416.545
5055,-3593296.025
5056,-3716378.484
5057,-3771953.488
5058,-3884411.972
5059,-1992609.374
5060,-1395308.764
5061,-0.000
5062,-351436.180
5063,-410533.157
5064,-419200.789
5065,-347070.199
5066,-319253.958
5067,-309774.015
5068,-314052.218
5069,-315340.200
5070,-311506.350
5071,-1522008.879
5072,-1233755.792
5073,-3194760.900
5074,-3386707.315
5075,-3511970.140
5076,-3356791.097
5077,-2797129.788
5078,-3380239.321
5079,-3478754.154
5080,-3172299.962
5081,-3017374.870
5082,-2965111.632
5083,-1346527.851
5084,-1173931.569
5085,-0.000
5086,-25358.904
5087,-198209.592
5088,-232953.132
5089,-158486.005
5090,-128301.397
5091,-113777.467
5092,-114116.852
5093,-153134.325
5094,-126351.267
5095,-1861310.673
5096,-1095025.528
5097,-2858971.188
5098,-2974196.690
5099,-2924249.363
5100,-2932122.853
5101,-2585614.847
5102,-2869391.277
5103,-2868786.248
5104,-2875137.438
5105,-2874612.116
5106,-2800097.846
5107,-1255525.751
5108,-1153214.709
5109,-0.000
5110,-30025.735
5111,-241028.359
5112,-275367.497
5113,-221516.999
5114,-217374.279
5115,-222045.968
5116,-208418.276
5117,-160912.619
5118,-174994.570
5119,-1889327.128
5120,-1084646.414
5121,-2872620.169
5122,-2983585.119
5123,-3144660.686
5124,-3254165.430
5125,-2806323.558
5126,-3330882.702
5127,-3409138.028
5128,-3513438.051
5129,-3465844.272
5130,-3618553.483
5131,-1745206.239
5132,-1325988.468
5133,-0.000
5134,-185338.378
5135,-322192.594
5136,-327799.632
5137,-254789.410
5138,-238945.633
5139,-236745.992
5140,-239875.485
5141,-233462.116
5142,-221660.036
5143,-1874002.870
5144,-1134076.765
5145,-3008625.813
5146,-3229886.328
5147,-3423904.213
5148,-3400047.753
5149,-2984399.542
5150,-3524279.883
5151,-3413972.928
5152,-3246958.995
5153,-3129303.941
5154,-3065689.955
5155,-1635637.501
5156,-1220853.539
5157,-0.000
5158,-66286.073
5159,-235851.965
5160,-269724.544
5161,-205081.506
5162,-178877.072
5163,-167561.372
5164,-163831.643
5165,-148658.447
5166,-135314.138
5167,-179192.353
5168,-351164.974
5169,-2462581.536
5170,-2219166.870
5171,-2282496.049
5172,-2265592.153
5173,-2288873.239
5174,-2316226.772
5175,-2499952.703
5176,-2537707.987
5177,-2622275.594
5178,-2789001.656
5179,-960569.188
5180,-454079.573
5181,-418194.417
5182,-422464.637
5183,-401093.126
5184,-371595.170
5185,-297841.721
5186,-256469.093
5187,-255611.184
5188,-256348.121
5189,-207259.888
5190,-172628.182
5191,-234947.477
5192,-505139.987
5193,-917437.290
5194,-1117655.146
5195,-1221661.581
5196,-1182533.210
5197,-1129219.640
5198,-1342337.083
5199,-1604501.512
5200,-1687510.231
5201,-1714994.582
5202,-1867200.356
5203,-1428873.014
5204,-552500.393
5205,-503379.325
5206,-528671.103
5207,-498426.147
5208,-440830.213
5209,-446058.598
5210,-421287.905
5211,-406591.796
5212,-420621.844
5213,-405441.328
5214,-383030.649
5215,-1699921.886
5216,-1421092.869
5217,-3665444.180
5218,-3796984.348
5219,-3960631.878
5220,-4064979.393
5221,-3513869.542
5222,-4218255.150
5223,-4434006.608
5224,-4549643.982
5225,-4802988.911
5226,-4915270.282
5227,-2371279.190
5228,-1518670.847
5229,-41795.675
5230,-495278.764
5231,-474994.875
5232,-439082.186
5233,-347586.996
5234,-316397.938
5235,-303565.242
5236,-320970.836
5237,-303430.435
5238,-293044.709
5239,-1575650.428
5240,-1317942.731
5241,-3456634.020
5242,-3599083.767
5243,-3817818.858
5244,-4005607.838
5245,-3489851.195
5246,-4249982.056
5247,-4465801.755
5248,-4651206.169
5249,-4722411.691
5250,-4478432.849
5251,-2079449.434
5252,-1588133.529
5253,-20423.878
5254,-461551.655
5255,-472597.755
5256,-422932.398
5257,-311507.806
5258,-314208.095
5259,-285144.431
5260,-286880.278
5261,-271511.878
5262,-243815.457
5263,-1525870.239
5264,-1288790.626
5265,-3427289.352
5266,-3589408.331
5267,-3841952.784
5268,-4044441.375
5269,-3566514.837
5270,-4414960.423
5271,-4653907.419
5272,-4791808.372
5273,-4867873.789
5274,-4885576.653
5275,-2685533.521
5276,-1682962.244
5277,-101916.964
5278,-602669.503
5279,-590132.143
5280,-563141.492
5281,-491022.420
5282,-462601.529
5283,-448997.564
5284,-450306.163
5285,-432198.409
5286,-422889.854
5287,-1800353.165
5288,-1506969.657
5289,-3854212.713
5290,-4062504.493
5291,-4312731.375
5292,-4378908.134
5293,-3805707.410
5294,-4535544.789
5295,-4620290.343
5296,-4777072.735
5297,-4854273.001
5298,-4974522.249
5299,-2591909.090
5300,-1825160.381
5301,-136938.376
5302,-677581.381
5303,-705145.157
5304,-679942.105
5305,-599408.550
5306,-572144.925
5307,-565881.993
5308,-566063.390
5309,-547732.007
5310,-538508.722
5311,-1912753.949
5312,-1580933.797
5313,-4043502.608
5314,-4278503.043
5315,-4543620.773
5316,-4631066.081
5317,-3993375.247
5318,-4728142.173
5319,-4834754.370
5320,-4841151.650
5321,-4858845.393
5322,-4932617.155
5323,-2536947.232
5324,-1756476.350
5325,-114784.873
5326,-647402.529
5327,-668410.475
5328,-650742.483
5329,-568975.574
5330,-547748.195
5331,-536671.141
5332,-531031.929
5333,-502163.877
5334,-471410.147
5335,-511960.451
5336,-692782.658
5337,-2899903.963
5338,-2490627.896
5339,-2504955.476
5340,-2472471.286
5341,-2619591.121
5342,-2802111.167
5343,-3048550.897
5344,-3111138.948
5345,-2961101.925
5346,-2978815.523
5347,-658387.040
5348,-603176.870
5349,-625668.878
5350,-651225.963
5351,-621672.936
5352,-590645.018
5353,-510746.275
5354,-487199.681
5355,-483701.526
5356,-484375.976
5357,-454648.536
5358,-405766.564
5359,-418209.172
5360,-515973.256
5361,-777367.516
5362,-974619.726
5363,-1158530.480
5364,-1292281.850
5365,-1361575.803
5366,-1492621.746
5367,-1662448.399
5368,-1726996.059
5369,-1751934.045
5370,-1375056.936
5371,-818389.874
5372,-443666.072
5373,-442274.258
5374,-441808.036
5375,-421578.792
5376,-405862.479
5377,-411401.178
5378,-405081.297
5379,-394749.694
5380,-385937.909
5381,-360691.866
5382,-345019.132
5383,-1688310.841
5384,-1355293.345
5385,-3555174.802
5386,-3721972.091
5387,-4007369.807
5388,-4031674.587
5389,-3570092.041
5390,-4455215.552
5391,-4704735.835
5392,-4778404.929
5393,-4721415.345
5394,-4546195.745
5395,-2231329.196
5396,-1531773.110
5397,-31292.619
5398,-477525.437
5399,-489586.068
5400,-484281.175
5401,-428468.999
5402,-408574.059
5403,-391060.552
5404,-382153.939
5405,-353912.091
5406,-346761.378
5407,-1665933.061
5408,-1347459.040
5409,-3539041.838
5410,-3790794.321
5411,-4126784.602
5412,-4329054.850
5413,-3741899.943
5414,-4495171.505
5415,-4653745.479
5416,-4749866.846
5417,-4624630.553
5418,-4645831.393
5419,-2255268.754
5420,-1584469.537
5421,-63155.861
5422,-538068.837
5423,-531921.280
5424,-480709.643
5425,-398368.296
5426,-362959.019
5427,-353708.445
5428,-345098.726
5429,-326535.992
5430,-305572.126
5431,-1632901.643
5432,-1346857.395
5433,-3522174.465
5434,-3692053.650
5435,-3876197.626
5436,-3943680.482
5437,-3512625.679
5438,-4357039.375
5439,-4688999.877
5440,-4792030.094
5441,-4697200.166
5442,-4583661.050
5443,-2104841.370
5444,-1401513.723
5445,-361.608
5446,-394855.247
5447,-456596.819
5448,-460658.094
5449,-388907.894
5450,-371611.221
5451,-351168.051
5452,-339375.022
5453,-325959.377
5454,-315094.575
5455,-1653972.031
5456,-1370808.896
5457,-3584596.039
5458,-3751541.030
5459,-4041538.038
5460,-4155778.560
5461,-3591114.397
5462,-4370184.528
5463,-4655733.448
5464,-4643387.599
5465,-4148016.111
5466,-3896022.986
5467,-1916090.851
5468,-1354555.212
5469,-0.000
5470,-327752.709
5471,-386978.739
5472,-396891.692
5473,-323571.548
5474,-300417.687
5475,-288429.440
5476,-289055.231
5477,-298260.823
5478,-291618.554
5479,-1580149.717
5480,-1294869.973
5481,-3525680.513
5482,-3717061.516
5483,-3832452.939
5484,-3829204.447
5485,-3152138.977
5486,-3669829.428
5487,-3726141.520
5488,-3731014.549
5489,-3285479.031
5490,-3016639.788
5491,-1443420.839
5492,-1275434.646
5493,-0.000
5494,-128352.909
5495,-309751.962
5496,-349267.813
5497,-290805.447
5498,-277812.835
5499,-271867.432
5500,-271365.259
5501,-270436.900
5502,-263354.104
5503,-284028.604
5504,-367073.314
5505,-2255021.844
5506,-1938545.033
5507,-2076428.528
5508,-2061709.576
5509,-2088923.648
5510,-2154834.109
5511,-2178188.144
5512,-1833233.262
5513,-1786870.128
5514,-1811022.126
5515,-18998.071
5516,-307565.652
5517,-345027.629
5518,-354262.944
5519,-354443.321
5520,-341034.040
5521,-252799.801
5522,-241526.862
5523,-234690.761
5524,-237544.631
5525,-240517.677
5526,-239735.686
5527,-252186.872
5528,-383185.433
5529,-750509.592
5530,-1133827.779
5531,-1299042.607
5532,-1225589.248
5533,-1173155.007
5534,-1293399.558
5535,-1552234.469
5536,-1664400.680
5537,-1633282.700
5538,-1492451.544
5539,-964458.408
5540,-396235.618
5541,-399200.851
5542,-416836.758
5543,-407615.556
5544,-368485.549
5545,-337449.853
5546,-312297.248
5547,-302852.818
5548,-312917.766
5549,-301284.628
5550,-284602.598
5551,-1637247.590
5552,-1342168.396
5553,-3531464.261
5554,-3726869.586
5555,-3976259.400
5556,-4025001.893
5557,-3473278.077
5558,-4161602.647
5559,-4261582.243
5560,-4377957.411
5561,-4383605.252
5562,-4387163.967
5563,-2154037.296
5564,-1459105.429
5565,-34824.262
5566,-480203.017
5567,-483220.822
5568,-462407.350
5569,-390356.632
5570,-355656.131
5571,-330777.684
5572,-328070.729
5573,-313022.534
5574,-278896.445
5575,-1553907.462
5576,-1301768.857
5577,-3500646.159
5578,-3701692.059
5579,-3854277.062
5580,-3876413.859
5581,-3440557.161
5582,-4155615.935
5583,-4417649.698
5584,-4508318.815
5585,-4449867.992
5586,-4339273.673
5587,-2095855.814
5588,-1550862.212
5589,-62636.108
5590,-525846.533
5591,-535162.007
5592,-516312.780
5593,-436866.548
5594,-402924.033
5595,-371944.453
5596,-351132.928
5597,-318507.177
5598,-301615.791
5599,-1601963.573
5600,-1336009.361
5601,-3578228.787
5602,-3743886.821
5603,-3900293.467
5604,-3900220.910
5605,-3424007.376
5606,-4207551.971
5607,-4458271.371
5608,-4506135.825
5609,-4454851.281
5610,-4509362.088
5611,-2426567.717
5612,-1507806.132
5613,-70713.437
5614,-538823.380
5615,-541142.791
5616,-522931.125
5617,-458281.229
5618,-427670.092
5619,-412511.059
5620,-408096.684
5621,-381256.456
5622,-367239.128
5623,-1705070.936
5624,-1404116.320
5625,-3557761.805
5626,-3772044.432
5627,-3989825.538
5628,-4097288.260
5629,-3628454.230
5630,-4445431.142
5631,-4623357.635
5632,-4552173.895
5633,-4206587.404
5634,-3811742.259
5635,-1880765.463
5636,-1485139.799
5637,-0.000
5638,-359214.287
5639,-437647.205
5640,-425097.697
5641,-346418.027
5642,-322780.299
5643,-315327.056
5644,-328534.451
5645,-316188.925
5646,-301554.114
5647,-1665597.504
5648,-1384154.154
5649,-3677359.619
5650,-3887622.486
5651,-4268107.210
5652,-4400985.452
5653,-3804453.982
5654,-4571448.959
5655,-4661833.458
5656,-4672151.259
5657,-4709380.651
5658,-5012302.465
5659,-2605520.475
5660,-1769953.939
5661,-144585.756
5662,-671114.225
5663,-697014.557
5664,-685211.106
5665,-614888.120
5666,-562796.589
5667,-535359.065
5668,-530104.534
5669,-512886.242
5670,-506774.078
5671,-532011.762
5672,-648413.275
5673,-2629888.439
5674,-2323839.822
5675,-2300970.965
5676,-2207712.269
5677,-2116131.459
5678,-2098606.370
5679,-2073443.223
5680,-2055857.092
5681,-1890307.279
5682,-1794448.053
5683,-23829.957
5684,-298466.683
5685,-342184.532
5686,-359320.441
5687,-347007.837
5688,-299976.105
5689,-187651.151
5690,-126507.837
5691,-97360.675
5692,-111290.729
5693,-121248.942
5694,-117528.946
5695,-120928.165
5696,-127933.739
5697,-173459.281
5698,-256811.136
5699,-453811.179
5700,-766084.756
5701,-1015088.020
5702,-1079086.407
5703,-1156236.181
5704,-1107264.697
5705,-995104.531
5706,-1140839.356
5707,-849838.248
5708,-322688.374
5709,-283803.600
5710,-284013.999
5711,-283566.358
5712,-269057.677
5713,-260000.879
5714,-247895.939
5715,-237166.842
5716,-230035.543
5717,-226478.356
5718,-213594.207
5719,-1987073.342
5720,-1250033.873
5721,-3397027.050
5722,-3685252.507
5723,-3935673.981
5724,-3984381.864
5725,-3494571.550
5726,-4218446.657
5727,-4329618.415
5728,-4420585.757
5729,-4352252.384
5730,-4241895.562
5731,-2083768.522
5732,-1531437.165
5733,-0.000
5734,-436086.671
5735,-460098.711
5736,-435100.319
5737,-348505.306
5738,-339227.860
5739,-337169.911
5740,-300642.979
5741,-270640.944
5742,-269037.027
5743,-1585325.583
5744,-1291211.743
5745,-3520617.527
5746,-3797273.822
5747,-4094700.063
5748,-4239725.738
5749,-3684680.429
5750,-4338150.513
5751,-4522160.433
5752,-4618673.142
5753,-4641731.391
5754,-4588533.129
5755,-2496381.364
5756,-1733620.716
5757,-212898.131
5758,-621436.465
5759,-653557.964
5760,-620467.956
5761,-543393.447
5762,-497033.117
5763,-465438.351
5764,-448914.552
5765,-421556.939
5766,-407266.578
5767,-1697609.894
5768,-1439147.766
5769,-3800756.346
5770,-4006859.176
5771,-4160501.738
5772,-4252187.064
5773,-3740675.414
5774,-4386033.132
5775,-4201854.679
5776,-4313597.266
5777,-4241328.365
5778,-4004204.840
5779,-1714340.004
5780,-1360856.514
5781,-0.000
5782,-348463.554
5783,-417406.955
5784,-432551.521
5785,-361803.863
5786,-284623.203
5787,-255940.285
5788,-259131.973
5789,-248730.096
5790,-247341.147
5791,-1940754.883
5792,-1153331.799
5793,-3007844.485
5794,-3187692.628
5795,-3395921.352
5796,-3654826.012
5797,-3231066.453
5798,-3650447.729
5799,-3679428.124
5800,-3624723.273
5801,-3475488.082
5802,-3479193.156
5803,-1611237.095
5804,-1310580.031
5805,-0.000
5806,-122955.255
5807,-292903.713
5808,-316656.902
5809,-246941.336
5810,-222327.531
5811,-209716.816
5812,-193648.627
5813,-156453.229
5814,-140308.053
5815,-1863609.948
5816,-1103581.717
5817,-2988657.983
5818,-3310579.291
5819,-3653083.128
5820,-3958564.195
5821,-3435980.817
5822,-3808754.519
5823,-3618167.963
5824,-3599917.138
5825,-3517783.128
5826,-3136983.087
5827,-1401886.489
5828,-1226828.325
5829,-0.000
5830,-72689.241
5831,-252480.327
5832,-282472.011
5833,-216815.279
5834,-207923.687
5835,-211601.025
5836,-215687.814
5837,-196849.873
5838,-172948.593
5839,-194735.040
5840,-324828.280
5841,-2374592.295
5842,-2220622.405
5843,-2322101.242
5844,-2350371.129
5845,-2335126.693
5846,-2498608.067
5847,-2581903.129
5848,-2299491.656
5849,-2132879.208
5850,-1919624.395
5851,-113070.147
5852,-256339.167
5853,-287094.722
5854,-298942.032
5855,-301442.647
5856,-292096.158
5857,-211087.434
5858,-190693.472
5859,-183573.855
5860,-176886.585
5861,-173880.773
5862,-179605.729
5863,-210803.906
5864,-321923.863
5865,-613325.817
5866,-870376.906
5867,-1042930.875
5868,-1054998.951
5869,-1084111.308
5870,-997954.424
5871,-1121539.740
5872,-891849.835
5873,-529194.960
5874,-353165.899
5875,-262299.315
5876,-176288.775
5877,-169299.558
5878,-171876.309
5879,-170943.195
5880,-162951.590
5881,-149704.081
5882,-131563.143
5883,-115641.182
5884,-111423.273
5885,-106183.454
5886,-99767.216
5887,-1757473.403
5888,-1071360.384
5889,-2877014.002
5890,-3148425.021
5891,-3465765.590
5892,-3565440.895
5893,-3191633.820
5894,-3944192.754
5895,-4093200.349
5896,-4132812.661
5897,-4014143.043
5898,-3574562.106
5899,-1559291.200
5900,-1362163.444
5901,-0.000
5902,-339039.371
5903,-376644.250
5904,-376962.388
5905,-289087.825
5906,-250647.368
5907,-249349.740
5908,-252481.663
5909,-238563.378
5910,-225771.690
5911,-1805764.791
5912,-1059454.261
5913,-2851156.927
5914,-3070151.985
5915,-3358682.884
5916,-3592554.814
5917,-3178157.224
5918,-3821667.952
5919,-4111040.491
5920,-4111583.290
5921,-3856759.543
5922,-3658212.911
5923,-1638234.777
5924,-1376868.211
5925,-0.000
5926,-300355.696
5927,-371108.168
5928,-367343.208
5929,-304098.411
5930,-297866.070
5931,-299851.077
5932,-302245.040
5933,-296954.884
5934,-286961.722
5935,-1531516.133
5936,-1158076.312
5937,-3079778.420
5938,-3220321.960
5939,-3584110.163
5940,-3800977.770
5941,-3419076.070
5942,-4087523.547
5943,-4045449.428
5944,-4039122.005
5945,-3897410.001
5946,-3607818.386
5947,-1554793.547
5948,-1323233.070
5949,-0.000
5950,-282440.427
5951,-355770.422
5952,-334541.971
5953,-248835.432
5954,-233407.562
5955,-226715.223
5956,-219545.108
5957,-214632.724
5958,-214132.432
5959,-1923280.308
5960,-1177627.295
5961,-3171648.449
5962,-3445514.652
5963,-3858781.298
5964,-3957287.224
5965,-3471158.415
5966,-4186719.051
5967,-4353546.130
5968,-4427146.531
5969,-4399026.864
5970,-4293839.927
5971,-1894697.471
5972,-1523695.381
5973,-0.000
5974,-426084.350
5975,-443557.814
5976,-445497.536
5977,-401654.728
5978,-370809.222
5979,-341909.415
5980,-327637.072
5981,-305237.916
5982,-283781.027
5983,-1560691.441
5984,-1217615.233
5985,-3374936.736
5986,-3770799.208
5987,-4203219.545
5988,-4438408.791
5989,-3922474.976
5990,-4723456.426
5991,-4893524.116
5992,-4875892.556
5993,-4782764.420
5994,-4576413.853
5995,-2007935.594
5996,-1679410.551
5997,-69175.685
5998,-552039.943
5999,-546659.867
6000,-517040.594
6001,-426329.553
6002,-383969.230
6003,-365652.487
6004,-377427.584
6005,-366443.400
6006,-341971.019
6007,-373757.688
6008,-485642.673
6009,-2647029.382
6010,-2467886.124
6011,-2717413.916
6012,-2905943.939
6013,-2986494.163
6014,-3114916.181
6015,-3189370.602
6016,-3216416.783
6017,-3118381.170
6018,-2980666.676
6019,-484959.107
6020,-522939.017
6021,-539283.690
6022,-542173.305
6023,-519879.023
6024,-491634.718
6025,-427132.833
6026,-406763.348
6027,-400694.965
6028,-390071.985
6029,-372749.463
6030,-359059.025
6031,-389461.722
6032,-522140.550
6033,-862129.828
6034,-1079211.944
6035,-1332414.837
6036,-1407399.879
6037,-1386030.563
6038,-1616745.934
6039,-1785482.033
6040,-1779630.501
6041,-1660616.878
6042,-1422270.186
6043,-754029.107
6044,-433115.525
6045,-448132.469
6046,-412866.912
6047,-423008.994
6048,-410992.543
6049,-396937.860
6050,-360373.174
6051,-341227.365
6052,-335953.214
6053,-320737.031
6054,-306090.370
6055,-1602973.847
6056,-1289579.463
6057,-3530455.281
6058,-3745095.830
6059,-4006068.615
6060,-4230665.233
6061,-3772231.593
6062,-4514706.579
6063,-4513952.983
6064,-4559022.630
6065,-4471564.744
6066,-4260656.978
6067,-1854484.172
6068,-1421929.034
6069,-0.000
6070,-428005.011
6071,-462483.664
6072,-446746.652
6073,-373290.691
6074,-344156.372
6075,-315052.752
6076,-306657.593
6077,-290686.587
6078,-276991.130
6079,-1579927.045
6080,-1304573.448
6081,-3503950.124
6082,-3727543.624
6083,-4051126.585
6084,-4114215.684
6085,-3629426.667
6086,-4350757.338
6087,-4575059.418
6088,-4570821.738
6089,-4486631.864
6090,-4311722.436
6091,-1868758.114
6092,-1597564.713
6093,-59477.793
6094,-540511.602
6095,-532943.252
6096,-510801.793
6097,-430568.926
6098,-388655.231
6099,-356716.632
6100,-343531.806
6101,-319540.846
6102,-304378.991
6103,-1584663.376
6104,-1243442.194
6105,-3291271.643
6106,-3516415.194
6107,-3840154.057
6108,-4049901.557
6109,-3662310.992
6110,-4327951.503
6111,-4501726.005
6112,-4541934.676
6113,-4540589.998
6114,-4412655.473
6115,-1976163.600
6116,-1626893.096
6117,-73001.231
6118,-578355.155
6119,-590668.149
6120,-575621.507
6121,-506770.173
6122,-489790.391
6123,-481019.159
6124,-475769.131
6125,-439865.045
6126,-408035.453
6127,-1689623.110
6128,-1353686.064
6129,-3567444.342
6130,-3784240.567
6131,-4031258.648
6132,-4247712.601
6133,-3707278.300
6134,-4535454.850
6135,-4644881.276
6136,-4669497.735
6137,-4535508.177
6138,-4376081.636
6139,-1888615.144
6140,-1556098.393
6141,-57400.885
6142,-531266.415
6143,-536779.245
6144,-528063.633
6145,-456825.150
6146,-432377.777
6147,-427017.420
6148,-428648.185
6149,-407147.018
6150,-397829.857
6151,-1679989.959
6152,-1220686.588
6153,-3190956.610
6154,-3390947.255
6155,-3762066.496
6156,-3876006.547
6157,-3261001.947
6158,-3772776.882
6159,-4028201.608
6160,-4205536.880
6161,-4113307.775
6162,-3996638.914
6163,-1737368.662
6164,-1460583.697
6165,-0.000
6166,-389505.458
6167,-404373.882
6168,-334167.178
6169,-260071.682
6170,-248108.645
6171,-236228.705
6172,-195183.180
6173,-169198.885
6174,-162556.466
6175,-173289.344
6176,-167880.876
6177,-1912547.404
6178,-1819081.669
6179,-2023435.624
6180,-2162640.309
6181,-2295599.937
6182,-2309476.985
6183,-2343204.205
6184,-2533509.288
6185,-2624131.091
6186,-2501610.729
6187,-338315.563
6188,-416766.972
6189,-420523.169
6190,-423694.379
6191,-401486.781
6192,-381745.119
6193,-312394.467
6194,-289219.339
6195,-281525.141
6196,-265493.441
6197,-236760.698
6198,-222006.854
6199,-253568.430
6200,-354864.524
6201,-631125.417
6202,-965156.889
6203,-1232745.429
6204,-1348381.374
6205,-1355632.096
6206,-1513008.709
6207,-1516777.252
6208,-1603138.842
6209,-1516802.603
6210,-1205516.692
6211,-600421.522
6212,-350592.321
6213,-370059.550
6214,-388560.328
6215,-341680.360
6216,-292237.770
6217,-295553.077
6218,-274612.991
6219,-261848.496
6220,-259554.141
6221,-243102.656
6222,-228137.826
6223,-1963743.648
6224,-1211953.492
6225,-3221059.937
6226,-3474377.982
6227,-3767827.528
6228,-3989624.828
6229,-3571029.659
6230,-4282320.615
6231,-4498629.591
6232,-4465717.269
6233,-4314340.731
6234,-3984176.794
6235,-1644695.396
6236,-1395795.431
6237,-0.000
6238,-361158.673
6239,-430857.698
6240,-423506.685
6241,-343018.317
6242,-314063.571
6243,-290402.661
6244,-287813.823
6245,-277445.387
6246,-263603.952
6247,-1622759.191
6248,-1309586.796
6249,-3539512.706
6250,-3730425.136
6251,-3784686.894
6252,-3711792.641
6253,-3472146.814
6254,-4040080.962
6255,-4314255.391
6256,-4339995.141
6257,-4222560.833
6258,-3922664.116
6259,-1594055.967
6260,-1430066.886
6261,-10719.706
6262,-449637.890
6263,-475158.457
6264,-457838.837
6265,-385698.120
6266,-343028.289
6267,-320949.935
6268,-298757.702
6269,-235993.557
6270,-207275.777
6271,-1642664.235
6272,-960621.145
6273,-2430959.750
6274,-2783777.730
6275,-3238586.227
6276,-3470338.844
6277,-3253757.059
6278,-3766740.633
6279,-3935852.496
6280,-3990427.552
6281,-3956191.420
6282,-3733527.221
6283,-1351758.248
6284,-1079940.824
6285,-0.000
6286,-216749.196
6287,-251065.705
6288,-230561.982
6289,-166784.057
6290,-128452.269
6291,-109775.954
6292,-107275.987
6293,-59286.813
6294,-12527.837
6295,-1348813.960
6296,-756028.072
6297,-2035807.195
6298,-2542980.738
6299,-3111206.370
6300,-3173742.107
6301,-2852824.014
6302,-3314036.185
6303,-3497722.541
6304,-3544946.838
6305,-3520150.520
6306,-3335398.683
6307,-1215879.734
6308,-988966.233
6309,-0.000
6310,-98739.254
6311,-188812.419
6312,-166684.562
6313,-96572.745
6314,-58914.131
6315,-31975.648
6316,-26934.926
6317,-10070.922
6318,-0.000
6319,-1114967.300
6320,-760046.588
6321,-2068741.926
6322,-2566197.055
6323,-2851544.728
6324,-2932017.392
6325,-2740865.770
6326,-3279001.429
6327,-3499614.454
6328,-3503226.431
6329,-3424875.530
6330,-3221103.535
6331,-1189999.502
6332,-984653.823
6333,-0.000
6334,-141725.274
6335,-208565.248
6336,-180944.852
6337,-116225.041
6338,-73875.572
6339,-39546.666
6340,-22762.308
6341,-880.811
6342,-0.000
6343,-0.000
6344,-74491.990
6345,-1480402.116
6346,-1547811.391
6347,-1739540.573
6348,-1795543.460
6349,-1848129.575
6350,-2090196.867
6351,-2285027.514
6352,-2331663.755
6353,-2312385.719
6354,-2119605.530
6355,-17427.956
6356,-172010.446
6357,-167997.935
6358,-156865.072
6359,-110978.696
6360,-81290.023
6361,-33553.405
6362,-6292.713
6363,-0.000
6364,-0.000
6365,-0.000
6366,-0.000
6367,-0.000
6368,-0.000
6369,-304979.378
6370,-692699.830
6371,-963392.899
6372,-1062482.334
6373,-1111815.373
6374,-1293405.364
6375,-1455667.886
6376,-1498041.278
6377,-1438494.992
6378,-1223945.800
6379,-336188.302
6380,-187095.021
6381,-149182.251
6382,-137952.491
6383,-83754.218
6384,-4311.984
6385,-0.000
6386,-0.000
6387,-0.000
6388,-0.000
6389,-0.000
6390,-0.000
6391,-538684.880
6392,-558712.019
6393,-1632325.664
6394,-2127265.187
6395,-2494293.048
6396,-2718950.367
6397,-2587898.396
6398,-2961041.388
6399,-3105586.446
6400,-3162410.367
6401,-3179271.599
6402,-2969656.419
6403,-1055669.550
6404,-795321.833
6405,-0.000
6406,-0.000
6407,-0.000
6408,-0.000
6409,-0.000
6410,-0.000
6411,-0.000
6412,-0.000
6413,-0.000
6414,-0.000
6415,-381830.833
6416,-581270.426
6417,-1997813.976
6418,-2289983.037
6419,-2845809.494
6420,-3229559.571
6421,-3105820.909
6422,-3361313.235
6423,-3377661.391
6424,-3351111.865
6425,-3365123.038
6426,-3207078.129
6427,-1098640.734
6428,-849715.382
6429,-0.000
6430,-0.000
6431,-0.000
6432,-0.000
6433,-0.000
6434,-0.000
6435,-0.000
6436,-0.000
6437,-0.000
6438,-0.000
6439,-357745.559
6440,-578880.222
6441,-2046357.274
6442,-2413817.695
6443,-2958452.270
6444,-3206955.339
6445,-3163521.799
6446,-3578331.342
6447,-3688617.044
6448,-3699724.135
6449,-3593859.805
6450,-3313695.546
6451,-1157807.595
6452,-879838.811
6453,-0.000
6454,-0.000
6455,-21685.545
6456,-38463.727
6457,-0.000
6458,-0.000
6459,-0.000
6460,-0.000
6461,-0.000
6462,-0.000
6463,-571697.264
6464,-692815.850
6465,-2166915.090
6466,-2473432.848
6467,-2943038.109
6468,-3277886.917
6469,-3065902.755
6470,-3494067.910
6471,-3632473.714
6472,-3654489.654
6473,-3609173.088
6474,-3425587.262
6475,-1192165.640
6476,-887131.907
6477,-0.000
6478,-0.000
6479,-18759.861
6480,-8894.842
6481,-0.000
6482,-0.000
6483,-0.000
6484,-0.000
6485,-0.000
6486,-0.000
6487,-570388.386
6488,-651065.648
6489,-1991565.162
6490,-2284786.189
6491,-2975586.161
6492,-3286003.427
6493,-2964236.035
6494,-3436157.674
6495,-3575780.233
6496,-3609264.814
6497,-3628093.913
6498,-3456390.025
6499,-1197611.558
6500,-888175.505
6501,-0.000
6502,-0.000
6503,-55218.529
6504,-64328.625
6505,-864.335
6506,-0.000
6507,-0.000
6508,-0.000
6509,-0.000
6510,-0.000
6511,-0.000
6512,-0.000
6513,-1685410.896
6514,-1700148.370
6515,-2178054.153
6516,-2390074.734
6517,-2357272.376
6518,-2563374.047
6519,-2702006.683
6520,-2717529.955
6521,-2664314.245
6522,-2459683.151
6523,-128079.380
6524,-204954.015
6525,-195836.572
6526,-182922.778
6527,-138026.122
6528,-95302.756
6529,-12140.780
6530,-0.000
6531,-0.000
6532,-0.000
6533,-0.000
6534,-0.000
6535,-0.000
6536,-0.000
6537,-527403.262
6538,-986643.105
6539,-1313855.707
6540,-1467851.394
6541,-1393361.228
6542,-1562617.125
6543,-1688471.934
6544,-1707897.011
6545,-1667809.403
6546,-1447105.019
6547,-432144.031
6548,-245190.052
6549,-200234.538
6550,-198113.432
6551,-156060.172
6552,-105095.116
6553,-96972.116
6554,-71387.157
6555,-38222.247
6556,-13740.811
6557,-0.000
6558,-0.000
6559,-1257094.209
6560,-849661.338
6561,-2424182.543
6562,-2694553.869
6563,-3234041.497
6564,-3617870.561
6565,-3475004.225
6566,-3993764.076
6567,-4191251.000
6568,-4270522.839
6569,-4214060.328
6570,-3969971.876
6571,-1464869.358
6572,-1235431.632
6573,-0.000
6574,-313679.167
6575,-258943.245
6576,-209269.021
6577,-157030.246
6578,-122227.781
6579,-90250.737
6580,-59711.208
6581,-7056.316
6582,-0.000
6583,-1519924.825
6584,-948109.783
6585,-2735230.075
6586,-3032913.878
6587,-3519640.047
6588,-3757045.182
6589,-3488692.739
6590,-4131351.802
6591,-4323678.502
6592,-4299378.543
6593,-4187501.217
6594,-3952233.642
6595,-1446319.428
6596,-1167802.985
6597,-0.000
6598,-308369.072
6599,-339054.719
6600,-308281.148
6601,-234651.168
6602,-193461.020
6603,-175220.794
6604,-166147.429
6605,-109389.682
6606,-59850.377
6607,-1663147.882
6608,-1037582.639
6609,-2933234.480
6610,-3229480.877
6611,-3599132.876
6612,-3698152.029
6613,-3392732.514
6614,-4021313.059
6615,-4319103.664
6616,-4311426.796
6617,-4138663.355
6618,-3878427.396
6619,-1386156.511
6620,-1123928.010
6621,-0.000
6622,-267199.231
6623,-288729.823
6624,-263497.035
6625,-187632.117
6626,-133541.216
6627,-94344.026
6628,-74869.284
6629,-25379.699
6630,-1640.381
6631,-1624910.136
6632,-988473.783
6633,-2861603.304
6634,-3188645.059
6635,-3525302.132
6636,-3644879.073
6637,-3406627.794
6638,-3956995.822
6639,-4221689.972
6640,-4060389.402
6641,-3947814.124
6642,-3718512.349
6643,-1359641.732
6644,-1110539.553
6645,-0.000
6646,-252583.625
6647,-267660.295
6648,-237386.201
6649,-152926.018
6650,-99312.631
6651,-90269.545
6652,-110452.908
6653,-78497.815
6654,-4510.732
6655,-1516952.797
6656,-954287.054
6657,-2846641.013
6658,-3160642.902
6659,-3583316.429
6660,-3785591.583
6661,-3485358.705
6662,-4042864.376
6663,-4197840.695
6664,-4096457.263
6665,-4110508.522
6666,-3786244.009
6667,-1413421.284
6668,-1160245.144
6669,-0.000
6670,-296585.422
6671,-312423.761
6672,-280220.348
6673,-223637.514
6674,-208006.184
6675,-189405.005
6676,-192886.914
6677,-180561.185
6678,-162630.149
6679,-173799.157
6680,-276134.058
6681,-2178528.044
6682,-2076140.986
6683,-2317976.340
6684,-2434426.556
6685,-2504478.998
6686,-2760173.646
6687,-2747916.443
6688,-2709846.657
6689,-2349581.735
6690,-2123577.369
6691,-0.000
6692,-226489.928
6693,-267896.714
6694,-289807.104
6695,-276581.737
6696,-248094.209
6697,-173301.009
6698,-135387.292
6699,-117341.074
6700,-121787.300
6701,-107540.401
6702,-97442.333
6703,-111599.334
6704,-148629.980
6705,-341917.518
6706,-703497.579
6707,-1083694.912
6708,-1151721.590
6709,-1215916.091
6710,-1204741.788
6711,-1114419.858
6712,-1388497.419
6713,-1172746.003
6714,-917670.073
6715,-292629.172
6716,-192346.522
6717,-177694.231
6718,-175684.997
6719,-164066.260
6720,-136827.509
6721,-118393.594
6722,-95652.523
6723,-76040.903
6724,-70455.459
6725,-61096.029
6726,-62729.791
6727,-1728286.421
6728,-1000749.201
6729,-2812218.517
6730,-3214644.142
6731,-3549130.330
6732,-3658619.677
6733,-3434535.916
6734,-3780464.363
6735,-3878562.246
6736,-3778803.551
6737,-3650466.749
6738,-3301101.095
6739,-1332202.842
6740,-1215886.684
6741,-0.000
6742,-260880.459
6743,-309986.228
6744,-297902.889
6745,-233245.331
6746,-205480.776
6747,-194726.406
6748,-172876.685
6749,-155417.154
6750,-139528.178
6751,-1692187.893
6752,-948344.125
6753,-2510583.123
6754,-2660491.054
6755,-2966654.538
6756,-3172926.612
6757,-3099689.479
6758,-3581845.438
6759,-3829534.030
6760,-3621153.060
6761,-3392479.342
6762,-2983261.232
6763,-1273507.915
6764,-1202653.471
6765,-0.000
6766,-269759.399
6767,-333751.037
6768,-330563.940
6769,-256881.898
6770,-211211.435
6771,-175803.108
6772,-148733.208
6773,-131761.780
6774,-122576.479
6775,-1663501.145
6776,-1002358.790
6777,-2904282.886
6778,-3235963.714
6779,-3464195.619
6780,-3623969.344
6781,-3357978.687
6782,-3761954.710
6783,-3952517.615
6784,-3976835.723
6785,-4073805.348
6786,-3534631.090
6787,-1344235.098
6788,-1221529.852
6789,-0.000
6790,-268597.923
6791,-320611.084
6792,-297171.723
6793,-219259.614
6794,-173956.542
6795,-148116.034
6796,-131848.402
6797,-96703.180
6798,-91131.714
6799,-1746461.400
6800,-1037769.116
6801,-2980546.957
6802,-3321457.801
6803,-3743739.858
6804,-3899059.720
6805,-3627309.455
6806,-4194909.526
6807,-4334425.543
6808,-4415811.989
6809,-4204554.109
6810,-3664982.506
6811,-1375239.618
6812,-1219199.499
6813,-0.000
6814,-293929.171
6815,-325773.579
6816,-299289.628
6817,-222166.144
6818,-194756.207
6819,-171123.470
6820,-158929.007
6821,-138729.169
6822,-121560.200
6823,-1719678.035
6824,-1058133.060
6825,-2926239.785
6826,-3266348.920
6827,-3705688.336
6828,-3901158.758
6829,-3605558.349
6830,-4278936.795
6831,-4471126.066
6832,-4396695.679
6833,-4427115.452
6834,-3712601.723
6835,-1427035.542
6836,-1305855.571
6837,-0.000
6838,-334665.736
6839,-380874.978
6840,-345272.314
6841,-275469.986
6842,-266627.672
6843,-256295.960
6844,-243587.951
6845,-204917.321
6846,-179308.015
6847,-175289.671
6848,-267443.480
6849,-2221668.055
6850,-2104662.743
6851,-2260146.981
6852,-2281341.198
6853,-2461503.128
6854,-2756837.545
6855,-2802332.971
6856,-2689773.024
6857,-2209990.693
6858,-1915848.583
6859,-42792.062
6860,-283746.898
6861,-310165.395
6862,-315987.516
6863,-308554.574
6864,-287785.128
6865,-212414.808
6866,-195388.514
6867,-183201.759
6868,-176182.635
6869,-146301.703
6870,-123734.984
6871,-117012.234
6872,-143709.936
6873,-271128.994
6874,-433341.098
6875,-641868.057
6876,-963018.692
6877,-1168498.333
6878,-1466312.495
6879,-1383609.123
6880,-858135.793
6881,-810391.268
6882,-673271.721
6883,-298779.868
6884,-247088.631
6885,-244448.083
6886,-233328.254
6887,-208862.308
6888,-178719.946
6889,-152045.405
6890,-122688.534
6891,-100901.711
6892,-79626.602
6893,-47434.767
6894,-24267.683
6895,-1168069.039
6896,-659813.162
6897,-1787915.562
6898,-2035955.177
6899,-2519623.020
6900,-2833939.157
6901,-2972304.265
6902,-3342227.423
6903,-3312228.643
6904,-3243568.396
6905,-2931128.227
6906,-2597011.881
6907,-1058866.815
6908,-911577.453
6909,-0.000
6910,-37617.202
6911,-158359.671
6912,-158275.425
6913,-95531.161
6914,-68839.682
6915,-33334.773
6916,-17670.417
6917,-2181.023
6918,-0.000
6919,-1026009.875
6920,-597743.369
6921,-1825169.323
6922,-2389503.044
6923,-2952418.655
6924,-3216550.339
6925,-3006639.787
6926,-3475587.994
6927,-3371414.686
6928,-2824577.398
6929,-2830697.711
6930,-2551971.770
6931,-1084304.448
6932,-913411.386
6933,-0.000
6934,-0.000
6935,-117176.770
6936,-127928.010
6937,-71188.205
6938,-17387.697
6939,-0.000
6940,-0.000
6941,-0.000
6942,-0.000
6943,-911429.658
6944,-579209.954
6945,-1800018.358
6946,-2328242.477
6947,-2850640.291
6948,-2988200.281
6949,-2843535.731
6950,-3309419.572
6951,-3479270.088
6952,-3510176.258
6953,-3389162.922
6954,-2844947.419
6955,-1001171.526
6956,-860638.592
6957,-0.000
6958,-0.000
6959,-104474.397
6960,-100104.353
6961,-27219.107
6962,-0.000
6963,-0.000
6964,-0.000
6965,-0.000
6966,-0.000
6967,-442577.436
6968,-473640.278
6969,-1622371.717
6970,-2185874.075
6971,-2499059.194
6972,-2695057.320
6973,-2625202.348
6974,-3098349.482
6975,-3303734.265
6976,-3326748.741
6977,-3276130.054
6978,-2760579.523
6979,-968788.734
6980,-830306.498
6981,-0.000
6982,-0.000
6983,-86937.645
6984,-83701.819
6985,-22924.447
6986,-81.297
6987,-0.000
6988,-0.000
6989,-0.000
6990,-0.000
6991,-670992.694
6992,-502498.169
6993,-1673855.762
6994,-2274731.304
6995,-2607729.759
6996,-2732834.863
6997,-2676585.870
6998,-3176558.445
6999,-3386071.351
7000,-3452544.179
7001,-3397633.595
7002,-2849529.889
7003,-1004238.865
7004,-806614.742
7005,-0.000
7006,-0.000
7007,-0.000
7008,-0.000
7009,-0.000
7010,-0.000
7011,-0.000
7012,-0.000
7013,-0.000
7014,-0.000
7015,-0.000
7016,-0.000
7017,-1209792.435
7018,-1613738.053
7019,-2073458.876
7020,-2106262.186
7021,-2143685.394
7022,-2340156.726
7023,-2490872.515
7024,-2524902.654
7025,-2440185.024
7026,-1802642.669
7027,-0.000
7028,-104735.708
7029,-88845.354
7030,-47044.840
7031,-11415.966
7032,-0.000
7033,-0.000
7034,-0.000
7035,-0.000
7036,-0.000
7037,-0.000
7038,-0.000
7039,-0.000
7040,-0.000
7041,-0.000
7042,-481820.554
7043,-1139674.038
7044,-1376589.955
7045,-1428430.251
7046,-1563365.195
7047,-1634428.062
7048,-1620064.235
7049,-1560499.569
7050,-971290.313
7051,-189408.257
7052,-78248.081
7053,-17905.714
7054,-0.000
7055,-0.000
7056,-0.000
7057,-0.000
7058,-0.000
7059,-0.000
7060,-0.000
7061,-0.000
7062,-0.000
7063,-215187.744
7064,-462342.358
7065,-1772028.872
7066,-2110292.422
7067,-2715145.319
7068,-3042579.017
7069,-2993597.914
7070,-3234802.996
7071,-3320970.341
7072,-3280220.947
7073,-3049577.473
7074,-2514101.751
7075,-988045.351
7076,-851311.652
7077,-0.000
7078,-0.000
7079,-4302.405
7080,-12549.239
7081,-0.000
7082,-0.000
7083,-0.000
7084,-0.000
7085,-0.000
7086,-0.000
7087,-539076.379
7088,-569102.734
7089,-1858346.392
7090,-2312947.228
7091,-2759732.800
7092,-3129182.037
7093,-2957362.261
7094,-3228788.338
7095,-3258152.632
7096,-2866694.552
7097,-2526757.643
7098,-2252676.413
7099,-1033838.652
7100,-916128.141
7101,-0.000
7102,-0.000
7103,-107047.763
7104,-104857.362
7105,-34431.455
7106,-5852.467
7107,-0.000
7108,-0.000
7109,-0.000
7110,-0.000
7111,-1039958.260
7112,-561429.506
7113,-1655961.528
7114,-2152461.451
7115,-2561401.490
7116,-2830220.564
7117,-2787022.790
7118,-3266401.350
7119,-3408134.840
7120,-2936358.720
7121,-2835113.552
7122,-2472643.498
7123,-987747.181
7124,-791793.461
7125,-0.000
7126,-0.000
7127,-0.000
7128,-0.000
7129,-0.000
7130,-0.000
7131,-0.000
7132,-0.000
7133,-0.000
7134,-0.000
7135,-592161.771
7136,-532190.991
7137,-1676054.503
7138,-2056564.974
7139,-2538964.779
7140,-2972534.478
7141,-3006635.785
7142,-3492104.181
7143,-3548788.148
7144,-3132734.024
7145,-2906143.854
7146,-2590183.176
7147,-1113041.955
7148,-955591.460
7149,-0.000
7150,-46384.525
7151,-169406.080
7152,-179432.228
7153,-132617.146
7154,-119579.080
7155,-96149.152
7156,-68133.219
7157,-24714.307
7158,-2737.404
7159,-1374052.942
7160,-725844.740
7161,-2026732.661
7162,-2316515.939
7163,-2787069.466
7164,-3061889.981
7165,-2922411.178
7166,-3057074.096
7167,-3047324.970
7168,-2928784.048
7169,-2729067.170
7170,-2248444.193
7171,-952852.931
7172,-816450.677
7173,-0.000
7174,-0.000
7175,-323.994
7176,-32602.726
7177,-0.000
7178,-0.000
7179,-0.000
7180,-0.000
7181,-0.000
7182,-0.000
7183,-0.000
7184,-0.000
7185,-910998.585
7186,-1404982.790
7187,-1771765.047
7188,-1854786.204
7189,-1969455.459
7190,-2231807.232
7191,-2377255.784
7192,-2054346.639
7193,-1750864.254
7194,-1508744.427
7195,-0.000
7196,-37738.287
7197,-92811.837
7198,-94289.759
7199,-78120.341
7200,-61550.123
7201,-3474.280
7202,-0.000
7203,-0.000
7204,-0.000
7205,-0.000
7206,-0.000
7207,-0.000
7208,-0.000
7209,-0.000
7210,-190798.589
7211,-431593.006
7212,-473835.234
7213,-507103.878
7214,-625976.040
7215,-538544.972
7216,-153964.175
7217,-24114.917
7218,-0.000
7219,-0.000
7220,-0.000
7221,-0.000
7222,-0.000
7223,-0.000
7224,-0.000
7225,-0.000
7226,-0.000
7227,-0.000
7228,-0.000
7229,-0.000
7230,-0.000
7231,-0.000
7232,-0.000
7233,-1015686.571
7234,-1650978.589
7235,-2007654.317
7236,-2222181.232
7237,-2239477.225
7238,-2564744.456
7239,-2789524.364
7240,-2815937.370
7241,-2688862.097
7242,-1721523.773
7243,-570210.960
7244,-409115.451
7245,-0.000
7246,-0.000
7247,-0.000
7248,-0.000
7249,-0.000
7250,-0.000
7251,-0.000
7252,-0.000
7253,-0.000
7254,-0.000
7255,-0.000
7256,-0.000
7257,-721639.996
7258,-1278154.499
7259,-1821402.951
7260,-2155944.224
7261,-2273720.298
7262,-2664523.872
7263,-2843650.797
7264,-2794087.014
7265,-2460767.725
7266,-1724701.644
7267,-591467.995
7268,-436958.821
7269,-0.000
7270,-0.000
7271,-0.000
7272,-0.000
7273,-0.000
7274,-0.000
7275,-0.000
7276,-0.000
7277,-0.000
7278,-0.000
7279,-129774.009
7280,-237410.923
7281,-828988.517
7282,-1084772.874
7283,-1485960.250
7284,-1779276.502
7285,-1727973.092
7286,-2038814.502
7287,-1997926.897
7288,-1826189.096
7289,-1790048.580
7290,-1471275.109
7291,-686918.367
7292,-620550.390
7293,-0.000
7294,-0.000
7295,-0.000
7296,-0.000
7297,-0.000
7298,-0.000
7299,-0.000
7300,-0.000
7301,-0.000
7302,-0.000
7303,-244381.304
7304,-347004.250
7305,-1430642.259
7306,-1984670.669
7307,-2366638.996
7308,-2642157.288
7309,-2619114.757
7310,-3117699.413
7311,-3367383.784
7312,-3354834.641
7313,-3141564.438
7314,-2491199.162
7315,-986095.558
7316,-819374.046
7317,-0.000
7318,-0.000
7319,-0.000
7320,-10391.831
7321,-0.000
7322,-0.000
7323,-0.000
7324,-0.000
7325,-0.000
7326,-0.000
7327,-469764.285
7328,-559687.584
7329,-2049169.641
7330,-2473298.480
7331,-3008470.803
7332,-3423657.740
7333,-3174207.811
7334,-3563370.263
7335,-3671981.403
7336,-3638841.322
7337,-3414199.944
7338,-2621262.607
7339,-1037158.753
7340,-881331.223
7341,-0.000
7342,-0.000
7343,-131767.971
7344,-118358.646
7345,-40404.928
7346,-1744.664
7347,-0.000
7348,-0.000
7349,-0.000
7350,-0.000
7351,-0.000
7352,-0.000
7353,-1358844.093
7354,-1799305.774
7355,-2021411.446
7356,-2174798.426
7357,-2314872.998
7358,-2514244.732
7359,-2638735.042
7360,-2644420.564
7361,-2363213.078
7362,-1548480.046
7363,-8138.361
7364,-174688.629
7365,-189815.628
7366,-180727.575
7367,-143358.951
7368,-101217.740
7369,-29120.290
7370,-1605.367
7371,-0.000
7372,-0.000
7373,-0.000
7374,-0.000
7375,-0.000
7376,-0.000
7377,-190870.588
7378,-709751.280
7379,-1023506.782
7380,-1144056.324
7381,-1234857.579
7382,-1433083.938
7383,-1572458.844
7384,-1602465.215
7385,-1349467.719
7386,-610431.828
7387,-100355.222
7388,-19438.463
7389,-5765.869
7390,-2064.190
7391,-0.000
7392,-0.000
7393,-0.000
7394,-0.000
7395,-0.000
7396,-0.000
7397,-0.000
7398,-0.000
7399,-91396.489
7400,-184382.777
7401,-1026126.812
7402,-1574007.073
7403,-2016560.297
7404,-2259276.292
7405,-2332697.569
7406,-2668450.532
7407,-2842391.876
7408,-2882716.253
7409,-2585990.633
7410,-1755943.426
7411,-600301.649
7412,-457457.443
7413,-0.000
7414,-0.000
7415,-0.000
7416,-0.000
7417,-0.000
7418,-0.000
7419,-0.000
7420,-0.000
7421,-0.000
7422,-0.000
7423,-0.000
7424,-0.000
7425,-856919.258
7426,-1458828.518
7427,-1988121.411
7428,-2210742.471
7429,-2316169.175
7430,-2695676.135
7431,-2899527.505
7432,-2966171.666
7433,-2698198.788
7434,-1879441.921
7435,-666681.625
7436,-521666.254
7437,-0.000
7438,-0.000
7439,-0.000
7440,-0.000
7441,-0.000
7442,-0.000
7443,-0.000
7444,-0.000
7445,-0.000
7446,-0.000
7447,-33482.441
7448,-202970.394
7449,-1135830.509
7450,-1642118.712
7451,-2061648.470
7452,-2294585.409
7453,-2345449.218
7454,-2668524.434
7455,-2823356.163
7456,-2844933.748
7457,-2560536.630
7458,-1772338.494
7459,-610826.672
7460,-474051.747
7461,-0.000
7462,-0.000
7463,-0.000
7464,-0.000
7465,-0.000
7466,-0.000
7467,-0.000
7468,-0.000
7469,-0.000
7470,-0.000
7471,-0.000
7472,-102145.594
7473,-859711.162
7474,-1405030.418
7475,-1849827.536
7476,-2087757.975
7477,-2177510.061
7478,-2485348.113
7479,-2678566.032
7480,-2710463.038
7481,-2389612.551
7482,-1601897.012
7483,-515452.168
7484,-364916.816
7485,-0.000
7486,-0.000
7487,-0.000
7488,-0.000
7489,-0.000
7490,-0.000
7491,-0.000
7492,-0.000
7493,-0.000
7494,-0.000
7495,-0.000
7496,-0.000
7497,-590693.761
7498,-1213977.379
7499,-1777301.562
7500,-2101987.640
7501,-2204437.172
7502,-2551111.394
7503,-2768270.544
7504,-2812035.868
7505,-2501422.023
7506,-1724695.377
7507,-565259.765
7508,-392817.754
7509,-0.000
7510,-0.000
7511,-0.000
7512,-0.000
7513,-0.000
7514,-0.000
7515,-0.000
7516,-0.000
7517,-0.000
7518,-0.000
7519,-0.000
7520,-0.000
7521,-0.000
7522,-757933.909
7523,-1394995.495
7524,-1627480.903
7525,-1751430.484
7526,-1984359.125
7527,-2151874.195
7528,-2196777.628
7529,-1930972.488
7530,-1247561.306
7531,-0.000
7532,-0.000
7533,-0.000
7534,-0.000
7535,-0.000
7536,-0.000
7537,-0.000
7538,-0.000
7539,-0.000
7540,-0.000
7541,-0.000
7542,-0.000
7543,-0.000
7544,-0.000
7545,-0.000
7546,-0.000
7547,-776373.882
7548,-1099510.291
7549,-1189498.545
7550,-1388515.218
7551,-1532141.103
7552,-1572029.058
7553,-1299277.870
7554,-594881.890
7555,-55955.627
7556,-0.000
7557,-0.000
7558,-0.000
7559,-0.000
7560,-0.000
7561,-0.000
7562,-0.000
7563,-0.000
7564,-0.000
7565,-0.000
7566,-0.000
7567,-0.000
7568,-0.000
7569,-931347.732
7570,-1650805.343
7571,-2499930.132
7572,-2828318.118
7573,-2658772.233
7574,-3195087.062
7575,-3318966.509
7576,-3144244.250
7577,-2934195.139
7578,-2276391.412
7579,-870253.041
7580,-706617.104
7581,-0.000
7582,-0.000
7583,-0.000
7584,-0.000
7585,-0.000
7586,-0.000
7587,-0.000
7588,-0.000
7589,-0.000
7590,-0.000
7591,-39629.766
7592,-343052.124
7593,-1623945.028
7594,-1928989.884
7595,-2597380.969
7596,-3034571.260
7597,-3136752.684
7598,-3463829.199
7599,-3505662.950
7600,-3324969.213
7601,-3048976.336
7602,-2334192.349
7603,-947687.560
7604,-798598.358
7605,-0.000
7606,-0.000
7607,-0.000
7608,-0.000
7609,-0.000
7610,-0.000
7611,-0.000
7612,-0.000
7613,-0.000
7614,-0.000
7615,-196641.983
7616,-229184.332
7617,-1022153.919
7618,-1496474.162
7619,-1922411.027
7620,-2122620.349
7621,-2207044.139
7622,-2565227.672
7623,-2760571.580
7624,-2736543.313
7625,-2511329.434
7626,-1763272.642
7627,-595489.660
7628,-449612.391
7629,-0.000
7630,-0.000
7631,-0.000
7632,-0.000
7633,-0.000
7634,-0.000
7635,-0.000
7636,-0.000
7637,-0.000
7638,-0.000
7639,-0.000
7640,-0.000
7641,-656281.473
7642,-1478423.426
7643,-2171131.982
7644,-2608527.322
7645,-2561825.350
7646,-2989858.750
7647,-3169315.372
7648,-3155226.025
7649,-3008637.687
7650,-2233701.664
7651,-781216.583
7652,-572493.748
7653,-0.000
7654,-0.000
7655,-0.000
7656,-0.000
7657,-0.000
7658,-0.000
7659,-0.000
7660,-0.000
7661,-0.000
7662,-0.000
7663,-0.000
7664,-0.000
7665,-1266722.451
7666,-1789048.932
7667,-2455999.466
7668,-2764991.394
7669,-2557648.217
7670,-2854689.720
7671,-2954262.337
7672,-2886669.355
7673,-2942472.906
7674,-2259113.700
7675,-793826.644
7676,-628974.347
7677,-0.000
7678,-0.000
7679,-0.000
7680,-0.000
7681,-0.000
7682,-0.000
7683,-0.000
7684,-0.000
7685,-0.000
7686,-0.000
7687,-0.000
7688,-0.000
7689,-246289.613
7690,-1318362.694
7691,-1958483.417
7692,-2271237.479
7693,-2244573.145
7694,-2445163.450
7695,-2598368.882
7696,-2421852.887
7697,-2188798.462
7698,-1395593.110
7699,-0.000
7700,-0.000
7701,-0.000
7702,-0.000
7703,-0.000
7704,-0.000
7705,-0.000
7706,-0.000
7707,-0.000
7708,-0.000
7709,-0.000
7710,-0.000
7711,-0.000
7712,-0.000
7713,-0.000
7714,-369618.733
7715,-1214837.154
7716,-1436771.375
7717,-1381977.229
7718,-1426580.585
7719,-1491767.018
7720,-1522446.974
7721,-1181141.746
7722,-249075.127
7723,-0.000
7724,-0.000
7725,-0.000
7726,-0.000
7727,-0.000
7728,-0.000
7729,-0.000
7730,-0.000
7731,-0.000
7732,-0.000
7733,-0.000
7734,-0.000
7735,-0.000
7736,-0.000
7737,-225977.706
7738,-903719.345
7739,-1370089.854
7740,-1646954.088
7741,-1832405.546
7742,-2116358.016
7743,-2352664.681
7744,-2369271.932
7745,-2041219.795
7746,-1151571.368
7747,-379900.808
7748,-239998.425
7749,-0.000
7750,-0.000
7751,-0.000
7752,-0.000
7753,-0.000
7754,-0.000
7755,-0.000
7756,-0.000
7757,-0.000
7758,-0.000
7759,-0.000
7760,-0.000
7761,-229076.870
7762,-881393.725
7763,-1429962.231
7764,-1738293.792
7765,-1904871.261
7766,-2264498.936
7767,-2544450.399
7768,-2604883.211
7769,-2268258.526
7770,-1287689.076
7771,-442691.595
7772,-301831.697
7773,-0.000
7774,-0.000
7775,-0.000
7776,-0.000
7777,-0.000
7778,-0.000
7779,-0.000
7780,-0.000
7781,-0.000
7782,-0.000
7783,-0.000
7784,-0.000
7785,-230779.378
7786,-977064.867
7787,-1581095.736
7788,-1922388.681
7789,-2037966.865
7790,-2358122.075
7791,-2569419.444
7792,-2628623.172
7793,-2306236.005
7794,-1328673.428
7795,-467111.840
7796,-322766.821
7797,-0.000
7798,-0.000
7799,-0.000
7800,-0.000
7801,-0.000
7802,-0.000
7803,-0.000
7804,-0.000
7805,-0.000
7806,-0.000
7807,-0.000
7808,-0.000
7809,-434619.651
7810,-1198729.746
7811,-1804708.953
7812,-2142216.191
7813,-2250436.291
7814,-2648733.140
7815,-2897362.799
7816,-2939597.065
7817,-2622773.562
7818,-1577407.115
7819,-610749.810
7820,-456295.036
7821,-0.000
7822,-0.000
7823,-0.000
7824,-0.000
7825,-0.000
7826,-0.000
7827,-0.000
7828,-0.000
7829,-0.000
7830,-0.000
7831,-0.000
7832,-0.000
7833,-348800.635
7834,-1443062.472
7835,-2238805.792
7836,-2612583.891
7837,-2630592.103
7838,-3101948.045
7839,-3330103.990
7840,-3377856.058
7841,-2991546.405
7842,-2144426.410
7843,-816816.349
7844,-578301.664
7845,-0.000
7846,-0.000
7847,-0.000
7848,-0.000
7849,-0.000
7850,-0.000
7851,-0.000
7852,-0.000
7853,-0.000
7854,-0.000
7855,-0.000
7856,-0.000
7857,-40491.013
7858,-1041035.084
7859,-1816275.506
7860,-2246793.669
7861,-2252740.309
7862,-2475177.821
7863,-2602828.779
7864,-2596822.486
7865,-2237964.217
7866,-1328469.085
7867,-0.000
7868,-0.000
7869,-0.000
7870,-0.000
7871,-0.000
7872,-0.000
7873,-0.000
7874,-0.000
7875,-0.000
7876,-0.000
7877,-0.000
7878,-0.000
7879,-0.000
7880,-0.000
7881,-0.000
7882,-239847.471
7883,-1110670.178
7884,-1292914.742
7885,-1357462.013
7886,-1523469.149
7887,-1636391.244
7888,-1673736.006
7889,-1316691.491
7890,-375610.343
7891,-45008.401
7892,-0.000
7893,-0.000
7894,-0.000
7895,-0.000
7896,-0.000
7897,-0.000
7898,-0.000
7899,-0.000
7900,-0.000
7901,-0.000
7902,-0.000
7903,-0.000
7904,-0.000
7905,-583305.985
7906,-981388.929
7907,-1395333.510
7908,-1753727.726
7909,-1884018.945
7910,-2200273.149
7911,-2563272.957
7912,-2633379.228
7913,-2350181.600
7914,-1500280.886
7915,-608877.926
7916,-525171.223
7917,-0.000
7918,-0.000
7919,-0.000
7920,-0.000
7921,-0.000
7922,-0.000
7923,-0.000
7924,-0.000
7925,-0.000
7926,-0.000
7927,-55577.013
7928,-160405.192
7929,-892274.513
7930,-1265456.597
7931,-1770356.612
7932,-1923133.641
7933,-2018205.509
7934,-2531479.547
7935,-2914001.269
7936,-3058831.056
7937,-2661425.305
7938,-1645931.726
7939,-669377.324
7940,-574308.756
7941,-0.000
7942,-0.000
7943,-0.000
7944,-0.000
7945,-0.000
7946,-0.000
7947,-0.000
7948,-0.000
7949,-0.000
7950,-0.000
7951,-0.000
7952,-0.000
7953,-143522.034
7954,-663456.604
7955,-1137221.577
7956,-1393526.412
7957,-1585863.605
7958,-1691250.503
7959,-1656574.730
7960,-1364808.354
7961,-1028643.128
7962,-679791.874
7963,-205818.006
7964,-109560.631
7965,-0.000
7966,-0.000
7967,-0.000
7968,-0.000
7969,-0.000
7970,-0.000
7971,-0.000
7972,-0.000
7973,-0.000
7974,-0.000
7975,-0.000
7976,-0.000
7977,-0.000
7978,-374829.062
7979,-1021224.804
7980,-1349621.047
7981,-1541522.794
7982,-1818605.887
7983,-2017458.255
7984,-2099809.185
7985,-1839440.782
7986,-890946.206
7987,-232459.902
7988,-106031.108
7989,-0.000
7990,-0.000
7991,-0.000
7992,-0.000
7993,-0.000
7994,-0.000
7995,-0.000
7996,-0.000
7997,-0.000
7998,-0.000
7999,-0.000
8000,-0.000
8001,-0.000
8002,-684573.888
8003,-1336552.435
8004,-1711903.087
8005,-1874322.080
8006,-2292739.139
8007,-2576035.346
8008,-2632954.890
8009,-2315339.028
8010,-1379791.820
8011,-442180.837
8012,-281097.957
8013,-0.000
8014,-0.000
8015,-0.000
8016,-0.000
8017,-0.000
8018,-0.000
8019,-0.000
8020,-0.000
8021,-0.000
8022,-0.000
8023,-0.000
8024,-0.000
8025,-0.000
8026,-590296.926
8027,-1349479.853
8028,-1585461.512
8029,-1758551.247
8030,-1991220.782
8031,-2139197.925
8032,-2128345.594
8033,-1720057.625
8034,-738700.287
8035,-0.000
8036,-0.000
8037,-0.000
8038,-0.000
8039,-0.000
8040,-0.000
8041,-0.000
8042,-0.000
8043,-0.000
8044,-0.000
8045,-0.000
8046,-0.000
8047,-0.000
8048,-0.000
8049,-0.000
8050,-0.000
8051,-0.000
8052,-373816.376
8053,-724524.939
8054,-962197.318
8055,-1140574.516
8056,-1195421.609
8057,-890109.844
8058,-119451.102
8059,-0.000
8060,-0.000
8061,-0.000
8062,-0.000
8063,-0.000
8064,-0.000
8065,-0.000
8066,-0.000
8067,-0.000
8068,-0.000
8069,-0.000
8070,-0.000
8071,-0.000
8072,-0.000
8073,-0.000
8074,-112123.539
8075,-912360.974
8076,-1286959.387
8077,-1510445.237
8078,-1773382.410
8079,-1998800.879
8080,-2058593.546
8081,-1719779.006
8082,-755820.578
8083,-86765.115
8084,-0.000
8085,-0.000
8086,-0.000
8087,-0.000
8088,-0.000
8089,-0.000
8090,-0.000
8091,-0.000
8092,-0.000
8093,-0.000
8094,-0.000
8095,-0.000
8096,-0.000
8097,-0.000
8098,-261424.121
8099,-1062199.608
8100,-1444581.503
8101,-1646550.375
8102,-1943511.903
8103,-2173575.645
8104,-2238239.966
8105,-1900388.270
8106,-929872.421
8107,-195049.873
8108,-58511.289
8109,-0.000
8110,-0.000
8111,-0.000
8112,-0.000
8113,-0.000
8114,-0.000
8115,-0.000
8116,-0.000
8117,-0.000
8118,-0.000
8119,-0.000
8120,-0.000
8121,-0.000
8122,-51303.818
8123,-424694.903
8124,-613045.359
8125,-642488.626
8126,-650504.368
8127,-788271.455
8128,-921780.762
8129,-887250.049
8130,-557823.890
8131,-151061.675
8132,-56790.730
8133,-0.000
8134,-0.000
8135,-0.000
8136,-0.000
8137,-0.000
8138,-0.000
8139,-0.000
8140,-0.000
8141,-0.000
8142,-0.000
8143,-0.000
8144,-0.000
8145,-0.000
8146,-461526.087
8147,-1146432.396
8148,-1466469.107
8149,-1641978.279
8150,-1890284.402
8151,-2087791.605
8152,-2136017.245
8153,-1787286.387
8154,-824271.952
8155,-134693.653
8156,-5379.476
8157,-0.000
8158,-0.000
8159,-0.000
8160,-0.000
8161,-0.000
8162,-0.000
8163,-0.000
8164,-0.000
8165,-0.000
8166,-0.000
8167,-0.000
8168,-0.000
8169,-0.000
8170,-162846.507
8171,-992075.571
8172,-1413627.989
8173,-1620663.132
8174,-1901060.137
8175,-2153038.912
8176,-2226072.316
8177,-1880864.366
8178,-904393.193
8179,-128584.999
8180,-0.000
8181,-0.000
8182,-0.000
8183,-0.000
8184,-0.000
8185,-0.000
8186,-0.000
8187,-0.000
8188,-0.000
8189,-0.000
8190,-0.000
8191,-0.000
8192,-0.000
8193,-0.000
8194,-0.000
8195,-640172.115
8196,-1105599.500
8197,-1286107.307
8198,-1562689.028
8199,-1772649.965
8200,-1841459.197
8201,-1511625.770
8202,-565962.998
8203,-0.000
8204,-0.000
8205,-0.000
8206,-0.000
8207,-0.000
8208,-0.000
8209,-0.000
8210,-0.000
8211,-0.000
8212,-0.000
8213,-0.000
8214,-0.000
8215,-0.000
8216,-0.000
8217,-0.000
8218,-0.000
8219,-0.000
8220,-66441.121
8221,-762449.600
8222,-928196.683
8223,-1025049.702
8224,-1064940.255
8225,-848458.787
8226,-167730.664
8227,-0.000
8228,-0.000
8229,-0.000
8230,-0.000
8231,-0.000
8232,-0.000
8233,-0.000
8234,-0.000
8235,-0.000
8236,-0.000
8237,-0.000
8238,-0.000
8239,-0.000
8240,-0.000
8241,-0.000
8242,-193676.625
8243,-1078178.251
8244,-1563576.427
8245,-1768491.950
8246,-2106497.240
8247,-2336410.792
8248,-2424423.684
8249,-2086881.275
8250,-1092773.229
8251,-249453.604
8252,-72358.915
8253,-0.000
8254,-0.000
8255,-0.000
8256,-0.000
8257,-0.000
8258,-0.000
8259,-0.000
8260,-0.000
8261,-0.000
8262,-0.000
8263,-0.000
8264,-0.000
8265,-0.000
8266,-225991.725
8267,-1202557.781
8268,-1682592.215
8269,-1862196.654
8270,-2246320.562
8271,-2518168.387
8272,-2568202.835
8273,-2212447.514
8274,-1205093.002
8275,-314298.752
8276,-119680.028
8277,-0.000
8278,-0.000
8279,-0.000
8280,-0.000
8281,-0.000
8282,-0.000
8283,-0.000
8284,-0.000
8285,-0.000
8286,-0.000
8287,-0.000
8288,-0.000
8289,-0.000
8290,-202297.030
8291,-1199556.919
8292,-1708467.735
8293,-1881975.305
8294,-2235097.944
8295,-2488966.921
8296,-2555558.973
8297,-2219543.435
8298,-1244385.195
8299,-308712.933
8300,-112616.645
8301,-0.000
8302,-0.000
8303,-0.000
8304,-0.000
8305,-0.000
8306,-0.000
8307,-0.000
8308,-0.000
8309,-0.000
8310,-0.000
8311,-0.000
8312,-0.000
8313,-0.000
8314,-361117.615
8315,-956069.615
8316,-1554647.902
8317,-1779776.335
8318,-2056251.976
8319,-2372264.534
8320,-2513550.875
8321,-2380088.381
8322,-1561682.121
8323,-475178.394
8324,-268346.982
8325,-0.000
8326,-0.000
8327,-0.000
8328,-0.000
8329,-0.000
8330,-0.000
8331,-0.000
8332,-0.000
8333,-0.000
8334,-0.000
8335,-0.000
8336,-0.000
8337,-0.000
8338,-702835.434
8339,-1852328.973
8340,-2238596.295
8341,-2312551.979
8342,-2709777.268
8343,-2939548.037
8344,-2979557.753
8345,-2642247.603
8346,-1787195.858
8347,-577343.516
8348,-398593.708
8349,-0.000
8350,-0.000
8351,-0.000
8352,-0.000
8353,-0.000
8354,-0.000
8355,-0.000
8356,-0.000
8357,-0.000
8358,-0.000
8359,-0.000
8360,-0.000
8361,-0.000
8362,-297747.203
8363,-1377094.286
8364,-1560174.470
8365,-1486010.177
8366,-1599902.680
8367,-1733963.742
8368,-1876419.329
8369,-1596172.096
8370,-942928.934
8371,-0.000
8372,-0.000
8373,-0.000
8374,-0.000
8375,-0.000
8376,-0.000
8377,-0.000
8378,-0.000
8379,-0.000
8380,-0.000
8381,-0.000
8382,-0.000
8383,-0.000
8384,-0.000
8385,-0.000
8386,-0.000
8387,-0.000
8388,-0.000
8389,-398763.083
8390,-802951.159
8391,-949318.198
8392,-910012.859
8393,-883165.832
8394,-368745.033
8395,-55068.129
8396,-0.000
8397,-0.000
8398,-0.000
8399,-0.000
8400,-0.000
8401,-0.000
8402,-0.000
8403,-0.000
8404,-0.000
8405,-0.000
8406,-0.000
8407,-113918.589
8408,-257038.016
8409,-1128822.787
8410,-1495722.158
8411,-2202743.452
8412,-2648592.493
8413,-2579671.240
8414,-3115203.376
8415,-2910623.862
8416,-2892230.119
8417,-2800083.562
8418,-2081742.779
8419,-925536.835
8420,-783659.656
8421,-0.000
8422,-0.000
8423,-0.000
8424,-0.000
8425,-0.000
8426,-0.000
8427,-0.000
8428,-0.000
8429,-0.000
8430,-0.000
8431,-448294.880
8432,-486170.289
8433,-1640976.484
8434,-1912173.503
8435,-2366807.148
8436,-2871844.227
8437,-2741996.980
8438,-3174000.590
8439,-3344962.858
8440,-3177197.476
8441,-2789791.615
8442,-2062531.697
8443,-824423.881
8444,-669752.857
8445,-0.000
8446,-0.000
8447,-0.000
8448,-0.000
8449,-0.000
8450,-0.000
8451,-0.000
8452,-0.000
8453,-0.000
8454,-0.000
8455,-0.000
8456,-0.000
8457,-315189.490
8458,-515243.976
8459,-706852.664
8460,-806838.967
8461,-955664.966
8462,-872231.780
8463,-817597.281
8464,-559928.713
8465,-387021.340
8466,-282289.234
8467,-84131.230
8468,-40101.979
8469,-0.000
8470,-0.000
8471,-0.000
8472,-0.000
8473,-0.000
8474,-0.000
8475,-0.000
8476,-0.000
8477,-0.000
8478,-0.000
8479,-0.000
8480,-0.000
8481,-0.000
8482,-219361.500
8483,-768156.982
8484,-1122243.522
8485,-1355471.809
8486,-1491795.013
8487,-1782028.365
8488,-1966314.582
8489,-1686168.955
8490,-841093.213
8491,-160187.743
8492,-32554.339
8493,-0.000
8494,-0.000
8495,-0.000
8496,-0.000
8497,-0.000
8498,-0.000
8499,-0.000
8500,-0.000
8501,-0.000
8502,-0.000
8503,-0.000
8504,-0.000
8505,-0.000
8506,-150431.221
8507,-648163.607
8508,-752815.240
8509,-791808.274
8510,-866179.949
8511,-1154912.299
8512,-1902722.158
8513,-1894293.152
8514,-1097217.533
8515,-306275.255
8516,-185122.494
8517,-0.000
8518,-0.000
8519,-0.000
8520,-0.000
8521,-0.000
8522,-0.000
8523,-0.000
8524,-0.000
8525,-0.000
8526,-0.000
8527,-0.000
8528,-0.000
8529,-0.000
8530,-106354.071
8531,-644971.346
8532,-1033977.910
8533,-1320882.766
8534,-1549347.983
8535,-1675776.886
8536,-1325669.993
8537,-1146413.471
8538,-571092.749
8539,-0.000
8540,-0.000
8541,-0.000
8542,-0.000
8543,-0.000
8544,-0.000
8545,-0.000
8546,-0.000
8547,-0.000
8548,-0.000
8549,-0.000
8550,-0.000
8551,-0.000
8552,-0.000
8553,-0.000
8554,-0.000
8555,-0.000
8556,-408769.228
8557,-814658.930
8558,-959199.552
8559,-1151679.430
8560,-790253.212
8561,-556065.035
8562,-159049.963
8563,-0.000
8564,-0.000
8565,-0.000
8566,-0.000
8567,-0.000
8568,-0.000
8569,-0.000
8570,-0.000
8571,-0.000
8572,-0.000
8573,-0.000
8574,-0.000
8575,-0.000
8576,-5433.143
8577,-879308.908
8578,-1005538.684
8579,-1193996.431
8580,-1381862.560
8581,-1416969.423
8582,-1522534.374
8583,-1656884.837
8584,-1578210.284
8585,-1490339.072
8586,-1065541.355
8587,-340086.162
8588,-184997.776
8589,-0.000
8590,-0.000
8591,-0.000
8592,-0.000
8593,-0.000
8594,-0.000
8595,-0.000
8596,-0.000
8597,-0.000
8598,-0.000
8599,-0.000
8600,-0.000
8601,-43252.606
8602,-938877.752
8603,-1625861.857
8604,-1783825.939
8605,-1831305.838
8606,-2288666.497
8607,-2349376.768
8608,-2310524.390
8609,-2327753.586
8610,-1587228.551
8611,-553515.122
8612,-382050.028
8613,-0.000
8614,-0.000
8615,-0.000
8616,-0.000
8617,-0.000
8618,-0.000
8619,-0.000
8620,-0.000
8621,-0.000
8622,-0.000
8623,-0.000
8624,-0.000
8625,-170866.652
8626,-1242632.061
8627,-2004140.084
8628,-2195539.335
8629,-2181666.399
8630,-2382336.309
8631,-2535529.767
8632,-2551139.352
8633,-2088491.201
8634,-966060.439
8635,-190544.320
8636,-48973.565
8637,-0.000
8638,-0.000
8639,-0.000
8640,-0.000
8641,-0.000
8642,-0.000
8643,-0.000
8644,-0.000
8645,-0.000
8646,-0.000
8647,-0.000
8648,-0.000
8649,-0.000
8650,-232486.282
8651,-964863.183
8652,-1313569.005
8653,-1523990.537
8654,-1718354.575
8655,-1970576.896
8656,-2005469.008
8657,-1804159.350
8658,-998146.199
8659,-172903.201
8660,-38404.180
8661,-0.000
8662,-0.000
8663,-0.000
8664,-0.000
8665,-0.000
8666,-0.000
8667,-0.000
8668,-0.000
8669,-0.000
8670,-0.000
8671,-0.000
8672,-0.000
8673,-0.000
8674,-93635.831
8675,-982712.538
8676,-1406909.511
8677,-1628215.604
8678,-1943334.768
8679,-2204373.937
8680,-2286069.691
8681,-2033121.752
8682,-1232540.907
8683,-260660.556
8684,-71028.525
8685,-0.000
8686,-0.000
8687,-0.000
8688,-0.000
8689,-0.000
8690,-0.000
8691,-0.000
8692,-0.000
8693,-0.000
8694,-0.000
8695,-0.000
8696,-0.000
8697,-0.000
8698,-0.000
8699,-0.000
8700,-254525.138
8701,-334720.213
8702,-522758.340
8703,-731682.342
8704,-1036636.304
8705,-1060157.049
8706,-734391.992
8707,-0.000
8708,-0.000
8709,-0.000
8710,-0.000
8711,-0.000
8712,-0.000
8713,-0.000
8714,-0.000
8715,-0.000
8716,-0.000
8717,-0.000
8718,-0.000
8719,-0.000
8720,-0.000
8721,-0.000
8722,-0.000
8723,-10747.414
8724,-637342.009
8725,-780488.946
8726,-929640.232
8727,-903490.811
8728,-1075945.499
8729,-1018987.934
8730,-394252.488
8731,-39006.297
8732,-0.000
8733,-0.000
8734,-0.000
8735,-0.000
8736,-0.000
8737,-0.000
8738,-0.000
8739,-0.000
8740,-0.000
8741,-0.000
8742,-0.000
8743,-123292.155
8744,-177327.166
8745,-792605.322
8746,-1190104.070
8747,-1605053.311
8748,-1853503.729
8749,-1952061.656
8750,-2225682.860
8751,-2289516.454
8752,-1872013.359
8753,-1767762.595
8754,-1207722.719
8755,-388085.328
8756,-263323.082
8757,-0.000
8758,-0.000
8759,-0.000
8760,-0.000
