Hour,CoolingLoad_W
1,-0.000
2,-0.000
3,-0.000
4,-0.000
5,-0.000
6,-0.000
7,-0.000
8,-0.000
9,-0.000
10,-0.000
11,-0.000
12,-0.000
13,-95345.931
14,-134770.219
15,-138447.104
16,-40863.761
17,-2087.515
18,-0.000
19,-0.000
20,-0.000
21,-0.000
22,-0.000
23,-0.000
24,-0.000
25,-0.000
26,-0.000
27,-0.000
28,-0.000
29,-0.000
30,-0.000
31,-0.000
32,-0.000
33,-0.000
34,-0.000
35,-0.000
36,-0.000
37,-0.000
38,-0.000
39,-0.000
40,-0.000
41,-0.000
42,-0.000
43,-0.000
44,-0.000
45,-0.000
46,-0.000
47,-0.000
48,-0.000
49,-0.000
50,-0.000
51,-0.000
52,-0.000
53,-0.000
54,-0.000
55,-0.000
56,-0.000
57,-0.000
58,-0.000
59,-0.000
60,-0.000
61,-150153.176
62,-217118.735
63,-346593.041
64,-293603.602
65,-243129.199
66,-172034.992
67,-5083.933
68,-0.000
69,-0.000
70,-0.000
71,-0.000
72,-0.000
73,-0.000
74,-0.000
75,-0.000
76,-0.000
77,-0.000
78,-0.000
79,-0.000
80,-0.000
81,-0.000
82,-0.000
83,-137991.537
84,-430258.428
85,-652938.363
86,-791328.674
87,-853105.575
88,-645728.669
89,-598074.040
90,-489324.461
91,-105445.524
92,-19611.172
93,-0.000
94,-0.000
95,-0.000
96,-0.000
97,-0.000
98,-0.000
99,-0.000
100,-0.000
101,-0.000
102,-0.000
103,-0.000
104,-0.000
105,-0.000
106,-49060.866
107,-410700.748
108,-558343.054
109,-670815.359
110,-681976.098
111,-751523.081
112,-888670.544
113,-884318.453
114,-627246.172
115,-109507.633
116,-2760.580
117,-0.000
118,-0.000
119,-0.000
120,-0.000
121,-0.000
122,-0.000
123,-0.000
124,-0.000
125,-0.000
126,-0.000
127,-0.000
128,-0.000
129,-0.000
130,-0.000
131,-0.000
132,-0.000
133,-57666.960
134,-119142.333
135,-128366.215
136,-69877.276
137,-38188.403
138,-9073.310
139,-0.000
140,-0.000
141,-0.000
142,-0.000
143,-0.000
144,-0.000
145,-0.000
146,-0.000
147,-0.000
148,-0.000
149,-0.000
150,-0.000
151,-0.000
152,-0.000
153,-0.000
154,-0.000
155,-0.000
156,-0.000
157,-77042.668
158,-399248.847
159,-428400.808
160,-135518.028
161,-48352.960
162,-0.000
163,-0.000
164,-0.000
165,-0.000
166,-0.000
167,-0.000
168,-0.000
169,-0.000
170,-0.000
171,-0.000
172,-0.000
173,-0.000
174,-0.000
175,-0.000
176,-0.000
177,-0.000
178,-75199.862
179,-421940.402
180,-643966.570
181,-778597.807
182,-864497.215
183,-891017.342
184,-889412.408
185,-821618.336
186,-519421.166
187,-81604.243
188,-2314.100
189,-0.000
190,-0.000
191,-0.000
192,-0.000
193,-0.000
194,-0.000
195,-0.000
196,-0.000
197,-0.000
198,-0.000
199,-0.000
200,-0.000
201,-0.000
202,-165798.712
203,-755286.611
204,-1040942.163
205,-1246093.096
206,-1438297.312
207,-1675702.563
208,-1617466.987
209,-1438428.726
210,-904442.157
211,-235790.245
212,-116049.715
213,-0.000
214,-0.000
215,-0.000
216,-0.000
217,-0.000
218,-0.000
219,-0.000
220,-0.000
221,-0.000
222,-0.000
223,-0.000
224,-0.000
225,-0.000
226,-158492.306
227,-621004.652
228,-847424.663
229,-1004012.423
230,-1294581.697
231,-1358503.143
232,-1113074.502
233,-1062027.019
234,-864182.316
235,-293414.594
236,-194427.680
237,-0.000
238,-0.000
239,-0.000
240,-0.000
241,-0.000
242,-0.000
243,-0.000
244,-0.000
245,-0.000
246,-0.000
247,-0.000
248,-0.000
249,-52835.198
250,-420643.823
251,-665701.449
252,-869244.557
253,-1037608.685
254,-1285976.929
255,-1316771.503
256,-1412543.943
257,-1443814.755
258,-1183288.962
259,-364278.081
260,-244252.514
261,-0.000
262,-0.000
263,-0.000
264,-0.000
265,-0.000
266,-0.000
267,-0.000
268,-0.000
269,-0.000
270,-0.000
271,-0.000
272,-0.000
273,-60172.936
274,-596483.227
275,-1095761.137
276,-1297847.883
277,-1332775.715
278,-1534875.571
279,-1694039.280
280,-1471521.009
281,-1454811.999
282,-1181857.210
283,-314804.572
284,-177191.361
285,-0.000
286,-0.000
287,-0.000
288,-0.000
289,-0.000
290,-0.000
291,-0.000
292,-0.000
293,-0.000
294,-0.000
295,-0.000
296,-0.000
297,-0.000
298,-0.000
299,-298403.090
300,-519768.972
301,-739606.110
302,-950267.043
303,-1064945.314
304,-1202481.622
305,-965110.748
306,-685330.388
307,-0.000
308,-0.000
309,-0.000
310,-0.000
311,-0.000
312,-0.000
313,-0.000
314,-0.000
315,-0.000
316,-0.000
317,-0.000
318,-0.000
319,-0.000
320,-0.000
321,-0.000
322,-0.000
323,-0.000
324,-264226.936
325,-677408.099
326,-882787.944
327,-933289.644
328,-788240.490
329,-532094.806
330,-284722.448
331,-0.000
332,-0.000
333,-0.000
334,-0.000
335,-0.000
336,-0.000
337,-0.000
338,-0.000
339,-0.000
340,-0.000
341,-0.000
342,-0.000
343,-0.000
344,-0.000
345,-382003.251
346,-794222.251
347,-1096047.311
348,-1199593.883
349,-1229159.059
350,-1194761.994
351,-1282922.962
352,-1377531.854
353,-1268705.151
354,-981018.601
355,-259801.352
356,-154685.905
357,-0.000
358,-0.000
359,-0.000
360,-0.000
361,-0.000
362,-0.000
363,-0.000
364,-0.000
365,-0.000
366,-0.000
367,-0.000
368,-0.000
369,-0.000
370,-0.000
371,-304141.555
372,-596273.429
373,-863224.420
374,-1050520.124
375,-1064621.407
376,-450684.752
377,-275866.031
378,-215689.721
379,-23976.008
380,-0.000
381,-0.000
382,-0.000
383,-0.000
384,-0.000
385,-0.000
386,-0.000
387,-0.000
388,-0.000
389,-0.000
390,-0.000
391,-0.000
392,-0.000
393,-0.000
394,-0.000
395,-448007.118
396,-874539.321
397,-1123118.987
398,-1315752.271
399,-1507587.131
400,-1585290.702
401,-1536449.676
402,-898246.785
403,-103953.860
404,-1833.492
405,-0.000
406,-0.000
407,-0.000
408,-0.000
409,-0.000
410,-0.000
411,-0.000
412,-0.000
413,-0.000
414,-0.000
415,-0.000
416,-0.000
417,-0.000
418,-0.000
419,-357581.430
420,-765511.980
421,-969719.891
422,-1179568.820
423,-1413651.074
424,-1424754.005
425,-1482079.140
426,-915040.974
427,-145591.483
428,-56382.342
429,-0.000
430,-0.000
431,-0.000
432,-0.000
433,-0.000
434,-0.000
435,-0.000
436,-0.000
437,-0.000
438,-0.000
439,-0.000
440,-0.000
441,-0.000
442,-314693.590
443,-639954.148
444,-964416.680
445,-1166968.564
446,-1479166.955
447,-1688327.269
448,-1955663.624
449,-1860801.469
450,-1339561.812
451,-414376.791
452,-302246.584
453,-0.000
454,-0.000
455,-0.000
456,-0.000
457,-0.000
458,-0.000
459,-0.000
460,-0.000
461,-0.000
462,-0.000
463,-0.000
464,-0.000
465,-0.000
466,-205015.320
467,-866861.243
468,-1250362.030
469,-1398126.731
470,-1360113.130
471,-1303064.900
472,-1292090.422
473,-1144392.530
474,-684742.753
475,-0.000
476,-0.000
477,-0.000
478,-0.000
479,-0.000
480,-0.000
481,-0.000
482,-0.000
483,-0.000
484,-0.000
485,-0.000
486,-0.000
487,-0.000
488,-0.000
489,-0.000
490,-0.000
491,-0.000
492,-0.000
493,-0.000
494,-176477.177
495,-567835.896
496,-781059.470
497,-780950.248
498,-416148.848
499,-0.000
500,-0.000
501,-0.000
502,-0.000
503,-0.000
504,-0.000
505,-0.000
506,-0.000
507,-0.000
508,-0.000
509,-0.000
510,-0.000
511,-0.000
512,-0.000
513,-0.000
514,-0.000
515,-484867.341
516,-833941.182
517,-1027573.171
518,-1232742.012
519,-1413216.403
520,-1515297.826
521,-1532889.829
522,-1080288.238
523,-103784.582
524,-0.000
525,-0.000
526,-0.000
527,-0.000
528,-0.000
529,-0.000
530,-0.000
531,-0.000
532,-0.000
533,-0.000
534,-0.000
535,-0.000
536,-0.000
537,-0.000
538,-0.000
539,-514859.238
540,-970690.198
541,-1124301.399
542,-1352251.173
543,-1571436.065
544,-1652778.250
545,-1643777.025
546,-1168266.100
547,-137240.524
548,-3698.295
549,-0.000
550,-0.000
551,-0.000
552,-0.000
553,-0.000
554,-0.000
555,-0.000
556,-0.000
557,-0.000
558,-0.000
559,-0.000
560,-0.000
561,-0.000
562,-43125.415
563,-765587.720
564,-1118946.436
565,-1265661.199
566,-1493578.879
567,-1671889.961
568,-1757299.272
569,-1765548.901
570,-1344595.833
571,-219602.607
572,-46538.374
573,-0.000
574,-0.000
575,-0.000
576,-0.000
577,-0.000
578,-0.000
579,-0.000
580,-0.000
581,-0.000
582,-0.000
583,-0.000
584,-0.000
585,-0.000
586,-61335.930
587,-870898.717
588,-1235114.035
589,-1356287.423
590,-1579393.640
591,-1822750.965
592,-1894739.051
593,-1919828.927
594,-1523861.357
595,-337572.682
596,-194095.025
597,-0.000
598,-0.000
599,-0.000
600,-0.000
601,-0.000
602,-0.000
603,-0.000
604,-0.000
605,-0.000
606,-0.000
607,-0.000
608,-0.000
609,-52867.375
610,-471147.895
611,-874954.822
612,-1098150.321
613,-1117852.453
614,-1364565.493
615,-1601251.204
616,-1690399.613
617,-1624051.131
618,-1258466.442
619,-230279.672
620,-88995.889
621,-0.000
622,-0.000
623,-0.000
624,-0.000
625,-0.000
626,-0.000
627,-0.000
628,-0.000
629,-0.000
630,-0.000
631,-0.000
632,-0.000
633,-0.000
634,-0.000
635,-423930.159
636,-832446.914
637,-944435.529
638,-1166328.121
639,-1353165.740
640,-1430560.498
641,-1448649.783
642,-1029426.093
643,-0.000
644,-0.000
645,-0.000
646,-0.000
647,-0.000
648,-0.000
649,-0.000
650,-0.000
651,-0.000
652,-0.000
653,-0.000
654,-0.000
655,-0.000
656,-0.000
657,-0.000
658,-0.000
659,-0.000
660,-0.000
661,-374451.342
662,-618693.547
663,-836003.206
664,-772337.938
665,-822647.570
666,-508553.881
667,-0.000
668,-0.000
669,-0.000
670,-0.000
671,-0.000
672,-0.000
673,-0.000
674,-0.000
675,-0.000
676,-0.000
677,-0.000
678,-0.000
679,-0.000
680,-0.000
681,-0.000
682,-211028.539
683,-787809.075
684,-1154181.787
685,-1319266.954
686,-1656270.385
687,-1887634.367
688,-1896666.598
689,-1952324.979
690,-1519546.112
691,-357308.524
692,-192096.613
693,-0.000
694,-0.000
695,-0.000
696,-0.000
697,-0.000
698,-0.000
699,-0.000
700,-0.000
701,-0.000
702,-0.000
703,-0.000
704,-0.000
705,-0.000
706,-518750.657
707,-1365605.168
708,-1618587.713
709,-1709901.534
710,-1979195.315
711,-2038397.255
712,-2027911.929
713,-1902238.586
714,-1641569.215
715,-532508.040
716,-407361.461
717,-0.000
718,-0.000
719,-0.000
720,-0.000
721,-0.000
722,-0.000
723,-0.000
724,-0.000
725,-0.000
726,-0.000
727,-0.000
728,-0.000
729,-443436.597
730,-852463.967
731,-1267089.363
732,-1622443.372
733,-1794797.345
734,-2248038.297
735,-2370541.233
736,-2292948.289
737,-2220473.726
738,-1699688.530
739,-455546.175
740,-313997.309
741,-0.000
742,-0.000
743,-0.000
744,-0.000
745,-0.000
746,-0.000
747,-0.000
748,-0.000
749,-0.000
750,-0.000
751,-0.000
752,-0.000
753,-0.000
754,-151156.104
755,-398065.799
756,-480736.238
757,-558782.612
758,-608573.796
759,-764413.094
760,-675647.772
761,-684744.040
762,-682344.072
763,-92890.441
764,-2912.531
765,-0.000
766,-0.000
767,-0.000
768,-0.000
769,-0.000
770,-0.000
771,-0.000
772,-0.000
773,-0.000
774,-0.000
775,-0.000
776,-0.000
777,-0.000
778,-73712.422
779,-451809.346
780,-812841.724
781,-1062624.094
782,-1442980.572
783,-1687639.958
784,-1542192.146
785,-1510646.301
786,-1331731.077
787,-451541.192
788,-305396.471
789,-0.000
790,-0.000
791,-0.000
792,-0.000
793,-0.000
794,-0.000
795,-0.000
796,-0.000
797,-0.000
798,-0.000
799,-0.000
800,-0.000
801,-0.000
802,-541916.237
803,-957410.909
804,-1150295.645
805,-1111197.615
806,-1231721.689
807,-1308908.576
808,-1237180.988
809,-1167752.666
810,-1123918.679
811,-0.000
812,-0.000
813,-0.000
814,-0.000
815,-0.000
816,-0.000
817,-0.000
818,-0.000
819,-0.000
820,-0.000
821,-0.000
822,-0.000
823,-0.000
824,-0.000
825,-0.000
826,-0.000
827,-307609.745
828,-660260.604
829,-857192.286
830,-989892.347
831,-1006376.370
832,-827164.228
833,-843829.909
834,-558806.528
835,-55160.599
836,-0.000
837,-0.000
838,-0.000
839,-0.000
840,-0.000
841,-0.000
842,-0.000
843,-0.000
844,-0.000
845,-0.000
846,-0.000
847,-135990.971
848,-195298.110
849,-752231.820
850,-928514.838
851,-1131293.235
852,-1325436.115
853,-1545285.252
854,-1810392.496
855,-1926385.903
856,-1822872.582
857,-1878484.954
858,-1636557.233
859,-578117.338
860,-491733.126
861,-0.000
862,-0.000
863,-0.000
864,-0.000
865,-0.000
866,-0.000
867,-0.000
868,-0.000
869,-0.000
870,-0.000
871,-285774.994
872,-308937.563
873,-1074618.014
874,-1309284.510
875,-1698681.234
876,-1912875.450
877,-2035418.183
878,-2371082.193
879,-2471925.396
880,-2349626.750
881,-2235025.800
882,-2038438.135
883,-722990.034
884,-553119.518
885,-0.000
886,-0.000
887,-0.000
888,-0.000
889,-0.000
890,-0.000
891,-0.000
892,-0.000
893,-0.000
894,-0.000
895,-426374.860
896,-399072.146
897,-1227211.022
898,-1468012.294
899,-1892471.963
900,-2177479.779
901,-2156674.502
902,-2394027.635
903,-2432999.544
904,-2606662.667
905,-2572720.952
906,-1986868.801
907,-723197.743
908,-570424.837
909,-0.000
910,-0.000
911,-0.000
912,-0.000
913,-0.000
914,-0.000
915,-0.000
916,-0.000
917,-0.000
918,-0.000
919,-699979.015
920,-384696.977
921,-1219238.990
922,-1445917.202
923,-1743833.395
924,-1985063.035
925,-2172272.818
926,-2525685.025
927,-2560859.172
928,-2618224.816
929,-2533678.842
930,-1949961.772
931,-708065.799
932,-566021.611
933,-0.000
934,-0.000
935,-0.000
936,-0.000
937,-0.000
938,-0.000
939,-0.000
940,-0.000
941,-0.000
942,-0.000
943,-349413.562
944,-308159.790
945,-967862.909
946,-1080839.273
947,-1158209.112
948,-1155536.146
949,-1155819.747
950,-1210759.068
951,-1023759.416
952,-1128374.846
953,-998564.853
954,-801201.474
955,-254256.607
956,-161438.526
957,-0.000
958,-0.000
959,-0.000
960,-0.000
961,-0.000
962,-0.000
963,-0.000
964,-0.000
965,-0.000
966,-0.000
967,-0.000
968,-0.000
969,-0.000
970,-0.000
971,-0.000
972,-0.000
973,-218255.836
974,-292403.944
975,-298605.766
976,-317757.629
977,-320258.368
978,-267688.170
979,-0.000
980,-0.000
981,-0.000
982,-0.000
983,-0.000
984,-0.000
985,-0.000
986,-0.000
987,-0.000
988,-0.000
989,-0.000
990,-0.000
991,-0.000
992,-0.000
993,-0.000
994,-0.000
995,-0.000
996,-0.000
997,-0.000
998,-0.000
999,-0.000
1000,-0.000
1001,-0.000
1002,-0.000
1003,-0.000
1004,-0.000
1005,-0.000
1006,-0.000
1007,-0.000
1008,-0.000
1009,-0.000
1010,-0.000
1011,-0.000
1012,-0.000
1013,-0.000
1014,-0.000
1015,-0.000
1016,-0.000
1017,-0.000
1018,-0.000
1019,-385755.091
1020,-779539.579
1021,-853977.870
1022,-1142178.483
1023,-1446944.842
1024,-1693200.895
1025,-1541812.320
1026,-1328255.944
1027,-415979.896
1028,-284237.274
1029,-0.000
1030,-0.000
1031,-0.000
1032,-0.000
1033,-0.000
1034,-0.000
1035,-0.000
1036,-0.000
1037,-0.000
1038,-0.000
1039,-0.000
1040,-0.000
1041,-286175.065
1042,-874148.222
1043,-1253514.388
1044,-1521185.702
1045,-1585534.088
1046,-1866232.530
1047,-1892436.947
1048,-1827664.844
1049,-1701680.319
1050,-1533074.230
1051,-553879.551
1052,-406279.810
1053,-0.000
1054,-0.000
1055,-0.000
1056,-0.000
1057,-0.000
1058,-0.000
1059,-0.000
1060,-0.000
1061,-0.000
1062,-0.000
1063,-0.000
1064,-0.000
1065,-549463.091
1066,-1052418.588
1067,-1335799.815
1068,-1506292.493
1069,-1420542.326
1070,-1656038.427
1071,-2041686.311
1072,-1863556.119
1073,-1838282.720
1074,-1770770.335
1075,-597905.229
1076,-410224.283
1077,-0.000
1078,-0.000
1079,-0.000
1080,-0.000
1081,-0.000
1082,-0.000
1083,-0.000
1084,-0.000
1085,-0.000
1086,-0.000
1087,-0.000
1088,-147329.124
1089,-754532.420
1090,-893611.518
1091,-1047653.473
1092,-1187893.160
1093,-1437725.918
1094,-1509327.557
1095,-1568309.391
1096,-1432964.612
1097,-1317842.592
1098,-1355485.914
1099,-537956.913
1100,-424692.837
1101,-0.000
1102,-0.000
1103,-0.000
1104,-0.000
1105,-0.000
1106,-0.000
1107,-0.000
1108,-0.000
1109,-0.000
1110,-0.000
1111,-0.000
1112,-152554.355
1113,-906364.655
1114,-1143954.311
1115,-1350104.100
1116,-1421785.798
1117,-1410429.365
1118,-1761848.395
1119,-2125962.278
1120,-2115259.587
1121,-1936273.867
1122,-1697575.337
1123,-535475.051
1124,-336037.561
1125,-0.000
1126,-0.000
1127,-0.000
1128,-0.000
1129,-0.000
1130,-0.000
1131,-0.000
1132,-0.000
1133,-0.000
1134,-0.000
1135,-0.000
1136,-0.000
1137,-0.000
1138,-0.000
1139,-0.000
1140,-19705.840
1141,-126735.451
1142,-213382.331
1143,-247985.746
1144,-222621.598
1145,-196196.796
1146,-161779.116
1147,-0.000
1148,-0.000
1149,-0.000
1150,-0.000
1151,-0.000
1152,-0.000
1153,-0.000
1154,-0.000
1155,-0.000
1156,-0.000
1157,-0.000
1158,-0.000
1159,-0.000
1160,-0.000
1161,-0.000
1162,-0.000
1163,-0.000
1164,-0.000
1165,-0.000
1166,-0.000
1167,-0.000
1168,-0.000
1169,-0.000
1170,-0.000
1171,-0.000
1172,-0.000
1173,-0.000
1174,-0.000
1175,-0.000
1176,-0.000
1177,-0.000
1178,-0.000
1179,-0.000
1180,-0.000
1181,-0.000
1182,-0.000
1183,-0.000
1184,-0.000
1185,-0.000
1186,-25596.085
1187,-418787.375
1188,-606735.463
1189,-722958.311
1190,-908622.176
1191,-950411.104
1192,-976500.866
1193,-1044777.505
1194,-963095.192
1195,-359154.620
1196,-281575.589
1197,-0.000
1198,-0.000
1199,-0.000
1200,-0.000
1201,-0.000
1202,-0.000
1203,-0.000
1204,-0.000
1205,-0.000
1206,-0.000
1207,-0.000
1208,-0.000
1209,-836973.415
1210,-1012377.389
1211,-1308208.207
1212,-1602104.664
1213,-1660678.123
1214,-2129139.079
1215,-2171882.661
1216,-2158057.708
1217,-2019349.451
1218,-1923259.626
1219,-701818.873
1220,-575186.561
1221,-0.000
1222,-0.000
1223,-0.000
1224,-0.000
1225,-0.000
1226,-0.000
1227,-0.000
1228,-0.000
1229,-0.000
1230,-0.000
1231,-499083.367
1232,-454781.882
1233,-1335687.518
1234,-1482046.262
1235,-1511119.565
1236,-1593837.990
1237,-1439856.694
1238,-1569721.899
1239,-1558459.830
1240,-1549008.508
1241,-1368101.458
1242,-1026008.188
1243,-254005.720
1244,-33430.868
1245,-0.000
1246,-0.000
1247,-0.000
1248,-0.000
1249,-0.000
1250,-0.000
1251,-0.000
1252,-0.000
1253,-0.000
1254,-0.000
1255,-0.000
1256,-0.000
1257,-0.000
1258,-0.000
1259,-527835.334
1260,-934448.189
1261,-1079045.650
1262,-1251076.047
1263,-1436555.477
1264,-1429761.544
1265,-1320633.954
1266,-1038082.410
1267,-255300.255
1268,-122538.264
1269,-0.000
1270,-0.000
1271,-0.000
1272,-0.000
1273,-0.000
1274,-0.000
1275,-0.000
1276,-0.000
1277,-0.000
1278,-0.000
1279,-0.000
1280,-0.000
1281,-0.000
1282,-0.000
1283,-0.000
1284,-19246.347
1285,-122943.351
1286,-0.000
1287,-0.000
1288,-0.000
1289,-0.000
1290,-0.000
1291,-0.000
1292,-0.000
1293,-0.000
1294,-0.000
1295,-0.000
1296,-0.000
1297,-0.000
1298,-0.000
1299,-0.000
1300,-0.000
1301,-0.000
1302,-0.000
1303,-0.000
1304,-0.000
1305,-0.000
1306,-0.000
1307,-0.000
1308,-0.000
1309,-370074.689
1310,-746301.229
1311,-942649.590
1312,-827330.370
1313,-592328.877
1314,-317115.612
1315,-0.000
1316,-0.000
1317,-0.000
1318,-0.000
1319,-0.000
1320,-0.000
1321,-0.000
1322,-0.000
1323,-0.000
1324,-0.000
1325,-0.000
1326,-0.000
1327,-0.000
1328,-0.000
1329,-0.000
1330,-0.000
1331,-0.000
1332,-0.000
1333,-0.000
1334,-0.000
1335,-0.000
1336,-0.000
1337,-0.000
1338,-0.000
1339,-0.000
1340,-0.000
1341,-0.000
1342,-0.000
1343,-0.000
1344,-0.000
1345,-0.000
1346,-0.000
1347,-0.000
1348,-0.000
1349,-0.000
1350,-0.000
1351,-0.000
1352,-0.000
1353,-0.000
1354,-0.000
1355,-166558.179
1356,-525780.763
1357,-711318.907
1358,-873703.705
1359,-1031236.919
1360,-1078116.668
1361,-980748.884
1362,-801875.121
1363,-277366.011
1364,-169406.942
1365,-0.000
1366,-0.000
1367,-0.000
1368,-0.000
1369,-0.000
1370,-0.000
1371,-0.000
1372,-0.000
1373,-0.000
1374,-0.000
1375,-0.000
1376,-0.000
1377,-215155.620
1378,-602826.145
1379,-868175.006
1380,-1093572.035
1381,-1275477.891
1382,-1497723.027
1383,-1637723.617
1384,-1703788.661
1385,-1621054.118
1386,-1577223.493
1387,-550109.145
1388,-430573.089
1389,-0.000
1390,-0.000
1391,-0.000
1392,-0.000
1393,-0.000
1394,-0.000
1395,-0.000
1396,-0.000
1397,-0.000
1398,-0.000
1399,-0.000
1400,-64112.990
1401,-543522.498
1402,-591745.515
1403,-708644.169
1404,-828650.671
1405,-1052655.645
1406,-1188287.774
1407,-1370565.889
1408,-1630855.648
1409,-1585887.107
1410,-1385630.002
1411,-451475.747
1412,-273732.480
1413,-0.000
1414,-0.000
1415,-0.000
1416,-0.000
1417,-0.000
1418,-0.000
1419,-0.000
1420,-0.000
1421,-0.000
1422,-0.000
1423,-0.000
1424,-0.000
1425,-417552.843
1426,-678906.796
1427,-920149.577
1428,-1178314.660
1429,-1385003.151
1430,-1562941.910
1431,-1601446.079
1432,-1550831.399
1433,-1613484.291
1434,-1484920.056
1435,-586617.585
1436,-452388.558
1437,-0.000
1438,-0.000
1439,-0.000
1440,-0.000
1441,-0.000
1442,-0.000
1443,-0.000
1444,-0.000
1445,-0.000
1446,-0.000
1447,-155444.162
1448,-257014.861
1449,-963022.094
1450,-1141778.583
1451,-1485052.036
1452,-1670665.944
1453,-1651056.961
1454,-1896457.508
1455,-1910235.052
1456,-1657706.214
1457,-1432091.071
1458,-1342197.680
1459,-622351.589
1460,-509442.490
1461,-0.000
1462,-0.000
1463,-0.000
1464,-0.000
1465,-0.000
1466,-0.000
1467,-0.000
1468,-0.000
1469,-0.000
1470,-0.000
1471,-0.000
1472,-0.000
1473,-0.000
1474,-0.000
1475,-170253.836
1476,-383800.261
1477,-814960.649
1478,-1185303.703
1479,-1317121.752
1480,-1137449.464
1481,-1033526.186
1482,-901984.937
1483,-0.000
1484,-0.000
1485,-0.000
1486,-0.000
1487,-0.000
1488,-0.000
1489,-0.000
1490,-0.000
1491,-0.000
1492,-0.000
1493,-0.000
1494,-0.000
1495,-0.000
1496,-0.000
1497,-0.000
1498,-0.000
1499,-0.000
1500,-0.000
1501,-170063.759
1502,-610117.228
1503,-706002.195
1504,-716643.605
1505,-577937.264
1506,-261082.400
1507,-28704.525
1508,-0.000
1509,-0.000
1510,-0.000
1511,-0.000
1512,-0.000
1513,-0.000
1514,-0.000
1515,-0.000
1516,-0.000
1517,-0.000
1518,-0.000
1519,-0.000
1520,-0.000
1521,-740791.946
1522,-1167785.261
1523,-1540564.213
1524,-1699456.423
1525,-1596431.481
1526,-1827434.195
1527,-1788341.390
1528,-1703220.901
1529,-1421699.448
1530,-1283165.498
1531,-527102.723
1532,-476531.152
1533,-0.000
1534,-0.000
1535,-0.000
1536,-0.000
1537,-0.000
1538,-0.000
1539,-0.000
1540,-0.000
1541,-0.000
1542,-0.000
1543,-0.000
1544,-57293.394
1545,-647181.966
1546,-699225.407
1547,-800029.467
1548,-823902.698
1549,-868113.230
1550,-851106.230
1551,-801744.329
1552,-674650.124
1553,-558821.657
1554,-508924.628
1555,-155691.405
1556,-49427.869
1557,-0.000
1558,-0.000
1559,-0.000
1560,-0.000
1561,-0.000
1562,-0.000
1563,-0.000
1564,-0.000
1565,-0.000
1566,-0.000
1567,-0.000
1568,-0.000
1569,-0.000
1570,-0.000
1571,-0.000
1572,-189889.882
1573,-394131.778
1574,-219676.251
1575,-213459.040
1576,-156856.679
1577,-164471.810
1578,-214067.890
1579,-45038.846
1580,-0.000
1581,-0.000
1582,-0.000
1583,-0.000
1584,-0.000
1585,-0.000
1586,-0.000
1587,-0.000
1588,-0.000
1589,-0.000
1590,-0.000
1591,-0.000
1592,-0.000
1593,-0.000
1594,-62190.919
1595,-373092.280
1596,-452709.922
1597,-563576.327
1598,-440414.702
1599,-426617.267
1600,-367507.058
1601,-322312.170
1602,-179022.628
1603,-1806.454
1604,-0.000
1605,-0.000
1606,-0.000
1607,-0.000
1608,-0.000
1609,-0.000
1610,-0.000
1611,-0.000
1612,-0.000
1613,-0.000
1614,-0.000
1615,-0.000
1616,-0.000
1617,-0.000
1618,-0.000
1619,-0.000
1620,-153644.507
1621,-199865.622
1622,-103558.585
1623,-119886.321
1624,-117318.353
1625,-57184.598
1626,-38420.264
1627,-0.000
1628,-0.000
1629,-0.000
1630,-0.000
1631,-0.000
1632,-0.000
1633,-0.000
1634,-0.000
1635,-0.000
1636,-0.000
1637,-0.000
1638,-0.000
1639,-0.000
1640,-0.000
1641,-0.000
1642,-0.000
1643,-0.000
1644,-0.000
1645,-0.000
1646,-237554.625
1647,-427958.407
1648,-756541.453
1649,-667919.638
1650,-596873.761
1651,-0.000
1652,-0.000
1653,-0.000
1654,-0.000
1655,-0.000
1656,-0.000
1657,-0.000
1658,-0.000
1659,-0.000
1660,-0.000
1661,-0.000
1662,-0.000
1663,-0.000
1664,-0.000
1665,-0.000
1666,-0.000
1667,-0.000
1668,-268994.345
1669,-552158.877
1670,-727238.925
1671,-846576.492
1672,-817789.450
1673,-695887.049
1674,-558807.700
1675,-152675.640
1676,-0.000
1677,-0.000
1678,-0.000
1679,-0.000
1680,-0.000
1681,-0.000
1682,-0.000
1683,-0.000
1684,-0.000
1685,-0.000
1686,-0.000
1687,-0.000
1688,-0.000
1689,-0.000
1690,-723671.761
1691,-1350774.070
1692,-1469143.349
1693,-1474687.026
1694,-1712802.894
1695,-1899464.082
1696,-1952388.866
1697,-1941902.645
1698,-1719367.306
1699,-675058.953
1700,-325501.546
1701,-0.000
1702,-0.000
1703,-0.000
1704,-0.000
1705,-0.000
1706,-0.000
1707,-0.000
1708,-0.000
1709,-0.000
1710,-0.000
1711,-0.000
1712,-0.000
1713,-122896.898
1714,-894616.591
1715,-1494903.120
1716,-1574703.041
1717,-1498488.898
1718,-1774652.364
1719,-1979503.296
1720,-2071243.145
1721,-2010293.104
1722,-1802421.055
1723,-705373.529
1724,-506852.992
1725,-0.000
1726,-0.000
1727,-0.000
1728,-0.000
1729,-0.000
1730,-0.000
1731,-0.000
1732,-0.000
1733,-0.000
1734,-0.000
1735,-140042.773
1736,-195584.201
1737,-781573.581
1738,-882706.640
1739,-915145.000
1740,-858397.487
1741,-871632.666
1742,-1022802.614
1743,-1047914.430
1744,-1099879.405
1745,-1095137.925
1746,-1016742.062
1747,-409192.627
1748,-318827.107
1749,-0.000
1750,-0.000
1751,-0.000
1752,-0.000
1753,-0.000
1754,-0.000
1755,-0.000
1756,-0.000
1757,-0.000
1758,-0.000
1759,-0.000
1760,-0.000
1761,-147359.295
1762,-440182.628
1763,-619786.272
1764,-748494.386
1765,-731971.947
1766,-837890.318
1767,-1047307.838
1768,-936789.107
1769,-889318.099
1770,-852842.216
1771,-351533.487
1772,-225125.634
1773,-0.000
1774,-0.000
1775,-0.000
1776,-0.000
1777,-0.000
1778,-0.000
1779,-0.000
1780,-0.000
1781,-0.000
1782,-0.000
1783,-0.000
1784,-0.000
1785,-261021.949
1786,-864440.478
1787,-1338123.433
1788,-1441081.415
1789,-1395453.906
1790,-1552721.002
1791,-1610010.081
1792,-1557497.558
1793,-1533549.917
1794,-1292306.651
1795,-559089.668
1796,-375780.324
1797,-0.000
1798,-0.000
1799,-0.000
1800,-0.000
1801,-0.000
1802,-0.000
1803,-0.000
1804,-0.000
1805,-0.000
1806,-0.000
1807,-0.000
1808,-0.000
1809,-29299.099
1810,-401880.357
1811,-603700.120
1812,-921912.018
1813,-1125894.947
1814,-1206924.710
1815,-1114285.329
1816,-1030817.277
1817,-873885.247
1818,-774909.073
1819,-0.000
1820,-0.000
1821,-0.000
1822,-0.000
1823,-0.000
1824,-0.000
1825,-0.000
1826,-0.000
1827,-0.000
1828,-0.000
1829,-0.000
1830,-0.000
1831,-0.000
1832,-0.000
1833,-0.000
1834,-0.000
1835,-0.000
1836,-22342.466
1837,-313552.042
1838,-391406.106
1839,-391828.118
1840,-361907.987
1841,-283867.091
1842,-162066.437
1843,-37545.287
1844,-0.000
1845,-0.000
1846,-0.000
1847,-0.000
1848,-0.000
1849,-0.000
1850,-0.000
1851,-0.000
1852,-0.000
1853,-0.000
1854,-0.000
1855,-149918.369
1856,-269409.073
1857,-1101294.912
1858,-1427059.476
1859,-1718090.550
1860,-1858715.496
1861,-1817031.850
1862,-2030133.378
1863,-2221894.011
1864,-2168279.380
1865,-2181067.410
1866,-2026697.389
1867,-918068.663
1868,-608534.544
1869,-0.000
1870,-0.000
1871,-0.000
1872,-0.000
1873,-0.000
1874,-0.000
1875,-0.000
1876,-0.000
1877,-0.000
1878,-0.000
1879,-1071685.728
1880,-574343.659
1881,-1605390.500
1882,-1850526.828
1883,-2032595.130
1884,-2108272.312
1885,-1960427.170
1886,-2194537.836
1887,-2209107.895
1888,-2127370.390
1889,-2056767.022
1890,-2058413.360
1891,-929182.008
1892,-703916.885
1893,-0.000
1894,-0.000
1895,-0.000
1896,-0.000
1897,-0.000
1898,-0.000
1899,-0.000
1900,-0.000
1901,-0.000
1902,-0.000
1903,-965234.500
1904,-599534.516
1905,-1721776.285
1906,-1947626.834
1907,-2129771.979
1908,-2293966.338
1909,-2150576.736
1910,-2582875.694
1911,-2764999.086
1912,-2733440.450
1913,-2722939.017
1914,-2490389.163
1915,-1112851.086
1916,-739683.716
1917,-0.000
1918,-0.000
1919,-106039.869
1920,-106716.152
1921,-70391.432
1922,-71407.647
1923,-85967.192
1924,-103644.208
1925,-95391.318
1926,-82698.267
1927,-1280604.459
1928,-675504.218
1929,-1935493.296
1930,-2166855.006
1931,-2323322.188
1932,-2341748.319
1933,-2058884.933
1934,-2098850.447
1935,-2175182.531
1936,-2113829.707
1937,-2028484.437
1938,-1885684.937
1939,-763601.172
1940,-578805.500
1941,-0.000
1942,-0.000
1943,-0.000
1944,-0.000
1945,-0.000
1946,-0.000
1947,-0.000
1948,-0.000
1949,-0.000
1950,-0.000
1951,-0.000
1952,-0.000
1953,-151929.998
1954,-494813.602
1955,-572963.694
1956,-543555.566
1957,-614277.356
1958,-578189.427
1959,-576947.195
1960,-412363.666
1961,-310640.505
1962,-313166.537
1963,-59507.080
1964,-0.000
1965,-0.000
1966,-0.000
1967,-0.000
1968,-0.000
1969,-0.000
1970,-0.000
1971,-0.000
1972,-0.000
1973,-0.000
1974,-0.000
1975,-0.000
1976,-0.000
1977,-0.000
1978,-0.000
1979,-0.000
1980,-26942.498
1981,-328675.699
1982,-432160.761
1983,-358934.396
1984,-298017.369
1985,-238094.682
1986,-112150.738
1987,-0.000
1988,-0.000
1989,-0.000
1990,-0.000
1991,-0.000
1992,-0.000
1993,-0.000
1994,-0.000
1995,-0.000
1996,-0.000
1997,-0.000
1998,-0.000
1999,-0.000
2000,-0.000
2001,-0.000
2002,-0.000
2003,-0.000
2004,-0.000
2005,-0.000
2006,-0.000
2007,-0.000
2008,-0.000
2009,-81067.842
2010,-111731.078
2011,-12722.812
2012,-0.000
2013,-0.000
2014,-0.000
2015,-0.000
2016,-0.000
2017,-0.000
2018,-0.000
2019,-0.000
2020,-0.000
2021,-0.000
2022,-0.000
2023,-0.000
2024,-0.000
2025,-793737.782
2026,-1008196.971
2027,-1251866.560
2028,-1387939.134
2029,-1496076.487
2030,-1821501.472
2031,-1873082.393
2032,-1718105.339
2033,-1601523.771
2034,-1587292.945
2035,-706626.400
2036,-544556.571
2037,-0.000
2038,-0.000
2039,-0.000
2040,-0.000
2041,-0.000
2042,-0.000
2043,-0.000
2044,-0.000
2045,-0.000
2046,-0.000
2047,-129808.929
2048,-284230.311
2049,-1064549.339
2050,-1234252.421
2051,-1483443.461
2052,-1638770.795
2053,-1625387.366
2054,-2026308.749
2055,-2158465.186
2056,-2152292.579
2057,-2167028.489
2058,-2078441.165
2059,-986251.366
2060,-665155.371
2061,-0.000
2062,-0.000
2063,-0.000
2064,-0.000
2065,-0.000
2066,-0.000
2067,-0.000
2068,-0.000
2069,-0.000
2070,-0.000
2071,-498452.641
2072,-478700.071
2073,-1444744.139
2074,-1625060.177
2075,-1899513.564
2076,-2081735.743
2077,-1964858.762
2078,-2214770.915
2079,-2260694.159
2080,-2270120.674
2081,-2228749.084
2082,-2119183.988
2083,-1002048.926
2084,-756709.478
2085,-0.000
2086,-0.000
2087,-33632.157
2088,-81141.449
2089,-29103.410
2090,-4715.111
2091,-0.000
2092,-0.000
2093,-0.000
2094,-0.000
2095,-1148434.156
2096,-563353.478
2097,-1499128.019
2098,-1577908.277
2099,-1688176.120
2100,-1902310.306
2101,-1810881.103
2102,-1997382.259
2103,-2051236.713
2104,-1890987.466
2105,-1953512.313
2106,-1810575.910
2107,-816417.748
2108,-613552.488
2109,-0.000
2110,-0.000
2111,-0.000
2112,-0.000
2113,-0.000
2114,-0.000
2115,-0.000
2116,-0.000
2117,-0.000
2118,-0.000
2119,-308801.523
2120,-368631.694
2121,-1296366.808
2122,-1513299.751
2123,-1657768.433
2124,-1885947.718
2125,-1893973.458
2126,-2080597.471
2127,-2106863.086
2128,-2178782.096
2129,-2239600.483
2130,-2137795.320
2131,-972792.444
2132,-700330.957
2133,-0.000
2134,-0.000
2135,-11751.845
2136,-61000.893
2137,-1147.127
2138,-0.000
2139,-0.000
2140,-0.000
2141,-0.000
2142,-0.000
2143,-0.000
2144,-0.000
2145,-1015830.009
2146,-1048393.134
2147,-1115667.781
2148,-1093682.865
2149,-1141318.702
2150,-1155316.704
2151,-1180265.232
2152,-1232110.583
2153,-997924.132
2154,-950453.470
2155,-0.000
2156,-0.000
2157,-0.000
2158,-0.000
2159,-0.000
2160,-0.000
2161,-0.000
2162,-0.000
2163,-0.000
2164,-0.000
2165,-0.000
2166,-0.000
2167,-0.000
2168,-0.000
2169,-0.000
2170,-0.000
2171,-0.000
2172,-0.000
2173,-0.000
2174,-0.000
2175,-139336.584
2176,-60780.819
2177,-1483.785
2178,-0.000
2179,-0.000
2180,-0.000
2181,-0.000
2182,-0.000
2183,-0.000
2184,-0.000
2185,-0.000
2186,-0.000
2187,-0.000
2188,-0.000
2189,-0.000
2190,-0.000
2191,-0.000
2192,-0.000
2193,-561016.328
2194,-917926.309
2195,-1187096.814
2196,-1486322.725
2197,-1542292.458
2198,-1762712.109
2199,-1843174.096
2200,-1727170.854
2201,-1622237.720
2202,-1606370.711
2203,-795454.679
2204,-496737.253
2205,-0.000
2206,-0.000
2207,-0.000
2208,-0.000
2209,-0.000
2210,-0.000
2211,-0.000
2212,-0.000
2213,-0.000
2214,-0.000
2215,-281455.297
2216,-336720.437
2217,-1097440.467
2218,-1207540.320
2219,-1452788.901
2220,-1748523.903
2221,-1788937.834
2222,-2081498.661
2223,-2227523.174
2224,-2188934.219
2225,-2179078.248
2226,-2079745.796
2227,-969447.587
2228,-627048.703
2229,-0.000
2230,-0.000
2231,-0.000
2232,-0.000
2233,-0.000
2234,-0.000
2235,-0.000
2236,-0.000
2237,-0.000
2238,-0.000
2239,-387139.591
2240,-353354.616
2241,-1111087.488
2242,-1250837.488
2243,-1411265.330
2244,-1519127.109
2245,-1439327.087
2246,-1610091.766
2247,-1628841.096
2248,-1552955.558
2249,-1597281.771
2250,-1660128.804
2251,-796330.049
2252,-489450.935
2253,-0.000
2254,-0.000
2255,-0.000
2256,-0.000
2257,-0.000
2258,-0.000
2259,-0.000
2260,-0.000
2261,-0.000
2262,-0.000
2263,-299897.288
2264,-314632.010
2265,-1129068.916
2266,-1397273.208
2267,-1702842.914
2268,-1795373.267
2269,-1732259.635
2270,-2024825.914
2271,-2141925.617
2272,-2097399.380
2273,-2249693.073
2274,-2141803.072
2275,-990527.711
2276,-595452.753
2277,-0.000
2278,-0.000
2279,-0.000
2280,-0.000
2281,-0.000
2282,-0.000
2283,-0.000
2284,-0.000
2285,-0.000
2286,-0.000
2287,-344670.018
2288,-407020.698
2289,-1499781.339
2290,-1743661.049
2291,-2057334.572
2292,-2168749.540
2293,-1965376.281
2294,-2382071.338
2295,-2579564.666
2296,-2544051.784
2297,-2591802.690
2298,-2503137.654
2299,-1165475.280
2300,-815510.822
2301,-0.000
2302,-0.000
2303,-122330.705
2304,-119285.558
2305,-68345.190
2306,-21854.484
2307,-0.000
2308,-0.000
2309,-0.000
2310,-0.000
2311,-0.000
2312,-0.000
2313,-1424148.727
2314,-1353875.585
2315,-1510175.250
2316,-1528704.645
2317,-1588314.824
2318,-1778625.380
2319,-1948929.917
2320,-2013655.321
2321,-1949481.164
2322,-1751677.835
2323,-193785.194
2324,-219377.983
2325,-222758.186
2326,-227444.079
2327,-210626.031
2328,-169827.195
2329,-102030.236
2330,-66383.413
2331,-33820.624
2332,-53708.851
2333,-69011.042
2334,-68251.583
2335,-103791.068
2336,-163645.272
2337,-321507.534
2338,-591286.995
2339,-784050.671
2340,-835689.117
2341,-857698.477
2342,-1072245.181
2343,-1174150.061
2344,-1122750.000
2345,-1015622.007
2346,-791541.164
2347,-506267.632
2348,-229023.851
2349,-202018.099
2350,-199504.806
2351,-194434.086
2352,-195112.380
2353,-209088.185
2354,-212606.631
2355,-213612.636
2356,-216862.090
2357,-207046.869
2358,-197324.974
2359,-1438127.966
2360,-826809.519
2361,-2150206.333
2362,-2327688.466
2363,-2501791.865
2364,-2540306.881
2365,-2288318.637
2366,-2634670.775
2367,-2688383.168
2368,-2553621.777
2369,-2506394.603
2370,-2470189.688
2371,-1194568.741
2372,-927961.415
2373,-0.000
2374,-126355.842
2375,-219636.830
2376,-218125.220
2377,-165403.192
2378,-133091.603
2379,-112147.857
2380,-109356.061
2381,-100831.841
2382,-109742.097
2383,-1403432.680
2384,-788602.620
2385,-2103557.497
2386,-2300061.580
2387,-2445386.835
2388,-2534700.361
2389,-2362132.688
2390,-2814909.825
2391,-2836474.147
2392,-2920696.249
2393,-2863173.932
2394,-2768305.536
2395,-1288083.913
2396,-983480.303
2397,-0.000
2398,-212977.705
2399,-250050.350
2400,-239631.133
2401,-195381.839
2402,-173760.770
2403,-147211.273
2404,-133055.070
2405,-119407.172
2406,-107657.628
2407,-1356502.349
2408,-774916.271
2409,-2128292.736
2410,-2349274.194
2411,-2393825.585
2412,-2406842.961
2413,-2227561.512
2414,-2476014.446
2415,-2507017.255
2416,-2376684.078
2417,-2158523.741
2418,-1972891.753
2419,-830717.692
2420,-609811.762
2421,-0.000
2422,-0.000
2423,-0.000
2424,-0.000
2425,-0.000
2426,-0.000
2427,-0.000
2428,-0.000
2429,-0.000
2430,-0.000
2431,-116326.621
2432,-175001.385
2433,-644295.448
2434,-783088.340
2435,-936477.899
2436,-1104674.534
2437,-1189753.967
2438,-1177365.969
2439,-1159577.235
2440,-1086592.729
2441,-1184156.072
2442,-1363167.429
2443,-598940.165
2444,-335604.916
2445,-0.000
2446,-0.000
2447,-0.000
2448,-0.000
2449,-0.000
2450,-0.000
2451,-0.000
2452,-0.000
2453,-0.000
2454,-0.000
2455,-96504.675
2456,-231513.665
2457,-944733.876
2458,-1084500.051
2459,-1188659.609
2460,-1282521.585
2461,-1278313.085
2462,-1391051.504
2463,-1443862.221
2464,-1609302.780
2465,-1501251.222
2466,-1328805.177
2467,-546626.946
2468,-464697.063
2469,-0.000
2470,-0.000
2471,-0.000
2472,-0.000
2473,-0.000
2474,-0.000
2475,-0.000
2476,-0.000
2477,-0.000
2478,-0.000
2479,-0.000
2480,-0.000
2481,-783286.361
2482,-857989.287
2483,-951407.877
2484,-873062.882
2485,-888777.053
2486,-886789.158
2487,-957344.719
2488,-1218253.845
2489,-930033.525
2490,-807448.598
2491,-0.000
2492,-0.000
2493,-0.000
2494,-0.000
2495,-0.000
2496,-0.000
2497,-0.000
2498,-0.000
2499,-0.000
2500,-0.000
2501,-0.000
2502,-0.000
2503,-0.000
2504,-0.000
2505,-0.000
2506,-0.000
2507,-0.000
2508,-0.000
2509,-65328.352
2510,-216143.976
2511,-242008.546
2512,-234651.218
2513,-200522.643
2514,-79924.671
2515,-0.000
2516,-0.000
2517,-0.000
2518,-0.000
2519,-0.000
2520,-0.000
2521,-0.000
2522,-0.000
2523,-0.000
2524,-0.000
2525,-0.000
2526,-0.000
2527,-0.000
2528,-61064.460
2529,-783205.724
2530,-868714.961
2531,-989039.302
2532,-1170012.985
2533,-1114421.974
2534,-1377991.359
2535,-1541689.583
2536,-1577821.596
2537,-1568002.352
2538,-1669325.231
2539,-763957.294
2540,-553615.128
2541,-0.000
2542,-0.000
2543,-0.000
2544,-0.000
2545,-0.000
2546,-0.000
2547,-0.000
2548,-0.000
2549,-0.000
2550,-0.000
2551,-73530.313
2552,-338061.988
2553,-1319697.719
2554,-1555276.736
2555,-1852499.359
2556,-1885144.301
2557,-1823638.559
2558,-2134762.887
2559,-2202449.382
2560,-2160351.545
2561,-1985704.333
2562,-1909103.754
2563,-945814.566
2564,-727737.840
2565,-0.000
2566,-0.000
2567,-71082.051
2568,-93872.475
2569,-32105.471
2570,-814.122
2571,-0.000
2572,-0.000
2573,-0.000
2574,-0.000
2575,-1003099.804
2576,-594137.742
2577,-1628252.714
2578,-1748355.523
2579,-1876128.812
2580,-1830502.162
2581,-1632626.265
2582,-1896847.989
2583,-1879894.826
2584,-1784153.025
2585,-1759213.186
2586,-1693576.988
2587,-753942.833
2588,-694269.114
2589,-0.000
2590,-0.000
2591,-0.000
2592,-0.000
2593,-0.000
2594,-0.000
2595,-0.000
2596,-0.000
2597,-0.000
2598,-0.000
2599,-987678.713
2600,-547046.236
2601,-1567316.536
2602,-1705687.340
2603,-1892031.802
2604,-1953969.593
2605,-1658534.808
2606,-1764073.352
2607,-1722740.363
2608,-1611944.168
2609,-1540921.176
2610,-1514667.470
2611,-670644.530
2612,-580444.488
2613,-0.000
2614,-0.000
2615,-0.000
2616,-0.000
2617,-0.000
2618,-0.000
2619,-0.000
2620,-0.000
2621,-0.000
2622,-0.000
2623,-499136.027
2624,-471962.976
2625,-1437087.668
2626,-1488908.744
2627,-1706888.987
2628,-1768138.896
2629,-1418261.612
2630,-1631928.735
2631,-1630692.092
2632,-1777029.412
2633,-1855157.196
2634,-1835698.397
2635,-833670.563
2636,-683008.288
2637,-0.000
2638,-0.000
2639,-0.000
2640,-0.000
2641,-0.000
2642,-0.000
2643,-0.000
2644,-0.000
2645,-0.000
2646,-0.000
2647,-0.000
2648,-0.000
2649,-1150219.762
2650,-1070592.781
2651,-1121872.343
2652,-1215120.074
2653,-1233500.131
2654,-1239824.424
2655,-1275404.290
2656,-1253030.611
2657,-1367004.481
2658,-1263019.943
2659,-0.000
2660,-73625.495
2661,-98090.945
2662,-131819.839
2663,-129912.517
2664,-125070.729
2665,-80823.971
2666,-67516.748
2667,-61454.157
2668,-60546.090
2669,-53012.947
2670,-52407.764
2671,-92213.210
2672,-167740.672
2673,-309187.937
2674,-589901.352
2675,-867499.797
2676,-909475.785
2677,-826487.019
2678,-855282.361
2679,-898373.028
2680,-918242.309
2681,-663967.803
2682,-335474.016
2683,-203335.840
2684,-149803.895
2685,-132802.179
2686,-119361.999
2687,-100928.309
2688,-75051.389
2689,-60149.761
2690,-43221.155
2691,-33253.526
2692,-35542.061
2693,-45667.875
2694,-62726.090
2695,-1468311.966
2696,-784889.907
2697,-2118933.037
2698,-2373840.579
2699,-2626517.821
2700,-2740858.577
2701,-2410197.480
2702,-2873559.809
2703,-2956531.984
2704,-2979383.973
2705,-2887966.435
2706,-2889462.749
2707,-1370777.015
2708,-970300.714
2709,-0.000
2710,-191326.712
2711,-244146.333
2712,-227779.350
2713,-164663.583
2714,-134861.119
2715,-129200.607
2716,-133973.656
2717,-148997.474
2718,-165880.548
2719,-1526053.136
2720,-891374.361
2721,-2307034.798
2722,-2460489.082
2723,-2642569.928
2724,-2755021.342
2725,-2461636.521
2726,-2889865.293
2727,-2973792.712
2728,-2907370.476
2729,-2836552.252
2730,-2809057.509
2731,-1431793.142
2732,-1004071.100
2733,-0.000
2734,-232263.314
2735,-273571.610
2736,-256968.179
2737,-190884.207
2738,-163413.723
2739,-145824.998
2740,-139416.112
2741,-131483.653
2742,-135769.754
2743,-1477176.830
2744,-918223.578
2745,-2359428.793
2746,-2494260.456
2747,-2684401.556
2748,-2729411.145
2749,-2410193.308
2750,-2885414.373
2751,-2982669.947
2752,-3034891.272
2753,-3080240.671
2754,-3126501.446
2755,-1428705.456
2756,-1006698.199
2757,-0.000
2758,-206098.976
2759,-256593.610
2760,-251533.749
2761,-199623.433
2762,-162782.818
2763,-125551.932
2764,-114595.338
2765,-103953.096
2766,-96451.464
2767,-1407064.901
2768,-832169.776
2769,-2108580.282
2770,-2230615.925
2771,-2372066.023
2772,-2432647.047
2773,-2155372.740
2774,-2560516.493
2775,-2512026.728
2776,-2408959.316
2777,-2414284.166
2778,-2445680.950
2779,-1099026.696
2780,-856459.700
2781,-0.000
2782,-10667.952
2783,-143439.974
2784,-133164.903
2785,-77828.411
2786,-41491.446
2787,-9100.050
2788,-0.000
2789,-0.000
2790,-0.000
2791,-1077505.756
2792,-609692.402
2793,-1622164.746
2794,-1770552.126
2795,-1888474.756
2796,-1981933.381
2797,-1615581.528
2798,-1800364.991
2799,-2025096.213
2800,-1756033.955
2801,-1510857.389
2802,-1413004.672
2803,-678978.215
2804,-612936.227
2805,-0.000
2806,-0.000
2807,-0.000
2808,-0.000
2809,-0.000
2810,-0.000
2811,-0.000
2812,-0.000
2813,-0.000
2814,-0.000
2815,-0.000
2816,-0.000
2817,-1076262.256
2818,-1068686.355
2819,-1184379.264
2820,-1243904.482
2821,-1298509.699
2822,-1404046.931
2823,-1572410.470
2824,-1480907.463
2825,-1465136.313
2826,-1466190.063
2827,-86176.616
2828,-155541.629
2829,-150706.796
2830,-146461.668
2831,-138684.689
2832,-119097.859
2833,-56158.670
2834,-10718.577
2835,-0.000
2836,-0.000
2837,-0.000
2838,-0.000
2839,-25659.266
2840,-128205.127
2841,-282234.446
2842,-494909.503
2843,-703287.486
2844,-834160.753
2845,-792594.471
2846,-857337.418
2847,-976479.575
2848,-1028602.413
2849,-950025.601
2850,-782062.970
2851,-507036.220
2852,-197334.097
2853,-180226.505
2854,-179104.543
2855,-162253.273
2856,-131103.895
2857,-103438.725
2858,-74752.087
2859,-70453.521
2860,-87384.613
2861,-82758.280
2862,-39592.885
2863,-1268819.015
2864,-646019.928
2865,-1770861.525
2866,-1797133.793
2867,-1729883.918
2868,-1729623.988
2869,-1453782.732
2870,-1696781.741
2871,-1771862.390
2872,-1977475.070
2873,-1990566.349
2874,-1886080.553
2875,-887155.384
2876,-672795.884
2877,-0.000
2878,-0.000
2879,-0.000
2880,-0.000
2881,-0.000
2882,-0.000
2883,-0.000
2884,-0.000
2885,-0.000
2886,-0.000
2887,-331369.420
2888,-375038.889
2889,-1128909.863
2890,-1344114.063
2891,-1557660.299
2892,-1658429.267
2893,-1640744.286
2894,-1960129.343
2895,-2032153.197
2896,-1951913.301
2897,-1726260.071
2898,-1631653.379
2899,-891117.777
2900,-551728.227
2901,-0.000
2902,-0.000
2903,-0.000
2904,-0.000
2905,-0.000
2906,-0.000
2907,-0.000
2908,-0.000
2909,-0.000
2910,-0.000
2911,-298088.843
2912,-276671.803
2913,-844249.759
2914,-956789.308
2915,-1124185.149
2916,-1246347.644
2917,-1264615.542
2918,-1402120.715
2919,-1381420.098
2920,-1266523.308
2921,-1174707.209
2922,-1136766.138
2923,-506321.817
2924,-394600.940
2925,-0.000
2926,-0.000
2927,-0.000
2928,-0.000
2929,-0.000
2930,-0.000
2931,-0.000
2932,-0.000
2933,-0.000
2934,-0.000
2935,-194981.009
2936,-338946.349
2937,-1142489.872
2938,-1352884.420
2939,-1546630.011
2940,-1620925.365
2941,-1636974.188
2942,-1913702.020
2943,-1966129.353
2944,-1838733.867
2945,-1852451.860
2946,-1823929.251
2947,-938885.381
2948,-568990.812
2949,-0.000
2950,-0.000
2951,-0.000
2952,-0.000
2953,-0.000
2954,-0.000
2955,-0.000
2956,-0.000
2957,-0.000
2958,-0.000
2959,-690834.001
2960,-434995.553
2961,-1216119.706
2962,-1330695.506
2963,-1455790.777
2964,-1621411.086
2965,-1541945.880
2966,-1658616.701
2967,-1657633.103
2968,-1487154.585
2969,-1344588.162
2970,-1244386.098
2971,-519776.893
2972,-300974.757
2973,-0.000
2974,-0.000
2975,-0.000
2976,-0.000
2977,-0.000
2978,-0.000
2979,-0.000
2980,-0.000
2981,-0.000
2982,-0.000
2983,-0.000
2984,-0.000
2985,-0.000
2986,-411860.814
2987,-606983.728
2988,-675441.528
2989,-692884.290
2990,-762963.393
2991,-708829.100
2992,-624719.458
2993,-544342.941
2994,-522374.377
2995,-0.000
2996,-0.000
2997,-0.000
2998,-0.000
2999,-0.000
3000,-0.000
3001,-0.000
3002,-0.000
3003,-0.000
3004,-0.000
3005,-0.000
3006,-0.000
3007,-0.000
3008,-0.000
3009,-0.000
3010,-0.000
3011,-0.000
3012,-0.000
3013,-0.000
3014,-110523.477
3015,-190515.989
3016,-220344.263
3017,-157008.373
3018,-10618.601
3019,-0.000
3020,-0.000
3021,-0.000
3022,-0.000
3023,-0.000
3024,-0.000
3025,-0.000
3026,-0.000
3027,-0.000
3028,-0.000
3029,-0.000
3030,-0.000
3031,-0.000
3032,-150105.599
3033,-966180.165
3034,-1078193.808
3035,-1100563.465
3036,-1191541.535
3037,-1156980.083
3038,-1281692.354
3039,-1287708.948
3040,-1254459.309
3041,-1214597.573
3042,-1200704.418
3043,-537900.711
3044,-414812.607
3045,-0.000
3046,-0.000
3047,-0.000
3048,-0.000
3049,-0.000
3050,-0.000
3051,-0.000
3052,-0.000
3053,-0.000
3054,-0.000
3055,-0.000
3056,-152504.153
3057,-966467.962
3058,-1098448.017
3059,-1147024.769
3060,-1150718.207
3061,-1106279.076
3062,-1262219.059
3063,-1203032.302
3064,-1096482.294
3065,-1097781.382
3066,-1068570.659
3067,-501029.385
3068,-418534.012
3069,-0.000
3070,-0.000
3071,-0.000
3072,-0.000
3073,-0.000
3074,-0.000
3075,-0.000
3076,-0.000
3077,-0.000
3078,-0.000
3079,-207993.784
3080,-357978.991
3081,-1226831.007
3082,-1425850.122
3083,-1608606.346
3084,-1753537.185
3085,-1666875.095
3086,-2023305.043
3087,-2090152.008
3088,-1986428.180
3089,-2013067.250
3090,-1946168.719
3091,-884758.135
3092,-677373.334
3093,-0.000
3094,-0.000
3095,-0.000
3096,-31850.956
3097,-6013.019
3098,-0.000
3099,-0.000
3100,-0.000
3101,-0.000
3102,-0.000
3103,-981304.804
3104,-613943.839
3105,-1654216.918
3106,-1801878.142
3107,-1975362.277
3108,-2064334.526
3109,-1885587.949
3110,-2282939.402
3111,-2338773.119
3112,-2347960.594
3113,-2338667.481
3114,-2281956.987
3115,-1147941.157
3116,-801022.169
3117,-0.000
3118,-0.000
3119,-105489.388
3120,-124290.163
3121,-59163.163
3122,-7197.306
3123,-0.000
3124,-0.000
3125,-0.000
3126,-0.000
3127,-1110271.805
3128,-786045.054
3129,-2069899.431
3130,-2216535.133
3131,-2396898.418
3132,-2408813.149
3133,-2142040.997
3134,-2540871.023
3135,-2626871.724
3136,-2740525.778
3137,-2787028.214
3138,-2902270.135
3139,-1533077.571
3140,-901911.375
3141,-0.000
3142,-113050.052
3143,-209825.584
3144,-193253.740
3145,-131642.854
3146,-97041.336
3147,-76550.635
3148,-63061.964
3149,-21780.181
3150,-0.000
3151,-33121.245
3152,-239933.145
3153,-1649904.244
3154,-1396628.898
3155,-1435868.542
3156,-1489904.606
3157,-1509032.674
3158,-1692280.832
3159,-1874671.960
3160,-2033610.379
3161,-2011253.152
3162,-2014697.511
3163,-474984.012
3164,-304106.629
3165,-265014.648
3166,-248367.727
3167,-226826.226
3168,-199085.837
3169,-141498.092
3170,-119400.012
3171,-110951.153
3172,-115607.289
3173,-117640.892
3174,-117344.774
3175,-148902.932
3176,-249524.002
3177,-416558.023
3178,-568085.781
3179,-740746.237
3180,-806459.444
3181,-767486.714
3182,-904581.859
3183,-1039855.659
3184,-1146844.768
3185,-1085297.474
3186,-1014936.152
3187,-757199.066
3188,-287203.315
3189,-256251.160
3190,-261239.642
3191,-247878.531
3192,-223620.931
3193,-210695.649
3194,-187565.361
3195,-171458.001
3196,-183935.640
3197,-191867.860
3198,-188983.670
3199,-1514605.796
3200,-914666.786
3201,-2327277.024
3202,-2462216.756
3203,-2540791.123
3204,-2584681.471
3205,-2307417.322
3206,-2791577.801
3207,-2934014.258
3208,-3013808.633
3209,-3098638.852
3210,-3144022.411
3211,-1609516.052
3212,-1091626.318
3213,-0.000
3214,-282205.062
3215,-319615.665
3216,-311674.792
3217,-249551.845
3218,-223803.653
3219,-219896.683
3220,-229220.737
3221,-230202.651
3222,-233745.365
3223,-1629947.216
3224,-1041788.475
3225,-2626432.337
3226,-2726006.758
3227,-2874154.975
3228,-2958488.187
3229,-2608480.068
3230,-2875014.703
3231,-2971081.450
3232,-2862277.173
3233,-2841431.801
3234,-2815876.014
3235,-1296967.860
3236,-1098694.036
3237,-0.000
3238,-233004.049
3239,-321292.508
3240,-362242.774
3241,-315174.736
3242,-300924.108
3243,-298681.095
3244,-290859.309
3245,-292827.928
3246,-294254.244
3247,-1382947.857
3248,-1118379.878
3249,-2891485.356
3250,-2982083.100
3251,-3191443.190
3252,-3261045.077
3253,-2802497.899
3254,-3324611.681
3255,-3402069.677
3256,-3504227.995
3257,-3520016.442
3258,-3292124.791
3259,-1501402.987
3260,-1213565.295
3261,-5270.604
3262,-346259.988
3263,-387662.979
3264,-378883.839
3265,-325622.454
3266,-310812.061
3267,-301697.724
3268,-299545.883
3269,-296499.224
3270,-296140.039
3271,-1397053.721
3272,-1119512.982
3273,-2784491.866
3274,-2936558.912
3275,-3139141.811
3276,-3197153.803
3277,-2699613.135
3278,-3179056.307
3279,-3324366.002
3280,-3468354.009
3281,-3417180.774
3282,-3208600.872
3283,-1469459.193
3284,-1097158.894
3285,-0.000
3286,-93482.960
3287,-237839.183
3288,-274576.777
3289,-224228.697
3290,-220446.879
3291,-229614.449
3292,-242644.364
3293,-241047.452
3294,-234203.313
3295,-1642860.803
3296,-982686.749
3297,-2567428.283
3298,-2721397.933
3299,-2918614.789
3300,-3062162.567
3301,-2751223.076
3302,-3373057.022
3303,-3489049.793
3304,-3524207.596
3305,-3504339.922
3306,-3593930.730
3307,-1844525.015
3308,-1294495.768
3309,-50290.311
3310,-442544.205
3311,-450098.834
3312,-436724.318
3313,-384147.855
3314,-383108.549
3315,-387050.276
3316,-391971.886
3317,-386387.156
3318,-377276.892
3319,-424056.422
3320,-588606.078
3321,-2328923.292
3322,-1994375.194
3323,-1994109.556
3324,-2041938.605
3325,-2054344.439
3326,-2164395.608
3327,-2238663.104
3328,-2269609.709
3329,-2344172.459
3330,-2392471.143
3331,-522927.332
3332,-499933.486
3333,-493388.270
3334,-491213.493
3335,-460755.975
3336,-433249.718
3337,-376516.416
3338,-355698.475
3339,-346349.183
3340,-311871.117
3341,-251690.302
3342,-231820.244
3343,-216843.702
3344,-212443.457
3345,-245979.283
3346,-337981.095
3347,-444083.122
3348,-555963.182
3349,-781569.751
3350,-923181.468
3351,-812560.390
3352,-776070.549
3353,-782566.706
3354,-716695.984
3355,-482661.204
3356,-208783.989
3357,-190163.351
3358,-189324.068
3359,-171323.947
3360,-144415.531
3361,-125044.004
3362,-111497.606
3363,-98672.948
3364,-81994.830
3365,-67970.858
3366,-59785.442
3367,-1188904.387
3368,-729577.166
3369,-1838792.445
3370,-1879644.586
3371,-1925290.078
3372,-2041050.722
3373,-1921057.284
3374,-2045749.358
3375,-2052414.097
3376,-2252606.632
3377,-2181850.707
3378,-2155866.851
3379,-993425.902
3380,-792334.755
3381,-0.000
3382,-0.000
3383,-63370.005
3384,-93857.353
3385,-40442.577
3386,-11463.404
3387,-0.000
3388,-0.000
3389,-0.000
3390,-0.000
3391,-1033489.426
3392,-580227.149
3393,-1628813.281
3394,-1802340.172
3395,-1992108.445
3396,-2075504.499
3397,-1822216.684
3398,-2058781.382
3399,-2125457.337
3400,-2331691.242
3401,-2259127.246
3402,-2108547.521
3403,-1031972.403
3404,-808628.130
3405,-0.000
3406,-0.000
3407,-46462.051
3408,-114408.644
3409,-76814.484
3410,-55404.146
3411,-48676.340
3412,-38133.894
3413,-0.000
3414,-0.000
3415,-1217941.297
3416,-645128.026
3417,-1742842.976
3418,-1818089.523
3419,-1959961.210
3420,-2180502.714
3421,-2053810.486
3422,-2286759.120
3423,-2374747.946
3424,-2426249.220
3425,-2233737.461
3426,-2173091.979
3427,-1009046.298
3428,-808819.280
3429,-0.000
3430,-0.000
3431,-75589.901
3432,-133730.879
3433,-95926.082
3434,-78781.041
3435,-70204.954
3436,-81928.819
3437,-76607.595
3438,-73192.502
3439,-1397210.462
3440,-742487.147
3441,-1937044.031
3442,-2010545.477
3443,-2078438.898
3444,-2336295.355
3445,-2125151.217
3446,-2558085.044
3447,-2447760.160
3448,-2417854.735
3449,-2620293.890
3450,-2611905.053
3451,-1347195.278
3452,-887293.256
3453,-0.000
3454,-7671.645
3455,-172576.012
3456,-191967.004
3457,-158060.691
3458,-151783.936
3459,-151832.854
3460,-151903.177
3461,-137178.703
3462,-108660.860
3463,-1348075.178
3464,-740105.025
3465,-2042362.226
3466,-2198612.905
3467,-2339538.405
3468,-2464810.973
3469,-2287599.943
3470,-2734818.619
3471,-2616498.919
3472,-2547087.109
3473,-2729573.296
3474,-2466534.415
3475,-1248890.285
3476,-976059.586
3477,-0.000
3478,-29425.659
3479,-192422.884
3480,-226429.655
3481,-186582.043
3482,-171266.692
3483,-159147.193
3484,-137189.202
3485,-122161.198
3486,-117077.307
3487,-139101.432
3488,-202624.795
3489,-1742956.892
3490,-1635829.288
3491,-1735946.457
3492,-1771073.027
3493,-1673723.429
3494,-1613304.000
3495,-1673418.196
3496,-1637404.743
3497,-1755524.512
3498,-1783026.606
3499,-183157.746
3500,-187227.534
3501,-191899.988
3502,-206845.001
3503,-221352.866
3504,-204909.639
3505,-131713.619
3506,-114528.446
3507,-113962.057
3508,-118483.969
3509,-113711.718
3510,-103148.869
3511,-113063.953
3512,-159300.664
3513,-278611.101
3514,-429501.771
3515,-478408.871
3516,-592721.461
3517,-624789.642
3518,-756380.699
3519,-832180.595
3520,-684718.074
3521,-688746.693
3522,-769917.666
3523,-651208.942
3524,-242039.307
3525,-197505.793
3526,-184325.371
3527,-174551.790
3528,-165720.928
3529,-146646.468
3530,-127971.065
3531,-136801.378
3532,-125904.206
3533,-88214.102
3534,-81904.551
3535,-1438328.607
3536,-797534.987
3537,-2102498.480
3538,-2239424.563
3539,-2302187.573
3540,-2335131.957
3541,-2102894.077
3542,-2640321.910
3543,-2857463.043
3544,-2689391.185
3545,-2588578.310
3546,-2456977.606
3547,-1185083.400
3548,-949947.234
3549,-0.000
3550,-36857.444
3551,-198121.013
3552,-209953.864
3553,-150815.022
3554,-131484.229
3555,-127461.595
3556,-128640.410
3557,-83160.373
3558,-43103.289
3559,-1361477.469
3560,-713181.607
3561,-1830977.768
3562,-1835320.372
3563,-1846957.638
3564,-1860913.096
3565,-1614003.108
3566,-1846800.715
3567,-1838831.810
3568,-1931638.179
3569,-1897218.613
3570,-1810618.083
3571,-826812.903
3572,-757225.025
3573,-0.000
3574,-0.000
3575,-0.000
3576,-49268.616
3577,-39156.858
3578,-20808.591
3579,-3520.686
3580,-707.975
3581,-0.000
3582,-0.000
3583,-1197021.023
3584,-690945.582
3585,-1761491.355
3586,-1802128.174
3587,-1869217.906
3588,-1957434.786
3589,-1653429.787
3590,-1957251.060
3591,-2003513.553
3592,-2073981.891
3593,-2001020.395
3594,-1955704.166
3595,-910429.352
3596,-803911.155
3597,-0.000
3598,-0.000
3599,-0.000
3600,-28811.142
3601,-60491.467
3602,-61338.078
3603,-59296.729
3604,-54997.451
3605,-41616.035
3606,-30094.927
3607,-1396239.988
3608,-795698.353
3609,-2059095.924
3610,-2196005.312
3611,-2368445.942
3612,-2432370.363
3613,-2148105.446
3614,-2489619.023
3615,-2553408.621
3616,-2657041.391
3617,-2698270.817
3618,-2719651.966
3619,-1287713.116
3620,-911499.365
3621,-0.000
3622,-0.000
3623,-108953.880
3624,-159209.556
3625,-104936.036
3626,-87159.979
3627,-65694.338
3628,-58467.426
3629,-59742.847
3630,-64358.947
3631,-1487481.901
3632,-825733.032
3633,-2239283.082
3634,-2344452.158
3635,-2511828.987
3636,-2655077.751
3637,-2333416.636
3638,-2564589.519
3639,-2567678.480
3640,-2647457.250
3641,-2444854.046
3642,-2548214.916
3643,-1399011.137
3644,-967597.328
3645,-0.000
3646,-0.000
3647,-153221.584
3648,-170133.200
3649,-118317.229
3650,-102034.140
3651,-95595.447
3652,-85151.587
3653,-76397.061
3654,-73907.695
3655,-106817.926
3656,-258111.464
3657,-1797585.352
3658,-1552672.992
3659,-1545802.868
3660,-1512047.691
3661,-1484827.766
3662,-1522137.014
3663,-1636046.342
3664,-1426682.860
3665,-1302248.081
3666,-1285120.249
3667,-20218.594
3668,-175410.165
3669,-185852.332
3670,-189313.208
3671,-188975.125
3672,-179599.102
3673,-130959.014
3674,-119095.378
3675,-104286.205
3676,-91663.152
3677,-90257.491
3678,-92840.418
3679,-105574.509
3680,-143322.529
3681,-223752.120
3682,-308976.048
3683,-521169.170
3684,-745798.885
3685,-782119.442
3686,-938685.985
3687,-1039043.709
3688,-1178623.533
3689,-1217828.994
3690,-1234865.312
3691,-779381.448
3692,-270563.425
3693,-242806.215
3694,-236411.481
3695,-215918.559
3696,-189533.066
3697,-178732.444
3698,-170616.151
3699,-165786.964
3700,-165346.433
3701,-156405.698
3702,-149075.310
3703,-1612892.348
3704,-1097123.301
3705,-2728330.309
3706,-2901812.465
3707,-2958834.236
3708,-2997259.832
3709,-2644660.454
3710,-3023674.698
3711,-2708994.556
3712,-2540606.047
3713,-2634772.481
3714,-2559453.371
3715,-1225784.721
3716,-863108.471
3717,-0.000
3718,-16424.353
3719,-180699.321
3720,-214003.621
3721,-180677.723
3722,-172489.518
3723,-144446.037
3724,-122431.828
3725,-119155.629
3726,-141123.649
3727,-1516630.005
3728,-869348.485
3729,-2253965.416
3730,-2510133.187
3731,-2768546.258
3732,-2936306.874
3733,-2648606.889
3734,-3134266.540
3735,-2933626.982
3736,-2608648.790
3737,-2506954.797
3738,-2561632.062
3739,-1364379.170
3740,-1004614.879
3741,-0.000
3742,-89979.364
3743,-229074.236
3744,-263048.182
3745,-216049.809
3746,-214547.349
3747,-223707.827
3748,-218228.761
3749,-223237.004
3750,-236497.763
3751,-1716953.703
3752,-1165938.927
3753,-2878563.047
3754,-3044368.717
3755,-3138641.567
3756,-3055049.734
3757,-2421126.306
3758,-2855976.387
3759,-2961375.219
3760,-3109779.878
3761,-3091633.659
3762,-3024013.058
3763,-1532696.448
3764,-1063849.108
3765,-0.000
3766,-224325.642
3767,-310856.787
3768,-320774.217
3769,-260743.107
3770,-243996.052
3771,-243567.348
3772,-248105.818
3773,-252299.861
3774,-255005.385
3775,-1337545.826
3776,-1098115.814
3777,-2877814.273
3778,-3024032.776
3779,-3218439.950
3780,-3269567.139
3781,-2707857.195
3782,-3124406.430
3783,-3251163.954
3784,-3411489.048
3785,-3423641.665
3786,-3411130.558
3787,-1684416.379
3788,-1188148.836
3789,-0.000
3790,-339307.015
3791,-373620.708
3792,-370967.546
3793,-310264.641
3794,-287763.922
3795,-280665.404
3796,-276931.224
3797,-264865.001
3798,-256546.884
3799,-1343159.574
3800,-1176975.562
3801,-2886375.428
3802,-2953720.624
3803,-2973347.713
3804,-2939051.605
3805,-2521960.136
3806,-3021795.915
3807,-3183039.834
3808,-3197004.086
3809,-3215016.246
3810,-3257071.094
3811,-1772391.566
3812,-1161697.462
3813,-22119.310
3814,-378734.971
3815,-397586.292
3816,-386582.177
3817,-329411.952
3818,-313412.965
3819,-309328.370
3820,-308703.506
3821,-296186.114
3822,-289205.500
3823,-349841.395
3824,-583599.397
3825,-2262826.357
3826,-1885434.700
3827,-1846629.390
3828,-1909343.462
3829,-1917590.988
3830,-2050565.732
3831,-2177044.901
3832,-2209442.363
3833,-2105007.942
3834,-1975719.344
3835,-423042.458
3836,-428552.134
3837,-440109.402
3838,-448673.813
3839,-432469.202
3840,-411766.291
3841,-358521.492
3842,-345089.746
3843,-338252.935
3844,-336082.942
3845,-326993.857
3846,-325520.057
3847,-360534.327
3848,-421065.822
3849,-502231.732
3850,-604084.983
3851,-814204.989
3852,-979954.354
3853,-993320.396
3854,-813737.821
3855,-728297.834
3856,-556799.308
3857,-351786.937
3858,-335341.235
3859,-390218.014
3860,-219778.910
3861,-197429.697
3862,-185759.488
3863,-180963.675
3864,-150094.224
3865,-132688.073
3866,-122345.249
3867,-113291.261
3868,-119265.462
3869,-117915.956
3870,-105859.702
3871,-1544161.903
3872,-844010.094
3873,-2150399.383
3874,-2164635.459
3875,-2257318.587
3876,-2313360.815
3877,-2081813.001
3878,-2648510.548
3879,-2771110.904
3880,-2882563.075
3881,-2728555.100
3882,-2613697.432
3883,-1086012.406
3884,-857520.857
3885,-0.000
3886,-0.000
3887,-108681.710
3888,-169435.886
3889,-126471.038
3890,-117830.358
3891,-119589.002
3892,-104615.076
3893,-87516.885
3894,-84176.621
3895,-1489526.880
3896,-857903.953
3897,-2257683.574
3898,-2422376.960
3899,-2643305.650
3900,-2857572.559
3901,-2494288.587
3902,-2999762.540
3903,-2890079.277
3904,-2882617.538
3905,-2995580.958
3906,-2940992.005
3907,-1257369.502
3908,-1018468.111
3909,-0.000
3910,-72218.650
3911,-225090.764
3912,-247361.227
3913,-195499.517
3914,-170699.933
3915,-167128.036
3916,-166729.426
3917,-159639.479
3918,-173071.865
3919,-1625854.884
3920,-960822.668
3921,-2409672.334
3922,-2407093.203
3923,-2637850.868
3924,-2886143.959
3925,-2642346.636
3926,-3197244.574
3927,-2971136.360
3928,-2879639.188
3929,-2680711.619
3930,-2546378.863
3931,-1138828.379
3932,-989308.283
3933,-0.000
3934,-110892.090
3935,-245472.716
3936,-247588.317
3937,-194765.583
3938,-176961.412
3939,-145526.630
3940,-113367.210
3941,-67156.807
3942,-27068.806
3943,-1329748.814
3944,-850333.164
3945,-1989738.708
3946,-2167281.439
3947,-2257848.311
3948,-2287587.185
3949,-2024005.648
3950,-2457155.415
3951,-2654153.105
3952,-2835927.073
3953,-2991902.054
3954,-3102924.815
3955,-1817430.510
3956,-878868.017
3957,-0.000
3958,-88713.326
3959,-155744.755
3960,-140266.698
3961,-92612.426
3962,-62529.209
3963,-38787.916
3964,-34161.367
3965,-5894.633
3966,-0.000
3967,-1177125.534
3968,-867193.391
3969,-2026370.573
3970,-2125718.054
3971,-2207434.764
3972,-2267858.920
3973,-2102546.495
3974,-2500896.064
3975,-2777067.422
3976,-2971654.724
3977,-3035801.944
3978,-3094032.706
3979,-1677690.337
3980,-969687.879
3981,-0.000
3982,-216483.262
3983,-260604.953
3984,-258325.711
3985,-209326.226
3986,-176382.801
3987,-158856.904
3988,-153973.474
3989,-134347.542
3990,-125771.585
3991,-184426.757
3992,-392698.212
3993,-1851222.971
3994,-1459672.387
3995,-1520383.192
3996,-1558735.053
3997,-1500768.985
3998,-1534909.648
3999,-1632182.940
4000,-1894238.564
4001,-1940442.093
4002,-1959876.903
4003,-620725.225
4004,-346099.492
4005,-315910.669
4006,-317964.622
4007,-300240.724
4008,-276308.834
4009,-221443.920
4010,-199041.852
4011,-183451.278
4012,-171707.818
4013,-155088.198
4014,-147100.652
4015,-197029.424
4016,-400844.218
4017,-602265.853
4018,-718927.163
4019,-748785.976
4020,-822589.582
4021,-786859.726
4022,-847594.233
4023,-955508.962
4024,-1102980.188
4025,-1046650.794
4026,-999486.193
4027,-812667.186
4028,-305479.575
4029,-289198.973
4030,-301754.204
4031,-293362.215
4032,-283260.208
4033,-282911.338
4034,-276831.522
4035,-276889.105
4036,-268288.782
4037,-244421.053
4038,-233288.621
4039,-1623589.141
4040,-1046301.528
4041,-2686955.549
4042,-2839221.590
4043,-2891470.288
4044,-2823794.204
4045,-2491001.915
4046,-2776043.289
4047,-2936049.491
4048,-2907268.218
4049,-2948505.607
4050,-2900835.754
4051,-1530722.979
4052,-1144325.143
4053,-0.000
4054,-295015.663
4055,-342486.243
4056,-340512.361
4057,-278037.573
4058,-258703.309
4059,-249695.511
4060,-247570.092
4061,-239653.478
4062,-231580.991
4063,-1352363.584
4064,-1134375.483
4065,-2891294.175
4066,-3020570.676
4067,-3061707.886
4068,-2991996.533
4069,-2603240.356
4070,-3030180.207
4071,-3241473.337
4072,-3356513.043
4073,-3201719.369
4074,-3094612.341
4075,-1505010.705
4076,-1210615.001
4077,-0.000
4078,-326262.150
4079,-391960.042
4080,-395956.203
4081,-342061.899
4082,-318386.505
4083,-313032.294
4084,-311194.458
4085,-298230.554
4086,-288571.948
4087,-1388786.806
4088,-1174759.402
4089,-2938519.468
4090,-3045501.322
4091,-3131581.988
4092,-3129793.991
4093,-2697261.357
4094,-3202748.426
4095,-3259790.018
4096,-3390178.616
4097,-3455766.724
4098,-3585103.159
4099,-1915546.328
4100,-1205158.812
4101,-24598.572
4102,-390021.689
4103,-412190.215
4104,-414499.193
4105,-362148.553
4106,-347782.077
4107,-348943.720
4108,-354747.017
4109,-346429.906
4110,-340201.921
4111,-1410998.364
4112,-1234692.855
4113,-3041498.266
4114,-3116955.374
4115,-3159942.993
4116,-3207214.595
4117,-2821645.580
4118,-3363202.607
4119,-3507495.035
4120,-3630281.112
4121,-3742423.436
4122,-3796573.656
4123,-2080566.588
4124,-1299418.263
4125,-70604.208
4126,-482828.133
4127,-495508.138
4128,-481738.805
4129,-421718.482
4130,-402675.247
4131,-401540.137
4132,-410519.609
4133,-411840.381
4134,-410550.409
4135,-1495033.784
4136,-1255816.556
4137,-3073314.423
4138,-3114032.020
4139,-3242706.558
4140,-3256282.079
4141,-2805708.051
4142,-3408120.664
4143,-3594738.344
4144,-3673169.060
4145,-3676812.895
4146,-3635197.301
4147,-1909705.020
4148,-1336867.584
4149,-65614.788
4150,-483490.494
4151,-498703.874
4152,-482730.478
4153,-423716.218
4154,-407023.409
4155,-402048.165
4156,-402131.866
4157,-384576.953
4158,-376172.150
4159,-404467.805
4160,-581149.437
4161,-2218406.247
4162,-1889312.467
4163,-1935275.659
4164,-1977218.732
4165,-1952403.433
4166,-2041646.641
4167,-2113837.990
4168,-2072252.014
4169,-1991873.203
4170,-1832447.369
4171,-289952.831
4172,-325346.565
4173,-353524.083
4174,-357338.508
4175,-355194.434
4176,-346132.219
4177,-289597.996
4178,-276647.574
4179,-267728.131
4180,-250240.900
4181,-234455.401
4182,-243096.847
4183,-222067.695
4184,-214583.044
4185,-225769.777
4186,-238824.664
4187,-277922.376
4188,-361392.051
4189,-377235.448
4190,-427292.330
4191,-561464.063
4192,-478899.878
4193,-493977.670
4194,-441355.518
4195,-290534.752
4196,-174345.665
4197,-148684.716
4198,-139308.240
4199,-135890.014
4200,-128189.154
4201,-125174.552
4202,-95759.280
4203,-73013.241
4204,-76838.437
4205,-84497.277
4206,-65700.733
4207,-1494799.156
4208,-859703.485
4209,-2199288.067
4210,-2346969.512
4211,-2344795.341
4212,-2507943.970
4213,-2221616.278
4214,-2804361.931
4215,-2756813.766
4216,-2764382.268
4217,-2786838.492
4218,-2938808.371
4219,-1449074.514
4220,-1066422.772
4221,-0.000
4222,-109823.972
4223,-232531.102
4224,-251509.601
4225,-194314.765
4226,-179230.399
4227,-182571.376
4228,-183872.625
4229,-177559.383
4230,-173685.851
4231,-1635164.380
4232,-987565.180
4233,-2484803.379
4234,-2560438.080
4235,-2654874.622
4236,-2801804.961
4237,-2489713.835
4238,-2994912.782
4239,-3083514.282
4240,-3204181.346
4241,-3246724.084
4242,-2991100.417
4243,-1437279.011
4244,-1168841.487
4245,-0.000
4246,-285925.982
4247,-352360.700
4248,-350171.553
4249,-283362.310
4250,-266967.554
4251,-258670.050
4252,-257428.185
4253,-257082.857
4254,-256086.693
4255,-1406237.190
4256,-1200780.753
4257,-2986144.125
4258,-3132978.062
4259,-3294240.469
4260,-3298728.740
4261,-2806716.240
4262,-3137713.739
4263,-3139262.180
4264,-3434349.861
4265,-3569339.703
4266,-3548219.015
4267,-1848984.667
4268,-1232749.420
4269,-2491.360
4270,-381588.222
4271,-422407.419
4272,-421061.401
4273,-365314.265
4274,-352724.834
4275,-350115.426
4276,-353344.015
4277,-342094.968
4278,-331139.059
4279,-1470545.344
4280,-1267686.137
4281,-3136357.075
4282,-3225531.684
4283,-3314216.849
4284,-3321410.744
4285,-2856604.285
4286,-3342912.540
4287,-3474171.867
4288,-3512391.043
4289,-3627403.364
4290,-3672681.874
4291,-1947378.699
4292,-1303159.112
4293,-47460.797
4294,-449349.854
4295,-484503.738
4296,-494743.243
4297,-440484.844
4298,-417667.610
4299,-406625.181
4300,-407729.928
4301,-390872.419
4302,-369013.164
4303,-1446181.008
4304,-1228602.608
4305,-3042201.368
4306,-3130949.131
4307,-3297711.610
4308,-3347692.631
4309,-2831559.668
4310,-3345259.010
4311,-3453051.990
4312,-3554130.643
4313,-3706117.946
4314,-3691487.758
4315,-1813935.064
4316,-1325939.722
4317,-56482.711
4318,-471615.038
4319,-484821.492
4320,-479125.228
4321,-433710.772
4322,-415086.237
4323,-403158.865
4324,-398845.490
4325,-375424.227
4326,-353943.439
4327,-407819.543
4328,-600677.908
4329,-2408469.987
4330,-2099530.686
4331,-2097676.733
4332,-2100919.080
4333,-2122282.530
4334,-2213847.013
4335,-2282071.581
4336,-2127055.516
4337,-1962905.360
4338,-2072829.685
4339,-558586.145
4340,-458820.527
4341,-426588.740
4342,-398368.477
4343,-388881.224
4344,-407128.952
4345,-356032.530
4346,-318962.641
4347,-300134.904
4348,-294967.859
4349,-283778.814
4350,-290308.583
4351,-319994.718
4352,-461933.658
4353,-601580.834
4354,-827089.236
4355,-961160.100
4356,-956627.908
4357,-928168.166
4358,-1053152.146
4359,-1051430.613
4360,-1251491.453
4361,-1423794.410
4362,-1243263.106
4363,-957699.928
4364,-407044.817
4365,-374791.568
4366,-393119.076
4367,-368467.740
4368,-338418.693
4369,-331138.398
4370,-321233.436
4371,-309694.949
4372,-294019.519
4373,-273743.338
4374,-261721.485
4375,-1360823.808
4376,-1197357.850
4377,-2943886.214
4378,-3058047.405
4379,-3111560.089
4380,-3015358.850
4381,-2623149.547
4382,-3174912.456
4383,-3204619.921
4384,-3225712.360
4385,-3047055.426
4386,-2998808.590
4387,-1558993.807
4388,-1115739.709
4389,-0.000
4390,-271322.678
4391,-329693.079
4392,-325586.680
4393,-264064.397
4394,-247074.473
4395,-239742.059
4396,-236308.647
4397,-206938.587
4398,-183823.453
4399,-1527523.892
4400,-861557.170
4401,-2302240.141
4402,-2527921.022
4403,-2734468.316
4404,-2653667.611
4405,-2234782.963
4406,-2762043.857
4407,-2730079.368
4408,-2586330.689
4409,-2602686.467
4410,-2719415.950
4411,-1288338.533
4412,-1039015.972
4413,-0.000
4414,-83717.373
4415,-235047.706
4416,-278779.202
4417,-234871.161
4418,-221619.417
4419,-221983.802
4420,-206154.389
4421,-189055.397
4422,-199585.213
4423,-1655226.430
4424,-1026567.375
4425,-2667007.509
4426,-2850662.114
4427,-2999647.414
4428,-3059669.787
4429,-2542786.311
4430,-2807437.360
4431,-3029515.823
4432,-3316725.090
4433,-3333956.605
4434,-3257983.611
4435,-1732088.425
4436,-1159473.502
4437,-0.000
4438,-309165.377
4439,-354821.518
4440,-352418.859
4441,-302894.478
4442,-290059.144
4443,-285429.227
4444,-289818.714
4445,-277135.858
4446,-263870.167
4447,-1328226.775
4448,-1129909.759
4449,-2883387.079
4450,-2968294.546
4451,-3000213.046
4452,-2969516.738
4453,-2590490.366
4454,-3066522.794
4455,-3146920.743
4456,-3154309.597
4457,-3099468.742
4458,-3308863.632
4459,-1730607.758
4460,-1207667.216
4461,-0.000
4462,-368452.614
4463,-398081.492
4464,-401233.304
4465,-348093.029
4466,-332334.816
4467,-326589.159
4468,-329011.106
4469,-322310.218
4470,-317089.134
4471,-1380867.491
4472,-1133413.754
4473,-2851552.575
4474,-2940854.036
4475,-3067022.215
4476,-3147008.938
4477,-2724169.169
4478,-3211092.506
4479,-3379950.419
4480,-3461667.868
4481,-3450701.454
4482,-3257920.732
4483,-1679963.683
4484,-1265774.444
4485,-45672.205
4486,-426441.986
4487,-440805.170
4488,-439246.242
4489,-384112.205
4490,-373410.744
4491,-365381.766
4492,-357534.686
4493,-351002.824
4494,-341574.605
4495,-373405.128
4496,-536804.063
4497,-2265722.106
4498,-1982544.871
4499,-2032956.327
4500,-2014900.987
4501,-1915755.338
4502,-1779282.012
4503,-1981289.641
4504,-2254108.648
4505,-2182002.628
4506,-1983191.202
4507,-412934.228
4508,-402846.048
4509,-415800.757
4510,-427276.552
4511,-430378.787
4512,-417547.342
4513,-354180.095
4514,-330502.610
4515,-324984.528
4516,-337746.621
4517,-340588.731
4518,-336393.768
4519,-370316.200
4520,-502468.445
4521,-742543.984
4522,-913572.954
4523,-860696.111
4524,-902863.780
4525,-883680.320
4526,-900829.492
4527,-1044749.064
4528,-1072834.976
4529,-975581.777
4530,-775872.842
4531,-686586.854
4532,-409876.850
4533,-385768.072
4534,-383346.428
4535,-373325.456
4536,-365476.432
4537,-367257.280
4538,-369256.353
4539,-368615.230
4540,-371573.287
4541,-348492.689
4542,-340696.990
4543,-1373534.830
4544,-1049929.098
4545,-2685837.131
4546,-2839789.036
4547,-3004489.257
4548,-3134025.549
4549,-2704492.894
4550,-3234252.416
4551,-3300095.145
4552,-3349968.138
4553,-3292509.475
4554,-2969506.839
4555,-1348430.869
4556,-1140588.106
4557,-0.000
4558,-280194.701
4559,-333066.835
4560,-321854.061
4561,-263618.093
4562,-238062.680
4563,-239811.974
4564,-225988.270
4565,-188873.042
4566,-171587.190
4567,-1535533.874
4568,-871802.268
4569,-2217918.282
4570,-2239053.351
4571,-2224808.300
4572,-2251894.346
4573,-1930501.327
4574,-2214359.924
4575,-2242730.314
4576,-2150723.099
4577,-2125879.389
4578,-2168749.413
4579,-1018397.156
4580,-919416.232
4581,-0.000
4582,-0.000
4583,-147523.987
4584,-181718.407
4585,-148184.486
4586,-142990.021
4587,-143113.395
4588,-139638.376
4589,-135418.289
4590,-136120.785
4591,-1558809.005
4592,-853166.242
4593,-2262038.505
4594,-2460576.377
4595,-2629592.629
4596,-2747061.978
4597,-2420829.098
4598,-2910490.682
4599,-2907135.284
4600,-3050749.533
4601,-2943489.867
4602,-2878834.895
4603,-1367123.901
4604,-957631.609
4605,-0.000
4606,-46194.099
4607,-214586.892
4608,-248524.792
4609,-211204.679
4610,-201585.254
4611,-196935.013
4612,-201575.395
4613,-211844.322
4614,-220900.565
4615,-1667210.757
4616,-1039255.220
4617,-2706327.007
4618,-2884306.255
4619,-3052164.421
4620,-3045251.058
4621,-2559557.224
4622,-3040807.436
4623,-2975367.392
4624,-3070047.200
4625,-3082829.406
4626,-2939443.575
4627,-1388591.167
4628,-1165578.121
4629,-0.000
4630,-288058.658
4631,-359672.037
4632,-370503.742
4633,-318150.263
4634,-305048.684
4635,-301243.735
4636,-302766.205
4637,-301948.143
4638,-302586.266
4639,-1346302.726
4640,-1079160.922
4641,-2815502.203
4642,-2909471.363
4643,-3008206.124
4644,-3088586.033
4645,-2715507.611
4646,-3191720.044
4647,-3301302.368
4648,-3323579.209
4649,-3181602.511
4650,-2919397.714
4651,-1431476.035
4652,-1221112.059
4653,-0.000
4654,-340244.509
4655,-393322.244
4656,-399628.175
4657,-354390.592
4658,-342435.803
4659,-341488.902
4660,-339753.725
4661,-317574.506
4662,-309411.524
4663,-327211.987
4664,-417179.809
4665,-2051383.911
4666,-1815755.869
4667,-1913520.516
4668,-1888361.551
4669,-1901051.834
4670,-1914485.799
4671,-1905711.153
4672,-1956496.409
4673,-1949537.836
4674,-1988070.647
4675,-477922.384
4676,-346510.500
4677,-317579.283
4678,-333376.835
4679,-328233.157
4680,-317898.637
4681,-262189.208
4682,-253833.643
4683,-252601.488
4684,-251270.793
4685,-248701.138
4686,-248871.633
4687,-293287.271
4688,-480206.428
4689,-746853.217
4690,-904049.094
4691,-961520.491
4692,-963807.907
4693,-896730.401
4694,-986900.424
4695,-884904.302
4696,-960439.558
4697,-1170544.564
4698,-1367313.722
4699,-1182193.997
4700,-379813.997
4701,-337015.238
4702,-343610.216
4703,-333969.919
4704,-318768.501
4705,-314288.846
4706,-299326.707
4707,-288783.283
4708,-289259.275
4709,-271475.478
4710,-262858.574
4711,-1352039.416
4712,-1154163.792
4713,-2931137.982
4714,-2984833.161
4715,-3016891.730
4716,-2984508.837
4717,-2600530.806
4718,-3140302.223
4719,-3250808.155
4720,-3356692.635
4721,-3510217.753
4722,-3582861.965
4723,-2067087.272
4724,-1274762.594
4725,-52294.520
4726,-433881.438
4727,-434353.306
4728,-407271.188
4729,-342640.760
4730,-317302.526
4731,-302588.181
4732,-301648.370
4733,-282761.724
4734,-265392.626
4735,-1334464.296
4736,-1163933.757
4737,-2948112.982
4738,-3087686.550
4739,-3248867.093
4740,-3228307.406
4741,-2743839.356
4742,-3305438.371
4743,-3443846.210
4744,-3569402.603
4745,-3739322.331
4746,-3797856.761
4747,-2112110.068
4748,-1289835.679
4749,-58527.989
4750,-464477.256
4751,-474911.726
4752,-461089.855
4753,-418270.771
4754,-406777.815
4755,-395437.754
4756,-391368.404
4757,-383210.073
4758,-376739.424
4759,-1484194.575
4760,-1267711.363
4761,-3100619.566
4762,-3241625.204
4763,-3393425.419
4764,-3408544.460
4765,-2911947.148
4766,-3479655.297
4767,-3597490.497
4768,-3621954.963
4769,-3680682.269
4770,-3732624.906
4771,-1768797.920
4772,-1213803.651
4773,-0.000
4774,-389253.213
4775,-383909.133
4776,-358564.772
4777,-311150.940
4778,-294897.209
4779,-285263.787
4780,-286585.123
4781,-282929.227
4782,-284044.463
4783,-1397925.815
4784,-1219729.975
4785,-3141656.308
4786,-3220601.311
4787,-3293308.433
4788,-3341063.205
4789,-2878757.609
4790,-3281778.307
4791,-3328114.661
4792,-3203837.362
4793,-3102707.459
4794,-2845617.818
4795,-1242429.218
4796,-1039609.525
4797,-0.000
4798,-142105.656
4799,-286603.172
4800,-301777.273
4801,-253476.859
4802,-251523.174
4803,-257015.316
4804,-257700.582
4805,-259172.528
4806,-248293.834
4807,-1667886.970
4808,-1110928.842
4809,-2838047.627
4810,-2971667.425
4811,-3221995.599
4812,-3291878.702
4813,-2653030.797
4814,-3110286.596
4815,-3245399.822
4816,-3205401.712
4817,-2798901.304
4818,-2626885.316
4819,-1273347.764
4820,-1019879.418
4821,-0.000
4822,-113209.096
4823,-263510.445
4824,-287879.130
4825,-239686.547
4826,-231554.930
4827,-226977.509
4828,-221847.466
4829,-218085.407
4830,-217991.539
4831,-263848.755
4832,-450798.297
4833,-2204576.428
4834,-1887629.281
4835,-1822535.964
4836,-1819444.749
4837,-1722718.050
4838,-1721733.891
4839,-1658377.084
4840,-1810279.967
4841,-1798875.178
4842,-1707394.373
4843,-249391.131
4844,-266430.803
4845,-281336.176
4846,-278704.204
4847,-274628.764
4848,-270417.031
4849,-214152.180
4850,-193988.412
4851,-185443.364
4852,-189187.824
4853,-191354.954
4854,-194148.785
4855,-185540.922
4856,-239839.113
4857,-422651.466
4858,-700125.883
4859,-723424.412
4860,-781869.559
4861,-755669.914
4862,-749748.457
4863,-764936.440
4864,-704522.392
4865,-724197.236
4866,-550427.020
4867,-399849.302
4868,-257678.485
4869,-195943.100
4870,-194925.164
4871,-212392.549
4872,-199237.866
4873,-186222.231
4874,-161253.184
4875,-133058.388
4876,-133070.015
4877,-128641.043
4878,-119465.052
4879,-1524160.672
4880,-926467.744
4881,-2461806.079
4882,-2667474.901
4883,-2859511.501
4884,-3030031.300
4885,-2615247.883
4886,-2938406.428
4887,-2749031.152
4888,-2725641.872
4889,-3035246.469
4890,-3019463.392
4891,-1630885.954
4892,-1061622.118
4893,-0.000
4894,-239845.426
4895,-289689.875
4896,-293173.448
4897,-239587.831
4898,-222192.224
4899,-219392.981
4900,-220265.845
4901,-213452.978
4902,-207180.848
4903,-1620774.423
4904,-1037863.196
4905,-2631201.191
4906,-2806980.585
4907,-3083302.022
4908,-3201744.589
4909,-2680361.638
4910,-2925923.758
4911,-3060990.060
4912,-3195875.839
4913,-3279858.828
4914,-3114338.658
4915,-1591543.829
4916,-1139556.675
4917,-0.000
4918,-298899.889
4919,-354289.056
4920,-353930.968
4921,-300227.732
4922,-285723.552
4923,-268985.898
4924,-262192.184
4925,-253687.763
4926,-246229.854
4927,-1661195.659
4928,-1123285.154
4929,-2838430.490
4930,-2916196.915
4931,-2967956.321
4932,-2921274.939
4933,-2489513.557
4934,-2902694.245
4935,-3095540.997
4936,-3275089.100
4937,-3383487.319
4938,-3425720.278
4939,-1871535.564
4940,-1207872.816
4941,-27574.266
4942,-388432.514
4943,-404258.545
4944,-395134.092
4945,-337495.566
4946,-311574.434
4947,-296704.274
4948,-295195.626
4949,-277224.199
4950,-265391.470
4951,-1344234.985
4952,-1157543.893
4953,-2896861.300
4954,-2970274.477
4955,-2997968.568
4956,-2994265.599
4957,-2575144.510
4958,-3055666.161
4959,-3165098.015
4960,-3306412.595
4961,-3428123.019
4962,-3446101.140
4963,-1893652.341
4964,-1224325.794
4965,-51488.009
4966,-429599.028
4967,-442791.050
4968,-436586.280
4969,-380370.624
4970,-353326.377
4971,-336813.860
4972,-330251.404
4973,-311128.048
4974,-295315.625
4975,-1357271.761
4976,-1129880.512
4977,-2867650.940
4978,-3007573.630
4979,-3083104.107
4980,-3073234.643
4981,-2653604.393
4982,-3110131.905
4983,-3259931.565
4984,-3349866.595
4985,-3356063.535
4986,-3368176.736
4987,-1780351.900
4988,-1233786.451
4989,-56585.409
4990,-443728.118
4991,-455760.962
4992,-447434.321
4993,-397022.085
4994,-373166.962
4995,-358744.176
4996,-361468.130
4997,-354454.730
4998,-342688.417
4999,-377102.899
5000,-510372.622
5001,-2217556.285
5002,-1943148.599
5003,-2028043.355
5004,-2000979.140
5005,-1810258.618
5006,-1736358.733
5007,-1684761.491
5008,-1667303.816
5009,-1738843.702
5010,-1739349.024
5011,-334149.446
5012,-335385.340
5013,-339652.721
5014,-334623.403
5015,-313637.519
5016,-304080.424
5017,-255434.126
5018,-239811.605
5019,-243408.517
5020,-243019.934
5021,-224942.041
5022,-211798.472
5023,-249437.171
5024,-395933.081
5025,-663350.394
5026,-812659.713
5027,-909786.074
5028,-933845.130
5029,-927313.804
5030,-955228.809
5031,-1106688.517
5032,-953861.153
5033,-870546.084
5034,-640835.606
5035,-534472.885
5036,-251035.997
5037,-204443.143
5038,-232379.595
5039,-238978.941
5040,-225523.731
5041,-216249.665
5042,-209736.073
5043,-211697.097
5044,-219285.432
5045,-220845.126
5046,-220362.688
5047,-1571704.336
5048,-954469.950
5049,-2423223.619
5050,-2561896.421
5051,-2716872.775
5052,-2799576.283
5053,-2524559.791
5054,-2795360.242
5055,-2733585.835
5056,-2827516.364
5057,-2872831.075
5058,-2961506.041
5059,-1528499.199
5060,-1058514.795
5061,-0.000
5062,-214347.486
5063,-301566.512
5064,-312983.951
5065,-260961.280
5066,-240123.467
5067,-232874.360
5068,-235987.544
5069,-237141.894
5070,-234549.689
5071,-1203140.273
5072,-953552.353
5073,-2435626.862
5074,-2582751.831
5075,-2670466.695
5076,-2550327.612
5077,-2129365.402
5078,-2565408.046
5079,-2646551.308
5080,-2411304.923
5081,-2289340.770
5082,-2246928.749
5083,-1028171.062
5084,-890731.368
5085,-0.000
5086,-0.000
5087,-138816.238
5088,-169331.064
5089,-114622.608
5090,-91683.233
5091,-80183.512
5092,-80064.140
5093,-109921.715
5094,-88934.712
5095,-1484550.579
5096,-842367.201
5097,-2175096.975
5098,-2262378.369
5099,-2219789.935
5100,-2225575.945
5101,-1968629.946
5102,-2177620.080
5103,-2175709.102
5104,-2179808.644
5105,-2177346.856
5106,-2119446.335
5107,-956485.970
5108,-873663.480
5109,-0.000
5110,-0.000
5111,-166735.616
5112,-200623.074
5113,-162591.893
5114,-159610.157
5115,-163133.489
5116,-152567.722
5117,-116348.514
5118,-127141.109
5119,-1504426.074
5120,-832797.789
5121,-2181801.228
5122,-2268068.497
5123,-2387425.061
5124,-2468375.500
5125,-2134542.626
5126,-2525111.560
5127,-2587768.510
5128,-2670231.520
5129,-2628717.663
5130,-2748147.490
5131,-1334185.763
5132,-1004289.738
5133,-0.000
5134,-93872.697
5135,-224228.911
5136,-240876.678
5137,-189165.852
5138,-177743.891
5139,-176008.932
5140,-178556.398
5141,-174112.494
5142,-165321.489
5143,-1494149.916
5144,-871799.689
5145,-2288445.666
5146,-2460760.100
5147,-2605153.392
5148,-2583409.185
5149,-2275260.086
5150,-2681223.207
5151,-2598755.917
5152,-2466178.022
5153,-2374779.937
5154,-2327470.745
5155,-1252841.738
5156,-927107.360
5157,-0.000
5158,-0.000
5159,-174080.581
5160,-195494.237
5161,-150452.522
5162,-131423.868
5163,-123029.637
5164,-120087.755
5165,-108817.507
5166,-98908.535
5167,-131629.768
5168,-264400.301
5169,-1912772.253
5170,-1719919.788
5171,-1749576.840
5172,-1731447.553
5173,-1749439.521
5174,-1769451.611
5175,-1913621.095
5176,-1945125.470
5177,-2010847.465
5178,-2125312.594
5179,-700295.340
5180,-346435.895
5181,-319233.696
5182,-320724.848
5183,-304615.582
5184,-282850.297
5185,-227821.715
5186,-196668.852
5187,-195113.231
5188,-195639.065
5189,-159241.225
5190,-133171.302
5191,-179216.067
5192,-386179.349
5193,-709290.185
5194,-872017.531
5195,-952975.815
5196,-919284.376
5197,-873398.897
5198,-1029850.297
5199,-1228608.592
5200,-1294134.417
5201,-1347342.015
5202,-1476167.965
5203,-1111757.714
5204,-425109.167
5205,-381752.849
5206,-397629.100
5207,-377428.799
5208,-335658.355
5209,-339980.464
5210,-321996.690
5211,-310760.917
5212,-320931.256
5213,-309451.888
5214,-292397.636
5215,-1342372.506
5216,-1089853.038
5217,-2782672.121
5218,-2886092.139
5219,-3006695.712
5220,-3084650.458
5221,-2672726.002
5222,-3199878.015
5223,-3370501.240
5224,-3461209.562
5225,-3658459.377
5226,-3747675.521
5227,-1818355.505
5228,-1159251.687
5229,-0.000
5230,-352124.466
5231,-358090.150
5232,-334575.242
5233,-266606.751
5234,-242635.415
5235,-232345.342
5236,-244870.086
5237,-231181.830
5238,-222778.544
5239,-1572477.436
5240,-1024914.123
5241,-2623124.065
5242,-2738441.947
5243,-2899458.565
5244,-3038380.166
5245,-2653513.998
5246,-3221544.792
5247,-3391500.222
5248,-3539365.080
5249,-3595384.452
5250,-3407664.673
5251,-1595423.932
5252,-1206096.720
5253,-0.000
5254,-298622.577
5255,-349795.570
5256,-317826.586
5257,-235883.297
5258,-238137.294
5259,-216111.426
5260,-217105.307
5261,-205713.335
5262,-184055.413
5263,-1540382.721
5264,-1000479.039
5265,-2603802.948
5266,-2731256.634
5267,-2915994.138
5268,-3066948.299
5269,-2711591.273
5270,-3347353.061
5271,-3534187.625
5272,-3642362.998
5273,-3705442.060
5274,-3722885.101
5275,-2048877.226
5276,-1284518.248
5277,-53126.565
5278,-450456.608
5279,-446337.735
5280,-429399.359
5281,-375990.983
5282,-354167.900
5283,-343684.883
5284,-344279.490
5285,-330625.164
5286,-323360.889
5287,-1373780.340
5288,-1159830.716
5289,-2926234.631
5290,-3088101.632
5291,-3275927.145
5292,-3325424.756
5293,-2899531.861
5294,-3446359.821
5295,-3515431.808
5296,-3637261.425
5297,-3697974.167
5298,-3794533.801
5299,-1981763.675
5300,-1390085.541
5301,-154693.662
5302,-500730.209
5303,-543953.985
5304,-523987.421
5305,-461874.608
5306,-439876.788
5307,-434241.056
5308,-433811.608
5309,-419820.834
5310,-412365.483
5311,-1499686.728
5312,-1208154.182
5313,-3063629.346
5314,-3248628.929
5315,-3448411.102
5316,-3513338.212
5317,-3039856.070
5318,-3590831.666
5319,-3680193.306
5320,-3686610.349
5321,-3703987.102
5322,-3762382.743
5323,-1941855.456
5324,-1340947.337
5325,-81646.313
5326,-500029.610
5327,-513680.960
5328,-501019.226
5329,-438865.290
5330,-421999.184
5331,-412664.921
5332,-406619.325
5333,-384060.624
5334,-360083.170
5335,-389519.392
5336,-528326.366
5337,-2246187.508
5338,-1910205.268
5339,-1917254.756
5340,-1890741.998
5341,-2002607.350
5342,-2142176.081
5343,-2334731.312
5344,-2382373.240
5345,-2264850.975
5346,-2279644.566
5347,-451413.813
5348,-456652.690
5349,-474646.420
5350,-493390.208
5351,-471753.351
5352,-448428.377
5353,-388789.679
5354,-370382.548
5355,-367173.144
5356,-367508.508
5357,-345775.308
5358,-309123.338
5359,-318117.621
5360,-392906.347
5361,-595866.043
5362,-752422.162
5363,-897361.257
5364,-1003790.721
5365,-1057811.089
5366,-1144622.816
5367,-1274248.177
5368,-1325096.779
5369,-1346436.942
5370,-1058913.579
5371,-627824.910
5372,-342822.134
5373,-337338.423
5374,-334676.194
5375,-318867.203
5376,-306758.625
5377,-310699.663
5378,-306203.694
5379,-298612.814
5380,-292223.912
5381,-273564.248
5382,-261830.712
5383,-1323001.692
5384,-1044334.689
5385,-2703017.697
5386,-2832971.445
5387,-3045085.351
5388,-3060651.816
5389,-2719906.284
5390,-3383199.804
5391,-3574987.688
5392,-3631249.148
5393,-3586638.673
5394,-3460967.429
5395,-1706152.679
5396,-1169662.848
5397,-0.000
5398,-337368.250
5399,-370029.407
5400,-369378.253
5401,-328586.673
5402,-313549.530
5403,-300100.358
5404,-293073.221
5405,-271938.094
5406,-266134.717
5407,-1312638.761
5408,-1038956.582
5409,-2689943.216
5410,-2884353.236
5411,-3135331.788
5412,-3286073.832
5413,-2850511.915
5414,-3415864.730
5415,-3540660.366
5416,-3616557.526
5417,-3521561.753
5418,-3541478.429
5419,-1724629.804
5420,-1208429.733
5421,-16632.118
5422,-393597.141
5423,-402206.398
5424,-366427.799
5425,-304937.198
5426,-277640.611
5427,-269891.646
5428,-262703.529
5429,-248582.057
5430,-232561.893
5431,-1620752.069
5432,-1050013.056
5433,-2673648.768
5434,-2811312.613
5435,-2949752.009
5436,-2998709.175
5437,-2678773.060
5438,-3311071.283
5439,-3564177.055
5440,-3644231.232
5441,-3577552.845
5442,-3494202.671
5443,-1612466.315
5444,-1071210.119
5445,-0.000
5446,-291749.554
5447,-345053.493
5448,-351060.720
5449,-297868.250
5450,-284344.398
5451,-268682.314
5452,-259483.220
5453,-249279.127
5454,-240826.948
5455,-1292653.651
5456,-1057006.137
5457,-2725067.396
5458,-2856233.756
5459,-3071736.571
5460,-3155491.689
5461,-2734416.561
5462,-3319565.749
5463,-3540919.503
5464,-3531508.736
5465,-3161408.966
5466,-2971595.542
5467,-1474780.883
5468,-1033675.039
5469,-0.000
5470,-202253.678
5471,-289943.485
5472,-301254.353
5473,-247706.811
5474,-230123.054
5475,-220731.222
5476,-220839.807
5477,-227286.592
5478,-221920.613
5479,-1589037.397
5480,-1007493.131
5481,-2676968.064
5482,-2827748.938
5483,-2910190.307
5484,-2907691.333
5485,-2399692.692
5486,-2782663.472
5487,-2825059.176
5488,-2826987.555
5489,-2495097.918
5490,-2288721.322
5491,-1102147.306
5492,-967354.213
5493,-0.000
5494,-55062.389
5495,-220611.355
5496,-256540.681
5497,-215572.340
5498,-206126.208
5499,-201585.367
5500,-201103.194
5501,-200519.812
5502,-195194.609
5503,-210598.774
5504,-275386.850
5505,-1743030.989
5506,-1489176.020
5507,-1583883.036
5508,-1568634.558
5509,-1589914.902
5510,-1641516.926
5511,-1658967.975
5512,-1388899.841
5513,-1352526.565
5514,-1372110.129
5515,-0.000
5516,-201588.664
5517,-252569.387
5518,-261969.815
5519,-263450.438
5520,-253889.711
5521,-188174.780
5522,-178971.041
5523,-173646.053
5524,-175436.156
5525,-177696.701
5526,-177270.121
5527,-186871.586
5528,-288665.583
5529,-577737.691
5530,-885395.854
5531,-1018040.286
5532,-957239.102
5533,-911058.807
5534,-989520.777
5535,-1187322.261
5536,-1274234.275
5537,-1267399.285
5538,-1186989.598
5539,-747527.472
5540,-302574.315
5541,-300758.968
5542,-313684.385
5543,-307740.788
5544,-279714.420
5545,-257036.690
5546,-238500.404
5547,-231414.093
5548,-238628.219
5549,-230216.612
5550,-217479.198
5551,-1638770.262
5552,-1045297.183
5553,-2682250.024
5554,-2838266.349
5555,-3025133.791
5556,-3059446.529
5557,-2647024.369
5558,-3164808.127
5559,-3246287.395
5560,-3340226.711
5561,-3345588.547
5562,-3345727.171
5563,-1648493.138
5564,-1115406.333
5565,-0.000
5566,-341239.251
5567,-365643.187
5568,-353350.243
5569,-300161.159
5570,-273926.699
5571,-255037.211
5572,-252445.433
5573,-240824.726
5574,-215095.645
5575,-1559904.448
5576,-1012475.483
5577,-2659221.745
5578,-2820417.680
5579,-2934990.500
5580,-2950941.881
5581,-2625731.418
5582,-3162933.136
5583,-3368453.063
5584,-3440873.812
5585,-3399005.116
5586,-3315601.808
5587,-1605139.362
5588,-1184263.268
5589,-18116.209
5590,-386479.847
5591,-406384.792
5592,-395242.337
5593,-336235.306
5594,-310427.314
5595,-286782.807
5596,-270665.917
5597,-245885.879
5598,-232811.066
5599,-1596663.475
5600,-1039504.351
5601,-2717666.611
5602,-2852510.951
5603,-2970655.527
5604,-2969756.978
5605,-2613115.070
5606,-3200681.975
5607,-3396917.931
5608,-3438399.478
5609,-3404424.920
5610,-3453280.077
5611,-1845416.984
5612,-1158928.960
5613,-32099.518
5614,-401480.813
5615,-411641.236
5616,-400710.947
5617,-352629.131
5618,-329320.250
5619,-317375.768
5620,-313507.004
5621,-293383.027
5622,-282651.315
5623,-1348726.864
5624,-1079005.512
5625,-2705514.929
5626,-2873642.887
5627,-3035392.985
5628,-3115602.318
5629,-2766919.299
5630,-3378472.599
5631,-3517815.682
5632,-3466582.558
5633,-3203646.608
5634,-2900314.442
5635,-1444699.970
5636,-1131531.928
5637,-0.000
5638,-295072.300
5639,-335269.444
5640,-325884.793
5641,-266286.635
5642,-247641.388
5643,-241487.881
5644,-250425.752
5645,-241166.184
5646,-229950.421
5647,-1658603.811
5648,-1078593.867
5649,-2792539.108
5650,-2957492.800
5651,-3240612.749
5652,-3339574.265
5653,-2896454.513
5654,-3470948.714
5655,-3545896.908
5656,-3558026.040
5657,-3586229.913
5658,-3824397.411
5659,-1984379.193
5660,-1350661.011
5661,-161374.643
5662,-495033.335
5663,-536942.931
5664,-527340.161
5665,-473240.370
5666,-432830.671
5667,-411206.067
5668,-406638.149
5669,-393438.703
5670,-388469.165
5671,-407190.097
5672,-497197.988
5673,-2039279.384
5674,-1780900.951
5675,-1754826.750
5676,-1680133.007
5677,-1609991.700
5678,-1597143.709
5679,-1578425.664
5680,-1563832.248
5681,-1436303.551
5682,-1362787.473
5683,-0.000
5684,-174599.224
5685,-250429.790
5686,-267495.501
5687,-259755.853
5688,-224434.064
5689,-140009.132
5690,-93197.096
5691,-70131.460
5692,-79494.748
5693,-86629.530
5694,-83825.451
5695,-86021.554
5696,-91056.192
5697,-126078.931
5698,-191850.859
5699,-346895.339
5700,-594915.927
5701,-795849.274
5702,-846220.097
5703,-903552.472
5704,-862110.817
5705,-770951.616
5706,-883527.872
5707,-652069.994
5708,-244980.554
5709,-212788.803
5710,-212078.604
5711,-211911.442
5712,-201160.218
5713,-194336.634
5714,-185438.800
5715,-177561.673
5716,-172191.731
5717,-169587.456
5718,-159823.755
5719,-1578808.444
5720,-960153.814
5721,-2582888.316
5722,-2803039.087
5723,-2988269.396
5724,-3027462.586
5725,-2663045.461
5726,-3203665.943
5727,-3291739.250
5728,-3361947.116
5729,-3313098.254
5730,-3230275.752
5731,-1594043.687
5732,-1163842.623
5733,-0.000
5734,-309570.098
5735,-347968.760
5736,-331255.440
5737,-267018.004
5738,-259360.976
5739,-257404.460
5740,-230121.689
5741,-207670.037
5742,-206125.986
5743,-1599759.065
5744,-1005037.761
5745,-2674688.083
5746,-2891223.684
5747,-3112992.554
5748,-3220578.959
5749,-2806982.647
5750,-3295584.502
5751,-3440772.512
5752,-3517039.137
5753,-3537934.390
5754,-3498692.491
5755,-1894756.802
5756,-1321704.816
5757,-64363.394
5758,-490313.511
5759,-492581.677
5760,-472396.705
5761,-415993.409
5762,-381233.722
5763,-357408.956
5764,-344520.308
5765,-323680.678
5766,-312567.944
5767,-1350617.263
5768,-1099002.454
5769,-2885089.382
5770,-3050843.024
5771,-3168285.329
5772,-3237450.495
5773,-2855745.513
5774,-3335443.776
5775,-3196425.420
5776,-3284614.637
5777,-3231028.677
5778,-3051776.199
5779,-1308962.522
5780,-1035703.799
5781,-0.000
5782,-167611.019
5783,-304012.793
5784,-323582.644
5785,-273763.789
5786,-216617.346
5787,-194838.648
5788,-196895.240
5789,-188776.171
5790,-187452.110
5791,-1539507.427
5792,-884942.478
5793,-2285859.441
5794,-2425933.206
5795,-2583864.056
5796,-2780133.229
5797,-2466711.842
5798,-2779793.602
5799,-2801290.221
5800,-2758538.468
5801,-2645904.484
5802,-2651484.235
5803,-1229647.455
5804,-994988.211
5805,-0.000
5806,-53771.305
5807,-209541.522
5808,-234644.564
5809,-184678.335
5810,-166299.411
5811,-156955.938
5812,-144516.032
5813,-116425.455
5814,-104077.488
5815,-1480833.888
5816,-847599.757
5817,-2270859.610
5818,-2520163.434
5819,-2777627.671
5820,-3010008.561
5821,-2619547.847
5822,-2895433.577
5823,-2752505.168
5824,-2741812.863
5825,-2678691.712
5826,-2380773.668
5827,-1069704.976
5828,-931042.428
5829,-0.000
5830,-1554.206
5831,-190112.285
5832,-205662.523
5833,-159669.810
5834,-153343.145
5835,-156179.231
5836,-159249.262
5837,-145135.408
5838,-126841.125
5839,-142846.676
5840,-243504.471
5841,-1840442.204
5842,-1727219.724
5843,-1786491.339
5844,-1799217.585
5845,-1783007.955
5846,-1908088.211
5847,-1974948.516
5848,-1757587.457
5849,-1633145.642
5850,-1468913.729
5851,-81.140
5852,-197078.397
5853,-210774.128
5854,-222037.407
5855,-225215.295
5856,-218528.151
5857,-158067.253
5858,-142387.529
5859,-136872.856
5860,-131637.955
5861,-129120.654
5862,-133204.039
5863,-156534.701
5864,-242588.038
5865,-471602.240
5866,-677753.995
5867,-816192.133
5868,-824814.356
5869,-844612.587
5870,-772981.490
5871,-862085.740
5872,-685985.754
5873,-411332.174
5874,-271926.332
5875,-200141.906
5876,-133365.852
5877,-126768.809
5878,-127991.154
5879,-126765.796
5880,-120523.459
5881,-110515.771
5882,-96743.021
5883,-84464.184
5884,-80953.317
5885,-76579.152
5886,-71431.550
5887,-1409390.588
5888,-828539.203
5889,-2202214.700
5890,-2409592.337
5891,-2647486.857
5892,-2721221.452
5893,-2441672.897
5894,-3005943.859
5895,-3120791.473
5896,-3155404.678
5897,-3064068.764
5898,-2719288.015
5899,-1191986.159
5900,-1035037.266
5901,-0.000
5902,-209794.730
5903,-279346.827
5904,-283561.021
5905,-219317.076
5906,-190576.243
5907,-189516.065
5908,-191405.781
5909,-180655.985
5910,-171114.213
5911,-1439459.855
5912,-816053.684
5913,-2172902.737
5914,-2344178.458
5915,-2562565.095
5916,-2742679.733
5917,-2433192.665
5918,-2913125.648
5919,-3137363.040
5920,-3136913.181
5921,-2937129.729
5922,-2783068.386
5923,-1252320.053
5924,-1047007.724
5925,-0.000
5926,-149457.364
5927,-270158.739
5928,-276951.000
5929,-232445.313
5930,-227821.960
5931,-228977.248
5932,-230487.788
5933,-226709.813
5934,-219175.840
5935,-1542204.890
5936,-905833.539
5937,-2341548.749
5938,-2453351.607
5939,-2732729.618
5940,-2896845.919
5941,-2611630.576
5942,-3114294.797
5943,-3083859.645
5944,-3076628.617
5945,-2967452.175
5946,-2746340.053
5947,-1188918.771
5948,-1007151.418
5949,-0.000
5950,-136007.953
5951,-254709.381
5952,-249588.966
5953,-188003.322
5954,-176500.263
5955,-171396.432
5956,-165840.641
5957,-162216.865
5958,-161693.926
5959,-1527939.963
5960,-906269.178
5961,-2417536.693
5962,-2629167.903
5963,-2938735.844
5964,-3011977.701
5965,-2651828.945
5966,-3189783.502
5967,-3322394.747
5968,-3378032.300
5969,-3354011.959
5970,-3273526.371
5971,-1441149.293
5972,-1159166.621
5973,-0.000
5974,-305970.018
5975,-337629.648
5976,-340258.888
5977,-307474.089
5978,-284377.576
5979,-262653.108
5980,-251592.258
5981,-234680.659
5982,-218633.155
5983,-1570338.012
5984,-950308.926
5985,-2562799.118
5986,-2872068.749
5987,-3195837.947
5988,-3371605.895
5989,-2988419.018
5990,-3588338.475
5991,-3724467.868
5992,-3712477.981
5993,-3645236.520
5994,-3486603.941
5995,-1528359.408
5996,-1275707.573
5997,-22971.019
5998,-405599.142
5999,-414398.366
6000,-395403.129
6001,-328267.651
6002,-296308.515
6003,-282150.627
6004,-290162.565
6005,-281898.787
6006,-263547.889
6007,-286701.718
6008,-372077.823
6009,-2044881.976
6010,-1904982.114
6011,-2081833.772
6012,-2220952.438
6013,-2281656.374
6014,-2384960.859
6015,-2447713.803
6016,-2469153.275
6017,-2393539.772
6018,-2288041.581
6019,-333116.517
6020,-397840.996
6021,-412870.438
6022,-415305.107
6023,-398851.263
6024,-377495.186
6025,-328998.227
6026,-313069.012
6027,-307998.012
6028,-299740.093
6029,-286629.251
6030,-276328.940
6031,-298376.292
6032,-399837.937
6033,-664262.881
6034,-838128.524
6035,-1036760.353
6036,-1097754.818
6037,-1065554.634
6038,-1243084.101
6039,-1373885.318
6040,-1413918.774
6041,-1304612.531
6042,-1107362.248
6043,-577408.784
6044,-331872.871
6045,-339262.261
6046,-313117.806
6047,-321641.882
6048,-313102.270
6049,-302366.346
6050,-275489.827
6051,-261206.451
6052,-257096.627
6053,-245771.160
6054,-234559.132
6055,-1600483.610
6056,-1003879.068
6057,-2679695.508
6058,-2850254.611
6059,-3044675.279
6060,-3216611.026
6061,-2877828.798
6062,-3435225.180
6063,-3437441.794
6064,-3477505.306
6065,-3413806.106
6066,-3251264.821
6067,-1412798.751
6068,-1085313.669
6069,-0.000
6070,-309043.956
6071,-352981.146
6072,-342598.158
6073,-287700.760
6074,-265651.654
6075,-243398.479
6076,-236795.646
6077,-224697.742
6078,-214013.499
6079,-1582472.144
6080,-1014737.415
6081,-2661537.760
6082,-2840797.504
6083,-3085340.460
6084,-3133753.322
6085,-2775701.689
6086,-3317288.805
6087,-3489939.504
6088,-3485851.082
6089,-3422028.792
6090,-3286776.036
6091,-1424658.749
6092,-1215846.837
6093,-9474.830
6094,-393384.379
6095,-404427.597
6096,-391166.085
6097,-331724.954
6098,-300158.091
6099,-275759.407
6100,-265171.094
6101,-246961.505
6102,-235089.826
6103,-1588406.739
6104,-972407.769
6105,-2507221.201
6106,-2687090.411
6107,-2929365.576
6108,-3085565.702
6109,-2799175.331
6110,-3296052.343
6111,-3434629.009
6112,-3467541.643
6113,-3466197.183
6114,-3365456.421
6115,-1504287.481
6116,-1238229.186
6117,-29401.262
6118,-427787.756
6119,-448343.094
6120,-440236.555
6121,-389185.556
6122,-375812.217
6123,-368618.773
6124,-364482.287
6125,-337786.020
6126,-313613.130
6127,-1341797.973
6128,-1034993.435
6129,-2709515.478
6130,-2881822.012
6131,-3067937.858
6132,-3231867.934
6133,-2827949.060
6134,-3453302.745
6135,-3541606.660
6136,-3562736.230
6137,-3461614.697
6138,-3337375.929
6139,-1439924.546
6140,-1185684.492
6141,-7466.409
6142,-385901.547
6143,-406076.753
6144,-402280.461
6145,-349438.625
6146,-330655.495
6147,-326109.031
6148,-327049.849
6149,-311137.197
6150,-303968.903
6151,-1326227.635
6152,-939911.382
6153,-2421714.769
6154,-2577723.982
6155,-2858423.229
6156,-2946708.016
6157,-2488473.104
6158,-2873188.307
6159,-3071794.899
6160,-3205868.526
6161,-3134351.059
6162,-3042121.191
6163,-1331984.507
6164,-1109531.446
6165,-0.000
6166,-284876.205
6167,-304934.817
6168,-256025.305
6169,-201043.169
6170,-191608.455
6171,-181908.424
6172,-150069.706
6173,-129966.647
6174,-124400.838
6175,-131630.257
6176,-126710.235
6177,-1495290.969
6178,-1401046.453
6179,-1558346.142
6180,-1662988.540
6181,-1764354.690
6182,-1771150.364
6183,-1796910.570
6184,-1947419.753
6185,-2017971.441
6186,-1923270.004
6187,-199771.794
6188,-310893.515
6189,-317216.715
6190,-319641.552
6191,-303594.739
6192,-289239.581
6193,-237829.409
6194,-219955.498
6195,-213976.094
6196,-202068.103
6197,-180783.549
6198,-169607.969
6199,-192508.733
6200,-269984.294
6201,-485235.338
6202,-750951.322
6203,-963355.390
6204,-1054907.560
6205,-1053308.662
6206,-1161863.518
6207,-1164426.767
6208,-1231947.727
6209,-1199622.578
6210,-948534.424
6211,-465124.140
6212,-267676.953
6213,-280313.298
6214,-294084.873
6215,-260634.752
6216,-224592.932
6217,-227144.101
6218,-211065.630
6219,-201038.195
6220,-198622.886
6221,-185963.124
6222,-174383.076
6223,-1554989.797
6224,-930786.090
6225,-2451904.757
6226,-2653517.549
6227,-2872187.220
6228,-3038259.735
6229,-2726195.924
6230,-3259103.873
6231,-3430266.939
6232,-3406762.080
6233,-3292249.065
6234,-3040241.078
6235,-1264363.177
6236,-1062783.921
6237,-0.000
6238,-261278.072
6239,-326352.665
6240,-324349.029
6241,-264933.307
6242,-242510.490
6243,-224064.231
6244,-221464.731
6245,-213916.594
6246,-203655.400
6247,-1631792.084
6248,-1019561.199
6249,-2691387.422
6250,-2849629.949
6251,-2897199.281
6252,-2847073.894
6253,-2637636.258
6254,-3066070.034
6255,-3269888.451
6256,-3290814.785
6257,-3214284.933
6258,-3040798.231
6259,-1222487.110
6260,-1092251.939
6261,-9230.422
6262,-326718.102
6263,-363567.229
6264,-352226.403
6265,-298299.276
6266,-265743.905
6267,-248538.658
6268,-231274.888
6269,-183644.857
6270,-161315.567
6271,-1310053.173
6272,-748058.400
6273,-1874544.494
6274,-2145145.966
6275,-2460019.128
6276,-2633699.398
6277,-2545587.326
6278,-2913106.214
6279,-3034160.387
6280,-3075847.919
6281,-3048460.545
6282,-2854531.029
6283,-1039575.195
6284,-823992.986
6285,-0.000
6286,-107172.324
6287,-184420.774
6288,-177320.331
6289,-131432.634
6290,-102943.984
6291,-88486.538
6292,-85693.331
6293,-50764.824
6294,-11910.612
6295,-1089312.976
6296,-590462.936
6297,-1578883.447
6298,-1940425.281
6299,-2364841.539
6300,-2497680.617
6301,-2220100.310
6302,-2564676.481
6303,-2709319.775
6304,-2747024.559
6305,-2727343.258
6306,-2577990.287
6307,-941874.817
6308,-754175.731
6309,-0.000
6310,-56057.094
6311,-133604.173
6312,-127259.945
6313,-75790.962
6314,-47270.629
6315,-26518.781
6316,-22058.991
6317,-8628.592
6318,-0.000
6319,-882824.176
6320,-581513.864
6321,-1569435.770
6322,-1953786.402
6323,-2245013.414
6324,-2273646.314
6325,-2128493.129
6326,-2535610.578
6327,-2707521.951
6328,-2713468.887
6329,-2654279.628
6330,-2490996.119
6331,-922797.939
6332,-758653.951
6333,-0.000
6334,-77407.303
6335,-154360.383
6336,-140680.826
6337,-92111.354
6338,-59171.742
6339,-32124.686
6340,-18802.967
6341,-1023.910
6342,-0.000
6343,-0.000
6344,-57505.446
6345,-1174160.810
6346,-1217560.928
6347,-1363697.552
6348,-1407614.394
6349,-1448643.782
6350,-1636097.233
6351,-1788158.770
6352,-1825803.492
6353,-1809985.697
6354,-1655079.991
6355,-0.000
6356,-121854.799
6357,-127927.984
6358,-120640.047
6359,-86808.469
6360,-64081.816
6361,-27654.117
6362,-5672.124
6363,-0.000
6364,-0.000
6365,-0.000
6366,-0.000
6367,-0.000
6368,-0.000
6369,-237514.561
6370,-553333.104
6371,-766118.568
6372,-841885.154
6373,-879026.215
6374,-1020576.943
6375,-1148090.939
6376,-1182218.216
6377,-1135469.806
6378,-965555.169
6379,-265141.285
6380,-146486.461
6381,-116314.678
6382,-107196.882
6383,-67663.425
6384,-5989.568
6385,-0.000
6386,-0.000
6387,-0.000
6388,-0.000
6389,-0.000
6390,-0.000
6391,-422834.988
6392,-440756.912
6393,-1260668.811
6394,-1637011.672
6395,-1976954.611
6396,-2115144.551
6397,-2015286.169
6398,-2301871.682
6399,-2418536.253
6400,-2464067.525
6401,-2474921.203
6402,-2307610.703
6403,-820352.945
6404,-609583.713
6405,-0.000
6406,-0.000
6407,-0.000
6408,-0.000
6409,-0.000
6410,-0.000
6411,-0.000
6412,-0.000
6413,-0.000
6414,-0.000
6415,-293219.093
6416,-451194.894
6417,-1547623.362
6418,-1782044.804
6419,-2184274.179
6420,-2451355.503
6421,-2411426.065
6422,-2621153.442
6423,-2619143.244
6424,-2600658.229
6425,-2610495.682
6426,-2480858.620
6427,-851426.508
6428,-648943.713
6429,-0.000
6430,-0.000
6431,-0.000
6432,-0.000
6433,-0.000
6434,-0.000
6435,-0.000
6436,-0.000
6437,-0.000
6438,-0.000
6439,-307280.054
6440,-448422.684
6441,-1582146.009
6442,-1872691.838
6443,-2280679.994
6444,-2441615.776
6445,-2406418.915
6446,-2792801.254
6447,-2856676.025
6448,-2858137.044
6449,-2777334.774
6450,-2556800.972
6451,-891971.635
6452,-671398.469
6453,-0.000
6454,-0.000
6455,-0.000
6456,-22677.578
6457,-0.000
6458,-0.000
6459,-0.000
6460,-0.000
6461,-0.000
6462,-0.000
6463,-449743.322
6464,-539284.425
6465,-1674218.919
6466,-1918979.956
6467,-2253994.167
6468,-2487315.313
6469,-2406453.185
6470,-2704675.422
6471,-2807109.388
6472,-2825254.729
6473,-2789115.707
6474,-2640583.114
6475,-917547.991
6476,-677638.521
6477,-0.000
6478,-0.000
6479,-0.000
6480,-1817.893
6481,-0.000
6482,-0.000
6483,-0.000
6484,-0.000
6485,-0.000
6486,-0.000
6487,-441161.839
6488,-517634.974
6489,-1552881.591
6490,-1769229.138
6491,-2261948.419
6492,-2549490.054
6493,-2310613.242
6494,-2653319.673
6495,-2765508.538
6496,-2792870.888
6497,-2804915.874
6498,-2665072.477
6499,-921638.991
6500,-678964.548
6501,-0.000
6502,-0.000
6503,-21556.615
6504,-46230.285
6505,-1126.961
6506,-0.000
6507,-0.000
6508,-0.000
6509,-0.000
6510,-0.000
6511,-0.000
6512,-0.000
6513,-1308988.856
6514,-1336344.723
6515,-1664003.300
6516,-1880772.084
6517,-1842126.549
6518,-1990386.240
6519,-2100211.789
6520,-2114099.439
6521,-2073289.802
6522,-1909525.170
6523,-742.586
6524,-156047.157
6525,-148864.894
6526,-139556.807
6527,-107727.927
6528,-76572.393
6529,-15769.062
6530,-0.000
6531,-0.000
6532,-0.000
6533,-0.000
6534,-0.000
6535,-0.000
6536,-0.000
6537,-386305.744
6538,-782154.093
6539,-1017842.086
6540,-1167178.666
6541,-1118405.141
6542,-1234727.138
6543,-1329368.831
6544,-1344139.006
6545,-1312480.572
6546,-1137591.154
6547,-338299.977
6548,-191941.023
6549,-156285.363
6550,-152124.244
6551,-121818.014
6552,-84448.943
6553,-78083.801
6554,-59796.553
6555,-37399.437
6556,-15216.576
6557,-0.000
6558,-0.000
6559,-1003510.020
6560,-657206.631
6561,-1864628.968
6562,-2082878.642
6563,-2470216.838
6564,-2738080.044
6565,-2678294.151
6566,-3100955.292
6567,-3225582.876
6568,-3284216.934
6569,-3240881.100
6570,-3039903.150
6571,-1124219.411
6572,-937248.237
6573,-0.000
6574,-222052.210
6575,-200219.185
6576,-163946.045
6577,-124702.778
6578,-98532.665
6579,-74246.717
6580,-53602.699
6581,-10429.784
6582,-0.000
6583,-1208174.105
6584,-731373.611
6585,-2095767.353
6586,-2334228.406
6587,-2700191.814
6588,-2879318.344
6589,-2657417.992
6590,-3140429.289
6591,-3270533.960
6592,-3277087.320
6593,-3240996.170
6594,-3033938.792
6595,-1108465.488
6596,-888880.176
6597,-0.000
6598,-229667.373
6599,-258822.221
6600,-238418.598
6601,-183415.508
6602,-152283.635
6603,-137956.518
6604,-130783.250
6605,-88868.164
6606,-53582.032
6607,-1323165.152
6608,-799873.550
6609,-2243327.362
6610,-2479569.637
6611,-2759427.198
6612,-2836499.157
6613,-2576531.012
6614,-3045579.018
6615,-3271595.467
6616,-3308893.338
6617,-3228129.445
6618,-2968436.984
6619,-1063424.205
6620,-855825.976
6621,-0.000
6622,-173497.095
6623,-219035.912
6624,-203388.192
6625,-147401.156
6626,-107035.069
6627,-77583.030
6628,-64131.682
6629,-27618.217
6630,-8297.433
6631,-1288543.018
6632,-762043.722
6633,-2190563.705
6634,-2449545.006
6635,-2703192.293
6636,-2796067.755
6637,-2586993.135
6638,-2997797.675
6639,-3199829.283
6640,-3105742.357
6641,-3061277.803
6642,-2858667.121
6643,-1042543.401
6644,-845352.150
6645,-0.000
6646,-154442.665
6647,-202449.719
6648,-183266.307
6649,-121214.231
6650,-81753.823
6651,-74041.744
6652,-87889.425
6653,-64943.020
6654,-5342.604
6655,-1205645.467
6656,-736191.301
6657,-2179270.988
6658,-2429124.427
6659,-2746954.373
6660,-2900113.875
6661,-2660297.848
6662,-3082032.552
6663,-3178335.447
6664,-3101178.094
6665,-3116284.086
6666,-2868638.135
6667,-1077043.193
6668,-886664.995
6669,-0.000
6670,-223766.517
6671,-240792.811
6672,-218516.023
6673,-175769.002
6674,-163321.841
6675,-148633.779
6676,-150587.844
6677,-141212.095
6678,-127313.234
6679,-135151.865
6680,-213821.055
6681,-1693115.733
6682,-1619100.922
6683,-1790951.605
6684,-1854697.968
6685,-1908442.361
6686,-2110937.240
6687,-2176167.915
6688,-2104659.421
6689,-1814356.914
6690,-1626872.710
6691,-36183.563
6692,-179295.285
6693,-209841.272
6694,-225002.490
6695,-214285.619
6696,-192387.508
6697,-136310.442
6698,-107515.701
6699,-93488.157
6700,-96443.001
6701,-85615.317
6702,-77560.642
6703,-87311.137
6704,-115400.720
6705,-264767.055
6706,-548077.191
6707,-850638.329
6708,-905497.498
6709,-935522.901
6710,-927183.906
6711,-884724.136
6712,-1103792.482
6713,-922326.387
6714,-717015.202
6715,-227813.466
6716,-147600.406
6717,-135618.584
6718,-133723.798
6719,-125272.612
6720,-105229.675
6721,-91426.845
6722,-74385.010
6723,-60140.854
6724,-55334.713
6725,-47590.727
6726,-47897.434
6727,-1376389.001
6728,-771123.448
6729,-2151015.394
6730,-2466943.480
6731,-2721466.966
6732,-2807099.052
6733,-2610168.093
6734,-2865627.394
6735,-2940395.829
6736,-2870930.339
6737,-2815967.185
6738,-2533625.919
6739,-1022140.170
6740,-928735.781
6741,-0.000
6742,-131155.309
6743,-226040.850
6744,-225621.995
6745,-179468.794
6746,-158832.767
6747,-150430.765
6748,-133944.272
6749,-120823.749
6750,-108505.183
6751,-1345576.501
6752,-732317.570
6753,-1917907.927
6754,-2037943.712
6755,-2276273.457
6756,-2437960.424
6757,-2359912.592
6758,-2721653.750
6759,-2910500.538
6760,-2749788.339
6761,-2574287.321
6762,-2289553.878
6763,-980377.991
6764,-920987.508
6765,-0.000
6766,-137473.224
6767,-245422.362
6768,-251289.451
6769,-197921.968
6770,-163524.249
6771,-136612.716
6772,-115781.161
6773,-102662.728
6774,-95432.462
6775,-1323158.667
6776,-772806.209
6777,-2220551.129
6778,-2484101.091
6779,-2655371.192
6780,-2779302.911
6781,-2555729.717
6782,-2904812.310
6783,-3010822.911
6784,-3035856.044
6785,-3123356.654
6786,-2715161.951
6787,-1033429.991
6788,-933983.581
6789,-0.000
6790,-137031.634
6791,-235294.939
6792,-226692.570
6793,-170269.128
6794,-136411.826
6795,-116711.276
6796,-104104.294
6797,-77924.520
6798,-72946.211
6799,-1390011.253
6800,-800604.793
6801,-2281100.424
6802,-2550982.306
6803,-2871057.468
6804,-2990645.314
6805,-2758102.189
6806,-3198969.035
6807,-3285252.660
6808,-3348976.680
6809,-3186579.750
6810,-2762808.544
6811,-1058197.051
6812,-943392.298
6813,-0.000
6814,-155958.916
6815,-242990.880
6816,-230340.335
6817,-174144.003
6818,-153518.449
6819,-135400.181
6820,-125669.376
6821,-110041.780
6822,-96642.445
6823,-1365770.430
6824,-815533.990
6825,-2234106.696
6826,-2505281.094
6827,-2838814.799
6828,-2988224.124
6829,-2749541.619
6830,-3265593.153
6831,-3391148.163
6832,-3333627.032
6833,-3357697.471
6834,-2824600.126
6835,-1101601.469
6836,-1004551.942
6837,-0.000
6838,-253699.007
6839,-295456.613
6840,-269186.361
6841,-216087.493
6842,-208800.207
6843,-200668.004
6844,-190365.068
6845,-161242.014
6846,-141353.748
6847,-137588.397
6848,-207749.028
6849,-1723366.632
6850,-1645050.190
6851,-1754970.956
6852,-1761835.221
6853,-1884838.211
6854,-2110509.475
6855,-2144416.996
6856,-2056954.409
6857,-1686876.072
6858,-1476715.002
6859,-11222.386
6860,-206940.749
6861,-233446.274
6862,-239300.061
6863,-234211.928
6864,-218699.540
6865,-162371.171
6866,-149383.642
6867,-139924.323
6868,-134438.274
6869,-111931.238
6870,-94666.399
6871,-89214.217
6872,-109953.251
6873,-210162.731
6874,-339502.799
6875,-505566.653
6876,-748360.036
6877,-899061.263
6878,-1182037.779
6879,-1102105.272
6880,-672918.789
6881,-630100.387
6882,-519617.551
6883,-228601.692
6884,-188266.777
6885,-185712.289
6886,-177009.659
6887,-159102.306
6888,-136846.639
6889,-116721.363
6890,-94618.922
6891,-77951.030
6892,-61453.924
6893,-37526.529
6894,-18437.153
6895,-942616.210
6896,-512773.200
6897,-1374714.874
6898,-1569057.332
6899,-1940045.135
6900,-2153930.280
6901,-2262138.151
6902,-2537944.317
6903,-2512277.151
6904,-2460500.791
6905,-2222309.488
6906,-1973604.309
6907,-806547.340
6908,-695922.320
6909,-0.000
6910,-0.000
6911,-118070.423
6912,-119165.369
6913,-73596.371
6914,-53422.776
6915,-26558.704
6916,-13450.424
6917,-1651.452
6918,-0.000
6919,-827080.611
6920,-463923.581
6921,-1408356.725
6922,-1825113.302
6923,-2251096.648
6924,-2480971.509
6925,-2364563.503
6926,-2687827.767
6927,-2604898.305
6928,-2172359.179
6929,-2157415.174
6930,-1928104.290
6931,-826622.764
6932,-695544.169
6933,-0.000
6934,-0.000
6935,-83256.008
6936,-98284.252
6937,-56297.967
6938,-15665.010
6939,-0.000
6940,-0.000
6941,-0.000
6942,-0.000
6943,-746092.870
6944,-453938.366
6945,-1397741.897
6946,-1779572.396
6947,-2193344.189
6948,-2351618.337
6949,-2212652.636
6950,-2565628.669
6951,-2699521.612
6952,-2724575.793
6953,-2629046.950
6954,-2191533.507
6955,-775775.565
6956,-660416.787
6957,-0.000
6958,-0.000
6959,-71233.630
6960,-76109.983
6961,-22725.599
6962,-52.106
6963,-0.000
6964,-0.000
6965,-0.000
6966,-0.000
6967,-494551.695
6968,-364988.349
6969,-1242308.354
6970,-1707883.581
6971,-1965959.160
6972,-2099006.296
6973,-2048836.763
6974,-2409866.062
6975,-2569964.923
6976,-2588713.129
6977,-2546369.257
6978,-2129607.330
6979,-751511.145
6980,-640968.270
6981,-0.000
6982,-0.000
6983,-43073.371
6984,-61226.997
6985,-18629.149
6986,-462.113
6987,-0.000
6988,-0.000
6989,-0.000
6990,-0.000
6991,-547693.425
6992,-386580.222
6993,-1278369.193
6994,-1748113.276
6995,-2061238.637
6996,-2125352.058
6997,-2084775.993
6998,-2467078.770
6999,-2631585.526
7000,-2683150.604
7001,-2637985.702
7002,-2195251.903
7003,-774819.119
7004,-617112.985
7005,-0.000
7006,-0.000
7007,-0.000
7008,-0.000
7009,-0.000
7010,-0.000
7011,-0.000
7012,-0.000
7013,-0.000
7014,-0.000
7015,-0.000
7016,-0.000
7017,-953526.702
7018,-1249369.320
7019,-1625242.573
7020,-1669960.109
7021,-1678192.949
7022,-1830583.140
7023,-1951496.808
7024,-1979936.536
7025,-1913792.552
7026,-1402088.740
7027,-0.000
7028,-60172.364
7029,-67173.526
7030,-38372.229
7031,-12170.309
7032,-0.000
7033,-0.000
7034,-0.000
7035,-0.000
7036,-0.000
7037,-0.000
7038,-0.000
7039,-0.000
7040,-0.000
7041,-0.000
7042,-364157.765
7043,-889351.130
7044,-1059700.416
7045,-1153624.782
7046,-1249374.904
7047,-1296636.309
7048,-1282535.715
7049,-1234129.867
7050,-761366.593
7051,-150267.522
7052,-63021.690
7053,-16173.240
7054,-0.000
7055,-0.000
7056,-0.000
7057,-0.000
7058,-0.000
7059,-0.000
7060,-0.000
7061,-0.000
7062,-0.000
7063,-196816.732
7064,-359933.843
7065,-1376623.494
7066,-1647883.572
7067,-2073960.746
7068,-2315792.154
7069,-2361009.309
7070,-2509056.187
7071,-2572684.877
7072,-2543899.089
7073,-2363950.112
7074,-1936907.160
7075,-762551.755
7076,-648844.123
7077,-0.000
7078,-0.000
7079,-0.000
7080,-0.000
7081,-0.000
7082,-0.000
7083,-0.000
7084,-0.000
7085,-0.000
7086,-0.000
7087,-423309.758
7088,-443928.845
7089,-1436655.404
7090,-1797088.742
7091,-2108563.298
7092,-2381086.830
7093,-2330811.674
7094,-2499445.787
7095,-2514009.858
7096,-2197834.964
7097,-1913508.757
7098,-1707932.422
7099,-788164.944
7100,-706199.074
7101,-0.000
7102,-0.000
7103,-68784.090
7104,-79793.755
7105,-29595.676
7106,-5468.130
7107,-0.000
7108,-0.000
7109,-0.000
7110,-0.000
7111,-843669.770
7112,-441211.177
7113,-1288086.861
7114,-1652560.733
7115,-1951828.562
7116,-2154028.394
7117,-2191807.936
7118,-2531442.886
7119,-2632797.832
7120,-2256354.801
7121,-2154184.283
7122,-1870021.899
7123,-753851.316
7124,-604237.530
7125,-0.000
7126,-0.000
7127,-0.000
7128,-0.000
7129,-0.000
7130,-0.000
7131,-0.000
7132,-0.000
7133,-0.000
7134,-0.000
7135,-649001.544
7136,-416134.968
7137,-1297264.352
7138,-1595600.143
7139,-1936424.176
7140,-2257319.050
7141,-2301235.926
7142,-2695864.070
7143,-2756155.335
7144,-2400987.287
7145,-2198747.963
7146,-1953176.066
7147,-845792.247
7148,-734474.155
7149,-0.000
7150,-0.000
7151,-128072.845
7152,-134293.979
7153,-101517.673
7154,-91895.591
7155,-74107.682
7156,-53225.347
7157,-20043.424
7158,-2073.999
7159,-1096521.953
7160,-563658.787
7161,-1562055.974
7162,-1794274.905
7163,-2126779.808
7164,-2332188.925
7165,-2228065.613
7166,-2329066.992
7167,-2323193.599
7168,-2232991.936
7169,-2081276.551
7170,-1707985.556
7171,-728915.999
7172,-623077.326
7173,-0.000
7174,-0.000
7175,-0.000
7176,-7953.621
7177,-0.000
7178,-0.000
7179,-0.000
7180,-0.000
7181,-0.000
7182,-0.000
7183,-0.000
7184,-0.000
7185,-702492.163
7186,-1082677.842
7187,-1408464.572
7188,-1468127.487
7189,-1542473.176
7190,-1742643.817
7191,-1854351.927
7192,-1597200.478
7193,-1356042.358
7194,-1157393.088
7195,-0.000
7196,-8009.929
7197,-71242.784
7198,-70749.500
7199,-60262.446
7200,-48233.595
7201,-3594.511
7202,-0.000
7203,-0.000
7204,-0.000
7205,-0.000
7206,-0.000
7207,-0.000
7208,-0.000
7209,-0.000
7210,-150329.848
7211,-333682.799
7212,-366394.468
7213,-393337.382
7214,-494019.075
7215,-438872.645
7216,-125753.618
7217,-21885.710
7218,-0.000
7219,-0.000
7220,-0.000
7221,-0.000
7222,-0.000
7223,-0.000
7224,-0.000
7225,-0.000
7226,-0.000
7227,-0.000
7228,-0.000
7229,-0.000
7230,-0.000
7231,-0.000
7232,-0.000
7233,-745481.106
7234,-1320888.918
7235,-1593799.480
7236,-1748859.341
7237,-1764765.877
7238,-2018677.144
7239,-2194981.308
7240,-2216006.148
7241,-2112770.521
7242,-1338674.320
7243,-448023.527
7244,-321346.614
7245,-0.000
7246,-0.000
7247,-0.000
7248,-0.000
7249,-0.000
7250,-0.000
7251,-0.000
7252,-0.000
7253,-0.000
7254,-0.000
7255,-0.000
7256,-0.000
7257,-565496.671
7258,-1018315.304
7259,-1441544.862
7260,-1698262.165
7261,-1789454.998
7262,-2090327.380
7263,-2230852.411
7264,-2192002.214
7265,-1925117.385
7266,-1334330.423
7267,-464385.069
7268,-343108.478
7269,-0.000
7270,-0.000
7271,-0.000
7272,-0.000
7273,-0.000
7274,-0.000
7275,-0.000
7276,-0.000
7277,-0.000
7278,-0.000
7279,-102614.113
7280,-185332.109
7281,-650433.734
7282,-855158.736
7283,-1167494.238
7284,-1395626.901
7285,-1355054.206
7286,-1594554.892
7287,-1559804.088
7288,-1423091.951
7289,-1390789.661
7290,-1126390.583
7291,-535107.810
7292,-480079.797
7293,-0.000
7294,-0.000
7295,-0.000
7296,-0.000
7297,-0.000
7298,-0.000
7299,-0.000
7300,-0.000
7301,-0.000
7302,-0.000
7303,-191753.109
7304,-262129.830
7305,-1088838.858
7306,-1571051.415
7307,-1859322.751
7308,-2060676.847
7309,-2047365.588
7310,-2428143.089
7311,-2621288.153
7312,-2609884.788
7313,-2437039.115
7314,-1905742.387
7315,-761796.952
7316,-626053.341
7317,-0.000
7318,-0.000
7319,-0.000
7320,-0.000
7321,-0.000
7322,-0.000
7323,-0.000
7324,-0.000
7325,-0.000
7326,-0.000
7327,-369432.783
7328,-434257.124
7329,-1579106.914
7330,-1918039.948
7331,-2311614.413
7332,-2605563.192
7333,-2513726.926
7334,-2764473.496
7335,-2849137.941
7336,-2824286.521
7337,-2643901.354
7338,-2003069.044
7339,-800258.956
7340,-671991.014
7341,-0.000
7342,-0.000
7343,-91338.155
7344,-90436.815
7345,-33158.152
7346,-1993.626
7347,-0.000
7348,-0.000
7349,-0.000
7350,-0.000
7351,-0.000
7352,-0.000
7353,-1055589.010
7354,-1399621.510
7355,-1616084.243
7356,-1705387.054
7357,-1809572.577
7358,-1966254.648
7359,-2065426.072
7360,-2069615.015
7361,-1844850.648
7362,-1190395.259
7363,-0.000
7364,-117092.490
7365,-145699.420
7366,-140866.287
7367,-112870.209
7368,-80333.506
7369,-25107.647
7370,-1910.321
7371,-0.000
7372,-0.000
7373,-0.000
7374,-0.000
7375,-0.000
7376,-0.000
7377,-137271.161
7378,-565823.052
7379,-820683.504
7380,-915667.761
7381,-985278.996
7382,-1140520.086
7383,-1251577.142
7384,-1276159.130
7385,-1072875.880
7386,-472238.524
7387,-81521.063
7388,-17726.642
7389,-6433.946
7390,-3047.462
7391,-0.000
7392,-0.000
7393,-0.000
7394,-0.000
7395,-0.000
7396,-0.000
7397,-0.000
7398,-0.000
7399,-88987.575
7400,-146174.113
7401,-806493.344
7402,-1243775.900
7403,-1590914.250
7404,-1780049.517
7405,-1838691.516
7406,-2099825.859
7407,-2238233.192
7408,-2269900.454
7409,-2031784.890
7410,-1359335.083
7411,-473239.845
7412,-360334.949
7413,-0.000
7414,-0.000
7415,-0.000
7416,-0.000
7417,-0.000
7418,-0.000
7419,-0.000
7420,-0.000
7421,-0.000
7422,-0.000
7423,-0.000
7424,-0.000
7425,-679498.828
7426,-1158634.134
7427,-1566279.360
7428,-1736856.095
7429,-1821065.056
7430,-2115346.138
7431,-2276023.244
7432,-2327432.861
7433,-2112361.814
7434,-1449771.483
7435,-521950.524
7436,-407583.063
7437,-0.000
7438,-0.000
7439,-0.000
7440,-0.000
7441,-0.000
7442,-0.000
7443,-0.000
7444,-0.000
7445,-0.000
7446,-0.000
7447,-28191.243
7448,-158364.241
7449,-894905.924
7450,-1297191.465
7451,-1622564.518
7452,-1803165.460
7453,-1845205.719
7454,-2096229.878
7455,-2220134.114
7456,-2238417.979
7457,-2010405.428
7458,-1370378.852
7459,-480646.398
7460,-372762.757
7461,-0.000
7462,-0.000
7463,-0.000
7464,-0.000
7465,-0.000
7466,-0.000
7467,-0.000
7468,-0.000
7469,-0.000
7470,-0.000
7471,-0.000
7472,-79004.101
7473,-684432.926
7474,-1118118.022
7475,-1465129.917
7476,-1650388.560
7477,-1721177.346
7478,-1961585.864
7479,-2114181.214
7480,-2140407.762
7481,-1884465.492
7482,-1241431.399
7483,-408930.023
7484,-289678.334
7485,-0.000
7486,-0.000
7487,-0.000
7488,-0.000
7489,-0.000
7490,-0.000
7491,-0.000
7492,-0.000
7493,-0.000
7494,-0.000
7495,-0.000
7496,-0.000
7497,-462972.989
7498,-971030.059
7499,-1409048.442
7500,-1658950.433
7501,-1739468.824
7502,-2008629.650
7503,-2178859.994
7504,-2213600.716
7505,-1965305.212
7506,-1333023.163
7507,-444519.607
7508,-309499.188
7509,-0.000
7510,-0.000
7511,-0.000
7512,-0.000
7513,-0.000
7514,-0.000
7515,-0.000
7516,-0.000
7517,-0.000
7518,-0.000
7519,-0.000
7520,-0.000
7521,-0.000
7522,-638571.697
7523,-1104095.326
7524,-1287557.439
7525,-1384559.712
7526,-1567576.091
7527,-1700099.481
7528,-1735445.277
7529,-1520753.361
7530,-959691.839
7531,-0.000
7532,-0.000
7533,-0.000
7534,-0.000
7535,-0.000
7536,-0.000
7537,-0.000
7538,-0.000
7539,-0.000
7540,-0.000
7541,-0.000
7542,-0.000
7543,-0.000
7544,-0.000
7545,-0.000
7546,-0.000
7547,-516264.541
7548,-885578.321
7549,-953396.285
7550,-1106007.627
7551,-1218506.247
7552,-1248893.212
7553,-1030236.105
7554,-456069.503
7555,-44682.369
7556,-0.000
7557,-0.000
7558,-0.000
7559,-0.000
7560,-0.000
7561,-0.000
7562,-0.000
7563,-0.000
7564,-0.000
7565,-0.000
7566,-0.000
7567,-0.000
7568,-0.000
7569,-724667.450
7570,-1283382.293
7571,-1916030.515
7572,-2230648.485
7573,-2073069.761
7574,-2479599.480
7575,-2574988.975
7576,-2438272.466
7577,-2272026.759
7578,-1741468.885
7579,-672759.848
7580,-538551.184
7581,-0.000
7582,-0.000
7583,-0.000
7584,-0.000
7585,-0.000
7586,-0.000
7587,-0.000
7588,-0.000
7589,-0.000
7590,-0.000
7591,-45880.936
7592,-263837.997
7593,-1263619.762
7594,-1506199.086
7595,-2007828.408
7596,-2314151.863
7597,-2395122.939
7598,-2674165.829
7599,-2738619.371
7600,-2564548.080
7601,-2350101.872
7602,-1773174.912
7603,-736711.324
7604,-618271.549
7605,-0.000
7606,-0.000
7607,-0.000
7608,-0.000
7609,-0.000
7610,-0.000
7611,-0.000
7612,-0.000
7613,-0.000
7614,-0.000
7615,-171130.784
7616,-180920.975
7617,-811116.455
7618,-1187326.137
7619,-1517731.354
7620,-1672147.680
7621,-1739281.696
7622,-2016571.999
7623,-2169888.198
7624,-2150694.609
7625,-1969541.878
7626,-1362076.131
7627,-468198.758
7628,-353248.238
7629,-0.000
7630,-0.000
7631,-0.000
7632,-0.000
7633,-0.000
7634,-0.000
7635,-0.000
7636,-0.000
7637,-0.000
7638,-0.000
7639,-0.000
7640,-0.000
7641,-507002.787
7642,-1176591.714
7643,-1705492.016
7644,-2031924.781
7645,-2001986.719
7646,-2328870.849
7647,-2467622.743
7648,-2456619.246
7649,-2337825.552
7650,-1709346.523
7651,-604733.233
7652,-439920.995
7653,-0.000
7654,-0.000
7655,-0.000
7656,-0.000
7657,-0.000
7658,-0.000
7659,-0.000
7660,-0.000
7661,-0.000
7662,-0.000
7663,-0.000
7664,-0.000
7665,-994138.155
7666,-1409316.730
7667,-1883843.337
7668,-2146581.347
7669,-2017027.733
7670,-2218185.295
7671,-2295557.494
7672,-2241481.843
7673,-2282266.878
7674,-1721782.766
7675,-614233.731
7676,-480755.470
7677,-0.000
7678,-0.000
7679,-0.000
7680,-0.000
7681,-0.000
7682,-0.000
7683,-0.000
7684,-0.000
7685,-0.000
7686,-0.000
7687,-0.000
7688,-0.000
7689,-114246.955
7690,-1064077.036
7691,-1505288.640
7692,-1795807.642
7693,-1770771.934
7694,-1909589.902
7695,-2027567.749
7696,-1886385.018
7697,-1699341.333
7698,-1070185.252
7699,-0.000
7700,-0.000
7701,-0.000
7702,-0.000
7703,-0.000
7704,-0.000
7705,-0.000
7706,-0.000
7707,-0.000
7708,-0.000
7709,-0.000
7710,-0.000
7711,-0.000
7712,-0.000
7713,-0.000
7714,-279619.663
7715,-943103.357
7716,-1146363.435
7717,-1124966.990
7718,-1141514.016
7719,-1188111.390
7720,-1210546.588
7721,-937116.410
7722,-197187.954
7723,-0.000
7724,-0.000
7725,-0.000
7726,-0.000
7727,-0.000
7728,-0.000
7729,-0.000
7730,-0.000
7731,-0.000
7732,-0.000
7733,-0.000
7734,-0.000
7735,-0.000
7736,-0.000
7737,-176146.029
7738,-724687.781
7739,-1098066.485
7740,-1320728.248
7741,-1461435.683
7742,-1683664.203
7743,-1866593.893
7744,-1878721.486
7745,-1613663.510
7746,-905531.265
7747,-302756.133
7748,-192822.447
7749,-0.000
7750,-0.000
7751,-0.000
7752,-0.000
7753,-0.000
7754,-0.000
7755,-0.000
7756,-0.000
7757,-0.000
7758,-0.000
7759,-0.000
7760,-0.000
7761,-174323.285
7762,-706333.959
7763,-1137525.146
7764,-1378066.919
7765,-1508296.192
7766,-1795424.492
7767,-2011236.604
7768,-2057901.389
7769,-1786568.203
7770,-1007587.200
7771,-349934.221
7772,-238889.831
7773,-0.000
7774,-0.000
7775,-0.000
7776,-0.000
7777,-0.000
7778,-0.000
7779,-0.000
7780,-0.000
7781,-0.000
7782,-0.000
7783,-0.000
7784,-0.000
7785,-207984.141
7786,-769913.778
7787,-1251672.754
7788,-1517468.624
7789,-1609417.031
7790,-1859443.265
7791,-2032088.673
7792,-2083782.170
7793,-1817789.297
7794,-1039484.241
7795,-369721.176
7796,-256149.856
7797,-0.000
7798,-0.000
7799,-0.000
7800,-0.000
7801,-0.000
7802,-0.000
7803,-0.000
7804,-0.000
7805,-0.000
7806,-0.000
7807,-0.000
7808,-0.000
7809,-338027.584
7810,-956640.421
7811,-1430198.585
7812,-1691100.915
7813,-1776209.944
7814,-2083718.007
7815,-2277470.800
7816,-2311327.718
7817,-2054324.978
7818,-1226111.397
7819,-478956.467
7820,-357260.969
7821,-0.000
7822,-0.000
7823,-0.000
7824,-0.000
7825,-0.000
7826,-0.000
7827,-0.000
7828,-0.000
7829,-0.000
7830,-0.000
7831,-0.000
7832,-0.000
7833,-312943.094
7834,-1110402.169
7835,-1782899.736
7836,-2044244.102
7837,-2057975.415
7838,-2418708.405
7839,-2597692.788
7840,-2635710.427
7841,-2326764.501
7842,-1633581.397
7843,-627126.532
7844,-443571.066
7845,-0.000
7846,-0.000
7847,-0.000
7848,-0.000
7849,-0.000
7850,-0.000
7851,-0.000
7852,-0.000
7853,-0.000
7854,-0.000
7855,-0.000
7856,-0.000
7857,-14332.656
7858,-814178.115
7859,-1391704.772
7860,-1791840.736
7861,-1773942.315
7862,-1938474.637
7863,-2040624.929
7864,-2036603.802
7865,-1750256.643
7866,-1023554.851
7867,-0.000
7868,-0.000
7869,-0.000
7870,-0.000
7871,-0.000
7872,-0.000
7873,-0.000
7874,-0.000
7875,-0.000
7876,-0.000
7877,-0.000
7878,-0.000
7879,-0.000
7880,-0.000
7881,-0.000
7882,-103745.608
7883,-884151.320
7884,-1062205.348
7885,-1092103.764
7886,-1211881.715
7887,-1298079.013
7888,-1326882.389
7889,-1040822.717
7890,-294687.167
7891,-37297.152
7892,-0.000
7893,-0.000
7894,-0.000
7895,-0.000
7896,-0.000
7897,-0.000
7898,-0.000
7899,-0.000
7900,-0.000
7901,-0.000
7902,-0.000
7903,-0.000
7904,-0.000
7905,-476122.191
7906,-790194.583
7907,-1109046.702
7908,-1385592.628
7909,-1486602.568
7910,-1729272.945
7911,-2012497.379
7912,-2068431.737
7913,-1839680.570
7914,-1162922.548
7915,-475383.146
7916,-408154.777
7917,-0.000
7918,-0.000
7919,-0.000
7920,-0.000
7921,-0.000
7922,-0.000
7923,-0.000
7924,-0.000
7925,-0.000
7926,-0.000
7927,-45426.751
7928,-123808.987
7929,-689067.563
7930,-977630.755
7931,-1396445.814
7932,-1508245.171
7933,-1581307.675
7934,-1977754.023
7935,-2276601.768
7936,-2389275.480
7937,-2074692.334
7938,-1272008.560
7939,-521103.089
7940,-445721.139
7941,-0.000
7942,-0.000
7943,-0.000
7944,-0.000
7945,-0.000
7946,-0.000
7947,-0.000
7948,-0.000
7949,-0.000
7950,-0.000
7951,-0.000
7952,-0.000
7953,-119917.950
7954,-540815.693
7955,-915178.919
7956,-1116591.255
7957,-1265021.234
7958,-1349787.424
7959,-1321115.112
7960,-1089147.215
7961,-821745.053
7962,-543812.552
7963,-167788.527
7964,-91319.195
7965,-0.000
7966,-0.000
7967,-0.000
7968,-0.000
7969,-0.000
7970,-0.000
7971,-0.000
7972,-0.000
7973,-0.000
7974,-0.000
7975,-0.000
7976,-0.000
7977,-0.000
7978,-302007.914
7979,-820494.958
7980,-1081841.657
7981,-1230186.252
7982,-1450380.472
7983,-1605767.565
7984,-1676348.555
7985,-1462581.538
7986,-708282.700
7987,-188207.473
7988,-88344.787
7989,-0.000
7990,-0.000
7991,-0.000
7992,-0.000
7993,-0.000
7994,-0.000
7995,-0.000
7996,-0.000
7997,-0.000
7998,-0.000
7999,-0.000
8000,-0.000
8001,-0.000
8002,-530637.694
8003,-1066663.635
8004,-1361904.847
8005,-1486709.080
8006,-1811537.381
8007,-2031574.355
8008,-2076231.376
8009,-1817811.534
8010,-1072448.500
8011,-346878.963
8012,-219494.492
8013,-0.000
8014,-0.000
8015,-0.000
8016,-0.000
8017,-0.000
8018,-0.000
8019,-0.000
8020,-0.000
8021,-0.000
8022,-0.000
8023,-0.000
8024,-0.000
8025,-0.000
8026,-456439.793
8027,-1069425.208
8028,-1254917.899
8029,-1388550.763
8030,-1570761.194
8031,-1688349.896
8032,-1680536.762
8033,-1357085.346
8034,-580106.136
8035,-0.000
8036,-0.000
8037,-0.000
8038,-0.000
8039,-0.000
8040,-0.000
8041,-0.000
8042,-0.000
8043,-0.000
8044,-0.000
8045,-0.000
8046,-0.000
8047,-0.000
8048,-0.000
8049,-0.000
8050,-0.000
8051,-0.000
8052,-268653.085
8053,-575581.255
8054,-769359.336
8055,-912166.899
8056,-956269.693
8057,-710299.438
8058,-92596.198
8059,-0.000
8060,-0.000
8061,-0.000
8062,-0.000
8063,-0.000
8064,-0.000
8065,-0.000
8066,-0.000
8067,-0.000
8068,-0.000
8069,-0.000
8070,-0.000
8071,-0.000
8072,-0.000
8073,-0.000
8074,-79091.920
8075,-737344.835
8076,-1032942.785
8077,-1206692.114
8078,-1416010.190
8079,-1592469.063
8080,-1639855.920
8081,-1367833.372
8082,-601031.389
8083,-72162.207
8084,-0.000
8085,-0.000
8086,-0.000
8087,-0.000
8088,-0.000
8089,-0.000
8090,-0.000
8091,-0.000
8092,-0.000
8093,-0.000
8094,-0.000
8095,-0.000
8096,-0.000
8097,-0.000
8098,-189468.810
8099,-847641.567
8100,-1152254.774
8101,-1309968.891
8102,-1544039.049
8103,-1723488.285
8104,-1775163.505
8105,-1503580.274
8106,-731696.945
8107,-155926.476
8108,-48536.731
8109,-0.000
8110,-0.000
8111,-0.000
8112,-0.000
8113,-0.000
8114,-0.000
8115,-0.000
8116,-0.000
8117,-0.000
8118,-0.000
8119,-0.000
8120,-0.000
8121,-0.000
8122,-47879.392
8123,-339523.625
8124,-491912.594
8125,-511836.899
8126,-520712.761
8127,-628156.031
8128,-732791.323
8129,-704138.337
8130,-443611.809
8131,-119540.223
8132,-44876.537
8133,-0.000
8134,-0.000
8135,-0.000
8136,-0.000
8137,-0.000
8138,-0.000
8139,-0.000
8140,-0.000
8141,-0.000
8142,-0.000
8143,-0.000
8144,-0.000
8145,-0.000
8146,-363096.971
8147,-915406.117
8148,-1169788.766
8149,-1306502.907
8150,-1504703.936
8151,-1660448.578
8152,-1699492.147
8153,-1419572.296
8154,-652795.159
8155,-110185.099
8156,-6385.105
8157,-0.000
8158,-0.000
8159,-0.000
8160,-0.000
8161,-0.000
8162,-0.000
8163,-0.000
8164,-0.000
8165,-0.000
8166,-0.000
8167,-0.000
8168,-0.000
8169,-0.000
8170,-80267.300
8171,-797960.502
8172,-1129830.816
8173,-1291978.176
8174,-1514303.478
8175,-1710977.240
8176,-1768835.027
8177,-1491886.560
8178,-699953.403
8179,-104622.964
8180,-588.683
8181,-0.000
8182,-0.000
8183,-0.000
8184,-0.000
8185,-0.000
8186,-0.000
8187,-0.000
8188,-0.000
8189,-0.000
8190,-0.000
8191,-0.000
8192,-0.000
8193,-0.000
8194,-0.000
8195,-454936.278
8196,-877756.979
8197,-1026243.471
8198,-1244053.034
8199,-1409666.929
8200,-1464390.053
8201,-1199034.101
8202,-431415.620
8203,-0.000
8204,-0.000
8205,-0.000
8206,-0.000
8207,-0.000
8208,-0.000
8209,-0.000
8210,-0.000
8211,-0.000
8212,-0.000
8213,-0.000
8214,-0.000
8215,-0.000
8216,-0.000
8217,-0.000
8218,-0.000
8219,-0.000
8220,-45844.693
8221,-581452.278
8222,-733877.872
8223,-814064.660
8224,-847008.774
8225,-672677.457
8226,-123332.274
8227,-0.000
8228,-0.000
8229,-0.000
8230,-0.000
8231,-0.000
8232,-0.000
8233,-0.000
8234,-0.000
8235,-0.000
8236,-0.000
8237,-0.000
8238,-0.000
8239,-0.000
8240,-0.000
8241,-0.000
8242,-143584.836
8243,-859526.487
8244,-1241708.410
8245,-1402583.206
8246,-1667468.169
8247,-1846655.018
8248,-1916656.871
8249,-1646139.618
8250,-843019.738
8251,-197584.206
8252,-60434.681
8253,-0.000
8254,-0.000
8255,-0.000
8256,-0.000
8257,-0.000
8258,-0.000
8259,-0.000
8260,-0.000
8261,-0.000
8262,-0.000
8263,-0.000
8264,-0.000
8265,-0.000
8266,-192420.803
8267,-947526.449
8268,-1332914.261
8269,-1474713.682
8270,-1774098.336
8271,-1985690.575
8272,-2025972.968
8273,-1741317.690
8274,-927699.875
8275,-247585.158
8276,-97201.503
8277,-0.000
8278,-0.000
8279,-0.000
8280,-0.000
8281,-0.000
8282,-0.000
8283,-0.000
8284,-0.000
8285,-0.000
8286,-0.000
8287,-0.000
8288,-0.000
8289,-0.000
8290,-147166.856
8291,-952934.749
8292,-1351761.103
8293,-1489161.189
8294,-1765202.402
8295,-1963162.327
8296,-2015986.771
8297,-1746695.760
8298,-957923.238
8299,-244099.756
8300,-92370.782
8301,-0.000
8302,-0.000
8303,-0.000
8304,-0.000
8305,-0.000
8306,-0.000
8307,-0.000
8308,-0.000
8309,-0.000
8310,-0.000
8311,-0.000
8312,-0.000
8313,-0.000
8314,-268666.088
8315,-761692.628
8316,-1230866.481
8317,-1407403.707
8318,-1619626.663
8319,-1865327.011
8320,-1975558.999
8321,-1865432.388
8322,-1198501.080
8323,-370699.150
8324,-210122.745
8325,-0.000
8326,-0.000
8327,-0.000
8328,-0.000
8329,-0.000
8330,-0.000
8331,-0.000
8332,-0.000
8333,-0.000
8334,-0.000
8335,-0.000
8336,-0.000
8337,-0.000
8338,-510319.182
8339,-1466068.184
8340,-1762460.376
8341,-1817402.355
8342,-2124019.989
8343,-2304347.845
8344,-2335917.254
8345,-2064932.893
8346,-1360049.403
8347,-449355.651
8348,-311003.772
8349,-0.000
8350,-0.000
8351,-0.000
8352,-0.000
8353,-0.000
8354,-0.000
8355,-0.000
8356,-0.000
8357,-0.000
8358,-0.000
8359,-0.000
8360,-0.000
8361,-0.000
8362,-128054.350
8363,-1078181.547
8364,-1251436.099
8365,-1175712.666
8366,-1256774.628
8367,-1358629.997
8368,-1470113.975
8369,-1245306.267
8370,-724970.281
8371,-0.000
8372,-0.000
8373,-0.000
8374,-0.000
8375,-0.000
8376,-0.000
8377,-0.000
8378,-0.000
8379,-0.000
8380,-0.000
8381,-0.000
8382,-0.000
8383,-0.000
8384,-0.000
8385,-0.000
8386,-0.000
8387,-0.000
8388,-0.000
8389,-287176.580
8390,-611458.282
8391,-761423.165
8392,-732064.856
8393,-698976.333
8394,-279104.250
8395,-39749.371
8396,-0.000
8397,-0.000
8398,-0.000
8399,-0.000
8400,-0.000
8401,-0.000
8402,-0.000
8403,-0.000
8404,-0.000
8405,-0.000
8406,-0.000
8407,-90853.387
8408,-199407.263
8409,-883582.093
8410,-1176613.034
8411,-1684054.296
8412,-2020662.140
8413,-2050241.563
8414,-2416038.112
8415,-2246511.104
8416,-2231373.291
8417,-2153641.333
8418,-1566015.705
8419,-702173.150
8420,-593688.780
8421,-0.000
8422,-0.000
8423,-0.000
8424,-0.000
8425,-0.000
8426,-0.000
8427,-0.000
8428,-0.000
8429,-0.000
8430,-0.000
8431,-359821.231
8432,-371440.487
8433,-1265227.968
8434,-1484750.377
8435,-1811273.974
8436,-2201989.063
8437,-2171608.340
8438,-2463794.660
8439,-2596522.298
8440,-2464285.642
8441,-2158864.869
8442,-1568652.414
8443,-641961.435
8444,-520296.090
8445,-0.000
8446,-0.000
8447,-0.000
8448,-0.000
8449,-0.000
8450,-0.000
8451,-0.000
8452,-0.000
8453,-0.000
8454,-0.000
8455,-0.000
8456,-5159.407
8457,-277836.081
8458,-420380.277
8459,-569046.988
8460,-655022.104
8461,-766226.218
8462,-706520.150
8463,-665726.897
8464,-462839.843
8465,-328088.538
8466,-240666.226
8467,-73691.122
8468,-36454.143
8469,-0.000
8470,-0.000
8471,-0.000
8472,-0.000
8473,-0.000
8474,-0.000
8475,-0.000
8476,-0.000
8477,-0.000
8478,-0.000
8479,-0.000
8480,-0.000
8481,-0.000
8482,-162910.530
8483,-615657.308
8484,-900056.378
8485,-1088788.433
8486,-1196016.880
8487,-1424425.725
8488,-1570446.006
8489,-1344314.253
8490,-660487.629
8491,-131170.718
8492,-30238.802
8493,-0.000
8494,-0.000
8495,-0.000
8496,-0.000
8497,-0.000
8498,-0.000
8499,-0.000
8500,-0.000
8501,-0.000
8502,-0.000
8503,-0.000
8504,-0.000
8505,-0.000
8506,-108130.235
8507,-518062.531
8508,-602765.307
8509,-630268.197
8510,-688987.144
8511,-914510.218
8512,-1508614.812
8513,-1495024.848
8514,-849541.736
8515,-238865.186
8516,-142225.798
8517,-0.000
8518,-0.000
8519,-0.000
8520,-0.000
8521,-0.000
8522,-0.000
8523,-0.000
8524,-0.000
8525,-0.000
8526,-0.000
8527,-0.000
8528,-0.000
8529,-0.000
8530,-9249.445
8531,-498051.067
8532,-821965.852
8533,-1048778.010
8534,-1225356.929
8535,-1323636.457
8536,-1045073.985
8537,-902143.880
8538,-445205.399
8539,-0.000
8540,-0.000
8541,-0.000
8542,-0.000
8543,-0.000
8544,-0.000
8545,-0.000
8546,-0.000
8547,-0.000
8548,-0.000
8549,-0.000
8550,-0.000
8551,-0.000
8552,-0.000
8553,-0.000
8554,-0.000
8555,-0.000
8556,-289664.559
8557,-637963.476
8558,-761498.979
8559,-912622.862
8560,-624194.499
8561,-435694.090
8562,-119838.676
8563,-0.000
8564,-0.000
8565,-0.000
8566,-0.000
8567,-0.000
8568,-0.000
8569,-0.000
8570,-0.000
8571,-0.000
8572,-0.000
8573,-0.000
8574,-0.000
8575,-0.000
8576,-0.000
8577,-676979.481
8578,-786803.013
8579,-934185.601
8580,-1078214.868
8581,-1087699.872
8582,-1171475.661
8583,-1274558.018
8584,-1213529.598
8585,-1146701.166
8586,-819755.735
8587,-264468.300
8588,-145441.383
8589,-0.000
8590,-0.000
8591,-0.000
8592,-0.000
8593,-0.000
8594,-0.000
8595,-0.000
8596,-0.000
8597,-0.000
8598,-0.000
8599,-0.000
8600,-0.000
8601,-8864.268
8602,-713959.387
8603,-1256411.680
8604,-1417696.371
8605,-1436823.605
8606,-1784596.380
8607,-1828424.667
8608,-1797473.993
8609,-1808694.879
8610,-1207645.005
8611,-424675.078
8612,-290888.694
8613,-0.000
8614,-0.000
8615,-0.000
8616,-0.000
8617,-0.000
8618,-0.000
8619,-0.000
8620,-0.000
8621,-0.000
8622,-0.000
8623,-0.000
8624,-0.000
8625,-93767.074
8626,-971442.261
8627,-1565561.073
8628,-1752301.724
8629,-1716679.710
8630,-1875252.226
8631,-1999630.622
8632,-2012518.453
8633,-1651480.156
8634,-758417.680
8635,-157152.908
8636,-45082.995
8637,-0.000
8638,-0.000
8639,-0.000
8640,-0.000
8641,-0.000
8642,-0.000
8643,-0.000
8644,-0.000
8645,-0.000
8646,-0.000
8647,-0.000
8648,-0.000
8649,-0.000
8650,-177877.235
8651,-773514.183
8652,-1053563.049
8653,-1217298.223
8654,-1372607.509
8655,-1570543.192
8656,-1597794.725
8657,-1434844.627
8658,-781504.910
8659,-141213.834
8660,-35284.886
8661,-0.000
8662,-0.000
8663,-0.000
8664,-0.000
8665,-0.000
8666,-0.000
8667,-0.000
8668,-0.000
8669,-0.000
8670,-0.000
8671,-0.000
8672,-0.000
8673,-0.000
8674,-69246.295
8675,-789382.725
8676,-1123192.629
8677,-1296139.784
8678,-1544078.893
8679,-1747630.675
8680,-1812474.993
8681,-1607882.622
8682,-956818.380
8683,-207977.393
8684,-60712.550
8685,-0.000
8686,-0.000
8687,-0.000
8688,-0.000
8689,-0.000
8690,-0.000
8691,-0.000
8692,-0.000
8693,-0.000
8694,-0.000
8695,-0.000
8696,-0.000
8697,-0.000
8698,-0.000
8699,-0.000
8700,-179707.849
8701,-261930.654
8702,-407161.309
8703,-568685.040
8704,-810488.133
8705,-827797.993
8706,-562971.966
8707,-0.000
8708,-0.000
8709,-0.000
8710,-0.000
8711,-0.000
8712,-0.000
8713,-0.000
8714,-0.000
8715,-0.000
8716,-0.000
8717,-0.000
8718,-0.000
8719,-0.000
8720,-0.000
8721,-0.000
8722,-0.000
8723,-0.000
8724,-433694.710
8725,-622668.819
8726,-743834.496
8727,-716683.466
8728,-849814.695
8729,-800887.199
8730,-300050.021
8731,-27637.955
8732,-0.000
8733,-0.000
8734,-0.000
8735,-0.000
8736,-0.000
8737,-0.000
8738,-0.000
8739,-0.000
8740,-0.000
8741,-0.000
8742,-0.000
8743,-99358.129
8744,-139817.317
8745,-630362.798
8746,-946768.501
8747,-1272797.308
8748,-1467696.084
8749,-1544539.554
8750,-1760001.080
8751,-1810167.266
8752,-1478608.567
8753,-1395839.097
8754,-946676.261
8755,-309552.907
8756,-210910.478
8757,-0.000
8758,-0.000
8759,-0.000
8760,-0.000
