Hour,CoolingLoad_W
1,-0.000
2,-0.000
3,-0.000
4,-0.000
5,-0.000
6,-0.000
7,-0.000
8,-0.000
9,-0.000
10,-0.000
11,-0.000
12,-0.000
13,-133077.520
14,-188103.325
15,-193235.276
16,-57034.924
17,-2913.614
18,-0.000
19,-0.000
20,-0.000
21,-0.000
22,-0.000
23,-0.000
24,-0.000
25,-0.000
26,-0.000
27,-0.000
28,-0.000
29,-0.000
30,-0.000
31,-0.000
32,-0.000
33,-0.000
34,-0.000
35,-0.000
36,-0.000
37,-0.000
38,-0.000
39,-0.000
40,-0.000
41,-0.000
42,-0.000
43,-0.000
44,-0.000
45,-0.000
46,-0.000
47,-0.000
48,-0.000
49,-0.000
50,-0.000
51,-0.000
52,-0.000
53,-0.000
54,-0.000
55,-0.000
56,-0.000
57,-0.000
58,-0.000
59,-0.000
60,-0.000
61,-209573.835
62,-303039.915
63,-483751.556
64,-409792.415
65,-339343.595
66,-240115.021
67,-7095.816
68,-0.000
69,-0.000
70,-0.000
71,-0.000
72,-0.000
73,-0.000
74,-0.000
75,-0.000
76,-0.000
77,-0.000
78,-0.000
79,-0.000
80,-0.000
81,-0.000
82,-0.000
83,-192599.426
84,-600526.148
85,-911328.018
86,-1104484.026
87,-1190708.123
88,-901265.205
89,-834752.038
90,-682966.596
91,-147173.861
92,-27371.972
93,-0.000
94,-0.000
95,-0.000
96,-0.000
97,-0.000
98,-0.000
99,-0.000
100,-0.000
101,-0.000
102,-0.000
103,-0.000
104,-0.000
105,-0.000
106,-68475.899
107,-573228.837
108,-779298.166
109,-936279.541
110,-951856.961
111,-1048926.022
112,-1240347.345
113,-1234272.985
114,-875468.563
115,-152843.484
116,-3853.035
117,-0.000
118,-0.000
119,-0.000
120,-0.000
121,-0.000
122,-0.000
123,-0.000
124,-0.000
125,-0.000
126,-0.000
127,-0.000
128,-0.000
129,-0.000
130,-0.000
131,-0.000
132,-0.000
133,-80487.714
134,-166290.959
135,-179165.041
136,-97530.062
137,-53300.837
138,-12663.924
139,-0.000
140,-0.000
141,-0.000
142,-0.000
143,-0.000
144,-0.000
145,-0.000
146,-0.000
147,-0.000
148,-0.000
149,-0.000
150,-0.000
151,-0.000
152,-0.000
153,-0.000
154,-0.000
155,-0.000
156,-0.000
157,-107531.041
158,-557245.033
159,-597933.405
160,-189147.066
161,-67487.852
162,-0.000
163,-0.000
164,-0.000
165,-0.000
166,-0.000
167,-0.000
168,-0.000
169,-0.000
170,-0.000
171,-0.000
172,-0.000
173,-0.000
174,-0.000
175,-0.000
176,-0.000
177,-0.000
178,-104958.975
179,-588916.400
180,-898805.784
181,-1086715.126
182,-1206607.818
183,-1243622.851
184,-1241382.790
185,-1146760.325
186,-724973.579
187,-113897.784
188,-3229.867
189,-0.000
190,-0.000
191,-0.000
192,-0.000
193,-0.000
194,-0.000
195,-0.000
196,-0.000
197,-0.000
198,-0.000
199,-0.000
200,-0.000
201,-0.000
202,-231410.835
203,-1054178.907
204,-1452877.962
205,-1739214.014
206,-2007479.898
207,-2338834.386
208,-2257553.035
209,-2007663.317
210,-1262360.316
211,-329100.370
212,-161974.488
213,-0.000
214,-0.000
215,-0.000
216,-0.000
217,-0.000
218,-0.000
219,-0.000
220,-0.000
221,-0.000
222,-0.000
223,-0.000
224,-0.000
225,-0.000
226,-221213.039
227,-866757.063
228,-1182779.083
229,-1401333.883
230,-1806891.184
231,-1896108.494
232,-1553555.492
233,-1482306.804
234,-1206168.303
235,-409528.611
236,-271369.247
237,-0.000
238,-0.000
239,-0.000
240,-0.000
241,-0.000
242,-0.000
243,-0.000
244,-0.000
245,-0.000
246,-0.000
247,-0.000
248,-0.000
249,-73743.862
250,-587106.721
251,-929141.886
252,-1213233.843
253,-1448225.314
254,-1794881.220
255,-1837862.242
256,-1971535.055
257,-2015180.779
258,-1651556.173
259,-508435.161
260,-340911.443
261,-0.000
262,-0.000
263,-0.000
264,-0.000
265,-0.000
266,-0.000
267,-0.000
268,-0.000
269,-0.000
270,-0.000
271,-0.000
272,-0.000
273,-83985.389
274,-832531.687
275,-1529390.647
276,-1811449.909
277,-1860199.858
278,-2142277.419
279,-2364427.557
280,-2053851.328
281,-2030530.001
282,-1649557.828
283,-439383.321
284,-247311.937
285,-0.000
286,-0.000
287,-0.000
288,-0.000
289,-0.000
290,-0.000
291,-0.000
292,-0.000
293,-0.000
294,-0.000
295,-0.000
296,-0.000
297,-0.000
298,-0.000
299,-416491.222
300,-725459.022
301,-1032293.105
302,-1326319.649
303,-1486379.966
304,-1678344.014
305,-1347037.507
306,-956538.655
307,-0.000
308,-0.000
309,-0.000
310,-0.000
311,-0.000
312,-0.000
313,-0.000
314,-0.000
315,-0.000
316,-0.000
317,-0.000
318,-0.000
319,-0.000
320,-0.000
321,-0.000
322,-0.000
323,-0.000
324,-368790.415
325,-945481.251
326,-1232136.803
327,-1302623.722
328,-1100173.744
329,-742662.603
330,-397396.690
331,-0.000
332,-0.000
333,-0.000
334,-0.000
335,-0.000
336,-0.000
337,-0.000
338,-0.000
339,-0.000
340,-0.000
341,-0.000
342,-0.000
343,-0.000
344,-0.000
345,-533174.776
346,-1108522.689
347,-1529790.069
348,-1674313.499
349,-1715578.609
350,-1667569.469
351,-1790618.695
352,-1922667.505
353,-1770774.419
354,-1369240.633
355,-362613.479
356,-215900.317
357,-0.000
358,-0.000
359,-0.000
360,-0.000
361,-0.000
362,-0.000
363,-0.000
364,-0.000
365,-0.000
366,-0.000
367,-0.000
368,-0.000
369,-0.000
370,-0.000
371,-424500.590
372,-832238.864
373,-1204831.335
374,-1466246.244
375,-1485927.879
376,-629035.855
377,-385035.491
378,-301045.392
379,-33464.121
380,-0.000
381,-0.000
382,-0.000
383,-0.000
384,-0.000
385,-0.000
386,-0.000
387,-0.000
388,-0.000
389,-0.000
390,-0.000
391,-0.000
392,-0.000
393,-0.000
394,-0.000
395,-625298.591
396,-1220623.923
397,-1567574.916
398,-1836439.665
399,-2104190.026
400,-2212643.513
401,-2144474.451
402,-1253713.227
403,-145091.896
404,-2559.066
405,-0.000
406,-0.000
407,-0.000
408,-0.000
409,-0.000
410,-0.000
411,-0.000
412,-0.000
413,-0.000
414,-0.000
415,-0.000
416,-0.000
417,-0.000
418,-0.000
419,-499088.419
420,-1068450.798
421,-1353470.643
422,-1646363.846
423,-1973080.315
424,-1988577.049
425,-2068587.667
426,-1277153.441
427,-203206.926
428,-78694.730
429,-0.000
430,-0.000
431,-0.000
432,-0.000
433,-0.000
434,-0.000
435,-0.000
436,-0.000
437,-0.000
438,-0.000
439,-0.000
440,-0.000
441,-0.000
442,-439228.420
443,-893205.512
444,-1346068.773
445,-1628777.245
446,-2064523.032
447,-2356455.112
448,-2729585.448
449,-2597183.149
450,-1869671.441
451,-578359.613
452,-421855.716
453,-0.000
454,-0.000
455,-0.000
456,-0.000
457,-0.000
458,-0.000
459,-0.000
460,-0.000
461,-0.000
462,-0.000
463,-0.000
464,-0.000
465,-0.000
466,-286146.772
467,-1209907.370
468,-1745172.309
469,-1951412.467
470,-1898355.608
471,-1818731.475
472,-1803414.028
473,-1597267.116
474,-955718.474
475,-0.000
476,-0.000
477,-0.000
478,-0.000
479,-0.000
480,-0.000
481,-0.000
482,-0.000
483,-0.000
484,-0.000
485,-0.000
486,-0.000
487,-0.000
488,-0.000
489,-0.000
490,-0.000
491,-0.000
492,-0.000
493,-0.000
494,-246315.127
495,-792547.644
496,-1090150.952
497,-1089998.507
498,-580832.934
499,-0.000
500,-0.000
501,-0.000
502,-0.000
503,-0.000
504,-0.000
505,-0.000
506,-0.000
507,-0.000
508,-0.000
509,-0.000
510,-0.000
511,-0.000
512,-0.000
513,-0.000
514,-0.000
515,-676745.644
516,-1163959.735
517,-1434218.410
518,-1720579.457
519,-1972473.630
520,-2114952.103
521,-2139505.853
522,-1507794.601
523,-144855.629
524,-0.000
525,-0.000
526,-0.000
527,-0.000
528,-0.000
529,-0.000
530,-0.000
531,-0.000
532,-0.000
533,-0.000
534,-0.000
535,-0.000
536,-0.000
537,-0.000
538,-0.000
539,-718606.342
540,-1354824.933
541,-1569225.249
542,-1887382.409
543,-2193306.130
544,-2306838.151
545,-2294274.839
546,-1630588.260
547,-191551.211
548,-5161.835
549,-0.000
550,-0.000
551,-0.000
552,-0.000
553,-0.000
554,-0.000
555,-0.000
556,-0.000
557,-0.000
558,-0.000
559,-0.000
560,-0.000
561,-0.000
562,-60191.592
563,-1068556.512
564,-1561751.148
565,-1766525.872
566,-2084638.239
567,-2333513.008
568,-2452721.655
569,-2464235.939
570,-1876697.595
571,-306506.739
572,-64955.173
573,-0.000
574,-0.000
575,-0.000
576,-0.000
577,-0.000
578,-0.000
579,-0.000
580,-0.000
581,-0.000
582,-0.000
583,-0.000
584,-0.000
585,-0.000
586,-85608.619
587,-1215542.610
588,-1723890.169
589,-1893015.939
590,-2204412.785
591,-2544074.782
592,-2644550.973
593,-2679569.757
594,-2126904.511
595,-471161.538
596,-270904.949
597,-0.000
598,-0.000
599,-0.000
600,-0.000
601,-0.000
602,-0.000
603,-0.000
604,-0.000
605,-0.000
606,-0.000
607,-0.000
608,-0.000
609,-73788.772
610,-657596.952
611,-1221203.851
612,-1532725.311
613,-1560224.239
614,-1904569.920
615,-2234920.122
616,-2359347.552
617,-2266742.746
618,-1756483.909
619,-321409.078
620,-124214.554
621,-0.000
622,-0.000
623,-0.000
624,-0.000
625,-0.000
626,-0.000
627,-0.000
628,-0.000
629,-0.000
630,-0.000
631,-0.000
632,-0.000
633,-0.000
634,-0.000
635,-591693.570
636,-1161874.136
637,-1318180.409
638,-1627883.357
639,-1888658.902
640,-1996681.366
641,-2021929.190
642,-1436804.596
643,-0.000
644,-0.000
645,-0.000
646,-0.000
647,-0.000
648,-0.000
649,-0.000
650,-0.000
651,-0.000
652,-0.000
653,-0.000
654,-0.000
655,-0.000
656,-0.000
657,-0.000
658,-0.000
659,-0.000
660,-0.000
661,-522634.323
662,-863531.378
663,-1166837.772
664,-1077978.017
665,-1148196.861
666,-709805.744
667,-0.000
668,-0.000
669,-0.000
670,-0.000
671,-0.000
672,-0.000
673,-0.000
674,-0.000
675,-0.000
676,-0.000
677,-0.000
678,-0.000
679,-0.000
680,-0.000
681,-0.000
682,-294539.625
683,-1099571.603
684,-1610930.311
685,-1841345.227
686,-2311712.242
687,-2634634.727
688,-2647241.315
689,-2724925.589
690,-2120881.579
691,-498707.515
692,-268115.698
693,-0.000
694,-0.000
695,-0.000
696,-0.000
697,-0.000
698,-0.000
699,-0.000
700,-0.000
701,-0.000
702,-0.000
703,-0.000
704,-0.000
705,-0.000
706,-724037.726
707,-1906021.029
708,-2259117.270
709,-2386567.038
710,-2762429.419
711,-2845059.556
712,-2830424.836
713,-2655018.326
714,-2291193.325
715,-743239.369
716,-568568.083
717,-0.000
718,-0.000
719,-0.000
720,-0.000
721,-0.000
722,-0.000
723,-0.000
724,-0.000
725,-0.000
726,-0.000
727,-0.000
728,-0.000
729,-618919.362
730,-1189812.609
731,-1768519.209
732,-2264498.742
733,-2505058.975
734,-3137662.606
735,-3308644.069
736,-3200344.991
737,-3099189.807
738,-2372312.405
739,-635821.107
740,-438256.598
741,-0.000
742,-0.000
743,-0.000
744,-0.000
745,-0.000
746,-0.000
747,-0.000
748,-0.000
749,-0.000
750,-0.000
751,-0.000
752,-0.000
753,-0.000
754,-210973.654
755,-555593.814
756,-670979.724
757,-779911.671
758,-849406.901
759,-1066917.046
760,-943024.303
761,-955720.271
762,-952370.554
763,-129650.310
764,-4065.118
765,-0.000
766,-0.000
767,-0.000
768,-0.000
769,-0.000
770,-0.000
771,-0.000
772,-0.000
773,-0.000
774,-0.000
775,-0.000
776,-0.000
777,-0.000
778,-102882.904
779,-630605.489
780,-1134510.513
781,-1483140.162
782,-2014016.481
783,-2355495.808
784,-2152489.409
785,-2108459.813
786,-1858741.821
787,-630231.217
788,-426252.119
789,-0.000
790,-0.000
791,-0.000
792,-0.000
793,-0.000
794,-0.000
795,-0.000
796,-0.000
797,-0.000
798,-0.000
799,-0.000
800,-0.000
801,-0.000
802,-756370.705
803,-1336290.584
804,-1605506.292
805,-1550935.858
806,-1719155.357
807,-1826887.691
808,-1726775.085
809,-1629871.643
810,-1568691.073
811,-0.000
812,-0.000
813,-0.000
814,-0.000
815,-0.000
816,-0.000
817,-0.000
818,-0.000
819,-0.000
820,-0.000
821,-0.000
822,-0.000
823,-0.000
824,-0.000
825,-0.000
826,-0.000
827,-429341.259
828,-921547.915
829,-1196412.082
830,-1381626.018
831,-1404633.322
832,-1154500.913
833,-1177761.764
834,-779945.051
835,-76989.502
836,-0.000
837,-0.000
838,-0.000
839,-0.000
840,-0.000
841,-0.000
842,-0.000
843,-0.000
844,-0.000
845,-0.000
846,-0.000
847,-189807.168
848,-272584.136
849,-1049915.233
850,-1295959.365
851,-1578983.989
852,-1849955.732
853,-2156806.561
854,-2526825.652
855,-2688721.548
856,-2544244.527
857,-2621864.585
858,-2284197.932
859,-806897.799
860,-686328.450
861,-0.000
862,-0.000
863,-0.000
864,-0.000
865,-0.000
866,-0.000
867,-0.000
868,-0.000
869,-0.000
870,-0.000
871,-398865.764
872,-431194.539
873,-1499880.479
874,-1827412.394
875,-2370906.489
876,-2669864.554
877,-2840901.566
878,-3309399.105
879,-3450149.353
880,-3279453.023
881,-3119500.626
882,-2845116.614
883,-1009101.490
884,-772007.501
885,-0.000
886,-0.000
887,-0.000
888,-0.000
889,-0.000
890,-0.000
891,-0.000
892,-0.000
893,-0.000
894,-0.000
895,-595105.722
896,-556998.407
897,-1712859.669
898,-2048954.096
899,-2641386.722
900,-3039181.711
901,-3010143.086
902,-3341424.830
903,-3395819.234
904,-3638206.691
905,-3590833.098
906,-2773139.562
907,-1009391.395
908,-796161.116
909,-0.000
910,-0.000
911,-0.000
912,-0.000
913,-0.000
914,-0.000
915,-0.000
916,-0.000
917,-0.000
918,-0.000
919,-976984.237
920,-536934.500
921,-1701732.835
922,-2018115.234
923,-2433926.878
924,-2770619.193
925,-3031914.179
926,-3525183.474
927,-3574277.213
928,-3654344.371
929,-3536340.713
930,-2721627.182
931,-988271.232
932,-790015.385
933,-0.000
934,-0.000
935,-0.000
936,-0.000
937,-0.000
938,-0.000
939,-0.000
940,-0.000
941,-0.000
942,-0.000
943,-487688.251
944,-430108.975
945,-1350878.791
946,-1508563.699
947,-1616551.384
948,-1612820.636
949,-1613216.467
950,-1689897.123
951,-1428895.424
952,-1574910.696
953,-1393730.525
954,-1118263.825
955,-354874.491
956,-225325.176
957,-0.000
958,-0.000
959,-0.000
960,-0.000
961,-0.000
962,-0.000
963,-0.000
964,-0.000
965,-0.000
966,-0.000
967,-0.000
968,-0.000
969,-0.000
970,-0.000
971,-0.000
972,-0.000
973,-304627.005
974,-408118.012
975,-416774.103
976,-443505.002
977,-446995.368
978,-373621.375
979,-0.000
980,-0.000
981,-0.000
982,-0.000
983,-0.000
984,-0.000
985,-0.000
986,-0.000
987,-0.000
988,-0.000
989,-0.000
990,-0.000
991,-0.000
992,-0.000
993,-0.000
994,-0.000
995,-0.000
996,-0.000
997,-0.000
998,-0.000
999,-0.000
1000,-0.000
1001,-0.000
1002,-0.000
1003,-0.000
1004,-0.000
1005,-0.000
1006,-0.000
1007,-0.000
1008,-0.000
1009,-0.000
1010,-0.000
1011,-0.000
1012,-0.000
1013,-0.000
1014,-0.000
1015,-0.000
1016,-0.000
1017,-0.000
1018,-0.000
1019,-538411.346
1020,-1088029.590
1021,-1191925.614
1022,-1594176.896
1023,-2019549.546
1024,-2363257.396
1025,-2151959.274
1026,-1853891.462
1027,-580597.122
1028,-396719.516
1029,-0.000
1030,-0.000
1031,-0.000
1032,-0.000
1033,-0.000
1034,-0.000
1035,-0.000
1036,-0.000
1037,-0.000
1038,-0.000
1039,-0.000
1040,-0.000
1041,-399424.156
1042,-1220078.053
1043,-1749572.160
1044,-2123170.009
1045,-2212983.214
1046,-2604763.463
1047,-2641337.849
1048,-2550933.249
1049,-2375092.413
1050,-2139763.227
1051,-773068.304
1052,-567058.386
1053,-0.000
1054,-0.000
1055,-0.000
1056,-0.000
1057,-0.000
1058,-0.000
1059,-0.000
1060,-0.000
1061,-0.000
1062,-0.000
1063,-0.000
1064,-0.000
1065,-766904.102
1066,-1468895.994
1067,-1864420.696
1068,-2102383.056
1069,-1982698.667
1070,-2311388.490
1071,-2849650.203
1072,-2601027.907
1073,-2565752.974
1074,-2471523.671
1075,-834516.423
1076,-572563.819
1077,-0.000
1078,-0.000
1079,-0.000
1080,-0.000
1081,-0.000
1082,-0.000
1083,-0.000
1084,-0.000
1085,-0.000
1086,-0.000
1087,-0.000
1088,-205632.209
1089,-1053126.258
1090,-1247243.629
1091,-1462245.162
1092,-1657982.407
1093,-2006682.383
1094,-2106619.198
1095,-2188942.126
1096,-2000036.869
1097,-1839357.197
1098,-1891897.247
1099,-750844.543
1100,-592758.065
1101,-0.000
1102,-0.000
1103,-0.000
1104,-0.000
1105,-0.000
1106,-0.000
1107,-0.000
1108,-0.000
1109,-0.000
1110,-0.000
1111,-0.000
1112,-212925.240
1113,-1265043.611
1114,-1596655.479
1115,-1884385.668
1116,-1984434.222
1117,-1968583.668
1118,-2459071.018
1119,-2967277.002
1120,-2952338.897
1121,-2702522.511
1122,-2369362.951
1123,-747380.525
1124,-469018.918
1125,-0.000
1126,-0.000
1127,-0.000
1128,-0.000
1129,-0.000
1130,-0.000
1131,-0.000
1132,-0.000
1133,-0.000
1134,-0.000
1135,-0.000
1136,-0.000
1137,-0.000
1138,-0.000
1139,-0.000
1140,-27504.104
1141,-176888.929
1142,-297824.891
1143,-346122.041
1144,-310720.446
1145,-273838.462
1146,-225800.549
1147,-0.000
1148,-0.000
1149,-0.000
1150,-0.000
1151,-0.000
1152,-0.000
1153,-0.000
1154,-0.000
1155,-0.000
1156,-0.000
1157,-0.000
1158,-0.000
1159,-0.000
1160,-0.000
1161,-0.000
1162,-0.000
1163,-0.000
1164,-0.000
1165,-0.000
1166,-0.000
1167,-0.000
1168,-0.000
1169,-0.000
1170,-0.000
1171,-0.000
1172,-0.000
1173,-0.000
1174,-0.000
1175,-0.000
1176,-0.000
1177,-0.000
1178,-0.000
1179,-0.000
1180,-0.000
1181,-0.000
1182,-0.000
1183,-0.000
1184,-0.000
1185,-0.000
1186,-35725.316
1187,-584515.615
1188,-846841.077
1189,-1009057.212
1190,-1268194.509
1191,-1326520.720
1192,-1362935.078
1193,-1458231.077
1194,-1344224.327
1195,-501284.174
1196,-393004.513
1197,-0.000
1198,-0.000
1199,-0.000
1200,-0.000
1201,-0.000
1202,-0.000
1203,-0.000
1204,-0.000
1205,-0.000
1206,-0.000
1207,-0.000
1208,-0.000
1209,-1168191.925
1210,-1413009.147
1211,-1825910.161
1212,-2236111.324
1213,-2317864.269
1214,-2971710.970
1215,-3031369.624
1216,-3012073.672
1217,-2818473.897
1218,-2684358.098
1219,-979552.189
1220,-802807.214
1221,-0.000
1222,-0.000
1223,-0.000
1224,-0.000
1225,-0.000
1226,-0.000
1227,-0.000
1228,-0.000
1229,-0.000
1230,-0.000
1231,-696587.428
1232,-634754.358
1233,-1864263.959
1234,-2068541.778
1235,-2109120.364
1236,-2224573.250
1237,-2009656.379
1238,-2190913.611
1239,-2175194.763
1240,-2162003.235
1241,-1909505.186
1242,-1432034.110
1243,-354524.320
1244,-46660.585
1245,-0.000
1246,-0.000
1247,-0.000
1248,-0.000
1249,-0.000
1250,-0.000
1251,-0.000
1252,-0.000
1253,-0.000
1254,-0.000
1255,-0.000
1256,-0.000
1257,-0.000
1258,-0.000
1259,-736717.516
1260,-1304240.743
1261,-1506060.279
1262,-1746168.885
1263,-2005048.759
1264,-1995566.239
1265,-1843253.195
1266,-1448886.508
1267,-356331.146
1268,-171030.774
1269,-0.000
1270,-0.000
1271,-0.000
1272,-0.000
1273,-0.000
1274,-0.000
1275,-0.000
1276,-0.000
1277,-0.000
1278,-0.000
1279,-0.000
1280,-0.000
1281,-0.000
1282,-0.000
1283,-0.000
1284,-26862.774
1285,-171596.166
1286,-0.000
1287,-0.000
1288,-0.000
1289,-0.000
1290,-0.000
1291,-0.000
1292,-0.000
1293,-0.000
1294,-0.000
1295,-0.000
1296,-0.000
1297,-0.000
1298,-0.000
1299,-0.000
1300,-0.000
1301,-0.000
1302,-0.000
1303,-0.000
1304,-0.000
1305,-0.000
1306,-0.000
1307,-0.000
1308,-0.000
1309,-516525.681
1310,-1041637.708
1311,-1315687.715
1312,-1154732.803
1313,-826733.322
1314,-442608.917
1315,-0.000
1316,-0.000
1317,-0.000
1318,-0.000
1319,-0.000
1320,-0.000
1321,-0.000
1322,-0.000
1323,-0.000
1324,-0.000
1325,-0.000
1326,-0.000
1327,-0.000
1328,-0.000
1329,-0.000
1330,-0.000
1331,-0.000
1332,-0.000
1333,-0.000
1334,-0.000
1335,-0.000
1336,-0.000
1337,-0.000
1338,-0.000
1339,-0.000
1340,-0.000
1341,-0.000
1342,-0.000
1343,-0.000
1344,-0.000
1345,-0.000
1346,-0.000
1347,-0.000
1348,-0.000
1349,-0.000
1350,-0.000
1351,-0.000
1352,-0.000
1353,-0.000
1354,-0.000
1355,-232470.849
1356,-733849.881
1357,-992811.705
1358,-1219457.625
1359,-1439332.026
1360,-1504763.668
1361,-1368864.180
1362,-1119204.056
1363,-387129.063
1364,-236446.962
1365,-0.000
1366,-0.000
1367,-0.000
1368,-0.000
1369,-0.000
1370,-0.000
1371,-0.000
1372,-0.000
1373,-0.000
1374,-0.000
1375,-0.000
1376,-0.000
1377,-300299.929
1378,-841384.710
1379,-1211741.035
1380,-1526335.243
1381,-1780227.360
1382,-2090422.366
1383,-2285825.895
1384,-2378035.097
1385,-2262559.714
1386,-2201383.838
1387,-767805.822
1388,-600965.332
1389,-0.000
1390,-0.000
1391,-0.000
1392,-0.000
1393,-0.000
1394,-0.000
1395,-0.000
1396,-0.000
1397,-0.000
1398,-0.000
1399,-0.000
1400,-89484.655
1401,-758612.617
1402,-825919.103
1403,-989078.484
1404,-1156575.592
1405,-1469226.863
1406,-1658533.184
1407,-1912944.875
1408,-2276240.038
1409,-2213475.934
1410,-1933970.363
1411,-630139.873
1412,-382057.623
1413,-0.000
1414,-0.000
1415,-0.000
1416,-0.000
1417,-0.000
1418,-0.000
1419,-0.000
1420,-0.000
1421,-0.000
1422,-0.000
1423,-0.000
1424,-0.000
1425,-582792.537
1426,-947573.033
1427,-1284283.689
1428,-1644613.373
1429,-1933095.446
1430,-2181450.553
1431,-2235192.115
1432,-2164547.505
1433,-2251994.252
1434,-2072552.829
1435,-818761.879
1436,-631413.915
1437,-0.000
1438,-0.000
1439,-0.000
1440,-0.000
1441,-0.000
1442,-0.000
1443,-0.000
1444,-0.000
1445,-0.000
1446,-0.000
1447,-216958.641
1448,-358724.279
1449,-1344122.303
1450,-1593618.742
1451,-2072737.037
1452,-2331804.607
1453,-2304435.691
1454,-2646949.482
1455,-2666179.263
1456,-2313716.276
1457,-1998817.638
1458,-1873350.411
1459,-868637.029
1460,-711046.006
1461,-0.000
1462,-0.000
1463,-0.000
1464,-0.000
1465,-0.000
1466,-0.000
1467,-0.000
1468,-0.000
1469,-0.000
1470,-0.000
1471,-0.000
1472,-0.000
1473,-0.000
1474,-0.000
1475,-237629.001
1476,-535682.923
1477,-1137467.968
1478,-1654368.215
1479,-1838351.096
1480,-1587576.445
1481,-1442527.233
1482,-1258930.692
1483,-0.000
1484,-0.000
1485,-0.000
1486,-0.000
1487,-0.000
1488,-0.000
1489,-0.000
1490,-0.000
1491,-0.000
1492,-0.000
1493,-0.000
1494,-0.000
1495,-0.000
1496,-0.000
1497,-0.000
1498,-0.000
1499,-0.000
1500,-0.000
1501,-237363.704
1502,-851561.120
1503,-985390.992
1504,-1000243.564
1505,-806646.463
1506,-364401.480
1507,-40063.870
1508,-0.000
1509,-0.000
1510,-0.000
1511,-0.000
1512,-0.000
1513,-0.000
1514,-0.000
1515,-0.000
1516,-0.000
1517,-0.000
1518,-0.000
1519,-0.000
1520,-0.000
1521,-1033948.216
1522,-1629917.136
1523,-2150217.249
1524,-2371988.446
1525,-2228193.071
1526,-2550611.323
1527,-2496048.182
1528,-2377242.655
1529,-1984313.701
1530,-1790957.211
1531,-735694.986
1532,-665110.545
1533,-0.000
1534,-0.000
1535,-0.000
1536,-0.000
1537,-0.000
1538,-0.000
1539,-0.000
1540,-0.000
1541,-0.000
1542,-0.000
1543,-0.000
1544,-79966.316
1545,-903293.622
1546,-975932.401
1547,-1116628.015
1548,-1149948.686
1549,-1211654.811
1550,-1187917.570
1551,-1119021.505
1552,-941631.852
1553,-779966.168
1554,-710323.207
1555,-217303.727
1556,-68988.138
1557,-0.000
1558,-0.000
1559,-0.000
1560,-0.000
1561,-0.000
1562,-0.000
1563,-0.000
1564,-0.000
1565,-0.000
1566,-0.000
1567,-0.000
1568,-0.000
1569,-0.000
1570,-0.000
1571,-0.000
1572,-265035.690
1573,-550102.969
1574,-306609.526
1575,-297931.956
1576,-218930.139
1577,-229558.833
1578,-298781.749
1579,-62862.231
1580,-0.000
1581,-0.000
1582,-0.000
1583,-0.000
1584,-0.000
1585,-0.000
1586,-0.000
1587,-0.000
1588,-0.000
1589,-0.000
1590,-0.000
1591,-0.000
1592,-0.000
1593,-0.000
1594,-86801.956
1595,-520737.435
1596,-631862.453
1597,-786602.421
1598,-614701.602
1599,-595444.057
1600,-512941.952
1601,-449861.929
1602,-249867.898
1603,-2521.328
1604,-0.000
1605,-0.000
1606,-0.000
1607,-0.000
1608,-0.000
1609,-0.000
1610,-0.000
1611,-0.000
1612,-0.000
1613,-0.000
1614,-0.000
1615,-0.000
1616,-0.000
1617,-0.000
1618,-0.000
1619,-0.000
1620,-214446.802
1621,-278959.166
1622,-144540.197
1623,-167329.368
1624,-163745.168
1625,-79814.465
1626,-53624.454
1627,-0.000
1628,-0.000
1629,-0.000
1630,-0.000
1631,-0.000
1632,-0.000
1633,-0.000
1634,-0.000
1635,-0.000
1636,-0.000
1637,-0.000
1638,-0.000
1639,-0.000
1640,-0.000
1641,-0.000
1642,-0.000
1643,-0.000
1644,-0.000
1645,-0.000
1646,-331562.974
1647,-597315.931
1648,-1055930.332
1649,-932237.886
1650,-833076.768
1651,-0.000
1652,-0.000
1653,-0.000
1654,-0.000
1655,-0.000
1656,-0.000
1657,-0.000
1658,-0.000
1659,-0.000
1660,-0.000
1661,-0.000
1662,-0.000
1663,-0.000
1664,-0.000
1665,-0.000
1666,-0.000
1667,-0.000
1668,-375444.448
1669,-770666.703
1670,-1015031.809
1671,-1181595.262
1672,-1141416.220
1673,-971272.942
1674,-779946.688
1675,-213094.521
1676,-0.000
1677,-0.000
1678,-0.000
1679,-0.000
1680,-0.000
1681,-0.000
1682,-0.000
1683,-0.000
1684,-0.000
1685,-0.000
1686,-0.000
1687,-0.000
1688,-0.000
1689,-0.000
1690,-1010052.999
1691,-1885320.767
1692,-2050532.748
1693,-2058270.245
1694,-2390616.565
1695,-2651145.857
1696,-2725014.758
1697,-2710378.787
1698,-2399778.735
1699,-942202.468
1700,-454313.447
1701,-0.000
1702,-0.000
1703,-0.000
1704,-0.000
1705,-0.000
1706,-0.000
1707,-0.000
1708,-0.000
1709,-0.000
1710,-0.000
1711,-0.000
1712,-0.000
1713,-171531.332
1714,-1248646.444
1715,-2086486.526
1716,-2197865.958
1717,-2091491.318
1718,-2476941.949
1719,-2762859.279
1720,-2890903.670
1721,-2805833.649
1722,-2515699.643
1723,-984513.542
1724,-707431.756
1725,-0.000
1726,-0.000
1727,-0.000
1728,-0.000
1729,-0.000
1730,-0.000
1731,-0.000
1732,-0.000
1733,-0.000
1734,-0.000
1735,-195462.405
1736,-272983.443
1737,-1090868.514
1738,-1232023.325
1739,-1277298.633
1740,-1198094.222
1741,-1216567.006
1742,-1427559.984
1743,-1462609.389
1744,-1535138.651
1745,-1528520.808
1746,-1419101.067
1747,-571123.902
1748,-444997.708
1749,-0.000
1750,-0.000
1751,-0.000
1752,-0.000
1753,-0.000
1754,-0.000
1755,-0.000
1756,-0.000
1757,-0.000
1758,-0.000
1759,-0.000
1760,-0.000
1761,-205674.321
1762,-614377.688
1763,-865056.530
1764,-1044698.770
1765,-1021637.847
1766,-1169471.677
1767,-1461762.749
1768,-1307508.041
1769,-1241251.159
1770,-1190340.544
1771,-490647.103
1772,-314215.413
1773,-0.000
1774,-0.000
1775,-0.000
1776,-0.000
1777,-0.000
1778,-0.000
1779,-0.000
1780,-0.000
1781,-0.000
1782,-0.000
1783,-0.000
1784,-0.000
1785,-364317.107
1786,-1206528.628
1787,-1867663.848
1788,-2011365.764
1789,-1947681.916
1790,-2167184.887
1791,-2247145.180
1792,-2173851.688
1793,-2140427.159
1794,-1803715.826
1795,-780340.239
1796,-524489.228
1797,-0.000
1798,-0.000
1799,-0.000
1800,-0.000
1801,-0.000
1802,-0.000
1803,-0.000
1804,-0.000
1805,-0.000
1806,-0.000
1807,-0.000
1808,-0.000
1809,-40893.737
1810,-560917.921
1811,-842604.547
1812,-1286743.588
1813,-1571449.417
1814,-1684545.382
1815,-1555245.484
1816,-1438746.317
1817,-1219711.010
1818,-1081566.637
1819,-0.000
1820,-0.000
1821,-0.000
1822,-0.000
1823,-0.000
1824,-0.000
1825,-0.000
1826,-0.000
1827,-0.000
1828,-0.000
1829,-0.000
1830,-0.000
1831,-0.000
1832,-0.000
1833,-0.000
1834,-0.000
1835,-0.000
1836,-31184.131
1837,-437635.124
1838,-546298.657
1839,-546887.673
1840,-505127.141
1841,-396202.840
1842,-226201.573
1843,-52403.219
1844,-0.000
1845,-0.000
1846,-0.000
1847,-0.000
1848,-0.000
1849,-0.000
1850,-0.000
1851,-0.000
1852,-0.000
1853,-0.000
1854,-0.000
1855,-209246.107
1856,-376023.297
1857,-1537114.322
1858,-1991794.872
1859,-2397996.723
1860,-2594271.687
1861,-2536092.421
1862,-2833525.386
1863,-3101172.146
1864,-3026340.403
1865,-3044189.088
1866,-2828729.661
1867,-1281379.288
1868,-849352.115
1869,-0.000
1870,-0.000
1871,-0.000
1872,-0.000
1873,-0.000
1874,-0.000
1875,-0.000
1876,-0.000
1877,-0.000
1878,-0.000
1879,-1495787.789
1880,-801630.748
1881,-2240697.476
1882,-2582842.487
1883,-2836961.336
1884,-2942586.522
1885,-2736234.089
1886,-3062990.213
1887,-3083326.135
1888,-2969242.352
1889,-2870698.858
1890,-2872996.707
1891,-1296890.557
1892,-982480.454
1893,-0.000
1894,-0.000
1895,-0.000
1896,-0.000
1897,-0.000
1898,-0.000
1899,-0.000
1900,-0.000
1901,-0.000
1902,-0.000
1903,-1347210.232
1904,-836790.473
1905,-2403141.028
1906,-2718368.229
1907,-2972594.330
1908,-3201765.915
1909,-3001632.228
1910,-3605006.413
1911,-3859202.152
1912,-3815154.703
1913,-3800497.501
1914,-3475919.854
1915,-1553243.662
1916,-1032401.422
1917,-0.000
1918,-0.000
1919,-148003.409
1920,-148947.319
1921,-98247.688
1922,-99666.053
1923,-119987.300
1924,-144659.704
1925,-133140.869
1926,-115424.751
1927,-1787382.683
1928,-942823.940
1929,-2701433.043
1930,-3024352.357
1931,-3242738.861
1932,-3268456.832
1933,-2873654.897
1934,-2929436.109
1935,-3035975.363
1936,-2950343.165
1937,-2831223.903
1938,-2631913.842
1939,-1065783.820
1940,-807858.289
1941,-0.000
1942,-0.000
1943,-0.000
1944,-0.000
1945,-0.000
1946,-0.000
1947,-0.000
1948,-0.000
1949,-0.000
1950,-0.000
1951,-0.000
1952,-0.000
1953,-212053.805
1954,-690627.975
1955,-799704.684
1956,-758658.772
1957,-857367.550
1958,-806998.416
1959,-805264.590
1960,-575549.828
1961,-433571.393
1962,-437097.061
1963,-83056.032
1964,-0.000
1965,-0.000
1966,-0.000
1967,-0.000
1968,-0.000
1969,-0.000
1970,-0.000
1971,-0.000
1972,-0.000
1973,-0.000
1974,-0.000
1975,-0.000
1976,-0.000
1977,-0.000
1978,-0.000
1979,-0.000
1980,-37604.551
1981,-458743.719
1982,-603181.298
1983,-500976.800
1984,-415952.858
1985,-332316.750
1986,-156532.554
1987,-0.000
1988,-0.000
1989,-0.000
1990,-0.000
1991,-0.000
1992,-0.000
1993,-0.000
1994,-0.000
1995,-0.000
1996,-0.000
1997,-0.000
1998,-0.000
1999,-0.000
2000,-0.000
2001,-0.000
2002,-0.000
2003,-0.000
2004,-0.000
2005,-0.000
2006,-0.000
2007,-0.000
2008,-0.000
2009,-113149.112
2010,-155946.821
2011,-17757.657
2012,-0.000
2013,-0.000
2014,-0.000
2015,-0.000
2016,-0.000
2017,-0.000
2018,-0.000
2019,-0.000
2020,-0.000
2021,-0.000
2022,-0.000
2023,-0.000
2024,-0.000
2025,-1107846.498
2026,-1407174.396
2027,-1747272.232
2028,-1937193.297
2029,-2088124.234
2030,-2542330.824
2031,-2614324.048
2032,-2398017.365
2033,-2235300.552
2034,-2215438.110
2035,-986262.215
2036,-760055.909
2037,-0.000
2038,-0.000
2039,-0.000
2040,-0.000
2041,-0.000
2042,-0.000
2043,-0.000
2044,-0.000
2045,-0.000
2046,-0.000
2047,-181178.685
2048,-396709.798
2049,-1485827.291
2050,-1722687.586
2051,-2070491.895
2052,-2287287.476
2053,-2268607.774
2054,-2828187.223
2055,-3012642.404
2056,-3004027.088
2057,-3024594.493
2058,-2900950.187
2059,-1376544.178
2060,-928379.706
2061,-0.000
2062,-0.000
2063,-0.000
2064,-0.000
2065,-0.000
2066,-0.000
2067,-0.000
2068,-0.000
2069,-0.000
2070,-0.000
2071,-695707.103
2072,-668137.778
2073,-2016477.951
2074,-2268151.105
2075,-2651214.922
2076,-2905548.541
2077,-2742419.410
2078,-3091230.201
2079,-3155326.817
2080,-3168483.721
2081,-3110740.002
2082,-2957816.315
2083,-1398593.364
2084,-1056164.850
2085,-0.000
2086,-0.000
2087,-46941.532
2088,-113251.847
2089,-40620.608
2090,-6581.039
2091,-0.000
2092,-0.000
2093,-0.000
2094,-0.000
2095,-1602908.149
2096,-786291.383
2097,-2092383.360
2098,-2202339.613
2099,-2356244.148
2100,-2655118.429
2101,-2527507.616
2102,-2787813.548
2103,-2862980.021
2104,-2639314.760
2105,-2726582.791
2106,-2527081.648
2107,-1139501.689
2108,-856355.828
2109,-0.000
2110,-0.000
2111,-0.000
2112,-0.000
2113,-0.000
2114,-0.000
2115,-0.000
2116,-0.000
2117,-0.000
2118,-0.000
2119,-431004.663
2120,-514511.645
2121,-1809382.723
2122,-2112163.323
2123,-2313803.118
2124,-2632280.614
2125,-2643482.409
2126,-2903959.817
2127,-2940619.618
2128,-3040999.398
2129,-3125885.664
2130,-2983792.777
2131,-1357759.108
2132,-977475.453
2133,-0.000
2134,-0.000
2135,-16402.445
2136,-85140.997
2137,-1601.083
2138,-0.000
2139,-0.000
2140,-0.000
2141,-0.000
2142,-0.000
2143,-0.000
2144,-0.000
2145,-1417828.084
2146,-1463277.532
2147,-1557175.019
2148,-1526489.931
2149,-1592976.870
2150,-1612514.353
2151,-1647335.852
2152,-1719698.150
2153,-1392836.250
2154,-1326579.851
2155,-0.000
2156,-0.000
2157,-0.000
2158,-0.000
2159,-0.000
2160,-0.000
2161,-0.000
2162,-0.000
2163,-0.000
2164,-0.000
2165,-0.000
2166,-0.000
2167,-0.000
2168,-0.000
2169,-0.000
2170,-0.000
2171,-0.000
2172,-0.000
2173,-0.000
2174,-0.000
2175,-194476.753
2176,-84833.832
2177,-2070.968
2178,-0.000
2179,-0.000
2180,-0.000
2181,-0.000
2182,-0.000
2183,-0.000
2184,-0.000
2185,-0.000
2186,-0.000
2187,-0.000
2188,-0.000
2189,-0.000
2190,-0.000
2191,-0.000
2192,-0.000
2193,-783029.344
2194,-1281180.600
2195,-1656870.920
2196,-2074510.581
2197,-2152629.418
2198,-2460276.533
2199,-2572580.032
2200,-2410670.409
2201,-2264211.708
2202,-2242065.589
2203,-1110242.830
2204,-693312.879
2205,-0.000
2206,-0.000
2207,-0.000
2208,-0.000
2209,-0.000
2210,-0.000
2211,-0.000
2212,-0.000
2213,-0.000
2214,-0.000
2215,-392836.618
2216,-469972.030
2217,-1531734.543
2218,-1685404.609
2219,-2027706.295
2220,-2440473.577
2221,-2496880.659
2222,-2905217.637
2223,-3109028.959
2224,-3055169.057
2225,-3041412.747
2226,-2902771.105
2227,-1353090.579
2228,-875192.949
2229,-0.000
2230,-0.000
2231,-0.000
2232,-0.000
2233,-0.000
2234,-0.000
2235,-0.000
2236,-0.000
2237,-0.000
2238,-0.000
2239,-540343.739
2240,-493188.913
2241,-1550782.149
2242,-1745835.921
2243,-1969750.451
2244,-2120296.762
2245,-2008917.189
2246,-2247259.191
2247,-2273428.261
2248,-2167512.265
2249,-2229379.851
2250,-2317097.567
2251,-1111464.613
2252,-683143.120
2253,-0.000
2254,-0.000
2255,-0.000
2256,-0.000
2257,-0.000
2258,-0.000
2259,-0.000
2260,-0.000
2261,-0.000
2262,-0.000
2263,-418576.724
2264,-439142.471
2265,-1575879.433
2266,-1950221.177
2267,-2376715.086
2268,-2505862.808
2269,-2417772.992
2270,-2826117.581
2271,-2989557.572
2272,-2927410.805
2273,-3139972.231
2274,-2989386.531
2275,-1382512.817
2276,-831093.420
2277,-0.000
2278,-0.000
2279,-0.000
2280,-0.000
2281,-0.000
2282,-0.000
2283,-0.000
2284,-0.000
2285,-0.000
2286,-0.000
2287,-481067.528
2288,-568092.468
2289,-2093295.220
2290,-2433686.328
2291,-2871491.006
2292,-3026996.622
2293,-2743141.729
2294,-3324737.025
2295,-3600385.100
2296,-3550818.578
2297,-3617466.121
2298,-3493713.351
2299,-1626693.018
2300,-1138235.863
2301,-0.000
2302,-0.000
2303,-170741.077
2304,-166490.862
2305,-95391.679
2306,-30503.038
2307,-0.000
2308,-0.000
2309,-0.000
2310,-0.000
2311,-0.000
2312,-0.000
2313,-1987732.243
2314,-1889649.656
2315,-2107802.352
2316,-2133664.451
2317,-2216864.381
2318,-2482487.220
2319,-2720186.986
2320,-2810526.407
2321,-2720956.380
2322,-2444875.626
2323,-270472.509
2324,-306193.224
2325,-310911.086
2326,-317451.345
2327,-293977.830
2328,-237033.523
2329,-142407.029
2330,-92653.560
2331,-47204.582
2332,-74963.248
2333,-96321.031
2334,-95261.029
2335,-144864.682
2336,-228405.206
2337,-448738.871
2338,-825279.132
2339,-1094325.873
2340,-1166399.387
2341,-1197118.590
2342,-1496568.637
2343,-1638800.702
2344,-1567059.910
2345,-1417537.769
2346,-1104780.605
2347,-706614.749
2348,-319656.287
2349,-281963.451
2350,-278455.562
2351,-271378.188
2352,-272324.906
2353,-291831.407
2354,-296742.221
2355,-298146.335
2356,-302681.707
2357,-288982.273
2358,-275413.098
2359,-2007243.536
2360,-1154005.833
2361,-3001115.245
2362,-3248833.022
2363,-3491834.989
2364,-3545591.691
2365,-3193883.229
2366,-3677298.549
2367,-3752266.741
2368,-3564175.738
2369,-3498259.184
2370,-3447726.768
2371,-1667299.740
2372,-1295186.935
2373,-0.000
2374,-176359.096
2375,-306554.506
2376,-304444.700
2377,-230858.794
2378,-185760.424
2379,-156528.533
2380,-152631.929
2381,-140734.390
2382,-153170.734
2383,-1958818.159
2384,-1100679.181
2385,-2936005.896
2386,-3210273.249
2387,-3413108.592
2388,-3537766.482
2389,-3296907.982
2390,-3928864.248
2391,-3958962.297
2392,-4076513.916
2393,-3996228.085
2394,-3863817.076
2395,-1797822.009
2396,-1372676.512
2397,-0.000
2398,-297260.141
2399,-349003.678
2400,-334461.226
2401,-272701.000
2402,-242523.747
2403,-205467.721
2404,-185709.434
2405,-166660.603
2406,-150261.369
2407,-1893315.918
2408,-1081576.683
2409,-2970529.702
2410,-3278960.948
2411,-3341142.822
2412,-3359311.611
2413,-3109082.468
2414,-3455856.578
2415,-3499128.241
2416,-3317217.845
2417,-3012724.131
2418,-2753631.326
2419,-1159460.603
2420,-851134.772
2421,-0.000
2422,-0.000
2423,-0.000
2424,-0.000
2425,-0.000
2426,-0.000
2427,-0.000
2428,-0.000
2429,-0.000
2430,-0.000
2431,-162360.974
2432,-244255.315
2433,-899264.810
2434,-1092982.714
2435,-1307073.677
2436,-1541831.373
2437,-1660579.598
2438,-1643289.253
2439,-1618460.919
2440,-1516593.991
2441,-1652766.428
2442,-1902618.594
2443,-835960.918
2444,-468415.060
2445,-0.000
2446,-0.000
2447,-0.000
2448,-0.000
2449,-0.000
2450,-0.000
2451,-0.000
2452,-0.000
2453,-0.000
2454,-0.000
2455,-134694.818
2456,-323131.403
2457,-1318596.822
2458,-1513673.170
2459,-1659052.166
2460,-1790058.481
2461,-1784184.536
2462,-1941537.336
2463,-2015247.028
2464,-2246157.977
2465,-2095346.785
2466,-1854658.045
2467,-762945.599
2468,-648593.309
2469,-0.000
2470,-0.000
2471,-0.000
2472,-0.000
2473,-0.000
2474,-0.000
2475,-0.000
2476,-0.000
2477,-0.000
2478,-0.000
2479,-0.000
2480,-0.000
2481,-1093259.099
2482,-1197524.484
2483,-1327911.950
2484,-1218563.207
2485,-1240496.003
2486,-1237721.431
2487,-1336198.199
2488,-1700357.836
2489,-1298079.048
2490,-1126983.146
2491,-0.000
2492,-0.000
2493,-0.000
2494,-0.000
2495,-0.000
2496,-0.000
2497,-0.000
2498,-0.000
2499,-0.000
2500,-0.000
2501,-0.000
2502,-0.000
2503,-0.000
2504,-0.000
2505,-0.000
2506,-0.000
2507,-0.000
2508,-0.000
2509,-91180.977
2510,-301679.412
2511,-337779.461
2512,-327510.591
2513,-279876.193
2514,-111553.549
2515,-0.000
2516,-0.000
2517,-0.000
2518,-0.000
2519,-0.000
2520,-0.000
2521,-0.000
2522,-0.000
2523,-0.000
2524,-0.000
2525,-0.000
2526,-0.000
2527,-0.000
2528,-85229.719
2529,-1093146.551
2530,-1212494.667
2531,-1380435.395
2532,-1633026.446
2533,-1555436.204
2534,-1923308.853
2535,-2151787.966
2536,-2202218.631
2537,-2188513.581
2538,-2329933.328
2539,-1066280.871
2540,-772699.241
2541,-0.000
2542,-0.000
2543,-0.000
2544,-0.000
2545,-0.000
2546,-0.000
2547,-0.000
2548,-0.000
2549,-0.000
2550,-0.000
2551,-102628.729
2552,-471844.478
2553,-1841946.460
2554,-2170752.012
2555,-2585595.615
2556,-2631159.258
2557,-2545313.628
2558,-2979560.308
2559,-3074032.624
2560,-3015275.258
2561,-2771514.275
2562,-2664600.272
2563,-1320105.177
2564,-1015728.162
2565,-0.000
2566,-0.000
2567,-99211.607
2568,-131020.968
2569,-44810.686
2570,-1136.297
2571,-0.000
2572,-0.000
2573,-0.000
2574,-0.000
2575,-1400060.109
2576,-829258.015
2577,-2272607.037
2578,-2440238.563
2579,-2618576.037
2580,-2554893.389
2581,-2278711.349
2582,-2647494.489
2583,-2623832.389
2584,-2490202.341
2585,-2455392.968
2586,-2363782.321
2587,-1052303.350
2588,-969014.735
2589,-0.000
2590,-0.000
2591,-0.000
2592,-0.000
2593,-0.000
2594,-0.000
2595,-0.000
2596,-0.000
2597,-0.000
2598,-0.000
2599,-1378536.375
2600,-763530.817
2601,-2187556.365
2602,-2380685.147
2603,-2640772.375
2604,-2727221.031
2605,-2314872.773
2606,-2462176.466
2607,-2404486.624
2608,-2249844.650
2609,-2150715.474
2610,-2114072.295
2611,-936041.111
2612,-810145.880
2613,-0.000
2614,-0.000
2615,-0.000
2616,-0.000
2617,-0.000
2618,-0.000
2619,-0.000
2620,-0.000
2621,-0.000
2622,-0.000
2623,-696660.928
2624,-658734.588
2625,-2005791.558
2626,-2078119.975
2627,-2382362.326
2628,-2467850.883
2629,-1979515.397
2630,-2277737.783
2631,-2276011.758
2632,-2480259.674
2633,-2589305.248
2634,-2562145.949
2635,-1163582.023
2636,-953297.623
2637,-0.000
2638,-0.000
2639,-0.000
2640,-0.000
2641,-0.000
2642,-0.000
2643,-0.000
2644,-0.000
2645,-0.000
2646,-0.000
2647,-0.000
2648,-0.000
2649,-1605400.380
2650,-1494262.326
2651,-1565834.933
2652,-1695983.926
2653,-1721637.589
2654,-1730464.617
2655,-1780124.633
2656,-1748896.936
2657,-1907974.097
2658,-1762839.382
2659,-0.000
2660,-102761.578
2661,-136908.829
2662,-183985.380
2663,-181323.266
2664,-174565.419
2665,-112808.733
2666,-94235.395
2667,-85773.632
2668,-84506.212
2669,-73991.951
2670,-73147.277
2671,-128705.077
2672,-234121.294
2673,-431543.996
2674,-823345.143
2675,-1210798.623
2676,-1269385.920
2677,-1153555.709
2678,-1193746.336
2679,-1253889.428
2680,-1281621.652
2681,-926722.177
2682,-468232.360
2683,-283802.666
2684,-209086.331
2685,-185356.465
2686,-166597.554
2687,-140869.033
2688,-104751.746
2689,-83953.043
2690,-60325.219
2691,-46413.064
2692,-49607.249
2693,-63740.188
2694,-87548.912
2695,-2049372.358
2696,-1095497.222
2697,-2957466.054
2698,-3313249.078
2699,-3665919.196
2700,-3825508.432
2701,-3363993.626
2702,-4010724.002
2703,-4126531.056
2704,-4158426.345
2705,-4030831.814
2706,-4032920.270
2707,-1913239.550
2708,-1354281.317
2709,-0.000
2710,-267041.122
2711,-340763.243
2712,-317919.295
2713,-229826.497
2714,-188230.196
2715,-180329.629
2716,-186991.534
2717,-207960.782
2718,-231525.056
2719,-2129963.651
2720,-1244121.154
2721,-3220006.004
2722,-3434187.305
2723,-3688323.662
2724,-3845275.879
2725,-3435788.826
2726,-4033482.114
2727,-4150622.434
2728,-4057914.687
2729,-3959071.311
2730,-3920695.974
2731,-1998401.810
2732,-1401415.780
2733,-0.000
2734,-324177.713
2735,-381833.091
2736,-358659.124
2737,-266423.503
2738,-228082.026
2739,-203532.851
2740,-194587.753
2741,-183516.153
2742,-189498.409
2743,-2061745.348
2744,-1281595.508
2745,-3293134.063
2746,-3481323.147
2747,-3746709.471
2748,-3809530.867
2749,-3363987.803
2750,-4027269.815
2751,-4163012.689
2752,-4235899.747
2753,-4299195.427
2754,-4363763.146
2755,-1994092.222
2756,-1405082.511
2757,-0.000
2758,-287659.268
2759,-358136.325
2760,-351074.107
2761,-278621.135
2762,-227201.450
2763,-175237.051
2764,-159944.564
2765,-145090.830
2766,-134620.550
2767,-1963887.772
2768,-1161487.324
2769,-2943016.366
2770,-3113345.615
2771,-3310772.270
2772,-3395327.242
2773,-3008326.172
2774,-3573798.925
2775,-3506120.130
2776,-3362265.480
2777,-3369697.551
2778,-3413519.098
2779,-1533948.497
2780,-1195389.587
2781,-0.000
2782,-14889.619
2783,-200203.992
2784,-185862.731
2785,-108627.729
2786,-57911.005
2787,-12701.246
2788,-0.000
2789,-0.000
2790,-0.000
2791,-1503910.997
2792,-850968.177
2793,-2264109.855
2794,-2471219.109
2795,-2635807.686
2796,-2766251.031
2797,-2254921.436
2798,-2512829.926
2799,-2826494.845
2800,-2450955.609
2801,-2108754.436
2802,-1972178.111
2803,-947672.715
2804,-855495.692
2805,-0.000
2806,-0.000
2807,-0.000
2808,-0.000
2809,-0.000
2810,-0.000
2811,-0.000
2812,-0.000
2813,-0.000
2814,-0.000
2815,-0.000
2816,-0.000
2817,-1502175.403
2818,-1491601.462
2819,-1653077.945
2820,-1736159.292
2821,-1812373.628
2822,-1959675.490
2823,-2194666.139
2824,-2066952.317
2825,-2044939.993
2826,-2046410.748
2827,-120279.599
2828,-217094.680
2829,-210346.540
2830,-204421.472
2831,-193566.882
2832,-166228.885
2833,-78382.543
2834,-14960.278
2835,-0.000
2836,-0.000
2837,-0.000
2838,-0.000
2839,-35813.500
2840,-178940.205
2841,-393924.101
2842,-690761.826
2843,-981601.981
2844,-1164266.198
2845,-1106250.741
2846,-1196614.649
2847,-1362905.361
2848,-1435654.958
2849,-1325982.660
2850,-1091551.572
2851,-707687.492
2852,-275425.831
2853,-251548.190
2854,-249982.230
2855,-226462.346
2856,-182986.113
2857,-144372.906
2858,-104334.000
2859,-98334.347
2860,-121965.641
2861,-115508.512
2862,-55261.120
2863,-1770933.343
2864,-901671.725
2865,-2471650.946
2866,-2508320.035
2867,-2414457.124
2868,-2414094.331
2869,-2029093.419
2870,-2368255.303
2871,-2473047.888
2872,-2760028.416
2873,-2778300.354
2874,-2632466.017
2875,-1238232.585
2876,-939043.827
2877,-0.000
2878,-0.000
2879,-0.000
2880,-0.000
2881,-0.000
2882,-0.000
2883,-0.000
2884,-0.000
2885,-0.000
2886,-0.000
2887,-462503.436
2888,-523454.381
2889,-1575657.438
2890,-1876025.172
2891,-2174078.830
2892,-2314725.466
2893,-2290041.943
2894,-2735818.402
2895,-2836344.516
2896,-2724350.996
2897,-2409399.199
2898,-2277353.459
2899,-1243763.030
2900,-770065.630
2901,-0.000
2902,-0.000
2903,-0.000
2904,-0.000
2905,-0.000
2906,-0.000
2907,-0.000
2908,-0.000
2909,-0.000
2910,-0.000
2911,-416052.617
2912,-386160.133
2913,-1178347.763
2914,-1335422.993
2915,-1569062.994
2916,-1739569.294
2917,-1765066.415
2918,-1956987.005
2919,-1928094.459
2920,-1767729.147
2921,-1639578.333
2922,-1586622.704
2923,-706690.376
2924,-550757.794
2925,-0.000
2926,-0.000
2927,-0.000
2928,-0.000
2929,-0.000
2930,-0.000
2931,-0.000
2932,-0.000
2933,-0.000
2934,-0.000
2935,-272141.548
2936,-473078.811
2937,-1594611.512
2938,-1888266.254
2939,-2158683.486
2940,-2262380.010
2941,-2284779.891
2942,-2671018.226
2943,-2744192.817
2944,-2566382.656
2945,-2585529.320
2946,-2545719.356
2947,-1310433.881
2948,-794159.600
2949,-0.000
2950,-0.000
2951,-0.000
2952,-0.000
2953,-0.000
2954,-0.000
2955,-0.000
2956,-0.000
2957,-0.000
2958,-0.000
2959,-964220.233
2960,-607137.914
2961,-1697379.145
2962,-1857296.440
2963,-2031896.115
2964,-2263057.947
2965,-2152145.688
2966,-2314987.074
2967,-2313614.232
2968,-2075671.636
2969,-1876686.888
2970,-1736831.499
2971,-725470.079
2972,-420080.584
2973,-0.000
2974,-0.000
2975,-0.000
2976,-0.000
2977,-0.000
2978,-0.000
2979,-0.000
2980,-0.000
2981,-0.000
2982,-0.000
2983,-0.000
2984,-0.000
2985,-0.000
2986,-574847.980
2987,-847187.589
2988,-942736.442
2989,-967081.890
2990,-1064893.650
2991,-989336.598
2992,-871941.944
2993,-759757.738
2994,-729095.474
2995,-0.000
2996,-0.000
2997,-0.000
2998,-0.000
2999,-0.000
3000,-0.000
3001,-0.000
3002,-0.000
3003,-0.000
3004,-0.000
3005,-0.000
3006,-0.000
3007,-0.000
3008,-0.000
3009,-0.000
3010,-0.000
3011,-0.000
3012,-0.000
3013,-0.000
3014,-154261.332
3015,-265909.569
3016,-307541.893
3017,-219141.863
3018,-14820.738
3019,-0.000
3020,-0.000
3021,-0.000
3022,-0.000
3023,-0.000
3024,-0.000
3025,-0.000
3026,-0.000
3027,-0.000
3028,-0.000
3029,-0.000
3030,-0.000
3031,-0.000
3032,-209507.430
3033,-1348530.128
3034,-1504871.334
3035,-1536093.417
3036,-1663074.567
3037,-1614835.986
3038,-1788901.095
3039,-1797298.657
3040,-1750891.019
3041,-1695254.654
3042,-1675863.510
3043,-750766.100
3044,-578967.897
3045,-0.000
3046,-0.000
3047,-0.000
3048,-0.000
3049,-0.000
3050,-0.000
3051,-0.000
3052,-0.000
3053,-0.000
3054,-0.000
3055,-0.000
3056,-212855.172
3057,-1348931.817
3058,-1533140.814
3059,-1600941.021
3060,-1606096.076
3061,-1544070.888
3062,-1761721.562
3063,-1679112.617
3064,-1530397.190
3065,-1532210.370
3066,-1491439.981
3067,-699303.552
3068,-584161.987
3069,-0.000
3070,-0.000
3071,-0.000
3072,-0.000
3073,-0.000
3074,-0.000
3075,-0.000
3076,-0.000
3077,-0.000
3078,-0.000
3079,-290303.915
3080,-499643.309
3081,-1712329.269
3082,-1990106.937
3083,-2245185.940
3084,-2447470.783
3085,-2326513.591
3086,-2823994.850
3087,-2917295.405
3088,-2772524.573
3089,-2809705.618
3090,-2716333.089
3091,-1234886.664
3092,-945432.728
3093,-0.000
3094,-0.000
3095,-0.000
3096,-44455.450
3097,-8392.573
3098,-0.000
3099,-0.000
3100,-0.000
3101,-0.000
3102,-0.000
3103,-1369640.096
3104,-856902.051
3105,-2308846.148
3106,-2514941.882
3107,-2757079.520
3108,-2881261.077
3109,-2631778.473
3110,-3186375.249
3111,-3264304.246
3112,-3277127.513
3113,-3264156.803
3114,-3185004.060
3115,-1602220.053
3116,-1118013.563
3117,-0.000
3118,-0.000
3119,-147235.085
3120,-173475.958
3121,-82576.014
3122,-10045.521
3123,-0.000
3124,-0.000
3125,-0.000
3126,-0.000
3127,-1549643.673
3128,-1097109.500
3129,-2889028.203
3130,-3093692.580
3131,-3345431.679
3132,-3362061.469
3133,-2989718.611
3134,-3546379.082
3135,-3666413.151
3136,-3825043.934
3137,-3889948.947
3138,-4050795.969
3139,-2139767.890
3140,-1258828.019
3141,-0.000
3142,-157787.756
3143,-292860.619
3144,-269730.740
3145,-183738.356
3146,-135443.854
3147,-106844.294
3148,-88017.703
3149,-30399.330
3150,-0.000
3151,-46228.435
3152,-334882.755
3153,-2302826.805
3154,-1949321.892
3155,-2004089.982
3156,-2079509.932
3157,-2106207.619
3158,-2361973.232
3159,-2616542.660
3160,-2838378.353
3161,-2807173.619
3162,-2811981.027
3163,-662951.149
3164,-424451.843
3165,-369889.852
3166,-346655.183
3167,-316588.987
3168,-277870.794
3169,-197493.643
3170,-166650.610
3171,-154858.253
3172,-161356.979
3173,-164195.346
3174,-163782.044
3175,-207828.826
3176,-348269.036
3177,-581404.033
3178,-792896.418
3179,-1033884.418
3180,-1125602.551
3181,-1071207.001
3182,-1262555.302
3183,-1451361.491
3184,-1600689.786
3185,-1514786.160
3186,-1416580.498
3187,-1056848.185
3188,-400859.319
3189,-357658.357
3190,-364620.949
3191,-345972.396
3192,-312115.249
3193,-294074.999
3194,-261791.278
3195,-239309.694
3196,-256725.154
3197,-267796.421
3198,-263770.859
3199,-2113986.213
3200,-1276631.174
3201,-3248258.760
3202,-3436598.678
3203,-3546267.563
3204,-3607526.797
3205,-3220539.906
3206,-3896298.958
3207,-4095102.309
3208,-4206474.000
3209,-4324874.388
3210,-4388217.745
3211,-2246455.647
3212,-1523619.540
3213,-0.000
3214,-393883.090
3215,-446098.326
3216,-435014.982
3217,-348307.897
3218,-312370.280
3219,-306917.191
3220,-319931.086
3221,-321301.577
3222,-326246.261
3223,-2274972.110
3224,-1454059.188
3225,-3665799.884
3226,-3804779.249
3227,-4011554.696
3228,-4129261.394
3229,-3640743.298
3230,-4012754.647
3231,-4146838.234
3232,-3994976.448
3233,-3965881.861
3234,-3930212.791
3235,-1810221.631
3236,-1533484.192
3237,-0.000
3238,-325211.582
3239,-448438.752
3240,-505594.414
3241,-439899.972
3242,-420009.891
3243,-416879.243
3244,-405962.114
3245,-408709.780
3246,-410700.538
3247,-1930226.803
3248,-1560960.383
3249,-4035743.290
3250,-4162193.607
3251,-4454404.521
3252,-4551550.213
3253,-3911540.506
3254,-4640272.259
3255,-4748382.988
3256,-4890968.785
3257,-4913005.252
3258,-4594929.215
3259,-2095558.609
3260,-1693813.869
3261,-7356.358
3262,-483286.703
3263,-541074.249
3264,-528820.908
3265,-454482.203
3266,-433810.840
3267,-421089.653
3268,-418086.256
3269,-413833.932
3270,-413332.606
3271,-1949914.831
3272,-1562541.895
3273,-3886408.880
3274,-4098653.967
3275,-4381405.728
3276,-4462375.016
3277,-3767940.783
3278,-4437115.732
3279,-4639929.357
3280,-4840898.257
3281,-4769474.054
3282,-4478352.074
3283,-2050973.582
3284,-1531341.543
3285,-0.000
3286,-130477.309
3287,-331960.141
3288,-383236.036
3289,-312963.528
3290,-307685.118
3291,-320480.604
3292,-338666.894
3293,-336438.030
3294,-326885.435
3295,-2292996.037
3296,-1371568.922
3297,-3583445.943
3298,-3798346.557
3299,-4073608.752
3300,-4273963.211
3301,-3839974.513
3302,-4707889.050
3303,-4869784.059
3304,-4918854.985
3305,-4891125.005
3306,-5016169.907
3307,-2574465.556
3308,-1806771.250
3309,-70191.877
3310,-617673.820
3311,-628218.070
3312,-609550.809
3313,-536168.072
3314,-534717.477
3315,-540219.079
3316,-547088.335
3317,-539293.539
3318,-526578.038
3319,-591869.800
3320,-821537.286
3321,-3250556.511
3322,-2783616.487
3323,-2783245.727
3324,-2850002.338
3325,-2867317.577
3326,-3020919.693
3327,-3124577.333
3328,-3167770.549
3329,-3271840.286
3330,-3339252.382
3331,-729867.252
3332,-697773.969
3333,-688638.591
3334,-685603.181
3335,-643092.600
3336,-604701.193
3337,-525516.617
3338,-496460.316
3339,-483411.195
3340,-435289.000
3341,-351292.614
3342,-323559.306
3343,-302656.043
3344,-296514.473
3345,-343321.552
3346,-471731.574
3347,-619821.739
3348,-775976.498
3349,-1090863.169
3350,-1288515.401
3351,-1134117.846
3352,-1083187.748
3353,-1092254.653
3354,-1000316.672
3355,-673666.464
3356,-291406.831
3357,-265417.380
3358,-264245.964
3359,-239122.591
3360,-201565.610
3361,-174528.118
3362,-155620.956
3363,-137721.149
3364,-114442.940
3365,-94869.210
3366,-83444.551
3367,-1659393.811
3368,-1018295.370
3369,-2566464.414
3370,-2623483.121
3371,-2687192.069
3372,-2848763.090
3373,-2681284.216
3374,-2855321.134
3375,-2864623.335
3376,-3144038.783
3377,-3045282.361
3378,-3009015.820
3379,-1386557.919
3380,-1105888.247
3381,-0.000
3382,-0.000
3383,-88447.646
3384,-130999.862
3385,-56447.063
3386,-15999.858
3387,-0.000
3388,-0.000
3389,-0.000
3390,-0.000
3391,-1442475.926
3392,-809842.532
3393,-2273389.439
3394,-2515586.753
3395,-2780452.709
3396,-2896851.385
3397,-2543329.068
3398,-2873510.368
3399,-2966572.240
3400,-3254419.832
3401,-3153139.824
3402,-2942970.640
3403,-1440358.566
3404,-1128629.458
3405,-0.000
3406,-0.000
3407,-64848.647
3408,-159683.990
3409,-107212.557
3410,-77329.429
3411,-67939.204
3412,-53224.757
3413,-0.000
3414,-0.000
3415,-1699921.602
3416,-900426.867
3417,-2432544.517
3418,-2537568.651
3419,-2735583.733
3420,-3043400.921
3421,-2866572.321
3422,-3191706.558
3423,-3314515.521
3424,-3386397.579
3425,-3117702.447
3426,-3033057.511
3427,-1408359.831
3428,-1128896.252
3429,-0.000
3430,-0.000
3431,-105503.365
3432,-186652.683
3433,-133887.256
3434,-109957.346
3435,-97987.413
3436,-114350.806
3437,-106923.795
3438,-102157.235
3439,-1950133.600
3440,-1036314.266
3441,-2703597.456
3442,-2806185.894
3443,-2900947.023
3444,-3260845.946
3445,-2966144.978
3446,-3570405.271
3447,-3416421.122
3448,-3374681.115
3449,-3657232.248
3450,-3645523.666
3451,-1880325.728
3452,-1238425.019
3453,-0.000
3454,-10707.573
3455,-240870.140
3456,-267934.800
3457,-220610.619
3458,-211849.940
3459,-211918.217
3460,-212016.370
3461,-191464.926
3462,-151661.614
3463,-1881553.834
3464,-1032989.458
3465,-2850593.600
3466,-3068677.924
3467,-3265372.380
3468,-3440219.514
3469,-3192880.123
3470,-3817078.260
3471,-3651935.479
3472,-3555055.083
3473,-3809757.186
3474,-3442624.980
3475,-1743118.144
3476,-1362319.168
3477,-0.000
3478,-41070.381
3479,-268571.086
3480,-316035.479
3481,-260418.828
3482,-239042.678
3483,-222127.085
3484,-191479.581
3485,-170504.489
3486,-163408.732
3487,-194148.544
3488,-282810.237
3489,-2432703.513
3490,-2283181.916
3491,-2422918.814
3492,-2471946.147
3493,-2336072.041
3494,-2251742.614
3495,-2335646.018
3496,-2285380.831
3497,-2450244.562
3498,-2488630.160
3499,-255639.421
3500,-261319.762
3501,-267841.263
3502,-288700.519
3503,-308949.635
3504,-285999.270
3505,-183837.124
3506,-159851.201
3507,-159060.674
3508,-165372.058
3509,-158711.267
3510,-143968.343
3511,-157807.159
3512,-222341.290
3513,-388866.877
3514,-599470.057
3515,-667731.339
3516,-827281.264
3517,-872039.901
3518,-1055705.963
3519,-1161502.425
3520,-955684.029
3521,-961306.908
3522,-1074599.962
3523,-908914.207
3524,-337822.396
3525,-275665.473
3526,-257269.116
3527,-243627.800
3528,-231302.268
3529,-204679.404
3530,-178613.517
3531,-190938.280
3532,-175728.731
3533,-123123.387
3534,-114316.934
3535,-2007523.577
3536,-1113146.386
3537,-2934527.790
3538,-3125640.127
3539,-3213240.570
3540,-3259222.154
3541,-2935079.938
3542,-3685186.027
3543,-3988257.205
3544,-3753673.664
3545,-3612965.746
3546,-3429286.221
3547,-1654060.730
3548,-1325873.281
3549,-0.000
3550,-51443.173
3551,-276524.157
3552,-293039.665
3553,-210497.595
3554,-183516.957
3555,-177902.432
3556,-179547.744
3557,-116069.728
3558,-60160.710
3559,-1900259.861
3560,-995411.538
3561,-2555557.208
3562,-2561618.326
3563,-2577860.849
3564,-2597338.951
3565,-2252718.382
3566,-2577641.827
3567,-2566519.358
3568,-2696052.326
3569,-2648011.781
3570,-2527140.512
3571,-1154010.557
3572,-1056884.416
3573,-0.000
3574,-0.000
3575,-0.000
3576,-68765.863
3577,-54652.542
3578,-29043.249
3579,-4913.939
3580,-988.145
3581,-0.000
3582,-0.000
3583,-1670722.472
3584,-964375.971
3585,-2458572.686
3586,-2515290.860
3587,-2608930.253
3588,-2732057.518
3589,-2307747.524
3590,-2731801.085
3591,-2796371.202
3592,-2894726.229
3593,-2792891.418
3594,-2729642.033
3595,-1270716.845
3596,-1122045.818
3597,-0.000
3598,-0.000
3599,-0.000
3600,-40212.679
3601,-84429.973
3602,-85611.617
3603,-82762.438
3604,-76761.791
3605,-58084.899
3606,-42004.501
3607,-1948779.077
3608,-1110582.934
3609,-2873949.385
3610,-3065038.419
3611,-3305719.602
3612,-3394941.065
3613,-2998182.966
3614,-3474844.943
3615,-3563878.230
3616,-3708521.969
3617,-3766067.265
3618,-3795909.653
3619,-1797304.474
3620,-1272210.298
3621,-0.000
3622,-0.000
3623,-152070.592
3624,-222214.128
3625,-146462.753
3626,-121652.112
3627,-91691.795
3628,-81604.951
3629,-83385.100
3630,-89827.945
3631,-2076128.482
3632,-1152503.344
3633,-3125442.657
3634,-3272230.671
3635,-3505844.137
3636,-3705781.250
3637,-3256828.022
3638,-3579483.784
3639,-3583795.151
3640,-3695145.062
3641,-3412364.960
3642,-3556629.201
3643,-1952646.863
3644,-1350508.111
3645,-0.000
3646,-0.000
3647,-213856.515
3648,-237460.625
3649,-165139.333
3650,-142412.478
3651,-133425.778
3652,-118848.932
3653,-106629.946
3654,-103155.453
3655,-149089.370
3656,-360254.845
3657,-2508950.291
3658,-2167117.878
3659,-2157529.015
3660,-2110415.781
3661,-2072424.017
3662,-2124497.788
3663,-2283484.865
3664,-1991269.216
3665,-1817591.413
3666,-1793685.523
3667,-28219.771
3668,-244825.862
3669,-259400.346
3670,-264230.807
3671,-263758.933
3672,-250672.502
3673,-182783.897
3674,-166225.422
3675,-145555.762
3676,-127937.342
3677,-125975.414
3678,-129580.492
3679,-147353.891
3680,-200040.071
3681,-312298.354
3682,-431248.254
3683,-727413.327
3684,-1040936.569
3685,-1091630.391
3686,-1310155.578
3687,-1450228.225
3688,-1645044.477
3689,-1699764.857
3690,-1723543.018
3691,-1087808.880
3692,-377634.465
3693,-338892.794
3694,-329967.449
3695,-301364.789
3696,-264537.671
3697,-249462.879
3698,-238134.696
3699,-231394.437
3700,-230779.574
3701,-218300.690
3702,-208069.420
3703,-2251168.057
3704,-1531291.864
3705,-3808022.308
3706,-4050157.183
3707,-4129744.385
3708,-4183376.282
3709,-3691241.479
3710,-4220244.398
3711,-3781034.748
3712,-3546009.246
3713,-3677440.503
3714,-3572315.089
3715,-1710868.932
3716,-1204669.502
3717,-0.000
3718,-22924.021
3719,-252208.115
3720,-298692.047
3721,-252177.970
3722,-240749.418
3723,-201608.189
3724,-170882.217
3725,-166309.517
3726,-196971.020
3727,-2116811.470
3728,-1213378.899
3729,-3145935.284
3730,-3503477.251
3731,-3864153.059
3732,-4098302.190
3733,-3696749.652
3734,-4374601.149
3735,-4094561.774
3736,-3640978.790
3737,-3499041.066
3738,-3575355.962
3739,-1904309.863
3740,-1402174.751
3741,-0.000
3742,-125587.222
3743,-319726.610
3744,-367145.189
3745,-301547.980
3746,-299450.946
3747,-312236.532
3748,-304589.216
3749,-311579.389
3750,-330087.877
3751,-2396409.988
3752,-1627340.146
3753,-4017707.190
3754,-4249127.736
3755,-4380707.521
3756,-4264035.590
3757,-3379247.357
3758,-3986182.229
3759,-4133290.921
3760,-4340424.291
3761,-4315097.003
3762,-4220716.659
3763,-2139235.944
3764,-1484849.954
3765,-0.000
3766,-313098.838
3767,-433873.265
3768,-447715.355
3769,-363927.917
3770,-340553.490
3771,-339955.133
3772,-346289.629
3773,-352143.395
3774,-355919.587
3775,-1866857.662
3776,-1532677.148
3777,-4016662.101
3778,-4220744.179
3779,-4492084.805
3780,-4563444.743
3781,-3779447.295
3782,-4360839.062
3783,-4537758.798
3784,-4761529.920
3785,-4778491.737
3786,-4761029.564
3787,-2350996.551
3788,-1658339.262
3789,-0.000
3790,-473582.205
3791,-521474.979
3792,-517771.872
3793,-433046.787
3794,-401641.778
3795,-391734.137
3796,-386522.217
3797,-369680.984
3798,-358071.108
3799,-1874692.960
3800,-1642744.348
3801,-4028611.192
3802,-4122607.145
3803,-4150001.334
3804,-4102133.103
3805,-3519984.522
3806,-4217622.117
3807,-4442675.675
3808,-4462166.050
3809,-4487306.227
3810,-4546003.591
3811,-2473786.476
3812,-1621420.191
3813,-30872.664
3814,-528613.128
3815,-554924.550
3816,-539565.737
3817,-459771.332
3818,-437441.008
3819,-431740.003
3820,-430867.858
3821,-413396.913
3822,-403653.836
3823,-488285.392
3824,-814549.293
3825,-3158302.798
3826,-2631564.578
3827,-2577402.703
3828,-2664934.841
3829,-2676446.190
3830,-2862043.509
3831,-3038574.736
3832,-3083792.963
3833,-2938030.332
3834,-2757577.890
3835,-590454.576
3836,-598144.617
3837,-614275.484
3838,-626229.120
3839,-603611.801
3840,-574716.051
3841,-500400.496
3842,-481653.356
3843,-472110.990
3844,-469082.257
3845,-456396.317
3846,-454339.284
3847,-503209.878
3848,-587695.720
3849,-700981.708
3850,-843141.714
3851,-1136413.268
3852,-1367755.227
3853,-1386410.660
3854,-1135761.225
3855,-1016509.764
3856,-777143.508
3857,-491000.850
3858,-468047.032
3859,-544640.396
3860,-306752.811
3861,-275559.264
3862,-259270.760
3863,-252577.083
3864,-209491.553
3865,-185197.203
3866,-170761.375
3867,-158124.421
3868,-166462.814
3869,-164579.263
3870,-147751.944
3871,-2155238.666
3872,-1178013.254
3873,-3001384.691
3874,-3021254.460
3875,-3150615.417
3876,-3228835.439
3877,-2905656.372
3878,-3696615.185
3879,-3867732.622
3880,-4023290.163
3881,-3808336.056
3882,-3648025.349
3883,-1515784.015
3884,-1196870.680
3885,-0.000
3886,-0.000
3887,-151690.716
3888,-236487.361
3889,-176519.878
3890,-164459.791
3891,-166914.390
3892,-146014.777
3893,-122150.258
3894,-117488.139
3895,-2078982.727
3896,-1197405.381
3897,-3151124.843
3898,-3380992.936
3899,-3689350.534
3900,-3988410.060
3901,-3481362.410
3902,-4186869.396
3903,-4033780.778
3904,-4023366.179
3905,-4181033.021
3906,-4104841.385
3907,-1754952.872
3908,-1421510.172
3909,-0.000
3910,-100797.996
3911,-314166.744
3912,-345250.378
3913,-272865.246
3914,-238251.633
3915,-233266.217
3916,-232709.864
3917,-222814.186
3918,-241562.218
3919,-2269260.305
3920,-1341052.490
3921,-3363260.663
3922,-3359660.882
3923,-3681737.111
3924,-4028288.123
3925,-3688012.005
3926,-4462501.708
3927,-4146914.874
3928,-4019209.196
3929,-3741559.301
3930,-3554066.560
3931,-1589501.044
3932,-1380810.820
3933,-0.000
3934,-154775.816
3935,-342614.520
3936,-345567.335
3937,-271840.870
3938,-246990.990
3939,-203116.409
3940,-158230.425
3941,-93733.013
3942,-37780.842
3943,-1855975.111
3944,-1186838.575
3945,-2777145.188
3946,-3024947.544
3947,-3151354.771
3948,-3192862.316
3949,-2824972.707
3950,-3429534.394
3951,-3704490.691
3952,-3958198.727
3953,-4175898.251
3954,-4330856.449
3955,-2536648.845
3956,-1226665.630
3957,-0.000
3958,-123820.170
3959,-217378.189
3960,-195774.944
3961,-129262.276
3962,-87274.119
3963,-54137.599
3964,-47680.168
3965,-8227.338
3966,-0.000
3967,-1642953.669
3968,-1210370.961
3969,-2828273.512
3970,-2966936.130
3971,-3080990.890
3972,-3165326.914
3973,-2934594.807
3974,-3490584.689
3975,-3876046.334
3976,-4147638.372
3977,-4237170.802
3978,-4318445.434
3979,-2341608.788
3980,-1353425.962
3981,-0.000
3982,-302152.965
3983,-363735.092
3984,-360553.877
3985,-292163.649
3986,-246183.403
3987,-221721.920
3988,-214905.953
3989,-187513.379
3990,-175543.628
3991,-257410.623
3992,-548102.092
3993,-2583814.118
3994,-2037313.808
3995,-2122049.920
3996,-2175578.901
3997,-2094673.711
3998,-2142324.983
3999,-2278092.584
4000,-2643852.426
4001,-2708340.246
4002,-2735466.063
4003,-866367.058
4004,-483062.692
4005,-440927.138
4006,-443793.909
4007,-419056.069
4008,-385653.526
4009,-309076.722
4010,-277809.402
4011,-256049.115
4012,-239658.372
4013,-216461.810
4014,-205313.324
4015,-275000.589
4016,-559471.746
4017,-840602.692
4018,-1003430.803
4019,-1045105.753
4020,-1148115.926
4021,-1098246.566
4022,-1183015.758
4023,-1333635.972
4024,-1539466.519
4025,-1460845.690
4026,-1395016.471
4027,-1134266.904
4028,-426368.110
4029,-403644.726
4030,-421168.484
4031,-409455.503
4032,-395355.792
4033,-394868.863
4034,-386383.059
4035,-386463.430
4036,-374459.670
4037,-341146.678
4038,-325608.769
4039,-2266097.931
4040,-1460358.207
4041,-3750274.165
4042,-3962796.996
4043,-4035722.259
4044,-3941264.474
4045,-3476775.092
4046,-3874616.918
4047,-4097942.951
4048,-4057771.962
4049,-4115328.371
4050,-4048793.955
4051,-2136481.507
4052,-1597173.061
4053,-0.000
4054,-411763.275
4055,-478019.559
4056,-475264.546
4057,-388066.385
4058,-361080.903
4059,-348508.416
4060,-345541.898
4061,-334492.414
4062,-323225.373
4063,-1887539.306
4064,-1583285.987
4065,-4035476.453
4066,-4215912.010
4067,-4273328.597
4068,-4176030.118
4069,-3633430.056
4070,-4229324.355
4071,-4524233.278
4072,-4684798.063
4073,-4468747.329
4074,-4319254.450
4075,-2100594.023
4076,-1689696.045
4077,-0.000
4078,-455375.047
4079,-547071.805
4080,-552649.381
4081,-477427.288
4082,-444382.745
4083,-436909.693
4084,-434344.564
4085,-416250.408
4086,-402769.566
4087,-1938376.421
4088,-1639651.180
4089,-4101390.381
4090,-4250708.550
4091,-4370854.230
4092,-4368358.662
4093,-3764658.328
4094,-4470183.618
4095,-4549798.486
4096,-4731786.234
4097,-4823329.760
4098,-5003848.970
4099,-2673592.389
4100,-1682080.658
4101,-34333.053
4102,-544366.380
4103,-575307.736
4104,-578530.454
4105,-505462.907
4106,-485411.134
4107,-487032.477
4108,-495132.335
4109,-483523.863
4110,-474831.255
4111,-1969377.838
4112,-1723302.314
4113,-4245121.351
4114,-4350439.372
4115,-4410438.637
4116,-4476417.201
4117,-3938265.568
4118,-4694134.912
4119,-4895528.702
4120,-5066905.358
4121,-5223426.168
4122,-5299005.450
4123,-2903916.712
4124,-1813641.741
4125,-98544.666
4126,-673899.452
4127,-691597.362
4128,-672379.041
4129,-588606.659
4130,-562027.376
4131,-560443.064
4132,-572976.015
4133,-574819.462
4134,-573019.004
4135,-2086668.898
4136,-1752785.373
4137,-4289528.230
4138,-4346359.148
4139,-4525954.527
4140,-4544902.338
4141,-3916021.023
4142,-4756828.554
4143,-5017297.122
4144,-5126765.507
4145,-5131851.331
4146,-5073767.047
4147,-2665439.479
4148,-1865911.017
4149,-91580.764
4150,-674823.933
4151,-696057.757
4152,-673763.152
4153,-591394.967
4154,-568096.252
4155,-561152.136
4156,-561268.960
4157,-536766.979
4158,-525036.112
4159,-564529.309
4160,-811129.801
4161,-3096304.157
4162,-2636976.908
4163,-2701129.280
4164,-2759670.636
4165,-2725035.089
4166,-2849594.835
4167,-2950354.726
4168,-2892311.781
4169,-2780124.374
4170,-2557608.380
4171,-404696.911
4172,-454097.136
4173,-493425.444
4174,-498749.365
4175,-495756.809
4176,-483108.371
4177,-404201.657
4178,-386126.316
4179,-373677.150
4180,-349269.635
4181,-327237.282
4182,-339298.439
4183,-309947.345
4184,-299500.766
4185,-315114.466
4186,-333335.610
4187,-387905.600
4188,-504407.031
4189,-526520.194
4190,-596386.266
4191,-783654.263
4192,-668416.655
4193,-689461.236
4194,-616014.729
4195,-405509.118
4196,-243340.104
4197,-207524.255
4198,-194437.193
4199,-189666.260
4200,-178917.911
4201,-174710.329
4202,-133654.445
4203,-101907.034
4204,-107245.989
4205,-117935.689
4206,-91700.722
4207,-2086341.421
4208,-1199917.047
4209,-3069620.270
4210,-3275744.227
4211,-3272709.663
4212,-3500421.688
4213,-3100784.505
4214,-3914142.199
4215,-3847777.626
4216,-3858341.239
4217,-3889684.146
4218,-4101793.613
4219,-2022522.000
4220,-1488442.104
4221,-0.000
4222,-153285.009
4223,-324551.474
4224,-351040.403
4225,-271211.648
4226,-250157.892
4227,-254821.006
4228,-256637.203
4229,-247825.598
4230,-242419.179
4231,-2282253.881
4232,-1378377.913
4233,-3468123.588
4234,-3573689.481
4235,-3705497.737
4236,-3910573.349
4237,-3474977.276
4238,-4180100.425
4239,-4303764.516
4240,-4472183.594
4241,-4531561.922
4242,-4174779.379
4243,-2006058.621
4244,-1631391.347
4245,-0.000
4246,-399076.503
4247,-491801.671
4248,-488746.205
4249,-395498.299
4250,-372615.587
4251,-361034.482
4252,-359301.169
4253,-358819.184
4254,-357428.805
4255,-1962732.507
4256,-1675970.054
4257,-4167861.716
4258,-4372802.777
4259,-4597882.138
4260,-4604146.569
4261,-3917428.187
4262,-4379412.520
4263,-4381573.731
4264,-4793437.525
4265,-4981847.385
4266,-4952368.531
4267,-2580690.042
4268,-1720589.796
4269,-3477.275
4270,-532595.506
4271,-589568.231
4272,-587689.549
4273,-509881.397
4274,-492309.906
4275,-488667.867
4276,-493174.118
4277,-477473.445
4278,-462181.914
4279,-2052489.559
4280,-1769352.146
4281,-4377518.979
4282,-4501982.977
4283,-4625763.843
4284,-4635804.604
4285,-3987058.608
4286,-4665815.383
4287,-4849018.437
4288,-4902362.226
4289,-5062888.788
4290,-5126085.526
4291,-2718021.900
4292,-1818862.970
4293,-66242.630
4294,-627172.694
4295,-676238.150
4296,-690529.772
4297,-614799.501
4298,-582952.720
4299,-567540.431
4300,-569082.364
4301,-545553.771
4302,-515044.076
4303,-2018483.438
4304,-1714801.952
4305,-4246102.693
4306,-4369970.930
4307,-4602726.926
4308,-4672487.116
4309,-3952102.994
4310,-4669090.430
4311,-4819540.715
4312,-4960619.588
4313,-5172753.375
4314,-5152333.530
4315,-2531770.133
4316,-1850658.634
4317,-78834.818
4318,-658248.959
4319,-676681.651
4320,-668731.183
4321,-605344.701
4322,-579349.812
4323,-562702.378
4324,-556682.055
4325,-523992.211
4326,-494010.754
4327,-569207.442
4328,-838386.344
4329,-3361582.506
4330,-2930385.542
4331,-2927797.916
4332,-2932323.369
4333,-2962141.055
4334,-3089940.681
4335,-3185164.003
4336,-2968802.871
4337,-2739692.982
4338,-2893118.056
4339,-779637.456
4340,-640391.230
4341,-595404.242
4342,-556016.273
4343,-542774.594
4344,-568243.561
4345,-496926.569
4346,-445186.878
4347,-418908.373
4348,-411696.554
4349,-396079.628
4350,-405193.446
4351,-446627.383
4352,-644736.332
4353,-839646.588
4354,-1154396.245
4355,-1341523.455
4356,-1335197.722
4357,-1295475.504
4358,-1469919.846
4359,-1467517.044
4360,-1746748.682
4361,-1987237.710
4362,-1735264.102
4363,-1336693.977
4364,-568126.132
4365,-523109.188
4366,-548689.507
4367,-514282.809
4368,-472342.343
4369,-462180.991
4370,-448356.302
4371,-432251.649
4372,-410372.925
4373,-382072.778
4374,-365293.472
4375,-1899347.525
4376,-1671192.593
4377,-4108880.929
4378,-4268219.540
4379,-4342908.992
4380,-4208637.689
4381,-3661217.984
4382,-4431332.020
4383,-4472795.728
4384,-4502235.153
4385,-4252877.666
4386,-4185537.936
4387,-2175940.052
4388,-1557275.410
4389,-0.000
4390,-378694.181
4391,-460163.711
4392,-454432.271
4393,-368563.554
4394,-344850.146
4395,-334616.049
4396,-329823.921
4397,-288831.141
4398,-256568.571
4399,-2132016.434
4400,-1202504.298
4401,-3213313.940
4402,-3528304.331
4403,-3816589.331
4404,-3703813.071
4405,-3119161.690
4406,-3855077.440
4407,-3810463.529
4408,-3609828.667
4409,-3632656.975
4410,-3795580.238
4411,-1798177.390
4412,-1450189.512
4413,-0.000
4414,-116847.152
4415,-328063.983
4416,-389101.501
4417,-327817.574
4418,-309321.669
4419,-309830.253
4420,-287736.609
4421,-263870.972
4422,-278567.789
4423,-2310255.159
4424,-1432814.586
4425,-3722432.014
4426,-3978764.920
4427,-4186708.710
4428,-4270483.954
4429,-3549052.314
4430,-3918434.678
4431,-4228397.052
4432,-4629264.679
4433,-4653315.283
4434,-4547277.223
4435,-2417534.028
4436,-1618316.135
4437,-0.000
4438,-431512.507
4439,-495236.318
4440,-491882.846
4441,-422760.003
4442,-404845.296
4443,-398383.166
4444,-404509.719
4445,-386807.832
4446,-368292.461
4447,-1853850.750
4448,-1577053.026
4449,-4024440.254
4450,-4142948.459
4451,-4187498.182
4452,-4144654.312
4453,-3615634.467
4454,-4280048.925
4455,-4392263.045
4456,-4402575.918
4457,-4326032.692
4458,-4618292.178
4459,-2415467.412
4460,-1685581.722
4461,-0.000
4462,-514261.697
4463,-555615.717
4464,-560014.807
4465,-485845.140
4466,-463850.872
4467,-455831.465
4468,-459211.859
4469,-449859.204
4470,-442571.961
4471,-1927323.166
4472,-1581943.669
4473,-3980007.765
4474,-4104648.817
4475,-4280745.985
4476,-4392386.142
4477,-3802214.465
4478,-4481829.731
4479,-4717510.395
4480,-4831566.185
4481,-4816259.993
4482,-4547189.461
4483,-2344781.774
4484,-1766683.932
4485,-63746.231
4486,-595199.412
4487,-615246.591
4488,-613070.743
4489,-536118.314
4490,-521181.925
4491,-509975.611
4492,-499023.178
4493,-489906.439
4494,-476747.157
4495,-521174.087
4496,-749235.472
4497,-3162344.491
4498,-2767104.508
4499,-2837465.470
4500,-2812265.026
4501,-2673884.111
4502,-2483403.704
4503,-2765352.541
4504,-3146135.198
4505,-3045494.402
4506,-2768006.613
4507,-576346.180
4508,-562265.769
4509,-580347.091
4510,-596364.244
4511,-600694.137
4512,-582784.858
4513,-494341.061
4514,-461293.600
4515,-453591.829
4516,-471404.310
4517,-475371.138
4518,-469516.088
4519,-516862.767
4520,-701312.096
4521,-1036393.594
4522,-1275104.476
4523,-1201302.489
4524,-1260157.322
4525,-1233382.322
4526,-1257317.997
4527,-1458191.382
4528,-1497391.833
4529,-1361652.274
4530,-1082911.802
4531,-958292.348
4532,-572078.895
4533,-538429.463
4534,-535049.493
4535,-521062.886
4536,-510107.739
4537,-512593.329
4538,-515383.501
4539,-514488.666
4540,-518617.325
4541,-486402.958
4542,-475522.240
4543,-1917088.725
4544,-1465421.329
4545,-3748713.151
4546,-3963588.999
4547,-4193466.633
4548,-4374264.790
4549,-3774751.627
4550,-4514154.796
4551,-4606053.707
4552,-4675663.119
4553,-4595466.131
4554,-4144640.497
4555,-1882050.283
4556,-1591957.153
4557,-0.000
4558,-391077.161
4559,-464872.576
4560,-449222.531
4561,-367940.633
4562,-332272.083
4563,-334713.632
4564,-315419.423
4565,-263616.453
4566,-239490.008
4567,-2143196.236
4568,-1216803.725
4569,-3095623.088
4570,-3125122.013
4571,-3105239.717
4572,-3143044.622
4573,-2694465.584
4574,-3090656.568
4575,-3130254.074
4576,-3001836.513
4577,-2967161.312
4578,-3026996.444
4579,-1421411.138
4580,-1283260.136
4581,-0.000
4582,-0.000
4583,-205904.187
4584,-253630.487
4585,-206826.067
4586,-199575.978
4587,-199748.176
4588,-194897.974
4589,-189007.857
4590,-189988.354
4591,-2175682.118
4592,-1190792.798
4593,-3157203.165
4594,-3434309.146
4595,-3670210.810
4596,-3834166.728
4597,-3378832.533
4598,-4062269.663
4599,-4057586.421
4600,-4258033.655
4601,-4108327.735
4602,-4018086.617
4603,-1908140.776
4604,-1336598.621
4605,-0.000
4606,-64474.656
4607,-299506.137
4608,-346874.405
4609,-294785.468
4610,-281359.314
4611,-274868.816
4612,-281345.554
4613,-295678.239
4614,-308318.343
4615,-2326982.086
4616,-1450523.439
4617,-3777311.560
4618,-4025723.179
4619,-4260008.462
4620,-4250359.249
4621,-3572460.042
4622,-4244157.136
4623,-4152820.268
4624,-4284968.058
4625,-4302808.612
4626,-4102680.189
4627,-1938103.361
4628,-1626836.557
4629,-0.000
4630,-402053.150
4631,-502006.350
4632,-517124.526
4633,-444053.015
4634,-425766.701
4635,-420456.005
4636,-422580.968
4637,-421439.172
4638,-422329.821
4639,-1879079.963
4640,-1506221.169
4641,-3929691.050
4642,-4060846.965
4643,-4198654.389
4644,-4310843.330
4645,-3790125.238
4646,-4454790.935
4647,-4607738.668
4648,-4638831.204
4649,-4440669.555
4650,-4074701.507
4651,-1997959.213
4652,-1704347.141
4653,-0.000
4654,-474890.697
4655,-548973.075
4656,-557774.475
4657,-494634.859
4658,-477949.159
4659,-476627.538
4660,-474205.693
4661,-443249.412
4662,-431856.063
4663,-456700.768
4664,-582271.881
4665,-2863185.469
4666,-2534311.492
4667,-2670764.896
4668,-2635649.682
4669,-2653361.936
4670,-2672112.173
4671,-2659865.104
4672,-2730747.793
4673,-2721035.480
4674,-2774817.019
4675,-667052.334
4676,-483636.351
4677,-443256.079
4678,-465305.253
4679,-458126.048
4680,-443701.812
4681,-365946.289
4682,-354284.147
4683,-352564.386
4684,-350707.090
4685,-347120.538
4686,-347358.503
4687,-409350.901
4688,-670240.251
4689,-1042408.136
4690,-1261811.704
4691,-1342026.465
4692,-1345219.088
4693,-1251596.759
4694,-1377450.090
4695,-1235090.674
4696,-1340517.770
4697,-1633768.388
4698,-1908405.716
4699,-1650027.894
4700,-530119.161
4701,-470383.494
4702,-479588.327
4703,-466133.040
4704,-444915.910
4705,-438663.505
4706,-417780.345
4707,-403064.534
4708,-403728.891
4709,-378907.449
4710,-366880.546
4711,-1887086.853
4712,-1610905.194
4713,-4091087.794
4714,-4166031.959
4715,-4210777.182
4716,-4165579.290
4717,-3629648.247
4718,-4383025.355
4719,-4537262.198
4720,-4685048.724
4721,-4899328.892
4722,-5000720.860
4723,-2885103.177
4724,-1779228.996
4725,-72989.219
4726,-605582.906
4727,-606241.507
4728,-568442.085
4729,-478235.224
4730,-442869.800
4731,-422332.493
4732,-421020.768
4733,-394660.041
4734,-370417.407
4735,-1862556.668
4736,-1624541.463
4737,-4114780.371
4738,-4309587.891
4739,-4534552.991
4740,-4505857.146
4741,-3829668.807
4742,-4613511.426
4743,-4806691.899
4744,-4981935.176
4745,-5219097.851
4746,-5300796.323
4747,-2947943.007
4748,-1800267.007
4749,-81689.482
4750,-648286.516
4751,-662850.258
4752,-643558.608
4753,-583794.572
4754,-567753.468
4755,-551925.763
4756,-546246.035
4757,-534859.178
4758,-525827.875
4759,-2071540.251
4760,-1769387.355
4761,-4327638.937
4762,-4524445.244
4763,-4736317.907
4764,-4757420.060
4765,-4064302.502
4766,-4856671.846
4767,-5021138.394
4768,-5055284.271
4769,-5137251.946
4770,-5209750.030
4771,-2468770.704
4772,-1694146.550
4773,-0.000
4774,-543293.791
4775,-535834.879
4776,-500460.904
4777,-434283.825
4778,-411597.945
4779,-398152.255
4780,-399996.488
4781,-394893.831
4782,-396450.404
4783,-1951132.043
4784,-1702418.120
4785,-4384915.296
4786,-4495101.490
4787,-4596581.264
4788,-4663234.205
4789,-4017978.746
4790,-4580488.280
4791,-4645161.487
4792,-4471703.483
4793,-4330553.079
4794,-3971724.427
4795,-1734100.216
4796,-1451017.954
4797,-0.000
4798,-198341.640
4799,-400021.679
4800,-421200.683
4801,-353786.171
4802,-351059.347
4803,-358724.914
4804,-359681.363
4805,-361735.807
4806,-346552.049
4807,-2327925.899
4808,-1550560.722
4809,-3961158.457
4810,-4147656.099
4811,-4497047.545
4812,-4594585.741
4813,-3702924.249
4814,-4341131.535
4815,-4529713.605
4816,-4473886.900
4817,-3906520.618
4818,-3666432.122
4819,-1777254.270
4820,-1423479.981
4821,-0.000
4822,-158009.740
4823,-367790.384
4824,-401802.577
4825,-334538.569
4826,-323188.999
4827,-316800.138
4828,-309639.965
4829,-304389.132
4830,-304258.117
4831,-368262.575
4832,-629194.333
4833,-3077001.414
4834,-2634627.628
4835,-2543774.698
4836,-2539460.185
4837,-2404455.480
4838,-2403081.857
4839,-2314652.632
4840,-2526668.591
4841,-2510750.545
4842,-2383067.710
4843,-348083.583
4844,-371866.426
4845,-392670.357
4846,-388996.825
4847,-383308.596
4848,-377430.138
4849,-298899.395
4850,-270756.146
4851,-258829.535
4852,-264055.804
4853,-267080.541
4854,-270979.984
4855,-258965.701
4856,-334751.511
4857,-589908.856
4858,-977189.225
4859,-1009707.765
4860,-1091281.621
4861,-1054713.896
4862,-1046449.120
4863,-1067647.498
4864,-983325.580
4865,-1010786.421
4866,-768249.491
4867,-558083.110
4868,-359650.522
4869,-273484.370
4870,-272063.602
4871,-296443.418
4872,-278082.986
4873,-259916.626
4874,-225066.488
4875,-185714.064
4876,-185730.292
4877,-179548.627
4878,-166741.389
4879,-2127322.275
4880,-1293102.168
4881,-3436025.482
4882,-3723084.369
4883,-3991116.307
4884,-4229116.521
4885,-3650189.366
4886,-4101232.608
4887,-3836915.171
4888,-3804269.966
4889,-4236395.508
4890,-4214366.536
4891,-2276282.339
4892,-1481741.670
4893,-0.000
4894,-334760.322
4895,-404329.894
4896,-409192.035
4897,-334400.788
4898,-310121.154
4899,-306214.158
4900,-307432.443
4901,-297923.496
4902,-289169.273
4903,-2262169.334
4904,-1448580.544
4905,-3672455.934
4906,-3917797.142
4907,-4303468.258
4908,-4468782.530
4909,-3741070.821
4910,-4083810.125
4911,-4272326.703
4912,-4460591.318
4913,-4577809.198
4914,-4346787.134
4915,-2221371.212
4916,-1590517.550
4917,-0.000
4918,-417184.621
4919,-494493.143
4920,-493993.347
4921,-419037.936
4922,-398793.964
4923,-375432.658
4924,-365950.444
4925,-354080.537
4926,-343671.283
4927,-2318586.612
4928,-1567806.842
4929,-3961692.830
4930,-4070234.044
4931,-4142476.387
4932,-4077321.613
4933,-3474697.741
4934,-4051387.913
4935,-4320550.607
4936,-4571151.929
4937,-4722446.966
4938,-4781392.926
4939,-2612165.086
4940,-1685868.684
4941,-38486.329
4942,-542148.314
4943,-564237.238
4944,-551501.933
4945,-471053.904
4946,-434874.909
4947,-414120.128
4948,-412014.456
4949,-386931.132
4950,-370415.794
4951,-1876193.946
4952,-1615622.915
4953,-4043246.676
4954,-4145711.915
4955,-4184365.489
4956,-4179197.130
4957,-3594215.740
4958,-4264895.958
4959,-4417633.674
4960,-4614871.183
4961,-4784746.512
4962,-4809839.181
4963,-2643034.216
4964,-1708832.658
4965,-71863.545
4966,-599605.801
4967,-618018.350
4968,-609358.144
4969,-530896.063
4970,-493149.500
4971,-470102.425
4972,-460942.984
4973,-434251.874
4974,-412181.943
4975,-1894389.814
4976,-1577012.204
4977,-4002476.795
4978,-4197771.596
4979,-4303192.022
4980,-4289416.879
4981,-3703724.836
4982,-4340915.628
4983,-4549996.047
4984,-4675521.391
4985,-4684170.669
4986,-4701077.471
4987,-2484896.982
4988,-1722037.216
4989,-78978.157
4990,-619326.247
4991,-636120.893
4992,-624499.119
4993,-554137.067
4994,-520841.671
4995,-500711.303
4996,-504513.218
4997,-494724.379
4998,-478301.741
4999,-526335.190
5000,-712344.222
5001,-3095117.836
5002,-2712117.806
5003,-2830608.271
5004,-2792833.836
5005,-2526638.793
5006,-2423494.240
5007,-2351478.236
5008,-2327111.972
5009,-2426962.595
5010,-2427667.890
5011,-466383.611
5012,-468108.591
5013,-474064.717
5014,-467045.129
5015,-437754.426
5016,-424415.268
5017,-356517.995
5018,-334713.117
5019,-339733.448
5020,-339191.089
5021,-313959.166
5022,-295614.246
5023,-348147.842
5024,-552617.108
5025,-925860.439
5026,-1134256.474
5027,-1269819.000
5028,-1303399.033
5029,-1294283.042
5030,-1333244.953
5031,-1544642.358
5032,-1331336.070
5033,-1215050.428
5034,-894435.794
5035,-745981.769
5036,-350379.378
5037,-285348.166
5038,-324340.011
5039,-333550.940
5040,-314771.050
5041,-301826.925
5042,-292735.687
5043,-295472.753
5044,-306064.047
5045,-308240.964
5046,-307567.610
5047,-2193680.564
5048,-1332185.788
5049,-3382174.647
5050,-3575724.937
5051,-3792030.642
5052,-3907462.708
5053,-3523612.948
5054,-3901578.239
5055,-3815357.623
5056,-3946459.619
5057,-4009706.884
5058,-4133473.514
5059,-2133377.703
5060,-1477404.675
5061,-0.000
5062,-299171.990
5063,-420906.516
5064,-436842.220
5065,-364232.429
5066,-335148.394
5067,-325030.570
5068,-329375.747
5069,-330986.911
5070,-327368.884
5071,-1679263.315
5072,-1330905.066
5073,-3399486.270
5074,-3604833.533
5075,-3727260.117
5076,-3559577.962
5077,-2972026.858
5078,-3580626.231
5079,-3693880.608
5080,-3365539.321
5081,-3195309.854
5082,-3136113.971
5083,-1435052.907
5084,-1243223.706
5085,-0.000
5086,-0.000
5087,-193750.489
5088,-236341.057
5089,-159982.627
5090,-127965.369
5091,-111914.822
5092,-111748.211
5093,-153421.431
5094,-124129.166
5095,-2072037.137
5096,-1175720.213
5097,-3035855.950
5098,-3157677.525
5099,-3098235.417
5100,-3106311.146
5101,-2747682.979
5102,-3039377.532
5103,-3036710.316
5104,-3042432.186
5105,-3038996.185
5106,-2958182.482
5107,-1334999.615
5108,-1219401.481
5109,-0.000
5110,-0.000
5111,-232718.503
5112,-280016.367
5113,-226934.970
5114,-222773.261
5115,-227690.894
5116,-212943.897
5117,-162391.531
5118,-177455.119
5119,-2099778.034
5120,-1162363.863
5121,-3045213.302
5122,-3165619.428
5123,-3332209.396
5124,-3445194.644
5125,-2979252.882
5126,-3524383.070
5127,-3611835.480
5128,-3726931.875
5129,-3668989.590
5130,-3835681.813
5131,-1862167.910
5132,-1401720.941
5133,-0.000
5134,-131021.278
5135,-312963.827
5136,-336199.675
5137,-264025.137
5138,-248083.122
5139,-245661.581
5140,-249217.166
5141,-243014.660
5142,-230744.758
5143,-2085435.255
5144,-1216800.126
5145,-3194060.527
5146,-3434565.574
5147,-3636100.145
5148,-3605751.025
5149,-3175656.971
5150,-3742273.343
5151,-3627170.974
5152,-3442127.550
5153,-3314560.172
5154,-3248529.142
5155,-1748633.321
5156,-1293994.902
5157,-0.000
5158,-0.000
5159,-242970.117
5160,-272857.877
5161,-209991.641
5162,-183432.710
5163,-171716.599
5164,-167610.515
5165,-151880.251
5166,-138049.966
5167,-183720.092
5168,-369032.386
5169,-2669720.520
5170,-2400549.853
5171,-2441943.197
5172,-2416639.541
5173,-2441751.536
5174,-2469683.082
5175,-2670905.276
5176,-2714876.992
5177,-2806607.389
5178,-2966370.217
5179,-977425.742
5180,-483532.221
5181,-445565.199
5182,-447646.450
5183,-425162.205
5184,-394783.666
5185,-317978.424
5186,-274497.326
5187,-272326.094
5188,-273060.018
5189,-222258.330
5190,-185871.662
5191,-250137.888
5192,-539003.496
5193,-989980.150
5194,-1217104.175
5195,-1330100.374
5196,-1283076.100
5197,-1219032.195
5198,-1437396.671
5199,-1714810.304
5200,-1806266.900
5201,-1880530.533
5202,-2060337.240
5203,-1551717.606
5204,-593339.152
5205,-532825.282
5206,-554984.299
5207,-526790.060
5208,-468489.648
5209,-474522.160
5210,-449421.603
5211,-433739.457
5212,-447934.540
5213,-431912.401
5214,-408109.207
5215,-1873594.423
5216,-1521144.513
5217,-3883869.002
5218,-4028215.796
5219,-4196546.257
5220,-4305350.315
5221,-3730413.508
5222,-4466177.290
5223,-4704321.859
5224,-4830926.513
5225,-5106234.708
5226,-5230756.680
5227,-2537939.891
5228,-1618006.540
5229,-0.000
5230,-491471.952
5231,-499798.458
5232,-466977.910
5233,-372112.002
5234,-338654.403
5235,-324292.202
5236,-341773.409
5237,-322668.249
5238,-310939.501
5239,-2194759.607
5240,-1430507.087
5241,-3661182.418
5242,-3822135.461
5243,-4046871.767
5244,-4240769.314
5245,-3703598.668
5246,-4496418.338
5247,-4733630.844
5248,-4940010.795
5249,-5018198.916
5250,-4756192.112
5251,-2226786.803
5252,-1683389.727
5253,-0.000
5254,-416797.568
5255,-488221.433
5256,-443601.248
5257,-329230.245
5258,-332376.225
5259,-301633.980
5260,-303021.173
5261,-287121.015
5262,-256892.325
5263,-2149963.934
5264,-1396402.219
5265,-3634215.285
5266,-3812106.678
5267,-4069951.022
5268,-4280642.817
5269,-3784659.073
5270,-4672013.168
5271,-4932784.448
5272,-5083768.452
5273,-5171810.019
5274,-5196155.858
5275,-2859686.805
5276,-1792845.290
5277,-74150.533
5278,-628717.427
5279,-622968.578
5280,-599327.117
5281,-524783.252
5282,-494324.041
5283,-479692.543
5284,-480522.455
5285,-461464.653
5286,-451325.661
5287,-1917431.391
5288,-1618814.711
5289,-4084244.022
5290,-4310167.234
5291,-4572321.616
5292,-4641407.095
5293,-4046974.068
5294,-4810200.229
5295,-4906606.324
5296,-5076648.014
5297,-5161386.829
5298,-5296158.355
5299,-2766014.166
5300,-1940189.108
5301,-215911.143
5302,-698885.982
5303,-759214.858
5304,-731346.854
5305,-644653.913
5306,-613950.817
5307,-606084.837
5308,-605485.441
5309,-585958.047
5310,-575552.364
5311,-2093163.168
5312,-1686261.396
5313,-4276010.443
5314,-4534220.579
5315,-4813063.272
5316,-4903684.221
5317,-4242829.283
5318,-5011844.439
5319,-5136569.484
5320,-5145525.966
5321,-5169779.284
5322,-5251284.044
5323,-2710312.923
5324,-1871605.266
5325,-113956.503
5326,-697908.132
5327,-716961.780
5328,-699289.372
5329,-612539.036
5330,-588998.443
5331,-575970.299
5332,-567532.258
5333,-536046.321
5334,-502580.183
5335,-543665.307
5336,-737402.866
5337,-3135079.396
5338,-2666137.691
5339,-2675976.900
5340,-2638972.152
5341,-2795106.384
5342,-2989907.152
5343,-3258662.960
5344,-3325158.400
5345,-3161128.624
5346,-3181776.536
5347,-630053.430
5348,-637365.507
5349,-662479.961
5350,-688641.296
5351,-658442.007
5352,-625886.556
5353,-542646.822
5354,-516955.371
5355,-512475.897
5356,-512943.977
5357,-482610.218
5358,-431453.832
5359,-444007.456
5360,-548392.594
5361,-831670.263
5362,-1050180.899
5363,-1252477.266
5364,-1401024.445
5365,-1476422.488
5366,-1597588.534
5367,-1778511.006
5368,-1849482.109
5369,-1879267.292
5370,-1477961.271
5371,-876276.327
5372,-478488.374
5373,-470834.575
5374,-467118.812
5375,-445053.673
5376,-428153.322
5377,-433653.961
5378,-427378.787
5379,-416783.940
5380,-407866.736
5381,-381822.815
5382,-365445.925
5383,-1846557.926
5384,-1457613.025
5385,-3772692.645
5386,-3954073.458
5387,-4250127.967
5388,-4271854.605
5389,-3796264.613
5390,-4722045.671
5391,-4989730.468
5392,-5068256.478
5393,-5005992.138
5394,-4830588.560
5395,-2381334.636
5396,-1632537.748
5397,-0.000
5398,-470876.205
5399,-516462.479
5400,-515553.643
5401,-458619.463
5402,-437631.617
5403,-418860.155
5404,-409052.145
5405,-379553.137
5406,-371453.169
5407,-1832094.035
5408,-1450106.620
5409,-3754444.152
5410,-4025788.751
5411,-4376087.951
5412,-4586483.688
5413,-3978555.283
5414,-4767637.207
5415,-4941818.670
5416,-5047750.887
5417,-4915162.094
5418,-4942960.467
5419,-2407123.780
5420,-1686645.993
5421,-23214.006
5422,-549356.758
5423,-561372.988
5424,-511435.594
5425,-425611.095
5426,-387512.331
5427,-376696.841
5428,-366664.144
5429,-346954.331
5430,-324594.450
5431,-2262138.134
5432,-1465538.512
5433,-3731701.443
5434,-3923843.499
5435,-4117068.016
5436,-4185399.179
5437,-3738853.591
5438,-4621373.471
5439,-4974641.703
5440,-5086376.008
5441,-4993310.743
5442,-4876976.103
5443,-2250573.428
5444,-1495123.965
5445,-0.000
5446,-407204.658
5447,-481602.757
5448,-489987.245
5449,-415744.727
5450,-396869.033
5451,-375008.935
5452,-362169.451
5453,-347927.255
5454,-336130.265
5455,-1804200.145
5456,-1475298.990
5457,-3803468.151
5458,-3986541.448
5459,-4287325.969
5460,-4404225.803
5461,-3816517.095
5462,-4633229.482
5463,-4942180.357
5464,-4929045.433
5465,-4412484.745
5466,-4147555.769
5467,-2058401.244
5468,-1442734.992
5469,-0.000
5470,-282292.255
5471,-404683.867
5472,-420470.825
5473,-345732.721
5474,-321190.481
5475,-308081.985
5476,-308233.540
5477,-317231.536
5478,-309742.058
5479,-2217872.900
5480,-1406192.023
5481,-3736334.297
5482,-3946784.230
5483,-4061850.419
5484,-4058362.517
5485,-3349331.742
5486,-3883856.930
5487,-3943030.039
5488,-3945721.542
5489,-3482492.021
5490,-3194445.270
5491,-1538304.037
5492,-1350168.787
5493,-0.000
5494,-76852.427
5495,-307914.682
5496,-358062.451
5497,-300881.560
5498,-287697.276
5499,-281359.471
5500,-280686.486
5501,-279872.241
5502,-272439.677
5503,-293939.787
5504,-384366.681
5505,-2432806.932
5506,-2078493.020
5507,-2210678.785
5508,-2189395.973
5509,-2219097.664
5510,-2291120.344
5511,-2315477.358
5512,-1938534.187
5513,-1887766.784
5514,-1915100.223
5515,-0.000
5516,-281364.073
5517,-352519.582
5518,-365640.075
5519,-367706.631
5520,-354362.402
5521,-262641.865
5522,-249795.898
5523,-242363.632
5524,-244862.139
5525,-248017.257
5526,-247421.866
5527,-260822.954
5528,-402900.257
5529,-806367.912
5530,-1235776.750
5531,-1420913.043
5532,-1336050.787
5533,-1271595.397
5534,-1381107.405
5535,-1657185.584
5536,-1778491.604
5537,-1768951.778
5538,-1656721.275
5539,-1043349.216
5540,-422313.141
5541,-419779.400
5542,-437819.839
5543,-429524.161
5544,-390406.817
5545,-358754.748
5546,-332883.030
5547,-322992.428
5548,-333061.425
5549,-321321.063
5550,-303543.025
5551,-2287286.731
5552,-1458956.409
5553,-3743706.505
5554,-3961463.733
5555,-4222280.903
5556,-4270172.344
5557,-3694540.875
5558,-4417229.069
5559,-4530952.421
5560,-4662066.682
5561,-4669550.376
5562,-4669743.858
5563,-2300857.277
5564,-1556810.106
5565,-0.000
5566,-476279.091
5567,-510340.484
5568,-493182.810
5569,-418945.018
5570,-382328.700
5571,-355964.007
5572,-352346.575
5573,-336127.164
5574,-300216.221
5575,-2177211.065
5576,-1413146.059
5577,-3711565.163
5578,-3936551.747
5579,-4096464.882
5580,-4118728.761
5581,-3664821.588
5582,-4414612.080
5583,-4701463.149
5584,-4802543.223
5585,-4744105.677
5586,-4627696.876
5587,-2240346.954
5588,-1652916.045
5589,-25285.402
5590,-539422.911
5591,-567204.912
5592,-551653.014
5593,-469294.917
5594,-433273.836
5595,-400272.403
5596,-377777.517
5597,-343191.185
5598,-324942.229
5599,-2228516.874
5600,-1450871.159
5601,-3793138.627
5602,-3981345.404
5603,-4146243.759
5604,-4144989.624
5605,-3647212.527
5606,-4467299.403
5607,-4741192.523
5608,-4799089.712
5609,-4751670.279
5610,-4819859.064
5611,-2575710.507
5612,-1617556.100
5613,-44802.376
5614,-560360.264
5615,-574541.507
5616,-559285.737
5617,-492176.330
5618,-459643.341
5619,-442972.026
5620,-437572.262
5621,-409484.551
5622,-394505.940
5623,-1882463.413
5624,-1506004.257
5625,-3776178.116
5626,-4010839.957
5627,-4236600.005
5628,-4348550.866
5629,-3861882.258
5630,-4715447.753
5631,-4909933.577
5632,-4838425.784
5633,-4471437.241
5634,-4048066.343
5635,-2016416.303
5636,-1579317.141
5637,-0.000
5638,-411842.326
5639,-467946.831
5640,-454848.358
5641,-371665.206
5642,-345641.407
5643,-337052.752
5644,-349527.639
5645,-336603.748
5646,-320949.531
5647,-2314969.083
5648,-1505429.710
5649,-3897640.687
5650,-4127872.099
5651,-4523032.126
5652,-4661156.041
5653,-4042678.910
5654,-4844519.775
5655,-4949127.487
5656,-4966056.525
5657,-5005421.618
5658,-5337840.000
5659,-2769664.733
5660,-1885162.967
5661,-225236.013
5662,-690934.663
5663,-749429.295
5664,-736026.385
5665,-660517.490
5666,-604116.314
5667,-573934.127
5668,-567558.531
5669,-549135.621
5670,-542199.470
5671,-568328.904
5672,-693955.942
5673,-2846290.774
5674,-2485663.311
5675,-2449270.672
5676,-2345018.106
5677,-2247119.525
5678,-2229187.152
5679,-2203061.748
5680,-2182693.227
5681,-2004697.138
5682,-1902088.277
5683,-0.000
5684,-243694.004
5685,-349533.274
5686,-373352.461
5687,-362549.975
5688,-313250.166
5689,-195415.451
5690,-130078.319
5691,-97884.835
5692,-110953.491
5693,-120911.746
5694,-116998.000
5695,-120063.174
5696,-127090.187
5697,-175972.601
5698,-267772.691
5699,-484173.484
5700,-830344.153
5701,-1110793.579
5702,-1181097.830
5703,-1261118.552
5704,-1203277.041
5705,-1076043.081
5706,-1233169.545
5707,-910116.005
5708,-341927.593
5709,-296996.484
5710,-296005.235
5711,-295771.921
5712,-280766.077
5713,-271242.172
5714,-258823.165
5715,-247828.795
5716,-240333.786
5717,-236698.912
5718,-223071.387
5719,-2203596.007
5720,-1340118.948
5721,-3605024.031
5722,-3912295.861
5723,-4170828.028
5724,-4225531.281
5725,-3716902.051
5726,-4471464.228
5727,-4594391.103
5728,-4692382.581
5729,-4624202.582
5730,-4508604.433
5731,-2224860.348
5732,-1624414.264
5733,-0.000
5734,-432077.390
5735,-485671.693
5736,-462344.351
5737,-372686.002
5738,-361998.831
5739,-359268.056
5740,-321188.576
5741,-289852.050
5742,-287696.966
5743,-2232837.493
5744,-1402764.980
5745,-3733152.050
5746,-4035378.066
5747,-4344908.332
5748,-4495070.293
5749,-3917800.019
5750,-4599758.050
5751,-4802401.835
5752,-4908849.726
5753,-4938013.934
5754,-4883242.696
5755,-2644575.750
5756,-1844747.833
5757,-89834.153
5758,-684347.046
5759,-687512.801
5760,-659339.958
5761,-580615.982
5762,-532100.719
5763,-498847.692
5764,-480858.573
5765,-451772.001
5766,-436261.585
5767,-1885101.906
5768,-1533914.661
5769,-4026816.215
5770,-4258164.144
5771,-4422082.316
5772,-4518618.462
5773,-3985859.990
5774,-4655390.979
5775,-4461358.387
5776,-4584447.040
5777,-4509655.315
5778,-4259466.608
5779,-1826962.984
5780,-1445566.601
5781,-0.000
5782,-233940.332
5783,-424320.873
5784,-451635.171
5785,-382101.321
5786,-302340.110
5787,-271942.849
5788,-274813.303
5789,-263481.246
5790,-261633.211
5791,-2148742.256
5792,-1235143.959
5793,-3190450.846
5794,-3385956.508
5795,-3606385.903
5796,-3880325.384
5797,-3442872.621
5798,-3879851.356
5799,-3909854.909
5800,-3850184.851
5801,-3692977.814
5802,-3700765.661
5803,-1716260.281
5804,-1388738.487
5805,-0.000
5806,-75050.417
5807,-292464.145
5808,-327501.305
5809,-257761.758
5810,-232109.677
5811,-219068.677
5812,-201705.883
5813,-162498.920
5814,-145264.448
5815,-2066849.627
5816,-1183023.467
5817,-3169515.078
5818,-3517476.804
5819,-3876828.294
5820,-4201170.111
5821,-3656190.969
5822,-4041253.955
5823,-3841763.972
5824,-3826840.362
5825,-3738740.050
5826,-3322925.824
5827,-1493023.187
5828,-1299487.208
5829,-0.000
5830,-2169.257
5831,-265346.106
5832,-287050.096
5833,-222856.520
5834,-214026.182
5835,-217984.602
5836,-222269.548
5837,-202570.366
5838,-177036.421
5839,-199375.907
5840,-339867.375
5841,-2568767.040
5842,-2410738.619
5843,-2493466.003
5844,-2511228.452
5845,-2488604.127
5846,-2663182.845
5847,-2756502.019
5848,-2453123.883
5849,-2279436.260
5850,-2050212.259
5851,-113.250
5852,-275068.943
5853,-294184.534
5854,-309905.071
5855,-314340.557
5856,-305007.085
5857,-220619.777
5858,-198735.060
5859,-191038.046
5860,-183731.517
5861,-180218.036
5862,-185917.354
5863,-218480.744
5864,-338588.277
5865,-658231.096
5866,-945964.029
5867,-1139186.792
5868,-1151221.118
5869,-1178854.173
5870,-1078876.245
5871,-1203242.042
5872,-957453.372
5873,-574110.139
5874,-379536.721
5875,-279344.785
5876,-186143.202
5877,-176935.487
5878,-178641.556
5879,-176931.282
5880,-168218.642
5881,-154250.576
5882,-135027.485
5883,-117889.501
5884,-112989.266
5885,-106884.096
5886,-99699.416
5887,-1967133.812
5888,-1156420.012
5889,-3073705.071
5890,-3363149.008
5891,-3695186.385
5892,-3798100.238
5893,-3407924.925
5894,-4195496.870
5895,-4355793.544
5896,-4404104.359
5897,-4276623.754
5898,-3795401.674
5899,-1663695.144
5900,-1444636.298
5901,-0.000
5902,-292817.556
5903,-389893.755
5904,-395775.647
5905,-306108.214
5906,-265993.667
5907,-264513.941
5908,-267151.482
5909,-252147.631
5910,-238829.858
5911,-2009102.497
5912,-1138993.553
5913,-3032793.379
5914,-3271848.659
5915,-3576658.227
5916,-3828050.281
5917,-3396088.780
5918,-4065947.374
5919,-4378923.037
5920,-4378295.154
5921,-4099450.676
5922,-3884422.082
5923,-1747905.186
5924,-1461343.869
5925,-0.000
5926,-208602.666
5927,-377069.631
5928,-386549.819
5929,-324431.735
5930,-317978.766
5931,-319591.240
5932,-321699.552
5933,-316426.506
5934,-305911.087
5935,-2152507.196
5936,-1264302.314
5937,-3268178.285
5938,-3424225.292
5939,-3814162.572
5940,-4043225.209
5941,-3645140.569
5942,-4346725.915
5943,-4304246.551
5944,-4294153.963
5945,-4141772.733
5946,-3833159.113
5947,-1659413.887
5948,-1405715.083
5949,-0.000
5950,-189830.870
5951,-355506.443
5952,-348359.708
5953,-262402.554
5954,-246347.349
5955,-239223.760
5956,-231469.356
5957,-226411.530
5958,-225681.647
5959,-2132597.159
5960,-1264910.350
5961,-3374237.212
5962,-3669618.005
5963,-4101692.385
5964,-4203918.506
5965,-3701246.783
5966,-4452088.038
5967,-4637178.009
5968,-4714833.213
5969,-4681307.215
5970,-4568970.776
5971,-2011460.504
5972,-1617887.810
5973,-0.000
5974,-427052.638
5975,-471241.047
5976,-474910.766
5977,-429151.919
5978,-396915.340
5979,-366593.770
5980,-351155.770
5981,-327551.683
5982,-305153.643
5983,-2191773.541
5984,-1326378.107
5985,-3576984.861
5986,-4008642.880
5987,-4460538.431
5988,-4705863.664
5989,-4171036.861
5990,-5008364.609
5991,-5198364.978
5992,-5181630.289
5993,-5087779.122
5994,-4866370.300
5995,-2133182.591
5996,-1780547.934
5997,-32061.423
5998,-566108.354
5999,-578389.726
6000,-551877.436
6001,-458174.193
6002,-413567.753
6003,-393807.113
6004,-404989.644
6005,-393455.612
6006,-367842.646
6007,-400159.224
6008,-519321.523
6009,-2854110.499
6010,-2658847.561
6011,-2905685.364
6012,-3099857.961
6013,-3184584.485
6014,-3328770.026
6015,-3416356.420
6016,-3446280.212
6017,-3340743.903
6018,-3193496.533
6019,-464941.918
6020,-555280.048
6021,-576257.146
6022,-579655.295
6023,-556690.113
6024,-526882.718
6025,-459193.883
6026,-436960.941
6027,-429883.176
6028,-418357.322
6029,-400058.078
6030,-385681.588
6031,-416453.819
6032,-558067.247
6033,-927134.028
6034,-1169804.149
6035,-1447041.268
6036,-1532173.294
6037,-1487230.414
6038,-1735014.259
6039,-1917577.912
6040,-1973453.953
6041,-1820891.556
6042,-1545582.707
6043,-805908.845
6044,-463206.119
6045,-473519.740
6046,-437029.046
6047,-448926.384
6048,-437007.361
6049,-422022.871
6050,-384510.411
6051,-364574.623
6052,-358838.404
6053,-343031.067
6054,-327382.064
6055,-2233848.765
6056,-1401147.754
6057,-3740141.081
6058,-3978196.154
6059,-4249555.614
6060,-4489532.115
6061,-4016682.373
6062,-4794659.237
6063,-4797753.041
6064,-4853671.030
6065,-4764763.916
6066,-4537899.582
6067,-1971890.699
6068,-1514808.764
6069,-0.000
6070,-431343.037
6071,-492667.649
6072,-478175.764
6073,-401553.619
6074,-370778.942
6075,-339719.437
6076,-330503.642
6077,-313618.190
6078,-298705.833
6079,-2208709.556
6080,-1416303.115
6081,-3714797.702
6082,-3964996.552
6083,-4306313.375
6084,-4373884.834
6085,-3874140.135
6086,-4630051.475
6087,-4871025.858
6088,-4865319.510
6089,-4776240.595
6090,-4587463.778
6091,-1988444.097
6092,-1696998.293
6093,-13224.339
6094,-549059.799
6095,-564473.189
6096,-545963.652
6097,-462999.667
6098,-418940.736
6099,-384886.673
6100,-370108.207
6101,-344692.473
6102,-328122.771
6103,-2216992.670
6104,-1357222.204
6105,-3499412.895
6106,-3750462.397
6107,-4088613.987
6108,-4306627.753
6109,-3906903.086
6110,-4600411.031
6111,-4793827.142
6112,-4839764.411
6113,-4837887.903
6114,-4697280.636
6115,-2099584.594
6116,-1728238.090
6117,-41036.330
6118,-597077.749
6119,-625767.525
6120,-614452.956
6121,-543199.361
6122,-524533.741
6123,-514493.610
6124,-508720.178
6125,-471459.300
6126,-437720.386
6127,-1872792.527
6128,-1444575.122
6129,-3781761.816
6130,-4022255.836
6131,-4282023.977
6132,-4510826.694
6133,-3947063.547
6134,-4819890.703
6135,-4943139.444
6136,-4972630.696
6137,-4831491.974
6138,-4658087.750
6139,-2009751.083
6140,-1654899.695
6141,-10421.119
6142,-538615.758
6143,-566774.972
6144,-561476.359
6145,-487723.234
6146,-461506.988
6147,-455161.335
6148,-456474.466
6149,-434264.643
6150,-424259.614
6151,-1851060.484
6152,-1311865.905
6153,-3380068.694
6154,-3597815.996
6155,-3989597.369
6156,-4112819.413
6157,-3473245.545
6158,-4010205.484
6159,-4287407.379
6160,-4474538.447
6161,-4374719.115
6162,-4245990.788
6163,-1859095.543
6164,-1548610.329
6165,-0.000
6166,-397611.294
6167,-425607.773
6168,-357343.123
6169,-280602.708
6170,-267434.360
6171,-253895.701
6172,-209457.332
6173,-181398.818
6174,-173630.430
6175,-183720.773
6176,-176853.733
6177,-2087027.860
6178,-1955487.622
6179,-2175036.084
6180,-2321088.997
6181,-2462569.139
6182,-2472054.090
6183,-2508008.475
6184,-2718079.200
6185,-2816550.562
6186,-2684372.584
6187,-278828.207
6188,-433924.528
6189,-442750.030
6190,-446134.457
6191,-423737.380
6192,-403701.405
6193,-331946.500
6194,-306999.281
6195,-298653.626
6196,-282033.242
6197,-252325.675
6198,-236727.543
6199,-268690.909
6200,-376826.153
6201,-677259.269
6202,-1048127.999
6203,-1344587.496
6204,-1472369.935
6205,-1470138.300
6206,-1621651.960
6207,-1625229.573
6208,-1719470.847
6209,-1674353.550
6210,-1323901.374
6211,-649189.395
6212,-373605.720
6213,-391242.691
6214,-410464.141
6215,-363776.682
6216,-313471.903
6217,-317032.656
6218,-294591.393
6219,-280595.766
6220,-277224.637
6221,-259554.983
6222,-243392.320
6223,-2170351.521
6224,-1299129.429
6225,-3422205.874
6226,-3703603.625
6227,-4008808.234
6228,-4240601.224
6229,-3805043.275
6230,-4548840.810
6231,-4787738.854
6232,-4754932.332
6233,-4595102.668
6234,-4243366.651
6235,-1764714.180
6236,-1483363.237
6237,-0.000
6238,-364674.586
6239,-455501.383
6240,-452704.840
6241,-369776.321
6242,-338480.041
6243,-312733.977
6244,-309105.768
6245,-298570.580
6246,-284248.687
6247,-2277547.054
6248,-1423035.831
6249,-3756459.880
6250,-3977324.293
6251,-4043718.407
6252,-3973756.720
6253,-3681437.574
6254,-4279416.994
6255,-4563893.208
6256,-4593100.796
6257,-4486285.509
6258,-4244144.289
6259,-1706266.346
6260,-1524492.741
6261,-12883.210
6262,-456011.436
6263,-507443.001
6264,-491614.229
6265,-416346.324
6266,-370907.699
6267,-346893.758
6268,-322798.134
6269,-256319.299
6270,-225153.558
6271,-1828485.243
6272,-1044090.251
6273,-2616364.751
6274,-2994052.320
6275,-3433531.375
6276,-3675942.765
6277,-3552961.785
6278,-4065920.249
6279,-4234879.627
6280,-4293064.316
6281,-4254838.838
6282,-3984164.894
6283,-1450970.039
6284,-1150074.704
6285,-0.000
6286,-149584.015
6287,-257402.273
6288,-247491.946
6289,-183444.945
6290,-143682.378
6291,-123503.634
6292,-119605.063
6293,-70854.171
6294,-16624.042
6295,-1520390.731
6296,-824128.964
6297,-2203700.691
6298,-2708316.780
6299,-3300688.816
6300,-3486096.781
6301,-3098668.617
6302,-3579605.160
6303,-3781488.667
6304,-3834114.500
6305,-3806644.648
6306,-3598187.686
6307,-1314606.338
6308,-1052628.415
6309,-0.000
6310,-78240.770
6311,-186475.835
6312,-177620.983
6313,-105783.993
6314,-65977.205
6315,-37013.154
6316,-30788.474
6317,-12043.216
6318,-0.000
6319,-1232187.373
6320,-811638.444
6321,-2190514.251
6322,-2726965.346
6323,-3133440.675
6324,-3173404.574
6325,-2970809.396
6326,-3539036.903
6327,-3778979.383
6328,-3787279.723
6329,-3704667.283
6330,-3476767.003
6331,-1287980.098
6332,-1058878.817
6333,-0.000
6334,-108039.974
6335,-215445.974
6336,-196352.958
6337,-128562.912
6338,-82587.989
6339,-44837.503
6340,-26243.933
6341,-1429.106
6342,-0.000
6343,-0.000
6344,-80262.284
6345,-1638815.704
6346,-1699390.708
6347,-1903358.506
6348,-1964654.718
6349,-2021920.814
6350,-2283555.896
6351,-2495793.293
6352,-2548335.297
6353,-2526257.868
6354,-2310050.769
6355,-0.000
6356,-170076.839
6357,-178553.387
6358,-168381.368
6359,-121161.497
6360,-89441.144
6361,-38597.781
6362,-7916.775
6363,-0.000
6364,-0.000
6365,-0.000
6366,-0.000
6367,-0.000
6368,-0.000
6369,-331507.056
6370,-772305.611
6371,-1069297.434
6372,-1175047.404
6373,-1226886.431
6374,-1424453.539
6375,-1602429.110
6376,-1650061.697
6377,-1584813.371
6378,-1347657.801
6379,-370066.602
6380,-204456.076
6381,-162344.305
6382,-149618.291
6383,-94440.117
6384,-8359.842
6385,-0.000
6386,-0.000
6387,-0.000
6388,-0.000
6389,-0.000
6390,-0.000
6391,-590165.004
6392,-615179.235
6393,-1759557.829
6394,-2284832.209
6395,-2759301.993
6396,-2952178.337
6397,-2812802.637
6398,-3212799.669
6399,-3375632.332
6400,-3439181.859
6401,-3454330.702
6402,-3220809.814
6403,-1144994.177
6404,-850816.475
6405,-0.000
6406,-0.000
6407,-0.000
6408,-0.000
6409,-0.000
6410,-0.000
6411,-0.000
6412,-0.000
6413,-0.000
6414,-0.000
6415,-409255.743
6416,-629747.878
6417,-2160069.940
6418,-2487259.825
6419,-3048664.883
6420,-3421439.263
6421,-3365708.404
6422,-3658431.952
6423,-3655626.252
6424,-3629826.095
6425,-3643556.559
6426,-3462617.755
6427,-1188364.593
6428,-905752.550
6429,-0.000
6430,-0.000
6431,-0.000
6432,-0.000
6433,-0.000
6434,-0.000
6435,-0.000
6436,-0.000
6437,-0.000
6438,-0.000
6439,-428881.099
6440,-625878.611
6441,-2208254.359
6442,-2613778.937
6443,-3183221.718
6444,-3407845.199
6445,-3358719.757
6446,-3898006.573
6447,-3987158.738
6448,-3989197.931
6449,-3876419.487
6450,-3568613.048
6451,-1244954.788
6452,-937093.408
6453,-0.000
6454,-0.000
6455,-0.000
6456,-31651.857
6457,-0.000
6458,-0.000
6459,-0.000
6460,-0.000
6461,-0.000
6462,-0.000
6463,-627721.870
6464,-752697.396
6465,-2336763.614
6466,-2678384.820
6467,-3145975.413
6468,-3471629.577
6469,-3358767.588
6470,-3775006.387
6471,-3917976.916
6472,-3943302.978
6473,-3892862.531
6474,-3685550.600
6475,-1280652.569
6476,-945802.859
6477,-0.000
6478,-0.000
6479,-0.000
6480,-2537.294
6481,-0.000
6482,-0.000
6483,-0.000
6484,-0.000
6485,-0.000
6486,-0.000
6487,-615744.405
6488,-722480.530
6489,-2167409.027
6490,-2469372.569
6491,-3157077.429
6492,-3558408.954
6493,-3225000.558
6494,-3703327.442
6495,-3859913.212
6496,-3898103.764
6497,-3914915.354
6498,-3719731.226
6499,-1286362.515
6500,-947653.638
6501,-0.000
6502,-0.000
6503,-30087.292
6504,-64525.162
6505,-1572.937
6506,-0.000
6507,-0.000
6508,-0.000
6509,-0.000
6510,-0.000
6511,-0.000
6512,-0.000
6513,-1826999.739
6514,-1865181.243
6515,-2322505.330
6516,-2625056.809
6517,-2571117.935
6518,-2778048.969
6519,-2931336.179
6520,-2950719.639
6521,-2893760.258
6522,-2665188.457
6523,-1036.452
6524,-217800.262
6525,-207775.735
6526,-194784.127
6527,-150359.489
6528,-106874.663
6529,-22009.410
6530,-0.000
6531,-0.000
6532,-0.000
6533,-0.000
6534,-0.000
6535,-0.000
6536,-0.000
6537,-539179.910
6538,-1091678.754
6539,-1420636.408
6540,-1629070.492
6541,-1560995.643
6542,-1723350.164
6543,-1855444.756
6544,-1876059.985
6545,-1831873.246
6546,-1587774.207
6547,-472176.648
6548,-267898.537
6549,-218132.733
6550,-212324.920
6551,-170025.496
6552,-117868.227
6553,-108984.185
6554,-83460.058
6555,-52199.652
6556,-21238.286
6557,-0.000
6558,-0.000
6559,-1400632.662
6560,-917285.382
6561,-2602525.318
6562,-2907143.723
6563,-3447764.662
6564,-3821630.341
6565,-3738185.160
6566,-4328107.520
6567,-4502054.428
6568,-4583891.954
6569,-4523406.674
6570,-4242894.994
6571,-1569110.816
6572,-1308148.863
6573,-0.000
6574,-309925.732
6575,-279452.646
6576,-228825.006
6577,-174051.858
6578,-137525.353
6579,-103628.638
6580,-74815.088
6581,-14557.200
6582,-0.000
6583,-1686289.204
6584,-1020802.729
6585,-2925132.931
6586,-3257961.036
6587,-3768748.466
6588,-4018761.383
6589,-3709047.604
6590,-4383202.704
6591,-4564794.166
6592,-4573940.911
6593,-4523567.280
6594,-4234570.339
6595,-1547122.536
6596,-1240639.936
6597,-0.000
6598,-320554.471
6599,-361246.873
6600,-332768.850
6601,-255999.190
6602,-212547.388
6603,-192550.549
6604,-182538.578
6605,-124036.283
6606,-74786.243
6607,-1846786.072
6608,-1116410.397
6609,-3131087.394
6610,-3460818.678
6611,-3851425.281
6612,-3958997.204
6613,-3596150.928
6614,-4250816.994
6615,-4566275.747
6616,-4618333.640
6617,-4505608.759
6618,-4143147.265
6619,-1484256.903
6620,-1194505.078
6621,-0.000
6622,-242155.727
6623,-305715.784
6624,-283875.736
6625,-205732.748
6626,-149392.443
6627,-108285.242
6628,-89510.743
6629,-38547.674
6630,-11581.006
6631,-1798462.797
6632,-1063610.034
6633,-3057443.385
6634,-3418912.291
6635,-3772936.335
6636,-3902565.738
6637,-3610753.264
6638,-4184126.968
6639,-4466109.272
6640,-4334788.988
6641,-4272728.315
6642,-3989937.778
6643,-1455112.864
6644,-1179886.407
6645,-0.000
6646,-215560.818
6647,-282565.877
6648,-255790.945
6649,-169182.776
6650,-114106.558
6651,-103342.551
6652,-122670.225
6653,-90643.155
6654,-7456.852
6655,-1682759.899
6656,-1027526.942
6657,-3041681.760
6658,-3390410.603
6659,-3834016.540
6660,-4047786.405
6661,-3713067.116
6662,-4301696.416
6663,-4436109.603
6664,-4328418.493
6665,-4349502.433
6666,-4003854.656
6667,-1503265.382
6668,-1237548.133
6669,-0.000
6670,-312318.448
6671,-336082.620
6672,-304990.158
6673,-245326.704
6674,-227953.782
6675,-207453.161
6676,-210180.515
6677,-197094.468
6678,-177695.360
6679,-188636.001
6680,-298437.233
6681,-2363138.532
6682,-2259833.573
6683,-2499691.347
6684,-2588664.288
6685,-2663677.144
6686,-2946306.051
6687,-3037350.697
6688,-2937543.889
6689,-2532358.923
6690,-2270680.919
6691,-50502.615
6692,-250248.455
6693,-292882.515
6694,-314043.537
6695,-299085.641
6696,-268521.710
6697,-190253.065
6698,-150063.277
6699,-130484.562
6700,-134608.738
6701,-119496.175
6702,-108253.995
6703,-121863.088
6704,-161068.664
6705,-369544.277
6706,-764969.755
6707,-1187264.505
6708,-1263833.290
6709,-1305740.754
6710,-1294101.739
6711,-1234839.212
6712,-1540600.265
6713,-1287321.937
6714,-1000762.215
6715,-317966.911
6716,-206010.848
6717,-189287.416
6718,-186642.799
6719,-174847.194
6720,-146872.594
6721,-127607.520
6722,-103821.658
6723,-83940.612
6724,-77232.519
6725,-66423.977
6726,-66852.058
6727,-1921072.387
6728,-1076282.912
6729,-3002244.479
6730,-3443195.925
6731,-3798442.910
6732,-3917962.490
6733,-3643099.332
6734,-3999652.464
6735,-4104009.282
6736,-4007053.962
6737,-3930340.042
6738,-3536266.847
6739,-1426635.387
6740,-1296267.743
6741,-0.000
6742,-183057.873
6743,-315492.812
6744,-314908.201
6745,-250490.627
6746,-221688.232
6747,-209961.275
6748,-186950.522
6749,-168637.768
6750,-151444.331
6751,-1878066.345
6752,-1022120.245
6753,-2676888.552
6754,-2844426.532
6755,-3177071.367
6756,-3402743.301
6757,-3293809.318
6758,-3798703.611
6759,-4062283.419
6760,-3837972.002
6761,-3593019.333
6762,-3195607.297
6763,-1368346.511
6764,-1285453.219
6765,-0.000
6766,-191875.999
6767,-342544.239
6768,-350733.132
6769,-276246.343
6770,-228236.290
6771,-190674.959
6772,-161599.658
6773,-143289.820
6774,-133198.295
6775,-1846777.021
6776,-1078631.599
6777,-3099297.840
6778,-3467143.381
6779,-3706190.816
6780,-3879166.481
6781,-3567117.860
6782,-4054344.169
6783,-4202306.727
6784,-4237246.313
6785,-4359373.854
6786,-3789642.789
6787,-1442392.971
6788,-1303592.273
6789,-0.000
6790,-191259.657
6791,-328409.054
6792,-316402.438
6793,-237650.345
6794,-190394.570
6795,-162897.851
6796,-145301.862
6797,-108761.871
6798,-101813.478
6799,-1940085.423
6800,-1117431.017
6801,-3183808.526
6802,-3560491.739
6803,-4007231.400
6804,-4174144.176
6805,-3849575.922
6806,-4464908.595
6807,-4585337.551
6808,-4674279.307
6809,-4447616.454
6810,-3856144.739
6811,-1476961.189
6812,-1316724.337
6813,-0.000
6814,-217677.101
6815,-339150.538
6816,-321493.747
6817,-243058.638
6818,-214270.859
6819,-188982.583
6820,-175400.972
6821,-153589.011
6822,-134887.108
6823,-1906251.690
6824,-1138268.199
6825,-3118217.801
6826,-3496705.023
6827,-3962229.224
6828,-4170764.840
6829,-3837627.646
6830,-4557898.117
6831,-4733139.463
6832,-4652855.288
6833,-4686451.208
6834,-3942389.327
6835,-1537542.194
6836,-1402086.908
6837,-0.000
6838,-354096.230
6839,-412378.724
6840,-375712.451
6841,-301600.576
6842,-291429.466
6843,-280079.077
6844,-265698.924
6845,-225050.897
6846,-197292.177
6847,-192036.750
6848,-289962.301
6849,-2405360.728
6850,-2296051.838
6851,-2449471.945
6852,-2459052.631
6853,-2630732.039
6854,-2945709.006
6855,-2993034.872
6856,-2870960.401
6857,-2354429.627
6858,-2061100.759
6859,-15663.462
6860,-288834.159
6861,-325828.810
6862,-333999.138
6863,-326897.460
6864,-305246.299
6865,-226626.900
6866,-208499.770
6867,-195297.080
6868,-187640.018
6869,-156226.191
6870,-132129.074
6871,-124519.281
6872,-153465.448
6873,-293331.187
6874,-473855.467
6875,-705636.369
6876,-1044511.253
6877,-1254850.021
6878,-1649809.855
6879,-1538245.368
6880,-939215.370
6881,-879452.288
6882,-725247.680
6883,-319067.064
6884,-262770.268
6885,-259204.883
6886,-247058.330
6887,-222064.435
6888,-191001.453
6889,-162911.929
6890,-132062.809
6891,-108798.873
6892,-85773.308
6893,-52377.038
6894,-25733.355
6895,-1315641.125
6896,-715694.789
6897,-1918735.752
6898,-2189986.053
6899,-2707786.197
6900,-3006312.883
6901,-3157342.245
6902,-3542294.180
6903,-3506469.655
6904,-3434203.648
6905,-3101752.041
6906,-2754625.864
6907,-1125725.229
6908,-971322.170
6909,-0.000
6910,-0.000
6911,-164794.858
6912,-166323.110
6913,-102720.929
6914,-74563.964
6915,-37068.876
6916,-18773.209
6917,-2304.987
6918,-0.000
6919,-1154384.206
6920,-647513.734
6921,-1965690.814
6922,-2547371.976
6923,-3141931.248
6924,-3462775.318
6925,-3300300.751
6926,-3751491.548
6927,-3635744.112
6928,-3032034.716
6929,-3011176.866
6930,-2691119.959
6931,-1153745.173
6932,-970794.373
6933,-0.000
6934,-0.000
6935,-116203.209
6936,-137178.634
6937,-78576.964
6938,-21864.181
6939,-0.000
6940,-0.000
6941,-0.000
6942,-0.000
6943,-1041346.893
6944,-633577.033
6945,-1950875.342
6946,-2483809.002
6947,-3061324.200
6948,-3282232.748
6949,-3088273.649
6950,-3580934.161
6951,-3767813.041
6952,-3802782.005
6953,-3669449.188
6954,-3058796.970
6955,-1082776.029
6956,-921765.905
6957,-0.000
6958,-0.000
6959,-99423.172
6960,-106229.262
6961,-31718.882
6962,-72.726
6963,-0.000
6964,-0.000
6965,-0.000
6966,-0.000
6967,-690262.422
6968,-509426.506
6969,-1733931.522
6970,-2383750.514
6971,-2743955.273
6972,-2929653.632
6973,-2859630.329
6974,-3363531.056
6975,-3586986.416
6976,-3613153.917
6977,-3554053.152
6978,-2972364.525
6979,-1048909.363
6980,-894620.956
6981,-0.000
6982,-0.000
6983,-60118.952
6984,-85456.577
6985,-26001.329
6986,-644.987
6987,-0.000
6988,-0.000
6989,-0.000
6990,-0.000
6991,-764434.121
6992,-539563.009
6993,-1784262.848
6994,-2439900.451
6995,-2876940.041
6996,-2966425.298
6997,-2909791.920
6998,-3443384.754
6999,-3672992.363
7000,-3744963.476
7001,-3681925.303
7002,-3063986.861
7003,-1081441.085
7004,-861325.333
7005,-0.000
7006,-0.000
7007,-0.000
7008,-0.000
7009,-0.000
7010,-0.000
7011,-0.000
7012,-0.000
7013,-0.000
7014,-0.000
7015,-0.000
7016,-0.000
7017,-1330869.264
7018,-1743786.749
7019,-2268405.681
7020,-2330819.449
7021,-2342310.301
7022,-2555006.413
7023,-2723769.682
7024,-2763463.967
7025,-2671144.584
7026,-1956942.376
7027,-0.000
7028,-83984.591
7029,-93756.348
7030,-53557.410
7031,-16986.510
7032,-0.000
7033,-0.000
7034,-0.000
7035,-0.000
7036,-0.000
7037,-0.000
7038,-0.000
7039,-0.000
7040,-0.000
7041,-0.000
7042,-508267.232
7043,-1241297.262
7044,-1479059.485
7045,-1610152.881
7046,-1743794.544
7047,-1809758.875
7048,-1790078.202
7049,-1722516.533
7050,-1062664.942
7051,-209733.431
7052,-87961.491
7053,-22573.535
7054,-0.000
7055,-0.000
7056,-0.000
7057,-0.000
7058,-0.000
7059,-0.000
7060,-0.000
7061,-0.000
7062,-0.000
7063,-274703.728
7064,-502371.761
7065,-1921399.677
7066,-2300006.485
7067,-2894696.717
7068,-3232228.940
7069,-3295340.043
7070,-3501974.046
7071,-3590782.747
7072,-3550605.456
7073,-3299444.621
7074,-2703406.420
7075,-1064319.112
7076,-905613.549
7077,-0.000
7078,-0.000
7079,-0.000
7080,-0.000
7081,-0.000
7082,-0.000
7083,-0.000
7084,-0.000
7085,-0.000
7086,-0.000
7087,-590827.657
7088,-619606.408
7089,-2005188.232
7090,-2508257.155
7091,-2942992.662
7092,-3323362.914
7093,-3253192.189
7094,-3488560.489
7095,-3508888.052
7096,-3067592.125
7097,-2670748.483
7098,-2383818.683
7099,-1100068.302
7100,-985665.781
7101,-0.000
7102,-0.000
7103,-96004.266
7104,-111370.826
7105,-41307.679
7106,-7632.053
7107,-0.000
7108,-0.000
7109,-0.000
7110,-0.000
7111,-1177538.252
7112,-615813.268
7113,-1797826.123
7114,-2306534.555
7115,-2724232.722
7116,-3006449.824
7117,-3059180.000
7118,-3533219.914
7119,-3674684.419
7120,-3149270.230
7121,-3006667.403
7122,-2610052.414
7123,-1052175.618
7124,-843354.629
7125,-0.000
7126,-0.000
7127,-0.000
7128,-0.000
7129,-0.000
7130,-0.000
7131,-0.000
7132,-0.000
7133,-0.000
7134,-0.000
7135,-905833.268
7136,-580813.561
7137,-1810635.455
7138,-2227032.745
7139,-2702732.303
7140,-3150616.063
7141,-3211912.324
7142,-3762708.087
7143,-3846858.632
7144,-3351138.650
7145,-3068866.429
7146,-2726113.480
7147,-1180500.666
7148,-1025130.264
7149,-0.000
7150,-0.000
7151,-178755.574
7152,-187438.620
7153,-141691.629
7154,-128261.764
7155,-103434.582
7156,-74288.406
7157,-27975.281
7158,-2894.750
7159,-1530452.543
7160,-786717.513
7161,-2180214.022
7162,-2504329.788
7163,-2968418.057
7164,-3255114.465
7165,-3109786.058
7166,-3250757.078
7167,-3242559.386
7168,-3116661.893
7169,-2904907.631
7170,-2383892.843
7171,-1017372.558
7172,-869649.965
7173,-0.000
7174,-0.000
7175,-0.000
7176,-11101.136
7177,-0.000
7178,-0.000
7179,-0.000
7180,-0.000
7181,-0.000
7182,-0.000
7183,-0.000
7184,-0.000
7185,-980491.922
7186,-1511129.852
7187,-1965841.340
7188,-2049114.875
7189,-2152881.652
7190,-2432266.543
7191,-2588181.307
7192,-2229266.386
7193,-1892673.894
7194,-1615412.431
7195,-0.000
7196,-11179.727
7197,-99435.948
7198,-98747.455
7199,-84110.321
7200,-67321.250
7201,-5016.979
7202,-0.000
7203,-0.000
7204,-0.000
7205,-0.000
7206,-0.000
7207,-0.000
7208,-0.000
7209,-0.000
7210,-209820.422
7211,-465732.298
7212,-511389.073
7213,-548994.203
7214,-689519.026
7215,-612549.301
7216,-175518.551
7217,-30546.621
7218,-0.000
7219,-0.000
7220,-0.000
7221,-0.000
7222,-0.000
7223,-0.000
7224,-0.000
7225,-0.000
7226,-0.000
7227,-0.000
7228,-0.000
7229,-0.000
7230,-0.000
7231,-0.000
7232,-0.000
7233,-1040493.034
7234,-1843609.057
7235,-2224519.500
7236,-2440941.760
7237,-2463143.045
7238,-2817535.535
7239,-3063609.182
7240,-3092954.258
7241,-2948864.823
7242,-1868432.740
7243,-625321.494
7244,-448514.270
7245,-0.000
7246,-0.000
7247,-0.000
7248,-0.000
7249,-0.000
7250,-0.000
7251,-0.000
7252,-0.000
7253,-0.000
7254,-0.000
7255,-0.000
7256,-0.000
7257,-789282.710
7258,-1421296.894
7259,-2012012.613
7260,-2370321.580
7261,-2497602.482
7262,-2917540.178
7263,-3113675.687
7264,-3059451.161
7265,-2686951.035
7266,-1862369.817
7267,-648157.848
7268,-478888.035
7269,-0.000
7270,-0.000
7271,-0.000
7272,-0.000
7273,-0.000
7274,-0.000
7275,-0.000
7276,-0.000
7277,-0.000
7278,-0.000
7279,-143221.966
7280,-258674.254
7281,-907832.223
7282,-1193573.789
7283,-1629510.946
7284,-1947923.371
7285,-1891294.697
7286,-2225573.854
7287,-2177070.988
7288,-1986257.264
7289,-1941171.872
7290,-1572141.194
7291,-746867.955
7292,-670063.508
7293,-0.000
7294,-0.000
7295,-0.000
7296,-0.000
7297,-0.000
7298,-0.000
7299,-0.000
7300,-0.000
7301,-0.000
7302,-0.000
7303,-267636.259
7304,-365863.414
7305,-1519728.989
7306,-2192769.261
7307,-2595119.253
7308,-2876155.932
7309,-2857576.961
7310,-3389040.916
7311,-3658619.973
7312,-3642703.914
7313,-3401457.399
7314,-2659908.700
7315,-1063265.609
7316,-873803.689
7317,-0.000
7318,-0.000
7319,-0.000
7320,-0.000
7321,-0.000
7322,-0.000
7323,-0.000
7324,-0.000
7325,-0.000
7326,-0.000
7327,-515629.752
7328,-606107.263
7329,-2204012.592
7330,-2677072.819
7331,-3226397.927
7332,-3636672.116
7333,-3508493.154
7334,-3858468.568
7335,-3976637.581
7336,-3941951.618
7337,-3690181.978
7338,-2795750.785
7339,-1116948.321
7340,-937920.443
7341,-0.000
7342,-0.000
7343,-127483.733
7344,-126225.703
7345,-46279.947
7346,-2782.571
7347,-0.000
7348,-0.000
7349,-0.000
7350,-0.000
7351,-0.000
7352,-0.000
7353,-1473321.058
7354,-1953498.781
7355,-2255623.093
7356,-2380266.027
7357,-2525681.263
7358,-2744367.695
7359,-2882784.585
7360,-2888631.234
7361,-2574920.053
7362,-1661474.671
7363,-0.000
7364,-163429.924
7365,-203357.577
7366,-196611.811
7367,-157536.743
7368,-112124.175
7369,-35043.587
7370,-2666.299
7371,-0.000
7372,-0.000
7373,-0.000
7374,-0.000
7375,-0.000
7376,-0.000
7377,-191593.973
7378,-789738.250
7379,-1145455.549
7380,-1278028.269
7381,-1375187.008
7382,-1591862.215
7383,-1746868.282
7384,-1781178.188
7385,-1497448.924
7386,-659119.180
7387,-113781.688
7388,-24741.670
7389,-8980.075
7390,-4253.445
7391,-0.000
7392,-0.000
7393,-0.000
7394,-0.000
7395,-0.000
7396,-0.000
7397,-0.000
7398,-0.000
7399,-124202.949
7400,-204020.123
7401,-1125649.865
7402,-1735979.825
7403,-2220492.488
7404,-2484474.937
7405,-2566323.545
7406,-2930797.523
7407,-3123977.291
7408,-3168176.352
7409,-2835830.457
7410,-1897269.660
7411,-660516.757
7412,-502931.599
7413,-0.000
7414,-0.000
7415,-0.000
7416,-0.000
7417,-0.000
7418,-0.000
7419,-0.000
7420,-0.000
7421,-0.000
7422,-0.000
7423,-0.000
7424,-0.000
7425,-948399.352
7426,-1617144.601
7427,-2186108.744
7428,-2424188.426
7429,-2541721.703
7430,-2952459.699
7431,-3176722.135
7432,-3248476.266
7433,-2948294.378
7434,-2023494.784
7435,-728503.888
7436,-568877.379
7437,-0.000
7438,-0.000
7439,-0.000
7440,-0.000
7441,-0.000
7442,-0.000
7443,-0.000
7444,-0.000
7445,-0.000
7446,-0.000
7447,-39347.466
7448,-221034.294
7449,-1249050.275
7450,-1810533.725
7451,-2264667.830
7452,-2516738.634
7453,-2575415.637
7454,-2925778.492
7455,-3098715.799
7456,-3124235.204
7457,-2805990.423
7458,-1912683.821
7459,-670854.332
7460,-520277.508
7461,-0.000
7462,-0.000
7463,-0.000
7464,-0.000
7465,-0.000
7466,-0.000
7467,-0.000
7468,-0.000
7469,-0.000
7470,-0.000
7471,-0.000
7472,-110268.679
7473,-955286.038
7474,-1560594.902
7475,-2044931.067
7476,-2303502.780
7477,-2402305.068
7478,-2737851.317
7479,-2950833.775
7480,-2987439.049
7481,-2630211.822
7482,-1732707.527
7483,-570757.377
7484,-404313.786
7485,-0.000
7486,-0.000
7487,-0.000
7488,-0.000
7489,-0.000
7490,-0.000
7491,-0.000
7492,-0.000
7493,-0.000
7494,-0.000
7495,-0.000
7496,-0.000
7497,-646186.961
7498,-1355299.288
7499,-1966656.267
7500,-2315452.874
7501,-2427835.099
7502,-2803511.910
7503,-3041108.122
7504,-3089596.915
7505,-2743042.535
7506,-1860545.230
7507,-620430.956
7508,-431978.419
7509,-0.000
7510,-0.000
7511,-0.000
7512,-0.000
7513,-0.000
7514,-0.000
7515,-0.000
7516,-0.000
7517,-0.000
7518,-0.000
7519,-0.000
7520,-0.000
7521,-0.000
7522,-891275.979
7523,-1541022.954
7524,-1797087.191
7525,-1932476.523
7526,-2187918.635
7527,-2372885.984
7528,-2422219.299
7529,-2122566.576
7530,-1339474.154
7531,-0.000
7532,-0.000
7533,-0.000
7534,-0.000
7535,-0.000
7536,-0.000
7537,-0.000
7538,-0.000
7539,-0.000
7540,-0.000
7541,-0.000
7542,-0.000
7543,-0.000
7544,-0.000
7545,-0.000
7546,-0.000
7547,-720567.771
7548,-1236031.426
7549,-1330687.238
7550,-1543692.017
7551,-1700710.122
7552,-1743122.229
7553,-1437935.156
7554,-636551.533
7555,-62364.684
7556,-0.000
7557,-0.000
7558,-0.000
7559,-0.000
7560,-0.000
7561,-0.000
7562,-0.000
7563,-0.000
7564,-0.000
7565,-0.000
7566,-0.000
7567,-0.000
7568,-0.000
7569,-1011442.715
7570,-1791259.799
7571,-2674268.185
7572,-3113391.060
7573,-2893453.139
7574,-3460860.330
7575,-3593998.655
7576,-3403178.827
7577,-3171144.108
7578,-2430626.651
7579,-938993.530
7580,-751673.988
7581,-0.000
7582,-0.000
7583,-0.000
7584,-0.000
7585,-0.000
7586,-0.000
7587,-0.000
7588,-0.000
7589,-0.000
7590,-0.000
7591,-64037.564
7592,-368247.559
7593,-1763676.570
7594,-2102252.686
7595,-2802393.590
7596,-3229939.531
7597,-3342953.583
7598,-3732423.123
7599,-3822383.097
7600,-3579425.946
7601,-3280116.167
7602,-2474879.819
7603,-1028252.755
7604,-862942.381
7605,-0.000
7606,-0.000
7607,-0.000
7608,-0.000
7609,-0.000
7610,-0.000
7611,-0.000
7612,-0.000
7613,-0.000
7614,-0.000
7615,-238852.986
7616,-252517.485
7617,-1132102.497
7618,-1657190.994
7619,-2118348.660
7620,-2333872.716
7621,-2427573.918
7622,-2814597.314
7623,-3028585.885
7624,-3001796.748
7625,-2748955.793
7626,-1901095.434
7627,-653480.743
7628,-493040.438
7629,-0.000
7630,-0.000
7631,-0.000
7632,-0.000
7633,-0.000
7634,-0.000
7635,-0.000
7636,-0.000
7637,-0.000
7638,-0.000
7639,-0.000
7640,-0.000
7641,-707640.829
7642,-1642208.598
7643,-2380412.526
7644,-2836025.707
7645,-2794240.148
7646,-3250483.315
7647,-3444143.996
7648,-3428786.045
7649,-3262981.694
7650,-2385792.391
7651,-844046.497
7652,-614012.517
7653,-0.000
7654,-0.000
7655,-0.000
7656,-0.000
7657,-0.000
7658,-0.000
7659,-0.000
7660,-0.000
7661,-0.000
7662,-0.000
7663,-0.000
7664,-0.000
7665,-1387552.034
7666,-1967030.726
7667,-2629343.459
7668,-2996055.730
7669,-2815233.397
7670,-3095995.766
7671,-3203986.745
7672,-3128511.541
7673,-3185436.586
7674,-2403150.074
7675,-857306.663
7676,-671006.567
7677,-0.000
7678,-0.000
7679,-0.000
7680,-0.000
7681,-0.000
7682,-0.000
7683,-0.000
7684,-0.000
7685,-0.000
7686,-0.000
7687,-0.000
7688,-0.000
7689,-159458.315
7690,-1485168.081
7691,-2100981.946
7692,-2506469.081
7693,-2471525.902
7694,-2665278.805
7695,-2829944.451
7696,-2632890.968
7697,-2371827.812
7698,-1493693.523
7699,-0.000
7700,-0.000
7701,-0.000
7702,-0.000
7703,-0.000
7704,-0.000
7705,-0.000
7706,-0.000
7707,-0.000
7708,-0.000
7709,-0.000
7710,-0.000
7711,-0.000
7712,-0.000
7713,-0.000
7714,-390274.561
7715,-1316321.052
7716,-1600017.974
7717,-1570154.237
7718,-1593249.477
7719,-1658286.997
7720,-1689600.557
7721,-1307964.869
7722,-275221.854
7723,-0.000
7724,-0.000
7725,-0.000
7726,-0.000
7727,-0.000
7728,-0.000
7729,-0.000
7730,-0.000
7731,-0.000
7732,-0.000
7733,-0.000
7734,-0.000
7735,-0.000
7736,-0.000
7737,-245852.933
7738,-1011471.092
7739,-1532608.298
7740,-1843384.804
7741,-2039774.900
7742,-2349946.714
7743,-2605267.830
7744,-2622194.720
7745,-2252244.394
7746,-1263880.421
7747,-422566.910
7748,-269128.769
7749,-0.000
7750,-0.000
7751,-0.000
7752,-0.000
7753,-0.000
7754,-0.000
7755,-0.000
7756,-0.000
7757,-0.000
7758,-0.000
7759,-0.000
7760,-0.000
7761,-243308.867
7762,-985854.045
7763,-1587682.077
7764,-1923414.314
7765,-2105179.687
7766,-2505934.305
7767,-2807150.523
7768,-2872282.132
7769,-2493573.286
7770,-1406323.319
7771,-488414.953
7772,-333426.566
7773,-0.000
7774,-0.000
7775,-0.000
7776,-0.000
7777,-0.000
7778,-0.000
7779,-0.000
7780,-0.000
7781,-0.000
7782,-0.000
7783,-0.000
7784,-0.000
7785,-290290.455
7786,-1074594.536
7787,-1747001.731
7788,-2117981.958
7789,-2246317.440
7790,-2595287.458
7791,-2836254.457
7792,-2908404.809
7793,-2537149.615
7794,-1450843.090
7795,-516032.271
7796,-357516.963
7797,-0.000
7798,-0.000
7799,-0.000
7800,-0.000
7801,-0.000
7802,-0.000
7803,-0.000
7804,-0.000
7805,-0.000
7806,-0.000
7807,-0.000
7808,-0.000
7809,-471796.460
7810,-1335215.187
7811,-1996176.233
7812,-2360326.383
7813,-2479115.915
7814,-2908315.254
7815,-3178742.539
7816,-3225997.777
7817,-2867290.415
7818,-1711324.884
7819,-668495.638
7820,-498641.141
7821,-0.000
7822,-0.000
7823,-0.000
7824,-0.000
7825,-0.000
7826,-0.000
7827,-0.000
7828,-0.000
7829,-0.000
7830,-0.000
7831,-0.000
7832,-0.000
7833,-436785.193
7834,-1549825.626
7835,-2488453.083
7836,-2853220.197
7837,-2872385.453
7838,-3375872.610
7839,-3625687.129
7840,-3678749.626
7841,-3247543.414
7842,-2280044.458
7843,-875301.577
7844,-619107.045
7845,-0.000
7846,-0.000
7847,-0.000
7848,-0.000
7849,-0.000
7850,-0.000
7851,-0.000
7852,-0.000
7853,-0.000
7854,-0.000
7855,-0.000
7856,-0.000
7857,-20004.569
7858,-1136375.758
7859,-1942449.124
7860,-2500932.337
7861,-2475950.908
7862,-2705594.201
7863,-2848168.796
7864,-2842556.374
7865,-2442892.020
7866,-1428609.905
7867,-0.000
7868,-0.000
7869,-0.000
7870,-0.000
7871,-0.000
7872,-0.000
7873,-0.000
7874,-0.000
7875,-0.000
7876,-0.000
7877,-0.000
7878,-0.000
7879,-0.000
7880,-0.000
7881,-0.000
7882,-144801.232
7883,-1234039.712
7884,-1482555.703
7885,-1524285.928
7886,-1691464.039
7887,-1811772.506
7888,-1851974.345
7889,-1452711.247
7890,-411304.783
7891,-52056.889
7892,-0.000
7893,-0.000
7894,-0.000
7895,-0.000
7896,-0.000
7897,-0.000
7898,-0.000
7899,-0.000
7900,-0.000
7901,-0.000
7902,-0.000
7903,-0.000
7904,-0.000
7905,-664539.744
7906,-1102901.138
7907,-1547933.756
7908,-1933918.198
7909,-2074901.168
7910,-2413604.369
7911,-2808910.230
7912,-2886979.693
7913,-2567704.002
7914,-1623130.084
7915,-663508.234
7916,-569675.340
7917,-0.000
7918,-0.000
7919,-0.000
7920,-0.000
7921,-0.000
7922,-0.000
7923,-0.000
7924,-0.000
7925,-0.000
7926,-0.000
7927,-63403.643
7928,-172804.364
7929,-961754.756
7930,-1364512.102
7931,-1949066.356
7932,-2105108.476
7933,-2207084.268
7934,-2760417.760
7935,-3177529.601
7936,-3334792.089
7937,-2895717.819
7938,-1775385.097
7939,-727321.095
7940,-622107.974
7941,-0.000
7942,-0.000
7943,-0.000
7944,-0.000
7945,-0.000
7946,-0.000
7947,-0.000
7948,-0.000
7949,-0.000
7950,-0.000
7951,-0.000
7952,-0.000
7953,-167373.514
7954,-754834.639
7955,-1277345.975
7956,-1558463.942
7957,-1765632.652
7958,-1883943.672
7959,-1843924.763
7960,-1520159.372
7961,-1146937.188
7962,-759017.456
7963,-234188.087
7964,-127457.269
7965,-0.000
7966,-0.000
7967,-0.000
7968,-0.000
7969,-0.000
7970,-0.000
7971,-0.000
7972,-0.000
7973,-0.000
7974,-0.000
7975,-0.000
7976,-0.000
7977,-0.000
7978,-421522.595
7979,-1145192.389
7980,-1509962.760
7981,-1717012.298
7982,-2024344.770
7983,-2241223.758
7984,-2339736.019
7985,-2041374.208
7986,-988573.968
7987,-262687.495
7988,-123305.788
7989,-0.000
7990,-0.000
7991,-0.000
7992,-0.000
7993,-0.000
7994,-0.000
7995,-0.000
7996,-0.000
7997,-0.000
7998,-0.000
7999,-0.000
8000,-0.000
8001,-0.000
8002,-740628.864
8003,-1488778.284
8004,-1900856.367
8005,-2075049.830
8006,-2528423.606
8007,-2835536.606
8008,-2897865.911
8009,-2537180.653
8010,-1496852.415
8011,-484150.627
8012,-306355.840
8013,-0.000
8014,-0.000
8015,-0.000
8016,-0.000
8017,-0.000
8018,-0.000
8019,-0.000
8020,-0.000
8021,-0.000
8022,-0.000
8023,-0.000
8024,-0.000
8025,-0.000
8026,-637068.360
8027,-1492632.705
8028,-1751531.088
8029,-1938046.967
8030,-2192364.190
8031,-2356486.693
8032,-2345581.639
8033,-1894129.628
8034,-809673.630
8035,-0.000
8036,-0.000
8037,-0.000
8038,-0.000
8039,-0.000
8040,-0.000
8041,-0.000
8042,-0.000
8043,-0.000
8044,-0.000
8045,-0.000
8046,-0.000
8047,-0.000
8048,-0.000
8049,-0.000
8050,-0.000
8051,-0.000
8052,-374968.140
8053,-803358.103
8054,-1073820.682
8055,-1273141.998
8056,-1334697.750
8057,-991388.798
8058,-129239.626
8059,-0.000
8060,-0.000
8061,-0.000
8062,-0.000
8063,-0.000
8064,-0.000
8065,-0.000
8066,-0.000
8067,-0.000
8068,-0.000
8069,-0.000
8070,-0.000
8071,-0.000
8072,-0.000
8073,-0.000
8074,-110391.251
8075,-1029136.968
8076,-1441712.961
8077,-1684220.738
8078,-1976373.012
8079,-2222662.591
8080,-2288802.022
8081,-1909131.009
8082,-838879.710
8083,-100719.217
8084,-0.000
8085,-0.000
8086,-0.000
8087,-0.000
8088,-0.000
8089,-0.000
8090,-0.000
8091,-0.000
8092,-0.000
8093,-0.000
8094,-0.000
8095,-0.000
8096,-0.000
8097,-0.000
8098,-264447.986
8099,-1183081.824
8100,-1608240.715
8101,-1828367.607
8102,-2155067.194
8103,-2405530.524
8104,-2477655.365
8105,-2098597.522
8106,-1021254.017
8107,-217631.823
8108,-67744.347
8109,-0.000
8110,-0.000
8111,-0.000
8112,-0.000
8113,-0.000
8114,-0.000
8115,-0.000
8116,-0.000
8117,-0.000
8118,-0.000
8119,-0.000
8120,-0.000
8121,-0.000
8122,-66826.877
8123,-473884.534
8124,-686578.939
8125,-714387.963
8126,-726776.301
8127,-876738.485
8128,-1022781.478
8129,-982789.542
8130,-619163.912
8131,-166846.306
8132,-62635.691
8133,-0.000
8134,-0.000
8135,-0.000
8136,-0.000
8137,-0.000
8138,-0.000
8139,-0.000
8140,-0.000
8141,-0.000
8142,-0.000
8143,-0.000
8144,-0.000
8145,-0.000
8146,-506786.646
8147,-1277663.083
8148,-1632713.496
8149,-1823530.017
8150,-2100165.855
8151,-2317543.886
8152,-2372038.307
8153,-1981344.764
8154,-911128.143
8155,-153789.045
8156,-8911.905
8157,-0.000
8158,-0.000
8159,-0.000
8160,-0.000
8161,-0.000
8162,-0.000
8163,-0.000
8164,-0.000
8165,-0.000
8166,-0.000
8167,-0.000
8168,-0.000
8169,-0.000
8170,-112031.768
8171,-1113740.292
8172,-1576942.842
8173,-1803257.362
8174,-2113564.258
8175,-2388068.438
8176,-2468822.496
8177,-2082276.212
8178,-976948.489
8179,-146025.787
8180,-821.645
8181,-0.000
8182,-0.000
8183,-0.000
8184,-0.000
8185,-0.000
8186,-0.000
8187,-0.000
8188,-0.000
8189,-0.000
8190,-0.000
8191,-0.000
8192,-0.000
8193,-0.000
8194,-0.000
8195,-634969.853
8196,-1225114.916
8197,-1432362.503
8198,-1736366.630
8199,-1967519.510
8200,-2043898.413
8201,-1673532.193
8202,-602141.280
8203,-0.000
8204,-0.000
8205,-0.000
8206,-0.000
8207,-0.000
8208,-0.000
8209,-0.000
8210,-0.000
8211,-0.000
8212,-0.000
8213,-0.000
8214,-0.000
8215,-0.000
8216,-0.000
8217,-0.000
8218,-0.000
8219,-0.000
8220,-63986.978
8221,-811552.487
8222,-1024298.011
8223,-1136217.406
8224,-1182198.612
8225,-938878.535
8226,-172138.999
8227,-0.000
8228,-0.000
8229,-0.000
8230,-0.000
8231,-0.000
8232,-0.000
8233,-0.000
8234,-0.000
8235,-0.000
8236,-0.000
8237,-0.000
8238,-0.000
8239,-0.000
8240,-0.000
8241,-0.000
8242,-200406.182
8243,-1199670.005
8244,-1733094.160
8245,-1957632.519
8246,-2327341.365
8247,-2577438.472
8248,-2675142.412
8249,-2297572.390
8250,-1176630.981
8251,-275774.916
8252,-84350.715
8253,-0.000
8254,-0.000
8255,-0.000
8256,-0.000
8257,-0.000
8258,-0.000
8259,-0.000
8260,-0.000
8261,-0.000
8262,-0.000
8263,-0.000
8264,-0.000
8265,-0.000
8266,-268568.181
8267,-1322494.511
8268,-1860393.232
8269,-2058307.449
8270,-2476168.673
8271,-2771495.072
8272,-2827718.561
8273,-2430415.624
8274,-1294821.894
8275,-345562.926
8276,-135667.404
8277,-0.000
8278,-0.000
8279,-0.000
8280,-0.000
8281,-0.000
8282,-0.000
8283,-0.000
8284,-0.000
8285,-0.000
8286,-0.000
8287,-0.000
8288,-0.000
8289,-0.000
8290,-205405.726
8291,-1330043.056
8292,-1886698.402
8293,-2078472.320
8294,-2463752.319
8295,-2740051.639
8296,-2813780.491
8297,-2437921.977
8298,-1337005.658
8299,-340698.234
8300,-128925.004
8301,-0.000
8302,-0.000
8303,-0.000
8304,-0.000
8305,-0.000
8306,-0.000
8307,-0.000
8308,-0.000
8309,-0.000
8310,-0.000
8311,-0.000
8312,-0.000
8313,-0.000
8314,-374986.289
8315,-1063120.000
8316,-1717961.715
8317,-1964360.655
8318,-2260567.367
8319,-2603499.601
8320,-2757354.091
8321,-2603646.679
8322,-1672788.238
8323,-517397.263
8324,-293275.377
8325,-0.000
8326,-0.000
8327,-0.000
8328,-0.000
8329,-0.000
8330,-0.000
8331,-0.000
8332,-0.000
8333,-0.000
8334,-0.000
8335,-0.000
8336,-0.000
8337,-0.000
8338,-712269.634
8339,-2046240.637
8340,-2459925.181
8341,-2536609.547
8342,-2964566.084
8343,-3216255.733
8344,-3260318.219
8345,-2882096.239
8346,-1898266.661
8347,-627180.784
8348,-434078.418
8349,-0.000
8350,-0.000
8351,-0.000
8352,-0.000
8353,-0.000
8354,-0.000
8355,-0.000
8356,-0.000
8357,-0.000
8358,-0.000
8359,-0.000
8360,-0.000
8361,-0.000
8362,-178729.760
8363,-1504854.221
8364,-1746671.422
8365,-1640981.682
8366,-1754122.587
8367,-1896285.548
8368,-2051887.484
8369,-1738115.810
8370,-1011865.386
8371,-0.000
8372,-0.000
8373,-0.000
8374,-0.000
8375,-0.000
8376,-0.000
8377,-0.000
8378,-0.000
8379,-0.000
8380,-0.000
8381,-0.000
8382,-0.000
8383,-0.000
8384,-0.000
8385,-0.000
8386,-0.000
8387,-0.000
8388,-0.000
8389,-400822.004
8390,-853432.874
8391,-1062743.902
8392,-1021767.523
8393,-975584.760
8394,-389555.182
8395,-55479.533
8396,-0.000
8397,-0.000
8398,-0.000
8399,-0.000
8400,-0.000
8401,-0.000
8402,-0.000
8403,-0.000
8404,-0.000
8405,-0.000
8406,-0.000
8407,-126807.125
8408,-278319.419
8409,-1233245.223
8410,-1642238.355
8411,-2350491.180
8412,-2820306.061
8413,-2861591.056
8414,-3372145.593
8415,-3135531.050
8416,-3114402.696
8417,-3005909.589
8418,-2185740.752
8419,-980046.665
8420,-828631.383
8421,-0.000
8422,-0.000
8423,-0.000
8424,-0.000
8425,-0.000
8426,-0.000
8427,-0.000
8428,-0.000
8429,-0.000
8430,-0.000
8431,-502214.585
8432,-518431.972
8433,-1765921.198
8434,-2072316.001
8435,-2528055.960
8436,-3073390.141
8437,-3030986.745
8438,-3438801.011
8439,-3624053.437
8440,-3439486.291
8441,-3013200.254
8442,-2189420.894
8443,-896007.151
8444,-726194.739
8445,-0.000
8446,-0.000
8447,-0.000
8448,-0.000
8449,-0.000
8450,-0.000
8451,-0.000
8452,-0.000
8453,-0.000
8454,-0.000
8455,-0.000
8456,-7201.158
8457,-387785.157
8458,-586738.881
8459,-794238.006
8460,-914236.365
8461,-1069447.684
8462,-986113.919
8463,-929177.404
8464,-646001.124
8465,-457924.199
8466,-335905.940
8467,-102853.175
8468,-50880.272
8469,-0.000
8470,-0.000
8471,-0.000
8472,-0.000
8473,-0.000
8474,-0.000
8475,-0.000
8476,-0.000
8477,-0.000
8478,-0.000
8479,-0.000
8480,-0.000
8481,-0.000
8482,-227379.702
8483,-859293.596
8484,-1256238.936
8485,-1519658.609
8486,-1669320.956
8487,-1988118.857
8488,-2191924.272
8489,-1876304.584
8490,-921864.782
8491,-183079.380
8492,-42205.312
8493,-0.000
8494,-0.000
8495,-0.000
8496,-0.000
8497,-0.000
8498,-0.000
8499,-0.000
8500,-0.000
8501,-0.000
8502,-0.000
8503,-0.000
8504,-0.000
8505,-0.000
8506,-150921.003
8507,-723077.286
8508,-841299.797
8509,-879686.505
8510,-961642.513
8511,-1276412.647
8512,-2105624.396
8513,-2086656.426
8514,-1185733.953
8515,-333392.168
8516,-198509.326
8517,-0.000
8518,-0.000
8519,-0.000
8520,-0.000
8521,-0.000
8522,-0.000
8523,-0.000
8524,-0.000
8525,-0.000
8526,-0.000
8527,-0.000
8528,-0.000
8529,-0.000
8530,-12909.761
8531,-695146.612
8532,-1147245.364
8533,-1463814.716
8534,-1710271.848
8535,-1847443.889
8536,-1458644.885
8537,-1259152.533
8538,-621388.138
8539,-0.000
8540,-0.000
8541,-0.000
8542,-0.000
8543,-0.000
8544,-0.000
8545,-0.000
8546,-0.000
8547,-0.000
8548,-0.000
8549,-0.000
8550,-0.000
8551,-0.000
8552,-0.000
8553,-0.000
8554,-0.000
8555,-0.000
8556,-404294.561
8557,-890427.064
8558,-1062849.718
8559,-1273778.401
8560,-871209.241
8561,-608112.884
8562,-167262.868
8563,-0.000
8564,-0.000
8565,-0.000
8566,-0.000
8567,-0.000
8568,-0.000
8569,-0.000
8570,-0.000
8571,-0.000
8572,-0.000
8573,-0.000
8574,-0.000
8575,-0.000
8576,-0.000
8577,-944883.014
8578,-1098167.409
8579,-1303874.241
8580,-1504900.729
8581,-1518139.268
8582,-1635067.952
8583,-1778943.461
8584,-1693764.046
8585,-1600489.357
8586,-1144160.630
8587,-369127.295
8588,-202997.426
8589,-0.000
8590,-0.000
8591,-0.000
8592,-0.000
8593,-0.000
8594,-0.000
8595,-0.000
8596,-0.000
8597,-0.000
8598,-0.000
8599,-0.000
8600,-0.000
8601,-12372.157
8602,-996497.112
8603,-1753616.008
8604,-1978726.473
8605,-2005422.996
8606,-2490821.146
8607,-2551993.758
8608,-2508794.863
8609,-2524456.230
8610,-1685550.721
8611,-592733.279
8612,-406003.126
8613,-0.000
8614,-0.000
8615,-0.000
8616,-0.000
8617,-0.000
8618,-0.000
8619,-0.000
8620,-0.000
8621,-0.000
8622,-0.000
8623,-0.000
8624,-0.000
8625,-130873.857
8626,-1355874.612
8627,-2185106.206
8628,-2445746.409
8629,-2396027.567
8630,-2617352.557
8631,-2790951.664
8632,-2808939.644
8633,-2305026.358
8634,-1058549.046
8635,-219343.595
8636,-62923.852
8637,-0.000
8638,-0.000
8639,-0.000
8640,-0.000
8641,-0.000
8642,-0.000
8643,-0.000
8644,-0.000
8645,-0.000
8646,-0.000
8647,-0.000
8648,-0.000
8649,-0.000
8650,-248269.235
8651,-1079619.742
8652,-1470493.357
8653,-1699024.042
8654,-1915794.432
8655,-2192059.918
8656,-2230095.797
8657,-2002660.869
8658,-1090772.669
8659,-197096.894
8660,-49248.302
8661,-0.000
8662,-0.000
8663,-0.000
8664,-0.000
8665,-0.000
8666,-0.000
8667,-0.000
8668,-0.000
8669,-0.000
8670,-0.000
8671,-0.000
8672,-0.000
8673,-0.000
8674,-96649.381
8675,-1101767.999
8676,-1567677.701
8677,-1809065.858
8678,-2155122.805
8679,-2439226.869
8680,-2529732.263
8681,-2244175.814
8682,-1335463.570
8683,-290281.037
8684,-84738.546
8685,-0.000
8686,-0.000
8687,-0.000
8688,-0.000
8689,-0.000
8690,-0.000
8691,-0.000
8692,-0.000
8693,-0.000
8694,-0.000
8695,-0.000
8696,-0.000
8697,-0.000
8698,-0.000
8699,-0.000
8700,-250824.285
8701,-365585.416
8702,-568288.723
8703,-793732.823
8704,-1131225.527
8705,-1155385.480
8706,-785758.894
8707,-0.000
8708,-0.000
8709,-0.000
8710,-0.000
8711,-0.000
8712,-0.000
8713,-0.000
8714,-0.000
8715,-0.000
8716,-0.000
8717,-0.000
8718,-0.000
8719,-0.000
8720,-0.000
8721,-0.000
8722,-0.000
8723,-0.000
8724,-605322.282
8725,-869079.797
8726,-1038194.805
8727,-1000299.200
8728,-1186114.931
8729,-1117825.180
8730,-418789.899
8731,-38575.223
8732,-0.000
8733,-0.000
8734,-0.000
8735,-0.000
8736,-0.000
8737,-0.000
8738,-0.000
8739,-0.000
8740,-0.000
8741,-0.000
8742,-0.000
8743,-138677.479
8744,-195147.728
8745,-879818.543
8746,-1321436.617
8747,-1776485.980
8748,-2048512.752
8749,-2155765.766
8750,-2456492.658
8751,-2526511.290
8752,-2063743.671
8753,-1948219.540
8754,-1321307.874
8755,-432053.396
8756,-294374.842
8757,-0.000
8758,-0.000
8759,-0.000
8760,-0.000
