Hour,CoolingLoad_W
1,0.0
2,0.0
3,0.0
4,0.0
5,0.0
6,0.0
7,0.0
8,0.0
9,0.0
10,0.0
11,0.0
12,106344.64
13,456168.515
14,306919.341
15,386594.423
16,848124.554
17,750825.801
18,189716.326
19,0.0
20,0.0
21,0.0
22,0.0
23,0.0
24,0.0
25,0.0
26,0.0
27,0.0
28,0.0
29,0.0
30,0.0
31,0.0
32,0.0
33,0.0
34,0.0
35,27536.475
36,307186.408
37,490846.987
38,392131.342
39,379616.386
40,260628.241
41,210369.851
42,92351.371
43,0.0
44,0.0
45,0.0
46,0.0
47,0.0
48,0.0
49,0.0
50,0.0
51,0.0
52,0.0
53,0.0
54,0.0
55,0.0
56,0.0
57,0.0
58,0.0
59,165116.985
60,669299.929
61,1212754.569
62,1518997.335
63,1640823.53
64,1281459.272
65,1109641.867
66,836301.999
67,195034.175
68,65010.757
69,0.0
70,0.0
71,0.0
72,0.0
73,0.0
74,0.0
75,0.0
76,0.0
77,0.0
78,0.0
79,0.0
80,0.0
81,345019.469
82,977027.261
83,1291460.068
84,1475123.637
85,1737694.474
86,1962198.594
87,2607811.783
88,2886847.925
89,2305980.681
90,1464302.467
91,480658.358
92,376842.445
93,0.0
94,0.0
95,0.0
96,0.0
97,0.0
98,0.0
99,0.0
100,0.0
101,0.0
102,0.0
103,0.0
104,0.0
105,1024973.845
106,1340272.133
107,1610044.253
108,1726870.815
109,1780570.947
110,1771740.998
111,1943353.55
112,2756388.732
113,3056053.769
114,2002526.705
115,565239.616
116,463263.058
117,0.0
118,0.0
119,0.0
120,0.0
121,0.0
122,0.0
123,0.0
124,0.0
125,0.0
126,0.0
127,0.0
128,0.0
129,0.0
130,0.0
131,222257.706
132,746965.52
133,1045446.529
134,1231547.895
135,1429287.667
136,1660890.505
137,1476486.131
138,908784.329
139,0.0
140,0.0
141,0.0
142,0.0
143,0.0
144,0.0
145,0.0
146,0.0
147,0.0
148,0.0
149,0.0
150,0.0
151,0.0
152,0.0
153,0.0
154,0.0
155,0.0
156,280203.327
157,621282.636
158,788381.546
159,732939.212
160,841642.737
161,571916.836
162,237202.487
163,0.0
164,0.0
165,0.0
166,0.0
167,0.0
168,0.0
169,0.0
170,0.0
171,0.0
172,0.0
173,0.0
174,0.0
175,0.0
176,0.0
177,267077.573
178,834871.025
179,1281507.827
180,1543125.855
181,1645792.637
182,1980406.919
183,2048890.006
184,1768436.233
185,1657560.164
186,1292775.942
187,406359.553
188,266758.996
189,0.0
190,0.0
191,0.0
192,0.0
193,0.0
194,0.0
195,0.0
196,0.0
197,0.0
198,0.0
199,0.0
200,0.0
201,65301.629
202,1114227.925
203,1911332.013
204,2155708.229
205,2109284.175
206,2255604.393
207,2460345.252
208,2660567.722
209,2499594.144
210,1578445.615
211,289646.209
212,146075.378
213,0.0
214,0.0
215,0.0
216,0.0
217,0.0
218,0.0
219,0.0
220,0.0
221,0.0
222,0.0
223,0.0
224,0.0
225,345169.31
226,905927.964
227,1415484.639
228,1888490.963
229,2247195.041
230,2642008.888
231,2913940.618
232,2724442.564
233,2580858.076
234,1685910.267
235,465862.69
236,334711.191
237,0.0
238,0.0
239,0.0
240,0.0
241,0.0
242,0.0
243,0.0
244,0.0
245,0.0
246,0.0
247,0.0
248,0.0
249,1028612.427
250,1468549.682
251,1783719.288
252,2001617.117
253,2272492.095
254,2736855.277
255,2943403.181
256,3048417.12
257,3137113.256
258,2163301.778
259,594232.445
260,455647.411
261,0.0
262,0.0
263,0.0
264,0.0
265,0.0
266,0.0
267,0.0
268,0.0
269,0.0
270,0.0
271,0.0
272,0.0
273,965772.259
274,1980259.464
275,2493755.302
276,2979690.873
277,2974348.409
278,3324153.561
279,3586223.012
280,3605699.442
281,3473077.123
282,2440852.956
283,684670.908
284,569198.758
285,0.0
286,0.0
287,0.0
288,0.0
289,0.0
290,0.0
291,0.0
292,0.0
293,0.0
294,0.0
295,0.0
296,0.0
297,0.0
298,740654.627
299,1035643.093
300,1611501.751
301,1978456.691
302,2111914.618
303,2374484.468
304,2361521.473
305,2309927.419
306,1350716.491
307,0.0
308,0.0
309,0.0
310,0.0
311,0.0
312,0.0
313,0.0
314,0.0
315,0.0
316,0.0
317,0.0
318,0.0
319,0.0
320,0.0
321,0.0
322,0.0
323,0.0
324,687097.585
325,933690.466
326,1059929.929
327,1091582.706
328,1181516.694
329,1186140.236
330,477998.535
331,0.0
332,0.0
333,0.0
334,0.0
335,0.0
336,0.0
337,0.0
338,0.0
339,0.0
340,0.0
341,0.0
342,0.0
343,0.0
344,0.0
345,790231.078
346,1193744.14
347,1484950.701
348,1747818.731
349,2231495.015
350,2523567.316
351,2722338.598
352,2833928.624
353,2717673.578
354,1750522.122
355,430800.736
356,288784.723
357,0.0
358,0.0
359,0.0
360,0.0
361,0.0
362,0.0
363,0.0
364,0.0
365,0.0
366,0.0
367,0.0
368,0.0
369,0.0
370,342498.85
371,820048.861
372,909978.623
373,1231852.343
374,1597992.682
375,2102339.704
376,2045310.636
377,1888689.551
378,1161045.781
379,225739.52
380,92822.462
381,0.0
382,0.0
383,0.0
384,0.0
385,0.0
386,0.0
387,0.0
388,0.0
389,0.0
390,0.0
391,0.0
392,0.0
393,0.0
394,86631.699
395,616717.904
396,1024730.076
397,1481792.584
398,1977416.148
399,2364863.628
400,2547970.472
401,2551387.217
402,1471689.223
403,220356.133
404,77371.065
405,0.0
406,0.0
407,0.0
408,0.0
409,0.0
410,0.0
411,0.0
412,0.0
413,0.0
414,0.0
415,0.0
416,0.0
417,0.0
418,415254.07
419,1291355.117
420,1650316.475
421,1785004.455
422,1803061.175
423,1865196.181
424,1768624.526
425,1413080.272
426,982495.271
427,236760.949
428,135122.739
429,0.0
430,0.0
431,0.0
432,0.0
433,0.0
434,0.0
435,0.0
436,0.0
437,0.0
438,0.0
439,0.0
440,0.0
441,228342.368
442,778376.402
443,1352279.294
444,1769797.66
445,1890203.047
446,2307663.511
447,2362797.384
448,2259640.082
449,1745336.476
450,1374397.329
451,424822.943
452,305962.145
453,0.0
454,0.0
455,0.0
456,0.0
457,0.0
458,0.0
459,0.0
460,0.0
461,0.0
462,0.0
463,0.0
464,0.0
465,0.0
466,711881.362
467,1508263.272
468,1876042.369
469,2110688.227
470,2243980.665
471,2462961.447
472,2425985.206
473,2251953.321
474,1474524.863
475,0.0
476,0.0
477,0.0
478,0.0
479,0.0
480,0.0
481,0.0
482,0.0
483,0.0
484,0.0
485,0.0
486,0.0
487,0.0
488,0.0
489,0.0
490,0.0
491,0.0
492,0.0
493,494785.903
494,922984.246
495,1138746.75
496,1333989.1
497,1309044.04
498,765018.56
499,0.0
500,0.0
501,0.0
502,0.0
503,0.0
504,0.0
505,0.0
506,0.0
507,0.0
508,0.0
509,0.0
510,0.0
511,0.0
512,0.0
513,0.0
514,108159.98
515,893815.321
516,1277949.722
517,1586759.575
518,1792964.923
519,2053970.0
520,2215725.584
521,2261774.157
522,1553965.246
523,166992.204
524,22545.142
525,0.0
526,0.0
527,0.0
528,0.0
529,0.0
530,0.0
531,0.0
532,0.0
533,0.0
534,0.0
535,0.0
536,0.0
537,0.0
538,254644.495
539,1113122.096
540,1497794.509
541,1732430.902
542,1922024.627
543,2158629.296
544,2262196.5
545,2250654.158
546,1509599.772
547,133912.902
548,2325.535
549,0.0
550,0.0
551,0.0
552,0.0
553,0.0
554,0.0
555,0.0
556,0.0
557,0.0
558,0.0
559,0.0
560,0.0
561,0.0
562,854579.044
563,1479100.599
564,1749524.33
565,1928669.875
566,2096536.81
567,2376602.753
568,2526945.862
569,2588771.035
570,1849396.343
571,248143.469
572,83415.762
573,0.0
574,0.0
575,0.0
576,0.0
577,0.0
578,0.0
579,0.0
580,0.0
581,0.0
582,0.0
583,0.0
584,0.0
585,43213.054
586,1151012.555
587,1703432.554
588,2000309.16
589,2145182.637
590,2347870.294
591,2604563.077
592,2740154.146
593,2796412.318
594,2054976.901
595,426597.302
596,293466.276
597,0.0
598,0.0
599,0.0
600,0.0
601,0.0
602,0.0
603,0.0
604,0.0
605,0.0
606,0.0
607,0.0
608,0.0
609,167712.632
610,1206264.366
611,1706048.897
612,1928178.938
613,2068247.475
614,2218419.31
615,2504393.036
616,2646689.301
617,2669876.523
618,1917902.933
619,337893.751
620,200150.505
621,0.0
622,0.0
623,0.0
624,0.0
625,0.0
626,0.0
627,0.0
628,0.0
629,0.0
630,0.0
631,0.0
632,0.0
633,0.0
634,73939.483
635,853933.925
636,1091859.298
637,1167656.8
638,1314609.471
639,1255249.309
640,1285734.056
641,887265.417
642,530243.86
643,0.0
644,0.0
645,0.0
646,0.0
647,0.0
648,0.0
649,0.0
650,0.0
651,0.0
652,0.0
653,0.0
654,0.0
655,0.0
656,0.0
657,0.0
658,0.0
659,0.0
660,501875.094
661,931443.612
662,1166933.863
663,1387161.099
664,1239155.434
665,1205349.135
666,706241.262
667,0.0
668,0.0
669,0.0
670,0.0
671,0.0
672,0.0
673,0.0
674,0.0
675,0.0
676,0.0
677,0.0
678,0.0
679,0.0
680,0.0
681,326508.07
682,1399527.452
683,2045009.358
684,2277848.281
685,2349353.15
686,2621554.688
687,2874551.37
688,2969547.814
689,2951670.197
690,2202836.311
691,439414.851
692,248067.746
693,0.0
694,0.0
695,0.0
696,0.0
697,0.0
698,0.0
699,0.0
700,0.0
701,0.0
702,0.0
703,0.0
704,0.0
705,329132.18
706,1350303.492
707,2037791.482
708,2296455.405
709,2152293.507
710,2289931.116
711,2618441.738
712,3022234.42
713,2990954.261
714,2315228.809
715,576159.174
716,381288.265
717,0.0
718,0.0
719,0.0
720,0.0
721,0.0
722,0.0
723,0.0
724,0.0
725,0.0
726,0.0
727,0.0
728,14743.043
729,1044449.357
730,1433688.246
731,1941459.418
732,2474939.692
733,2800178.33
734,3376744.245
735,3628236.613
736,3499748.412
737,3400050.27
738,2855758.031
739,806698.194
740,566321.522
741,0.0
742,0.0
743,0.0
744,0.0
745,0.0
746,0.0
747,0.0
748,0.0
749,0.0
750,0.0
751,0.0
752,0.0
753,11948.3
754,445072.722
755,838799.4
756,1198498.03
757,1440058.48
758,1562176.24
759,1807025.746
760,2068848.692
761,1958546.235
762,1542389.577
763,315872.677
764,219742.457
765,0.0
766,0.0
767,0.0
768,0.0
769,0.0
770,0.0
771,0.0
772,0.0
773,0.0
774,0.0
775,0.0
776,0.0
777,581866.294
778,987188.659
779,1273192.268
780,1657743.07
781,2132036.585
782,2407227.075
783,2586665.29
784,2761382.998
785,2675033.678
786,2088253.997
787,535955.051
788,411894.445
789,0.0
790,0.0
791,0.0
792,0.0
793,0.0
794,0.0
795,0.0
796,0.0
797,0.0
798,0.0
799,0.0
800,0.0
801,249358.459
802,1293018.213
803,1801401.456
804,2220817.733
805,2434290.814
806,2654429.662
807,2715043.64
808,2693137.457
809,2635807.626
810,1996919.465
811,0.0
812,0.0
813,0.0
814,0.0
815,0.0
816,0.0
817,0.0
818,0.0
819,0.0
820,0.0
821,0.0
822,0.0
823,0.0
824,0.0
825,0.0
826,0.0
827,1150827.68
828,1608176.595
829,1730929.358
830,1789732.039
831,1908309.612
832,1895199.928
833,1639421.191
834,1014404.806
835,21182.427
836,0.0
837,0.0
838,0.0
839,0.0
840,0.0
841,0.0
842,0.0
843,0.0
844,0.0
845,0.0
846,0.0
847,6181.188
848,228609.45
849,1297966.963
850,1914868.447
851,2512450.074
852,2956994.57
853,2983975.826
854,3292384.067
855,3498700.306
856,3509550.406
857,3532966.274
858,2699600.986
859,729305.668
860,575309.959
861,0.0
862,0.0
863,0.0
864,0.0
865,0.0
866,0.0
867,0.0
868,0.0
869,0.0
870,0.0
871,81334.429
872,345731.401
873,1676582.669
874,2244995.619
875,2729915.218
876,2957285.499
877,3280370.533
878,3832666.644
879,3982003.579
880,4113518.616
881,4059713.897
882,3027694.328
883,866575.98
884,769677.662
885,0.0
886,0.0
887,0.0
888,0.0
889,0.0
890,0.0
891,0.0
892,0.0
893,0.0
894,0.0
895,405640.478
896,494723.364
897,2070150.574
898,2590461.348
899,2902172.745
900,3199399.559
901,3283310.613
902,3704733.364
903,3892678.763
904,4157958.496
905,3986426.606
906,3063247.644
907,914633.537
908,815844.417
909,0.0
910,0.0
911,0.0
912,0.0
913,0.0
914,0.0
915,0.0
916,0.0
917,0.0
918,0.0
919,338792.738
920,482657.278
921,2027642.607
922,2593741.706
923,3070826.116
924,3344023.311
925,3355691.035
926,3566535.744
927,3755721.157
928,3579493.04
929,3241985.558
930,2453527.753
931,804975.23
932,711732.64
933,0.0
934,0.0
935,0.0
936,0.0
937,0.0
938,0.0
939,0.0
940,0.0
941,0.0
942,0.0
943,277471.384
944,412808.644
945,1668450.947
946,2150262.302
947,2565884.452
948,2810864.222
949,2727126.986
950,2671087.897
951,2798434.201
952,3316642.241
953,3112180.488
954,2314828.679
955,734128.123
956,632209.736
957,0.0
958,0.0
959,0.0
960,0.0
961,0.0
962,0.0
963,0.0
964,0.0
965,0.0
966,0.0
967,0.0
968,0.0
969,65988.348
970,666047.003
971,847110.162
972,981727.863
973,1069016.142
974,1167285.783
975,1390152.946
976,1656904.911
977,1727317.11
978,1556336.676
979,0.0
980,0.0
981,0.0
982,0.0
983,0.0
984,0.0
985,0.0
986,0.0
987,0.0
988,0.0
989,0.0
990,0.0
991,0.0
992,0.0
993,0.0
994,0.0
995,0.0
996,0.0
997,635587.877
998,950190.797
999,1110823.619
1000,1189828.19
1001,965988.684
1002,528469.697
1003,0.0
1004,0.0
1005,0.0
1006,0.0
1007,0.0
1008,0.0
1009,0.0
1010,0.0
1011,0.0
1012,0.0
1013,0.0
1014,0.0
1015,0.0
1016,0.0
1017,384670.538
1018,1153758.384
1019,1872687.342
1020,2417923.199
1021,2460156.351
1022,2883522.504
1023,3121672.04
1024,3151274.557
1025,3042711.853
1026,2642692.484
1027,599357.447
1028,383016.056
1029,0.0
1030,0.0
1031,0.0
1032,0.0
1033,0.0
1034,0.0
1035,0.0
1036,0.0
1037,0.0
1038,0.0
1039,84043.926
1040,294374.644
1041,1323446.459
1042,1617027.651
1043,1918658.664
1044,2317678.82
1045,2599536.553
1046,2842763.619
1047,3126385.495
1048,3364714.248
1049,3398903.047
1050,2921313.872
1051,741850.548
1052,512325.97
1053,0.0
1054,0.0
1055,0.0
1056,0.0
1057,0.0
1058,0.0
1059,0.0
1060,0.0
1061,0.0
1062,0.0
1063,0.0
1064,203064.128
1065,1366069.351
1066,1907467.975
1067,2442935.43
1068,2864319.246
1069,2987192.335
1070,3261555.905
1071,3506618.241
1072,3474001.291
1073,3331421.515
1074,2803015.374
1075,734240.753
1076,567163.418
1077,0.0
1078,0.0
1079,0.0
1080,0.0
1081,0.0
1082,0.0
1083,0.0
1084,0.0
1085,0.0
1086,0.0
1087,47270.82
1088,285204.052
1089,1422366.403
1090,1855137.589
1091,2192607.66
1092,2321280.753
1093,2356827.004
1094,2562529.908
1095,2855106.974
1096,2520823.356
1097,2308672.433
1098,2329334.778
1099,776886.644
1100,616749.709
1101,0.0
1102,0.0
1103,0.0
1104,0.0
1105,0.0
1106,0.0
1107,0.0
1108,0.0
1109,0.0
1110,0.0
1111,117683.523
1112,387426.53
1113,1723602.12
1114,2254490.851
1115,2702863.503
1116,3189188.948
1117,3384379.437
1118,3729853.956
1119,3996039.645
1120,4011713.242
1121,3808393.548
1122,3083449.292
1123,831554.286
1124,671344.829
1125,0.0
1126,0.0
1127,0.0
1128,0.0
1129,0.0
1130,0.0
1131,0.0
1132,0.0
1133,0.0
1134,0.0
1135,0.0
1136,0.0
1137,140685.185
1138,710447.077
1139,1005092.611
1140,1359450.071
1141,1442303.952
1142,1590085.75
1143,1664207.671
1144,1491582.739
1145,1362115.625
1146,1310820.069
1147,0.0
1148,0.0
1149,0.0
1150,0.0
1151,0.0
1152,0.0
1153,0.0
1154,0.0
1155,0.0
1156,0.0
1157,0.0
1158,0.0
1159,0.0
1160,0.0
1161,0.0
1162,0.0
1163,0.0
1164,0.0
1165,131976.872
1166,348737.518
1167,158293.229
1168,43908.108
1169,0.0
1170,0.0
1171,0.0
1172,0.0
1173,0.0
1174,0.0
1175,0.0
1176,0.0
1177,0.0
1178,0.0
1179,0.0
1180,0.0
1181,0.0
1182,0.0
1183,0.0
1184,134982.849
1185,1378468.111
1186,1618425.154
1187,2034864.768
1188,2299216.443
1189,2360501.049
1190,2885407.133
1191,2877265.017
1192,2804313.154
1193,2668312.234
1194,2474194.361
1195,906662.585
1196,753141.991
1197,0.0
1198,0.0
1199,0.0
1200,0.0
1201,0.0
1202,0.0
1203,0.0
1204,0.0
1205,0.0
1206,0.0
1207,376525.237
1208,534678.175
1209,2100373.625
1210,2617494.413
1211,3114413.379
1212,3507145.046
1213,3331565.456
1214,3849706.144
1215,4115670.377
1216,4217347.33
1217,4091072.43
1218,3621916.218
1219,1136212.695
1220,989851.434
1221,0.0
1222,0.0
1223,0.0
1224,0.0
1225,0.0
1226,0.0
1227,0.0
1228,0.0
1229,0.0
1230,0.0
1231,732023.955
1232,679184.409
1233,2210880.508
1234,2590061.275
1235,2917494.121
1236,3164791.754
1237,3093940.624
1238,3599361.814
1239,3743006.171
1240,3746003.597
1241,3534633.209
1242,3093438.448
1243,983617.97
1244,819812.438
1245,0.0
1246,0.0
1247,0.0
1248,0.0
1249,0.0
1250,0.0
1251,0.0
1252,0.0
1253,0.0
1254,0.0
1255,0.0
1256,0.0
1257,367223.835
1258,717844.285
1259,1299250.458
1260,1761855.536
1261,1950921.025
1262,2231016.336
1263,2457532.697
1264,2503116.914
1265,2403401.546
1266,1944142.154
1267,662125.684
1268,499922.843
1269,0.0
1270,0.0
1271,0.0
1272,0.0
1273,0.0
1274,0.0
1275,0.0
1276,0.0
1277,0.0
1278,0.0
1279,0.0
1280,41805.047
1281,1009028.328
1282,1448512.317
1283,1743905.14
1284,1955123.424
1285,2255074.353
1286,1897977.596
1287,1522237.334
1288,1259339.574
1289,1141321.318
1290,922741.718
1291,328839.729
1292,211414.083
1293,0.0
1294,0.0
1295,0.0
1296,0.0
1297,0.0
1298,0.0
1299,0.0
1300,0.0
1301,0.0
1302,0.0
1303,0.0
1304,0.0
1305,0.0
1306,0.0
1307,0.0
1308,516775.654
1309,681935.789
1310,823483.486
1311,923736.817
1312,1250231.145
1313,1172962.342
1314,925238.585
1315,0.0
1316,0.0
1317,0.0
1318,0.0
1319,0.0
1320,0.0
1321,0.0
1322,0.0
1323,0.0
1324,0.0
1325,0.0
1326,0.0
1327,0.0
1328,0.0
1329,0.0
1330,0.0
1331,0.0
1332,0.0
1333,182149.106
1334,369522.994
1335,630921.359
1336,1026085.352
1337,777981.076
1338,431628.861
1339,0.0
1340,0.0
1341,0.0
1342,0.0
1343,0.0
1344,0.0
1345,0.0
1346,0.0
1347,0.0
1348,0.0
1349,0.0
1350,0.0
1351,0.0
1352,0.0
1353,926862.238
1354,1406389.996
1355,1858119.459
1356,2008428.242
1357,2123003.669
1358,2364512.146
1359,2740552.72
1360,2527419.591
1361,2423437.859
1362,2129177.884
1363,662254.076
1364,500593.094
1365,0.0
1366,0.0
1367,0.0
1368,0.0
1369,0.0
1370,0.0
1371,0.0
1372,0.0
1373,0.0
1374,0.0
1375,0.0
1376,272786.072
1377,1407101.715
1378,1874941.393
1379,2200813.923
1380,2491029.457
1381,2449319.91
1382,2661159.503
1383,3135693.437
1384,3395579.129
1385,3206937.636
1386,3016408.176
1387,912030.097
1388,722775.73
1389,0.0
1390,0.0
1391,0.0
1392,0.0
1393,0.0
1394,0.0
1395,0.0
1396,0.0
1397,0.0
1398,0.0
1399,181620.192
1400,435044.116
1401,2077959.805
1402,2686222.858
1403,3141717.068
1404,3330638.577
1405,3323678.691
1406,3676359.049
1407,3889345.22
1408,3961986.459
1409,3736402.199
1410,3148649.869
1411,891863.393
1412,739330.562
1413,0.0
1414,0.0
1415,0.0
1416,0.0
1417,0.0
1418,0.0
1419,0.0
1420,0.0
1421,0.0
1422,0.0
1423,224784.978
1424,379738.031
1425,1577020.002
1426,2039649.316
1427,2530459.015
1428,2841245.43
1429,2973133.681
1430,3144008.155
1431,3381502.253
1432,3197944.376
1433,2891438.081
1434,2558456.303
1435,852128.009
1436,713664.404
1437,0.0
1438,0.0
1439,0.0
1440,0.0
1441,0.0
1442,0.0
1443,0.0
1444,0.0
1445,0.0
1446,0.0
1447,348332.274
1448,523337.954
1449,2102237.848
1450,2539267.176
1451,2828394.043
1452,3051178.621
1453,2898339.504
1454,3301904.19
1455,3399434.885
1456,3323456.156
1457,3208283.358
1458,2994556.804
1459,1128037.19
1460,809551.032
1461,0.0
1462,0.0
1463,0.0
1464,0.0
1465,0.0
1466,0.0
1467,0.0
1468,0.0
1469,0.0
1470,0.0
1471,0.0
1472,0.0
1473,900307.687
1474,1502686.052
1475,1525422.009
1476,1423466.737
1477,1373824.716
1478,1438044.379
1479,1746517.61
1480,2340497.404
1481,2407894.426
1482,1930326.353
1483,0.0
1484,0.0
1485,0.0
1486,0.0
1487,0.0
1488,0.0
1489,0.0
1490,0.0
1491,0.0
1492,0.0
1493,0.0
1494,0.0
1495,0.0
1496,0.0
1497,0.0
1498,0.0
1499,188937.958
1500,951814.761
1501,1107883.169
1502,1236995.013
1503,1269715.819
1504,1343883.121
1505,1128708.413
1506,614233.7
1507,110697.512
1508,0.0
1509,0.0
1510,0.0
1511,0.0
1512,0.0
1513,0.0
1514,0.0
1515,0.0
1516,0.0
1517,0.0
1518,0.0
1519,360832.297
1520,514220.308
1521,2166677.627
1522,2655858.984
1523,2968707.399
1524,3122983.007
1525,2859649.879
1526,3289512.59
1527,3492791.876
1528,3427378.892
1529,3215329.322
1530,2983347.503
1531,1146187.281
1532,869360.921
1533,0.0
1534,0.0
1535,0.0
1536,0.0
1537,0.0
1538,0.0
1539,0.0
1540,0.0
1541,0.0
1542,0.0
1543,492809.859
1544,479151.44
1545,1824914.717
1546,2121246.425
1547,2269490.764
1548,2413713.274
1549,2171989.465
1550,2276472.207
1551,2210176.673
1552,1996945.566
1553,1771599.735
1554,1622435.545
1555,681602.078
1556,562379.798
1557,0.0
1558,0.0
1559,0.0
1560,0.0
1561,0.0
1562,0.0
1563,0.0
1564,0.0
1565,0.0
1566,0.0
1567,0.0
1568,0.0
1569,283817.109
1570,896970.027
1571,1167922.594
1572,1339800.927
1573,1399673.951
1574,1373523.062
1575,1410411.462
1576,1110382.299
1577,862334.257
1578,746688.813
1579,125885.562
1580,0.0
1581,0.0
1582,0.0
1583,0.0
1584,0.0
1585,0.0
1586,0.0
1587,0.0
1588,0.0
1589,0.0
1590,0.0
1591,0.0
1592,0.0
1593,1159.841
1594,621613.155
1595,881490.068
1596,1251677.353
1597,1714630.275
1598,1652159.247
1599,1481767.719
1600,1275953.675
1601,1097491.643
1602,1052383.94
1603,314864.124
1604,151216.047
1605,0.0
1606,0.0
1607,0.0
1608,0.0
1609,0.0
1610,0.0
1611,0.0
1612,0.0
1613,0.0
1614,0.0
1615,0.0
1616,59489.654
1617,1324390.774
1618,1721897.878
1619,2128135.043
1620,2517665.625
1621,2470991.919
1622,2857101.904
1623,2838552.608
1624,2811880.117
1625,2646623.263
1626,2378339.958
1627,838308.202
1628,583084.242
1629,0.0
1630,0.0
1631,0.0
1632,0.0
1633,0.0
1634,0.0
1635,0.0
1636,0.0
1637,0.0
1638,0.0
1639,0.0
1640,0.0
1641,0.0
1642,0.0
1643,452189.425
1644,382513.774
1645,338442.417
1646,443828.145
1647,423170.588
1648,738852.781
1649,653785.287
1650,566145.39
1651,0.0
1652,0.0
1653,0.0
1654,0.0
1655,0.0
1656,0.0
1657,0.0
1658,0.0
1659,0.0
1660,0.0
1661,0.0
1662,0.0
1663,0.0
1664,0.0
1665,0.0
1666,0.0
1667,0.0
1668,0.0
1669,0.0
1670,476223.867
1671,1047653.236
1672,1295341.315
1673,1219859.701
1674,954899.496
1675,154002.108
1676,0.0
1677,0.0
1678,0.0
1679,0.0
1680,0.0
1681,0.0
1682,0.0
1683,0.0
1684,0.0
1685,0.0
1686,0.0
1687,0.0
1688,0.0
1689,898732.185
1690,1763072.31
1691,2235665.591
1692,2534348.645
1693,2618652.635
1694,2839223.08
1695,3007857.306
1696,3012251.53
1697,2974833.709
1698,2651642.322
1699,849257.135
1700,442241.001
1701,0.0
1702,0.0
1703,0.0
1704,0.0
1705,0.0
1706,0.0
1707,0.0
1708,0.0
1709,0.0
1710,0.0
1711,0.0
1712,68375.97
1713,1208817.144
1714,1833541.854
1715,2387123.69
1716,2752542.139
1717,2656393.34
1718,3127433.899
1719,3401021.481
1720,3342156.227
1721,3190932.385
1722,2733824.372
1723,953967.481
1724,576947.138
1725,0.0
1726,0.0
1727,0.0
1728,0.0
1729,0.0
1730,0.0
1731,0.0
1732,0.0
1733,0.0
1734,0.0
1735,206704.913
1736,420867.363
1737,1598007.799
1738,1734602.481
1739,1999255.006
1740,2118205.964
1741,2050200.022
1742,2297608.038
1743,2273975.809
1744,2025054.168
1745,1894695.777
1746,1836205.617
1747,731477.62
1748,603212.699
1749,0.0
1750,0.0
1751,0.0
1752,0.0
1753,0.0
1754,0.0
1755,0.0
1756,0.0
1757,0.0
1758,0.0
1759,0.0
1760,0.0
1761,508200.464
1762,842640.803
1763,949499.482
1764,1191466.646
1765,1431121.256
1766,1316745.158
1767,1401173.624
1768,1399714.096
1769,1344839.297
1770,1246566.284
1771,506026.885
1772,353152.991
1773,0.0
1774,0.0
1775,0.0
1776,0.0
1777,0.0
1778,0.0
1779,0.0
1780,0.0
1781,0.0
1782,0.0
1783,0.0
1784,58027.431
1785,1203278.941
1786,1684774.105
1787,1940789.878
1788,2067627.367
1789,2095458.015
1790,2404721.521
1791,2678151.498
1792,2734992.908
1793,2726415.825
1794,2394395.024
1795,823448.198
1796,512601.243
1797,0.0
1798,0.0
1799,0.0
1800,0.0
1801,0.0
1802,0.0
1803,0.0
1804,0.0
1805,0.0
1806,0.0
1807,0.0
1808,0.0
1809,457362.207
1810,1318111.077
1811,1834787.966
1812,1954079.45
1813,2001791.852
1814,2182572.093
1815,2311178.707
1816,2326570.163
1817,2288673.044
1818,1973936.659
1819,0.0
1820,0.0
1821,0.0
1822,0.0
1823,0.0
1824,0.0
1825,0.0
1826,0.0
1827,0.0
1828,0.0
1829,0.0
1830,0.0
1831,0.0
1832,0.0
1833,0.0
1834,278717.735
1835,815905.034
1836,958547.036
1837,1114373.223
1838,1356434.011
1839,1430193.405
1840,1488635.995
1841,1408948.357
1842,1129148.557
1843,228573.905
1844,0.0
1845,0.0
1846,0.0
1847,0.0
1848,0.0
1849,0.0
1850,0.0
1851,0.0
1852,0.0
1853,0.0
1854,0.0
1855,266477.835
1856,538241.168
1857,2245432.587
1858,2780400.749
1859,3111826.237
1860,3303357.824
1861,3276792.265
1862,3678177.129
1863,3953349.401
1864,4065811.527
1865,3942174.901
1866,3489024.726
1867,1300950.459
1868,915847.994
1869,0.0
1870,0.0
1871,0.0
1872,0.0
1873,0.0
1874,0.0
1875,0.0
1876,0.0
1877,0.0
1878,0.0
1879,899762.837
1880,838347.986
1881,2657764.307
1882,3121967.17
1883,3390706.311
1884,3533975.402
1885,3232683.818
1886,3814993.708
1887,3968596.351
1888,3885631.488
1889,3783798.411
1890,3606713.672
1891,1424841.512
1892,1067674.453
1893,0.0
1894,0.0
1895,0.0
1896,0.0
1897,0.0
1898,0.0
1899,0.0
1900,0.0
1901,0.0
1902,0.0
1903,1056848.885
1904,909271.787
1905,2837885.972
1906,3245646.336
1907,3537706.278
1908,3741618.569
1909,3488174.177
1910,4151625.98
1911,4317916.424
1912,4290437.06
1913,4138822.783
1914,3809576.786
1915,1516092.26
1916,1181001.729
1917,0.0
1918,0.0
1919,117833.481
1920,180610.57
1921,112401.84
1922,75582.054
1923,36352.023
1924,3395.652
1925,0.0
1926,0.0
1927,1627349.075
1928,980804.481
1929,2919407.696
1930,3276441.221
1931,3633522.115
1932,3763269.259
1933,3475000.532
1934,4033090.751
1935,4166123.817
1936,4058263.727
1937,4010527.8
1938,3848684.311
1939,1607663.515
1940,1156413.441
1941,0.0
1942,0.0
1943,29171.984
1944,90702.169
1945,0.0
1946,0.0
1947,0.0
1948,0.0
1949,0.0
1950,0.0
1951,531200.181
1952,427035.461
1953,1436498.541
1954,1743058.587
1955,1956891.419
1956,1830420.985
1957,1817076.76
1958,2003371.52
1959,1995742.66
1960,1887903.429
1961,1781292.539
1962,1443018.584
1963,625459.3
1964,450087.01
1965,0.0
1966,0.0
1967,0.0
1968,0.0
1969,0.0
1970,0.0
1971,0.0
1972,0.0
1973,0.0
1974,0.0
1975,0.0
1976,0.0
1977,0.0
1978,68415.55
1979,599302.239
1980,885314.839
1981,1132234.78
1982,1264672.898
1983,1238923.137
1984,1066821.791
1985,902065.114
1986,691226.252
1987,0.0
1988,0.0
1989,0.0
1990,0.0
1991,0.0
1992,0.0
1993,0.0
1994,0.0
1995,0.0
1996,0.0
1997,0.0
1998,0.0
1999,0.0
2000,0.0
2001,0.0
2002,0.0
2003,0.0
2004,265848.655
2005,461909.495
2006,501481.425
2007,821671.444
2008,873956.083
2009,802945.356
2010,686649.694
2011,201780.464
2012,0.0
2013,0.0
2014,0.0
2015,0.0
2016,0.0
2017,0.0
2018,0.0
2019,0.0
2020,0.0
2021,0.0
2022,0.0
2023,518480.077
2024,623259.909
2025,2183998.893
2026,2591504.093
2027,2827576.098
2028,2911699.306
2029,2846491.813
2030,3120645.595
2031,3276291.687
2032,3260633.245
2033,3187078.747
2034,2891278.427
2035,1247281.875
2036,707576.542
2037,0.0
2038,0.0
2039,0.0
2040,0.0
2041,0.0
2042,0.0
2043,0.0
2044,0.0
2045,0.0
2046,0.0
2047,547066.288
2048,581446.238
2049,1981208.679
2050,2450268.52
2051,2806854.933
2052,2972190.161
2053,2796837.07
2054,3171176.862
2055,3428331.472
2056,3479274.906
2057,3396786.175
2058,3197399.858
2059,1324861.44
2060,830877.881
2061,0.0
2062,0.0
2063,0.0
2064,0.0
2065,0.0
2066,0.0
2067,0.0
2068,0.0
2069,0.0
2070,0.0
2071,795991.25
2072,777723.686
2073,2538457.031
2074,2981694.306
2075,3284708.048
2076,3482074.331
2077,3292282.449
2078,3845345.31
2079,3982786.896
2080,3900610.999
2081,3756343.175
2082,3501746.675
2083,1529861.32
2084,1071938.73
2085,0.0
2086,0.0
2087,0.0
2088,0.0
2089,0.0
2090,0.0
2091,0.0
2092,0.0
2093,0.0
2094,0.0
2095,1018433.027
2096,972016.05
2097,2870603.814
2098,3179976.423
2099,3424626.886
2100,3536307.972
2101,3198829.384
2102,3664416.629
2103,3818783.957
2104,3758734.784
2105,3743305.516
2106,3280787.491
2107,1307942.199
2108,1055085.037
2109,0.0
2110,0.0
2111,0.0
2112,0.0
2113,0.0
2114,0.0
2115,0.0
2116,0.0
2117,0.0
2118,0.0
2119,713420.609
2120,773378.56
2121,2578418.558
2122,2986158.362
2123,3021896.323
2124,3161208.591
2125,2890181.782
2126,3245773.539
2127,3192327.972
2128,3222805.105
2129,3113088.91
2130,3006737.161
2131,1336414.805
2132,923152.36
2133,0.0
2134,0.0
2135,0.0
2136,0.0
2137,0.0
2138,0.0
2139,0.0
2140,0.0
2141,0.0
2142,0.0
2143,0.0
2144,0.0
2145,1243031.359
2146,1413669.472
2147,1580168.377
2148,1704368.334
2149,1854654.377
2150,1894687.993
2151,2043762.391
2152,2067944.218
2153,1688931.552
2154,1419141.554
2155,0.0
2156,0.0
2157,0.0
2158,0.0
2159,0.0
2160,0.0
2161,0.0
2162,0.0
2163,0.0
2164,0.0
2165,0.0
2166,0.0
2167,0.0
2168,0.0
2169,0.0
2170,0.0
2171,29099.161
2172,530293.647
2173,746769.36
2174,876360.636
2175,843893.941
2176,694669.646
2177,597660.282
2178,437874.928
2179,89644.511
2180,0.0
2181,0.0
2182,0.0
2183,0.0
2184,0.0
2185,0.0
2186,0.0
2187,0.0
2188,0.0
2189,0.0
2190,0.0
2191,0.0
2192,326019.964
2193,1563876.072
2194,2014081.694
2195,2353877.301
2196,2558605.182
2197,2540489.299
2198,2840226.177
2199,2971064.882
2200,2992615.525
2201,2884313.55
2202,2787424.296
2203,1191419.129
2204,668624.396
2205,0.0
2206,0.0
2207,0.0
2208,0.0
2209,0.0
2210,0.0
2211,0.0
2212,0.0
2213,0.0
2214,0.0
2215,539400.055
2216,585547.571
2217,1977209.772
2218,2535517.987
2219,2838257.725
2220,2945058.902
2221,2899707.044
2222,3200976.617
2223,3389374.161
2224,3429477.475
2225,3330719.347
2226,3032182.168
2227,1315465.611
2228,832842.874
2229,0.0
2230,0.0
2231,0.0
2232,0.0
2233,0.0
2234,0.0
2235,0.0
2236,0.0
2237,0.0
2238,0.0
2239,448362.425
2240,558953.649
2241,1925452.23
2242,2232563.038
2243,2495259.713
2244,2690957.026
2245,2757119.0
2246,2980916.156
2247,3133215.335
2248,2989986.846
2249,2803239.055
2250,2706703.968
2251,1193756.796
2252,700760.635
2253,0.0
2254,0.0
2255,0.0
2256,0.0
2257,0.0
2258,0.0
2259,0.0
2260,0.0
2261,0.0
2262,0.0
2263,440280.145
2264,622084.614
2265,2160662.881
2266,2597270.585
2267,2915160.109
2268,3034633.505
2269,2946785.302
2270,3354810.005
2271,3587743.045
2272,3652492.854
2273,3706404.849
2274,3416427.609
2275,1542392.762
2276,999421.282
2277,0.0
2278,0.0
2279,0.0
2280,0.0
2281,0.0
2282,0.0
2283,0.0
2284,0.0
2285,0.0
2286,0.0
2287,693213.853
2288,818311.268
2289,2712269.78
2290,3106453.618
2291,3393898.93
2292,3499568.048
2293,3209366.94
2294,3792954.576
2295,3951285.037
2296,3958904.284
2297,3923563.829
2298,3719021.539
2299,1606821.837
2300,1058625.439
2301,0.0
2302,0.0
2303,0.0
2304,262.093
2305,0.0
2306,0.0
2307,0.0
2308,0.0
2309,0.0
2310,0.0
2311,0.0
2312,0.0
2313,2343017.07
2314,2337965.07
2315,2420478.847
2316,2421204.035
2317,2452043.213
2318,2710810.87
2319,2945018.604
2320,2987912.564
2321,2935686.144
2322,2662829.433
2323,362652.518
2324,224588.615
2325,219202.56
2326,212966.801
2327,191150.853
2328,173758.478
2329,73346.873
2330,20167.384
2331,224.852
2332,0.0
2333,0.0
2334,0.0
2335,8656.761
2336,232668.254
2337,822461.457
2338,1311873.656
2339,1409303.185
2340,1402376.307
2341,1450160.02
2342,1721157.741
2343,1803887.037
2344,1787629.647
2345,1701200.866
2346,1536908.004
2347,696421.584
2348,220845.391
2349,192720.206
2350,188411.896
2351,185998.373
2352,177713.164
2353,166149.533
2354,149038.575
2355,131741.413
2356,123476.429
2357,110918.259
2358,91118.454
2359,1848885.496
2360,1227653.435
2361,3478492.928
2362,3733109.157
2363,3846471.506
2364,3881278.807
2365,3494535.258
2366,4088810.924
2367,4270350.119
2368,4345425.41
2369,4294235.438
2370,4080547.304
2371,1759050.645
2372,1268351.634
2373,0.0
2374,51573.634
2375,204415.516
2376,229166.688
2377,161041.48
2378,128640.342
2379,106543.848
2380,116446.42
2381,117872.714
2382,94331.672
2383,1843769.068
2384,1238496.313
2385,3549647.122
2386,3833828.522
2387,4025149.018
2388,4081651.393
2389,3715533.973
2390,4429610.343
2391,4584874.412
2392,4643209.627
2393,4522794.21
2394,4344966.935
2395,1900146.957
2396,1444291.0
2397,0.0
2398,157091.246
2399,320268.804
2400,341808.497
2401,266118.161
2402,233772.178
2403,221173.097
2404,226326.548
2405,232261.3
2406,228323.288
2407,1567670.293
2408,1295846.974
2409,3604398.549
2410,3905824.551
2411,4069069.133
2412,4054055.839
2413,3586193.982
2414,4148684.018
2415,4247968.902
2416,4280051.562
2417,4223918.661
2418,4274991.579
2419,1966081.667
2420,1342438.677
2421,0.0
2422,108822.325
2423,191085.483
2424,104899.281
2425,0.0
2426,0.0
2427,0.0
2428,0.0
2429,0.0
2430,0.0
2431,949495.386
2432,868660.749
2433,2504416.739
2434,2742544.308
2435,2944698.971
2436,2940679.638
2437,2576712.011
2438,2748520.241
2439,2736286.325
2440,2626082.095
2441,2736263.245
2442,2766900.182
2443,1280679.287
2444,845076.7
2445,0.0
2446,0.0
2447,0.0
2448,0.0
2449,0.0
2450,0.0
2451,0.0
2452,0.0
2453,0.0
2454,0.0
2455,1363013.13
2456,787627.53
2457,2241697.983
2458,2459792.709
2459,2644301.774
2460,2832399.454
2461,2727313.519
2462,3209550.244
2463,3376194.2
2464,3292308.087
2465,3144635.071
2466,3067918.302
2467,1386380.468
2468,1000576.398
2469,0.0
2470,0.0
2471,0.0
2472,0.0
2473,0.0
2474,0.0
2475,0.0
2476,0.0
2477,0.0
2478,0.0
2479,0.0
2480,3046.887
2481,1814422.8
2482,1851885.734
2483,2067438.189
2484,2044911.874
2485,2181977.365
2486,2086399.398
2487,1862696.639
2488,1935355.302
2489,1933951.247
2490,1765365.07
2491,101896.513
2492,83759.202
2493,83250.59
2494,73573.768
2495,55599.58
2496,52249.847
2497,0.0
2498,0.0
2499,0.0
2500,0.0
2501,0.0
2502,0.0
2503,0.0
2504,0.0
2505,217852.656
2506,662311.145
2507,990668.248
2508,1003934.17
2509,977100.03
2510,1167737.452
2511,1190391.593
2512,1248555.102
2513,1225885.02
2514,939471.126
2515,373661.214
2516,12872.102
2517,0.0
2518,0.0
2519,0.0
2520,0.0
2521,0.0
2522,0.0
2523,0.0
2524,0.0
2525,0.0
2526,0.0
2527,700988.965
2528,723743.427
2529,2303825.654
2530,2689220.819
2531,2908925.818
2532,2798514.579
2533,2450742.334
2534,2654226.592
2535,2485435.821
2536,2760594.419
2537,2876935.967
2538,2873234.63
2539,1226733.933
2540,859061.373
2541,0.0
2542,0.0
2543,0.0
2544,0.0
2545,0.0
2546,0.0
2547,0.0
2548,0.0
2549,0.0
2550,0.0
2551,635245.032
2552,752702.126
2553,2433758.869
2554,2770818.267
2555,3061658.432
2556,3129383.85
2557,2858568.469
2558,3306836.806
2559,3423374.583
2560,3429256.552
2561,3312539.503
2562,3173413.448
2563,1513058.486
2564,970674.863
2565,0.0
2566,0.0
2567,0.0
2568,586.251
2569,0.0
2570,0.0
2571,0.0
2572,0.0
2573,0.0
2574,0.0
2575,1383724.884
2576,1044696.129
2577,2963159.617
2578,3200918.115
2579,3357845.002
2580,3411095.624
2581,3017757.949
2582,3538421.223
2583,3613614.905
2584,3341533.281
2585,3236302.05
2586,3005546.686
2587,1319961.086
2588,1152622.093
2589,0.0
2590,0.0
2591,30609.824
2592,68298.793
2593,0.0
2594,0.0
2595,0.0
2596,0.0
2597,0.0
2598,0.0
2599,1626391.692
2600,1057224.023
2601,3020807.345
2602,3357435.487
2603,3581684.533
2604,3690196.537
2605,3279983.103
2606,3734710.98
2607,3849860.667
2608,3584788.783
2609,3550873.671
2610,3488101.658
2611,1395311.08
2612,1023372.752
2613,0.0
2614,0.0
2615,0.0
2616,0.0
2617,0.0
2618,0.0
2619,0.0
2620,0.0
2621,0.0
2622,313.342
2623,1786422.774
2624,1159038.668
2625,3263671.933
2626,3262024.56
2627,3334990.087
2628,3502987.333
2629,3284220.533
2630,3888902.315
2631,3931326.465
2632,3906197.038
2633,3904879.707
2634,3863127.682
2635,1647733.121
2636,1201902.513
2637,0.0
2638,0.0
2639,64556.07
2640,82749.322
2641,0.0
2642,0.0
2643,0.0
2644,22339.125
2645,55116.065
2646,86159.549
2647,122600.413
2648,344928.212
2649,2701070.387
2650,2576511.793
2651,2645194.967
2652,2666541.483
2653,2666070.474
2654,2619162.039
2655,2727190.153
2656,2787079.968
2657,2753195.147
2658,2721814.289
2659,478388.926
2660,324693.933
2661,311101.237
2662,307001.442
2663,309695.778
2664,310091.523
2665,222748.273
2666,200660.131
2667,191558.732
2668,176397.45
2669,154979.311
2670,134592.298
2671,160350.977
2672,469947.357
2673,1024836.379
2674,1312525.389
2675,1344064.374
2676,1256752.705
2677,1332306.188
2678,1504394.675
2679,1688805.897
2680,1775799.523
2681,1686603.963
2682,1529058.763
2683,834966.324
2684,298057.948
2685,274845.651
2686,259775.438
2687,239635.889
2688,219612.731
2689,204890.802
2690,187701.785
2691,173613.274
2692,161108.58
2693,150752.646
2694,149593.66
2695,2030807.288
2696,1327751.175
2697,3710865.097
2698,4068037.109
2699,4320022.346
2700,4440823.73
2701,3925356.182
2702,4696791.182
2703,4772773.671
2704,4777610.092
2705,4644041.746
2706,4480978.852
2707,2050961.345
2708,1529509.493
2709,0.0
2710,247973.184
2711,387666.348
2712,405114.885
2713,331796.465
2714,302073.53
2715,267834.962
2716,240803.818
2717,221309.128
2718,196262.461
2719,1541418.075
2720,1402420.471
2721,3764789.979
2722,4001639.989
2723,4142075.996
2724,4150266.772
2725,3649962.982
2726,4373745.072
2727,4550032.576
2728,4594999.921
2729,4585054.653
2730,4520065.865
2731,2155329.062
2732,1487360.489
2733,0.0
2734,212440.335
2735,348158.996
2736,367473.701
2737,296311.17
2738,275889.386
2739,278442.28
2740,295123.258
2741,297732.296
2742,278816.345
2743,1634156.622
2744,1460246.602
2745,3936989.952
2746,4176174.848
2747,4235916.542
2748,4249690.139
2749,3772313.511
2750,4512096.55
2751,4736246.1
2752,4888260.595
2753,4985460.86
2754,4881056.766
2755,2310910.025
2756,1698095.018
2757,33157.994
2758,417950.675
2759,451753.653
2760,441861.886
2761,342018.125
2762,294668.021
2763,263406.878
2764,265782.658
2765,271262.438
2766,276583.986
2767,1723351.057
2768,1528919.499
2769,4118375.28
2770,4377184.319
2771,4415191.333
2772,4257256.404
2773,3643981.001
2774,4019674.874
2775,3958692.24
2776,4372878.539
2777,4355660.237
2778,4411178.965
2779,2137627.149
2780,1593266.947
2781,0.0
2782,245138.389
2783,362621.044
2784,350917.536
2785,259036.556
2786,226026.571
2787,193707.961
2788,174278.043
2789,160443.598
2790,139041.603
2791,1881739.583
2792,1226575.4
2793,3262599.901
2794,3541382.803
2795,3576494.731
2796,3614322.685
2797,3163135.554
2798,3710908.624
2799,3896861.136
2800,3473588.662
2801,3161178.243
2802,3036233.325
2803,1315511.644
2804,1133850.866
2805,0.0
2806,0.0
2807,24221.316
2808,136516.416
2809,80385.775
2810,91558.434
2811,102728.527
2812,97394.995
2813,90819.341
2814,70921.771
2815,64533.703
2816,180799.55
2817,2147278.424
2818,2089822.261
2819,2239102.783
2820,2295708.907
2821,2311665.898
2822,2504952.773
2823,2672150.187
2824,2735541.439
2825,2660597.519
2826,2524456.611
2827,434689.845
2828,306828.77
2829,300713.884
2830,304109.483
2831,294459.095
2832,290460.233
2833,212824.922
2834,182746.004
2835,166826.03
2836,159011.81
2837,149743.295
2838,137702.911
2839,182133.516
2840,495678.603
2841,948591.587
2842,1225022.791
2843,1259823.573
2844,1235420.04
2845,1259318.133
2846,1454644.07
2847,1690852.698
2848,1743145.034
2849,1716457.022
2850,1633423.425
2851,922467.4
2852,312609.447
2853,295113.308
2854,299738.11
2855,290492.048
2856,278353.559
2857,272626.917
2858,265601.195
2859,262105.517
2860,267302.604
2861,274460.674
2862,275008.578
2863,1641849.552
2864,1221509.522
2865,3187919.039
2866,3267436.295
2867,3267811.797
2868,3377321.06
2869,3195072.755
2870,4010578.129
2871,4275390.285
2872,4447071.543
2873,4337401.163
2874,4204339.865
2875,1912338.403
2876,1414392.737
2877,0.0
2878,140599.712
2879,271492.933
2880,268909.83
2881,186377.971
2882,149456.102
2883,114671.902
2884,92269.479
2885,48172.743
2886,2369.053
2887,1691574.626
2888,1142941.856
2889,2789070.567
2890,2783897.476
2891,2852854.561
2892,2889135.104
2893,2692400.014
2894,3108407.861
2895,3312889.609
2896,3422137.577
2897,3194453.451
2898,2900562.862
2899,1380712.117
2900,1129341.333
2901,0.0
2902,51578.852
2903,161863.733
2904,175064.772
2905,93707.88
2906,40157.411
2907,11557.632
2908,1746.456
2909,0.0
2910,0.0
2911,991800.447
2912,862001.448
2913,2393611.97
2914,2555018.719
2915,2750405.535
2916,2797935.837
2917,2521379.02
2918,2892276.834
2919,2922033.547
2920,2893611.007
2921,2592467.754
2922,2395043.673
2923,1073428.071
2924,893325.926
2925,0.0
2926,0.0
2927,0.0
2928,0.0
2929,0.0
2930,0.0
2931,0.0
2932,0.0
2933,0.0
2934,0.0
2935,569421.81
2936,535029.363
2937,1665127.196
2938,2008114.797
2939,2279303.767
2940,2530242.883
2941,2543988.427
2942,2932820.284
2943,3079902.102
2944,2821811.13
2945,2676819.263
2946,2683019.031
2947,1410608.537
2948,786814.182
2949,0.0
2950,0.0
2951,0.0
2952,314.817
2953,2544.836
2954,0.0
2955,0.0
2956,0.0
2957,0.0
2958,0.0
2959,1093255.999
2960,859593.065
2961,2277274.996
2962,2544526.385
2963,2731449.331
2964,2867923.732
2965,2759120.094
2966,2974971.511
2967,2948953.091
2968,2811110.704
2969,2810348.308
2970,2266386.951
2971,971525.566
2972,805718.718
2973,0.0
2974,0.0
2975,0.0
2976,0.0
2977,0.0
2978,0.0
2979,0.0
2980,0.0
2981,0.0
2982,0.0
2983,0.0
2984,0.0
2985,1566711.446
2986,1841403.128
2987,1821742.153
2988,1764983.321
2989,1780801.675
2990,1988202.468
2991,2000772.997
2992,1972375.173
2993,1747048.941
2994,1797068.013
2995,127938.035
2996,123208.501
2997,126006.366
2998,19717.992
2999,73615.696
3000,160545.037
3001,77808.07
3002,43944.382
3003,20779.126
3004,9371.573
3005,2898.526
3006,0.0
3007,0.0
3008,140918.052
3009,488324.171
3010,858633.308
3011,957396.62
3012,914928.285
3013,950094.221
3014,1030405.927
3015,970396.563
3016,828698.311
3017,659772.28
3018,395557.572
3019,259743.919
3020,11915.127
3021,0.0
3022,0.0
3023,0.0
3024,0.0
3025,0.0
3026,0.0
3027,0.0
3028,0.0
3029,0.0
3030,0.0
3031,422162.409
3032,563750.578
3033,1811052.576
3034,2009682.099
3035,2052090.668
3036,2252091.249
3037,2290161.688
3038,2585345.091
3039,2619153.7
3040,2462799.807
3041,2345755.786
3042,2257460.84
3043,925272.198
3044,693466.007
3045,0.0
3046,0.0
3047,0.0
3048,0.0
3049,0.0
3050,0.0
3051,0.0
3052,0.0
3053,0.0
3054,0.0
3055,550775.443
3056,607050.729
3057,1965725.266
3058,2179097.646
3059,2253534.876
3060,2258987.078
3061,2221628.309
3062,2495152.744
3063,2588018.604
3064,2089776.479
3065,1971422.881
3066,1907474.154
3067,819638.591
3068,710120.095
3069,0.0
3070,0.0
3071,0.0
3072,0.0
3073,0.0
3074,0.0
3075,0.0
3076,0.0
3077,0.0
3078,0.0
3079,246971.123
3080,506644.465
3081,1903918.327
3082,2381351.361
3083,2384311.301
3084,2477838.737
3085,2366470.921
3086,2728933.08
3087,2868338.898
3088,3163650.843
3089,3311241.768
3090,3368232.929
3091,1623125.203
3092,1073608.542
3093,0.0
3094,0.0
3095,122442.909
3096,168719.911
3097,104416.774
3098,84558.273
3099,77498.882
3100,77083.934
3101,70461.638
3102,59459.112
3103,1678583.217
3104,1125411.86
3105,3041048.724
3106,3266876.192
3107,3429970.901
3108,3419316.576
3109,3061243.166
3110,3584877.539
3111,3719242.903
3112,3911192.483
3113,3991567.904
3114,4115859.59
3115,2099955.495
3116,1090554.969
3117,0.0
3118,0.0
3119,101081.171
3120,141114.852
3121,39397.793
3122,7829.743
3123,179.664
3124,0.0
3125,0.0
3126,0.0
3127,1612601.15
3128,1178360.338
3129,3087673.647
3130,3300452.708
3131,3394150.047
3132,3415339.044
3133,3058582.154
3134,3552701.336
3135,3745985.068
3136,3877132.337
3137,4004413.004
3138,4141331.765
3139,2164101.248
3140,1094605.503
3141,0.0
3142,0.0
3143,137683.52
3144,148651.638
3145,69646.105
3146,17279.57
3147,0.0
3148,0.0
3149,0.0
3150,0.0
3151,0.0
3152,429113.15
3153,2481992.111
3154,2154862.72
3155,2153857.457
3156,2119431.236
3157,2132226.11
3158,2351028.506
3159,2583415.666
3160,2816209.279
3161,3003744.493
3162,3163146.217
3163,780671.992
3164,262488.719
3165,237861.954
3166,244796.152
3167,251947.471
3168,259362.606
3169,196777.686
3170,179158.04
3171,167915.858
3172,156963.436
3173,149921.984
3174,154463.792
3175,191692.353
3176,353771.531
3177,673260.301
3178,838288.117
3179,1010567.721
3180,1154275.238
3181,1183580.84
3182,1407972.294
3183,1581013.902
3184,1702681.337
3185,1762330.283
3186,1920671.321
3187,1144170.364
3188,257477.075
3189,224884.685
3190,223858.058
3191,217227.502
3192,205131.304
3193,210810.714
3194,209042.333
3195,216222.058
3196,212937.225
3197,183448.349
3198,174487.921
3199,1576248.048
3200,1474926.658
3201,3815119.221
3202,4059508.882
3203,4103843.026
3204,4121205.793
3205,3632100.277
3206,4454038.988
3207,4783927.636
3208,5019386.924
3209,5216081.759
3210,5349096.919
3211,2487754.484
3212,1544129.498
3213,0.0
3214,246257.427
3215,372097.348
3216,384897.993
3217,306705.873
3218,286677.272
3219,280190.367
3220,275092.58
3221,256345.501
3222,245049.185
3223,1690739.846
3224,1621093.189
3225,4177648.004
3226,4379936.962
3227,4533165.279
3228,4543205.604
3229,3968025.656
3230,4754042.793
3231,4938452.6
3232,4955944.409
3233,4900863.234
3234,4835555.122
3235,2210806.876
3236,1662266.529
3237,0.0
3238,401619.966
3239,486316.331
3240,533987.335
3241,455324.712
3242,428888.409
3243,418728.726
3244,412207.147
3245,412455.605
3246,404985.082
3247,1875312.2
3248,1801380.169
3249,4565363.135
3250,4661743.113
3251,4809371.848
3252,4839685.74
3253,4226922.353
3254,5166861.071
3255,5372913.131
3256,5482795.434
3257,5457640.357
3258,5324866.342
3259,2462795.124
3260,1828241.222
3261,111236.852
3262,534758.561
3263,589242.038
3264,597222.334
3265,516952.839
3266,497018.911
3267,484969.069
3268,475939.287
3269,468031.756
3270,458669.183
3271,1979940.429
3272,1829906.5
3273,4589218.531
3274,4752865.216
3275,4832409.554
3276,4772051.733
3277,4106758.241
3278,5020135.558
3279,5294352.592
3280,5432271.913
3281,5442594.025
3282,5459908.491
3283,2625691.041
3284,1785368.273
3285,98199.009
3286,533448.16
3287,607592.688
3288,633225.296
3289,562783.78
3290,556004.327
3291,548039.644
3292,546534.983
3293,548432.849
3294,548041.961
3295,2092717.43
3296,1879380.328
3297,4860735.403
3298,5050569.807
3299,5129234.185
3300,5059645.283
3301,4317271.459
3302,5169295.221
3303,5363793.824
3304,5551599.644
3305,5637962.225
3306,5640538.538
3307,2627060.078
3308,1872344.004
3309,156892.9
3310,575440.72
3311,642580.884
3312,653235.409
3313,579167.011
3314,564633.614
3315,562884.236
3316,560014.344
3317,549443.956
3318,538334.91
3319,620270.191
3320,1003001.589
3321,3550117.258
3322,3168039.127
3323,3102616.657
3324,3052872.464
3325,3064150.546
3326,3278888.813
3327,3481543.157
3328,3583704.829
3329,3718707.476
3330,3798604.242
3331,977668.301
3332,605426.59
3333,617068.607
3334,637222.891
3335,637059.789
3336,638534.302
3337,557224.715
3338,539593.827
3339,537404.916
3340,539118.34
3341,525677.954
3342,501595.751
3343,487346.901
3344,638749.255
3345,898072.459
3346,1274368.119
3347,1455528.239
3348,1394869.818
3349,1345676.384
3350,1554950.548
3351,1613616.227
3352,1781418.157
3353,1831876.036
3354,1665546.121
3355,988255.048
3356,424689.681
3357,403094.685
3358,401419.56
3359,377464.576
3360,343880.498
3361,333725.994
3362,332491.698
3363,317511.366
3364,283450.303
3365,161807.494
3366,161649.069
3367,1494278.139
3368,1206769.87
3369,3219392.775
3370,3404838.81
3371,3654230.148
3372,3657456.739
3373,3260452.782
3374,3713346.378
3375,3770986.861
3376,3752309.414
3377,3733392.395
3378,3751873.309
3379,1889669.067
3380,1183656.017
3381,0.0
3382,107373.747
3383,221262.929
3384,226315.068
3385,155146.072
3386,132958.561
3387,117345.75
3388,105994.105
3389,99255.513
3390,89977.396
3391,1691967.455
3392,1133010.008
3393,3099170.963
3394,3361836.059
3395,3616896.26
3396,3680116.732
3397,3232894.574
3398,3838715.009
3399,4129594.091
3400,4373254.223
3401,4475594.624
3402,4474366.359
3403,2136291.666
3404,1310113.486
3405,0.0
3406,134529.711
3407,292193.058
3408,318856.569
3409,252318.462
3410,241058.357
3411,242611.587
3412,245063.066
3413,243056.292
3414,235062.935
3415,1530606.281
3416,1403637.764
3417,3620304.234
3418,3819307.038
3419,3866051.19
3420,3773177.521
3421,3283447.975
3422,3775816.201
3423,3903697.376
3424,3739574.916
3425,3688515.227
3426,3769262.71
3427,1674980.078
3428,1368229.4
3429,0.0
3430,165161.754
3431,299322.385
3432,320640.83
3433,249018.079
3434,226673.465
3435,185407.064
3436,177828.315
3437,195589.589
3438,177362.36
3439,1487787.145
3440,1305733.055
3441,3416821.535
3442,3693276.68
3443,3826029.141
3444,3849441.0
3445,3396668.445
3446,3938403.502
3447,3886231.755
3448,4229576.982
3449,4196942.981
3450,4058743.454
3451,2123919.35
3452,1385879.867
3453,0.0
3454,168998.066
3455,317943.25
3456,348468.984
3457,278775.369
3458,266759.961
3459,266803.173
3460,231025.798
3461,195247.901
3462,176080.748
3463,1504413.277
3464,1252052.408
3465,3616905.353
3466,3926300.968
3467,4039356.3
3468,4128146.318
3469,3654302.023
3470,4403647.88
3471,4644950.119
3472,4531347.911
3473,4424892.987
3474,4285416.547
3475,2008128.253
3476,1539956.666
3477,0.0
3478,254622.197
3479,378651.2
3480,392546.909
3481,323136.437
3482,303196.252
3483,278352.229
3484,238304.977
3485,223358.497
3486,202193.805
3487,258394.342
3488,433628.013
3489,2608248.804
3490,2473474.881
3491,2410246.594
3492,2388569.133
3493,2224513.775
3494,2503615.017
3495,2706512.712
3496,2559219.451
3497,2519859.831
3498,2521989.777
3499,461018.522
3500,401101.441
3501,413540.343
3502,431460.442
3503,435934.654
3504,447974.606
3505,376867.381
3506,350594.538
3507,301143.169
3508,286973.446
3509,286520.101
3510,292056.189
3511,333935.052
3512,478474.754
3513,651015.468
3514,707068.425
3515,727450.748
3516,771125.227
3517,718333.399
3518,741567.155
3519,918798.884
3520,768552.894
3521,727898.55
3522,759200.647
3523,606589.767
3524,346301.201
3525,328740.605
3526,323154.97
3527,316625.805
3528,313699.229
3529,315785.266
3530,308301.804
3531,273501.009
3532,272295.187
3533,274352.302
3534,259573.176
3535,1627197.374
3536,1376935.191
3537,3638399.272
3538,3740983.444
3539,3768168.535
3540,3751059.747
3541,3407158.318
3542,4261949.784
3543,4442041.861
3544,4306551.91
3545,4251931.419
3546,4192871.079
3547,2089553.468
3548,1525776.28
3549,0.0
3550,226616.216
3551,368889.274
3552,395124.813
3553,315051.555
3554,295232.731
3555,285366.745
3556,225622.513
3557,198285.592
3558,178723.453
3559,1941717.935
3560,1235422.457
3561,3385285.835
3562,3621864.463
3563,3872479.199
3564,3863207.945
3565,3314271.456
3566,3744039.276
3567,3712634.739
3568,3660514.26
3569,3620054.511
3570,3455805.488
3571,1535375.414
3572,1279085.861
3573,0.0
3574,96050.71
3575,230312.807
3576,252581.462
3577,181825.897
3578,169717.162
3579,170042.782
3580,132277.279
3581,132985.288
3582,157995.733
3583,1820894.248
3584,1126333.841
3585,3194389.447
3586,3436878.484
3587,3509045.405
3588,3489746.758
3589,2953384.117
3590,3341857.803
3591,3536125.415
3592,3825614.42
3593,3703904.376
3594,3660057.331
3595,1783106.042
3596,1397836.579
3597,0.0
3598,175709.051
3599,315434.714
3600,338207.461
3601,281908.27
3602,277023.752
3603,269394.437
3604,255243.676
3605,240218.225
3606,233367.637
3607,1580695.374
3608,1360360.669
3609,3517852.018
3610,3564939.087
3611,3643538.257
3612,3620325.775
3613,3224508.687
3614,3717881.5
3615,3691477.647
3616,3679704.905
3617,3610062.664
3618,3519980.057
3619,1721615.508
3620,1468388.955
3621,0.0
3622,178561.098
3623,299294.575
3624,308419.263
3625,217283.974
3626,201626.815
3627,204278.211
3628,203559.258
3629,199060.777
3630,207627.402
3631,1704368.575
3632,1493023.171
3633,3991510.188
3634,4165652.885
3635,4353847.755
3636,4421699.74
3637,3801225.436
3638,4560056.04
3639,4784696.174
3640,4857375.713
3641,4728687.74
3642,4488291.755
3643,2078043.941
3644,1637055.543
3645,0.0
3646,390592.118
3647,455636.246
3648,458442.033
3649,384622.997
3650,373685.624
3651,370913.465
3652,367370.75
3653,356818.513
3654,315205.988
3655,404181.167
3656,761148.877
3657,3197848.399
3658,2873876.419
3659,2902518.088
3660,2897758.981
3661,2694754.803
3662,2832612.494
3663,3084504.732
3664,3190001.239
3665,2861414.323
3666,2701603.237
3667,448646.7
3668,412178.22
3669,398586.185
3670,435692.187
3671,461145.326
3672,476263.501
3673,394563.7
3674,349920.056
3675,280044.621
3676,266526.739
3677,263317.823
3678,249803.13
3679,253346.154
3680,305281.145
3681,364175.909
3682,560220.207
3683,708683.696
3684,884524.671
3685,899909.195
3686,922939.105
3687,1082357.22
3688,1663230.794
3689,1788345.703
3690,2057867.04
3691,1298499.973
3692,387381.186
3693,362402.279
3694,365312.436
3695,369613.121
3696,376144.993
3697,384712.755
3698,378098.347
3699,357692.64
3700,335315.88
3701,316295.298
3702,303507.922
3703,1718750.059
3704,1587394.161
3705,4041584.613
3706,3950910.597
3707,4115363.878
3708,4392302.627
3709,3863084.846
3710,4511291.974
3711,4699158.07
3712,4585994.842
3713,4276972.744
3714,4163344.618
3715,2003847.091
3716,1584753.476
3717,0.0
3718,283693.799
3719,437601.793
3720,481044.337
3721,418974.735
3722,402814.273
3723,379186.191
3724,356490.91
3725,323158.785
3726,298458.099
3727,1750250.732
3728,1548913.888
3729,4361034.929
3730,4650658.189
3731,4754578.155
3732,4808716.668
3733,4160857.419
3734,4939525.837
3735,5018690.368
3736,4854267.649
3737,4774452.513
3738,4789580.855
3739,2360172.792
3740,1772093.955
3741,59597.293
3742,483284.927
3743,547790.662
3744,573856.633
3745,494801.647
3746,488803.741
3747,487354.617
3748,484445.058
3749,482455.45
3750,476530.9
3751,2009085.701
3752,1778646.0
3753,4629211.409
3754,4852202.612
3755,4918146.54
3756,4919549.74
3757,4265090.482
3758,5092009.391
3759,5276561.533
3760,5460365.884
3761,5489242.106
3762,5637481.762
3763,2667015.505
3764,1840017.019
3765,118800.48
3766,534931.251
3767,602507.24
3768,620285.372
3769,540343.033
3770,524486.783
3771,520785.793
3772,515960.906
3773,505304.167
3774,499796.986
3775,2004460.358
3776,1871980.058
3777,4716619.355
3778,4784311.784
3779,4771839.392
3780,4690859.92
3781,4027017.866
3782,4884713.47
3783,5164672.774
3784,5401534.685
3785,5571349.42
3786,5861255.474
3787,2984779.009
3788,1861156.813
3789,168159.518
3790,558824.186
3791,621261.546
3792,640192.509
3793,563261.578
3794,543750.205
3795,541522.7
3796,541739.195
3797,528421.341
3798,519237.976
3799,2052228.433
3800,1907840.361
3801,4756130.426
3802,4895428.888
3803,4916383.674
3804,4769874.552
3805,4101799.936
3806,4975404.316
3807,5244096.367
3808,5394732.397
3809,5536402.059
3810,5650663.259
3811,2838384.02
3812,1864681.141
3813,51110.261
3814,579377.07
3815,634538.259
3816,655333.496
3817,592656.261
3818,583244.025
3819,572605.808
3820,564631.131
3821,556679.738
3822,554976.995
3823,616436.853
3824,967108.862
3825,3422815.705
3826,3110533.831
3827,3079120.6
3828,3091264.534
3829,3061068.176
3830,3254454.277
3831,3545008.698
3832,3740475.487
3833,3693141.101
3834,3777566.053
3835,1194832.943
3836,655978.33
3837,669794.488
3838,695856.41
3839,697048.464
3840,694016.98
3841,627157.487
3842,618311.606
3843,605026.423
3844,599046.113
3845,601739.82
3846,605771.387
3847,665612.805
3848,977333.122
3849,1299593.158
3850,1445974.423
3851,1245769.306
3852,1195666.098
3853,1327508.326
3854,1453182.451
3855,1520468.165
3856,1680776.374
3857,1415530.336
3858,1095928.91
3859,908794.631
3860,540275.653
3861,528338.087
3862,535818.708
3863,551980.014
3864,568002.636
3865,565403.472
3866,515773.425
3867,487433.548
3868,498088.658
3869,504963.298
3870,529400.091
3871,1957733.543
3872,1429008.544
3873,3800124.261
3874,3937792.772
3875,4095338.181
3876,4149555.292
3877,3740055.597
3878,4510890.743
3879,4694701.913
3880,4753383.999
3881,4740621.966
3882,4282941.102
3883,1933632.7
3884,1762849.608
3885,48067.762
3886,483636.775
3887,548927.472
3888,572023.912
3889,495853.72
3890,490268.751
3891,473181.455
3892,453492.584
3893,439928.085
3894,430646.669
3895,1942112.643
3896,1741652.243
3897,4476416.019
3898,4635504.663
3899,4661341.394
3900,4657724.154
3901,4055124.067
3902,4946498.598
3903,5169162.192
3904,5198610.245
3905,4930187.002
3906,4633965.043
3907,2135672.317
3908,1702953.305
3909,0.0
3910,386191.561
3911,492902.683
3912,514322.011
3913,445056.822
3914,443164.072
3915,437025.095
3916,435555.294
3917,444253.311
3918,448730.206
3919,1996545.378
3920,1724861.014
3921,4432999.867
3922,4444937.391
3923,4692391.71
3924,4991558.071
3925,4433779.304
3926,5052934.932
3927,5175174.679
3928,4784583.803
3929,4622435.331
3930,4513075.304
3931,2079027.564
3932,1847911.35
3933,67904.783
3934,437745.911
3935,464665.897
3936,461165.621
3937,341894.218
3938,305427.381
3939,296636.87
3940,299532.177
3941,304604.011
3942,307967.282
3943,1781784.812
3944,1567102.389
3945,3913578.922
3946,3824604.137
3947,3664269.265
3948,3690547.271
3949,3319469.853
3950,4083604.084
3951,4365617.77
3952,4621029.717
3953,4754933.155
3954,4858380.676
3955,2843418.935
3956,1532285.567
3957,103581.708
3958,443459.526
3959,485237.253
3960,489215.479
3961,401408.831
3962,349585.147
3963,318149.808
3964,334968.965
3965,334291.55
3966,321990.397
3967,1717989.006
3968,1669896.321
3969,3981070.844
3970,4121832.293
3971,4155373.894
3972,4134063.572
3973,3562611.538
3974,4264382.47
3975,4567153.41
3976,4809524.473
3977,4941973.051
3978,5203565.265
3979,3017743.805
3980,1482814.678
3981,45375.506
3982,406875.222
3983,459717.137
3984,475643.484
3985,408317.046
3986,385853.99
3987,375208.206
3988,365374.535
3989,345934.102
3990,338472.22
3991,402709.988
3992,691029.624
3993,2897640.717
3994,2683804.914
3995,2667306.756
3996,2600884.963
3997,2561749.054
3998,2782438.649
3999,3014584.098
4000,3251500.77
4001,3335599.444
4002,3367373.718
4003,1216205.969
4004,508292.677
4005,490225.575
4006,513350.223
4007,515549.102
4008,513802.258
4009,453171.373
4010,443775.496
4011,440501.989
4012,447117.521
4013,438483.118
4014,409747.477
4015,466213.444
4016,782993.512
4017,1094871.331
4018,1283431.019
4019,1244752.552
4020,1184842.605
4021,1127913.635
4022,1144338.634
4023,1110667.678
4024,1143172.985
4025,1060890.422
4026,931646.601
4027,839354.741
4028,455199.273
4029,400292.219
4030,433686.185
4031,436802.612
4032,441060.242
4033,453083.575
4034,460668.646
4035,451022.402
4036,440978.652
4037,435259.155
4038,423036.174
4039,1920089.722
4040,1699399.067
4041,4445582.675
4042,4620112.75
4043,4539151.758
4044,4329919.525
4045,3795318.287
4046,4688977.216
4047,5007791.053
4048,5261748.505
4049,5465438.455
4050,5562389.315
4051,2958389.059
4052,1832708.78
4053,117760.355
4054,533766.336
4055,596409.529
4056,616694.61
4057,541763.25
4058,526137.158
4059,510616.561
4060,500677.675
4061,493622.681
4062,490811.475
4063,1980593.802
4064,1777338.755
4065,4645976.97
4066,4869070.272
4067,5008769.733
4068,4945358.14
4069,4262567.798
4070,5114787.404
4071,5309541.289
4072,5359914.336
4073,5340754.791
4074,5306997.663
4075,2630288.004
4076,1860221.215
4077,121070.419
4078,552312.805
4079,618220.858
4080,637432.299
4081,569782.879
4082,555705.118
4083,550309.75
4084,548555.343
4085,540264.748
4086,530535.537
4087,2075614.337
4088,1939077.237
4089,4862598.239
4090,5003949.987
4091,5060646.541
4092,5017609.418
4093,4294025.777
4094,5229484.402
4095,5402112.722
4096,5594649.898
4097,5779252.851
4098,5977363.899
4099,3141837.879
4100,1929282.173
4101,61406.879
4102,601950.584
4103,657186.119
4104,687462.487
4105,623591.101
4106,616076.941
4107,615919.426
4108,617998.757
4109,612515.218
4110,603144.709
4111,2117622.782
4112,1984608.215
4113,4923672.38
4114,5097311.868
4115,5076520.639
4116,5055763.445
4117,4355252.541
4118,5282036.361
4119,5562920.837
4120,5786485.213
4121,5993322.802
4122,6117596.212
4123,3152090.42
4124,1973677.173
4125,84925.464
4126,646006.159
4127,700346.384
4128,719734.216
4129,649325.941
4130,633143.637
4131,630466.9
4132,633694.905
4133,622366.717
4134,614794.384
4135,2135158.749
4136,1974235.749
4137,4977586.4
4138,5042731.386
4139,5104411.059
4140,5026287.445
4141,4294355.295
4142,5230655.223
4143,5520891.031
4144,5709134.569
4145,5824295.335
4146,5853567.838
4147,2997344.686
4148,1998231.795
4149,81641.299
4150,641453.814
4151,709185.678
4152,728503.066
4153,650113.514
4154,643427.941
4155,641765.37
4156,640698.317
4157,637743.479
4158,636203.135
4159,699655.895
4160,1066330.872
4161,3567374.99
4162,3245591.389
4163,3176073.876
4164,3090102.709
4165,3083884.822
4166,3360949.296
4167,3536700.178
4168,3459254.751
4169,3199601.073
4170,2902727.18
4171,581376.435
4172,653221.52
4173,668832.854
4174,680644.978
4175,694622.919
4176,703142.772
4177,618858.002
4178,611298.857
4179,614068.873
4180,615031.148
4181,614502.588
4182,614504.804
4183,632310.991
4184,874711.891
4185,1251011.688
4186,1392852.939
4187,1355493.18
4188,1371316.316
4189,1347352.066
4190,1279892.421
4191,1193577.994
4192,1224656.3
4193,1080574.971
4194,1017870.729
4195,970359.46
4196,517367.329
4197,495904.412
4198,503440.871
4199,507945.996
4200,509287.516
4201,504025.824
4202,502657.268
4203,515337.685
4204,499047.287
4205,476268.503
4206,465952.134
4207,1912977.127
4208,1629339.567
4209,4244189.29
4210,4319465.315
4211,4333621.144
4212,4552295.948
4213,3900528.694
4214,4698453.937
4215,4814602.509
4216,4881089.494
4217,4878906.429
4218,4895837.882
4219,2567369.561
4220,1830979.742
4221,125763.083
4222,550906.144
4223,612339.556
4224,622051.823
4225,547497.59
4226,509348.133
4227,428079.222
4228,423313.532
4229,391979.528
4230,357388.551
4231,1733924.452
4232,1416542.082
4233,3882507.6
4234,4260795.75
4235,4395551.155
4236,4577056.851
4237,3994785.101
4238,4583200.388
4239,4611605.875
4240,4907508.626
4241,5078820.311
4242,5087389.66
4243,2673119.947
4244,1832704.817
4245,86608.356
4246,522507.785
4247,609275.758
4248,633737.424
4249,548490.475
4250,526051.541
4251,508395.387
4252,507957.887
4253,513845.573
4254,515567.807
4255,2053490.103
4256,1950641.639
4257,4980317.585
4258,5087711.83
4259,5016751.574
4260,5024615.055
4261,4259453.573
4262,5090683.471
4263,5345383.72
4264,5502137.644
4265,5574605.911
4266,5548991.574
4267,2838610.801
4268,1921956.076
4269,62910.832
4270,600061.992
4271,661190.52
4272,697787.217
4273,635510.412
4274,626319.025
4275,610308.157
4276,597764.021
4277,589677.422
4278,582162.984
4279,2100989.818
4280,1982004.128
4281,5133702.867
4282,5289540.487
4283,5287533.519
4284,5189532.636
4285,4494257.119
4286,5211408.343
4287,5359497.86
4288,5558378.417
4289,5721127.987
4290,5849362.826
4291,2937098.394
4292,2017873.885
4293,97667.09
4294,674222.974
4295,741260.971
4296,768802.776
4297,688131.776
4298,670154.711
4299,658310.307
4300,664667.327
4301,668178.889
4302,656087.875
4303,2026426.315
4304,1675973.792
4305,4560964.65
4306,4857621.181
4307,5068713.77
4308,5037764.861
4309,4355423.439
4310,5170397.155
4311,4998632.605
4312,5249612.81
4313,5630828.484
4314,5494041.2
4315,2650284.969
4316,1996029.058
4317,90746.995
4318,657576.441
4319,705042.748
4320,720476.537
4321,636051.82
4322,591584.301
4323,576131.942
4324,574078.798
4325,536227.424
4326,501988.382
4327,566645.931
4328,920426.354
4329,3563009.89
4330,3184316.533
4331,3214643.206
4332,3094086.536
4333,3051932.137
4334,3237321.792
4335,3484039.749
4336,3451554.714
4337,3403358.146
4338,3381695.958
4339,943852.364
4340,529128.24
4341,562757.662
4342,589212.164
4343,601667.809
4344,606460.431
4345,533156.89
4346,509016.17
4347,488039.581
4348,488000.031
4349,468007.727
4350,441118.664
4351,461282.287
4352,750329.483
4353,1185782.028
4354,1478079.286
4355,1442008.539
4356,1359520.443
4357,1299593.294
4358,1499454.757
4359,1701608.999
4360,1874334.672
4361,2212920.978
4362,2378512.948
4363,1642316.352
4364,598755.39
4365,548013.961
4366,524249.25
4367,512649.815
4368,498470.453
4369,490847.546
4370,465693.186
4371,446924.753
4372,470734.787
4373,491564.006
4374,506001.034
4375,2006883.838
4376,1814885.229
4377,4689942.801
4378,4819824.579
4379,4822141.229
4380,4829917.091
4381,4161044.506
4382,5002391.677
4383,5066423.356
4384,5129418.295
4385,4948427.19
4386,4897700.202
4387,2362731.109
4388,1683261.415
4389,80462.222
4390,503968.458
4391,498321.299
4392,484687.487
4393,406384.008
4394,385148.642
4395,383664.34
4396,388943.029
4397,380459.52
4398,360916.912
4399,1758363.384
4400,1495848.562
4401,4079048.164
4402,4244066.536
4403,4374196.653
4404,4510513.356
4405,3902820.741
4406,4629447.009
4407,4841559.243
4408,5044545.782
4409,4921734.99
4410,4909512.896
4411,2337694.965
4412,1723736.789
4413,48587.522
4414,461154.263
4415,543757.439
4416,592586.239
4417,524641.646
4418,511207.444
4419,494517.485
4420,476285.499
4421,430135.456
4422,413459.883
4423,1912725.175
4424,1697181.018
4425,4581425.484
4426,4777448.853
4427,4908014.491
4428,4967781.583
4429,4272603.931
4430,5238132.826
4431,5399860.625
4432,5386644.765
4433,5492618.396
4434,5391679.217
4435,2596375.06
4436,1826304.215
4437,143401.114
4438,551218.09
4439,614945.818
4440,628690.548
4441,550997.401
4442,525209.968
4443,511738.926
4444,501599.171
4445,479652.071
4446,454663.601
4447,1924546.046
4448,1756109.084
4449,4515256.019
4450,4735275.664
4451,4856589.47
4452,4883630.086
4453,4239331.165
4454,5147183.048
4455,5358894.141
4456,5481178.304
4457,5595887.089
4458,5679738.821
4459,3011830.441
4460,1843627.225
4461,56989.569
4462,581948.305
4463,639953.431
4464,657553.385
4465,592584.758
4466,588024.371
4467,590409.251
4468,587727.443
4469,578835.467
4470,585452.003
4471,2073928.089
4472,1905885.165
4473,4773048.687
4474,4847568.912
4475,4916483.855
4476,4886882.268
4477,4231102.345
4478,5175086.8
4479,5460494.113
4480,5659266.312
4481,5793505.451
4482,5827411.08
4483,2887844.527
4484,1970028.169
4485,94733.165
4486,645509.095
4487,689796.371
4488,704911.469
4489,639129.754
4490,633823.064
4491,630445.31
4492,628265.356
4493,628747.421
4494,628178.326
4495,658513.87
4496,928668.939
4497,3428642.002
4498,3141568.968
4499,3113759.024
4500,3055031.195
4501,3029457.441
4502,3109933.398
4503,3305429.912
4504,3503883.473
4505,3602334.484
4506,3624469.592
4507,1143480.529
4508,664680.051
4509,674680.784
4510,697384.729
4511,716106.545
4512,720040.125
4513,645434.49
4514,637999.851
4515,634962.824
4516,641383.371
4517,644079.794
4518,638090.994
4519,667547.472
4520,900644.492
4521,1308765.885
4522,1544150.029
4523,1545921.475
4524,1409833.164
4525,1229456.385
4526,1469172.254
4527,1716868.981
4528,1952868.086
4529,2206981.123
4530,2402899.882
4531,1770619.274
4532,606748.033
4533,577890.444
4534,608043.059
4535,628325.096
4536,644486.217
4537,658556.829
4538,651843.679
4539,641698.114
4540,641714.818
4541,637303.44
4542,630742.973
4543,2085898.64
4544,1874901.852
4545,4853003.673
4546,5013643.653
4547,5106386.493
4548,5032982.614
4549,4269494.546
4550,5171010.095
4551,5316773.369
4552,5436666.423
4553,5457576.057
4554,5439923.262
4555,2795907.282
4556,1974255.634
4557,77036.619
4558,632593.551
4559,705249.62
4560,736392.637
4561,648569.563
4562,625435.824
4563,611799.051
4564,614153.242
4565,618454.489
4566,602114.79
4567,1950096.636
4568,1521675.163
4569,4008578.617
4570,4125908.737
4571,4310326.787
4572,4560459.078
4573,3881571.414
4574,4487575.431
4575,4568184.576
4576,4515222.073
4577,4345066.793
4578,4311754.771
4579,2012504.129
4580,1744711.262
4581,52289.802
4582,479693.828
4583,534877.562
4584,543013.125
4585,453054.011
4586,410269.005
4587,439016.801
4588,446105.936
4589,398970.521
4590,343181.072
4591,1790096.47
4592,1566458.387
4593,4198162.504
4594,4524677.748
4595,4858545.639
4596,4868543.594
4597,4145437.267
4598,4741030.652
4599,4846161.695
4600,4969824.063
4601,4795728.198
4602,4656533.753
4603,2308111.728
4604,1698109.404
4605,47473.222
4606,485225.485
4607,562158.416
4608,575150.104
4609,507094.769
4610,509097.497
4611,507029.978
4612,508606.722
4613,518038.717
4614,524837.268
4615,2015238.854
4616,1718994.49
4617,4631967.015
4618,4883714.012
4619,4930792.978
4620,4972888.237
4621,4230136.109
4622,5129408.149
4623,5394358.76
4624,5576338.456
4625,5725389.248
4626,5845458.629
4627,2907332.418
4628,1955266.456
4629,68602.221
4630,617476.359
4631,673491.371
4632,691236.303
4633,613655.165
4634,603168.243
4635,604083.844
4636,609379.385
4637,609858.463
4638,600531.568
4639,2076554.062
4640,1911023.395
4641,4760229.735
4642,4892432.422
4643,4916089.592
4644,4832188.054
4645,4118325.12
4646,5003482.042
4647,5296692.662
4648,5473088.364
4649,5724226.299
4650,5925320.976
4651,3145920.106
4652,1972153.436
4653,80165.181
4654,633765.621
4655,688236.177
4656,710694.318
4657,641374.664
4658,635831.343
4659,640196.993
4660,638925.135
4661,630187.741
4662,619785.085
4663,670638.065
4664,1022963.25
4665,3623625.201
4666,3236690.553
4667,3222683.185
4668,3118790.008
4669,3003302.292
4670,3069603.547
4671,3380568.898
4672,3600612.698
4673,3688246.852
4674,3737114.026
4675,1260976.726
4676,659956.483
4677,664978.307
4678,684574.094
4679,690808.748
4680,693643.128
4681,609819.256
4682,594934.308
4683,595790.679
4684,600428.819
4685,593534.441
4686,579856.524
4687,659656.54
4688,1052807.178
4689,1454039.073
4690,1563535.522
4691,1500635.122
4692,1386609.34
4693,1308582.002
4694,1484678.083
4695,1821537.412
4696,2097630.92
4697,2319384.004
4698,2416792.241
4699,1837179.987
4700,607497.938
4701,559595.058
4702,586400.57
4703,598585.121
4704,601227.817
4705,599138.637
4706,582526.781
4707,566784.699
4708,555110.664
4709,536352.152
4710,514286.024
4711,2034869.071
4712,1900793.961
4713,4825286.572
4714,4956919.935
4715,4956508.022
4716,4901159.663
4717,4184382.243
4718,5052015.137
4719,5259470.545
4720,5482719.697
4721,5699559.132
4722,5832666.229
4723,3288672.653
4724,1882025.93
4725,77467.25
4726,597590.184
4727,634763.4
4728,637985.078
4729,562647.288
4730,550435.388
4731,544445.725
4732,537167.661
4733,517616.942
4734,507968.628
4735,2021918.703
4736,1885688.192
4737,4750776.542
4738,4863774.641
4739,4959007.755
4740,4974137.428
4741,4313321.281
4742,5299793.213
4743,5637226.19
4744,5811673.553
4745,6000789.027
4746,6073040.83
4747,3086508.689
4748,2130012.578
4749,167626.767
4750,735457.865
4751,785144.35
4752,786794.463
4753,705080.735
4754,689275.287
4755,685439.375
4756,686125.518
4757,671697.147
4758,649380.799
4759,2167687.516
4760,1996401.266
4761,5125395.484
4762,5325578.904
4763,5399244.614
4764,5448662.414
4765,4673263.482
4766,5673376.811
4767,5904704.818
4768,6002468.346
4769,6060176.9
4770,5873669.68
4771,3170401.419
4772,2040430.627
4773,100274.938
4774,642925.567
4775,675078.0
4776,686701.948
4777,611076.16
4778,584919.345
4779,565375.977
4780,561393.475
4781,549355.543
4782,522741.417
4783,2114834.601
4784,2057138.311
4785,5271719.194
4786,5425983.781
4787,5282284.846
4788,5362836.898
4789,4713294.497
4790,5481908.783
4791,5405645.653
4792,5209200.283
4793,4823521.226
4794,4623850.223
4795,2134786.382
4796,1948068.122
4797,148246.951
4798,581080.359
4799,649947.118
4800,667759.742
4801,594412.034
4802,592660.594
4803,594572.109
4804,590502.179
4805,597250.756
4806,601623.129
4807,2142079.829
4808,1795691.687
4809,4816227.617
4810,4999769.052
4811,5200941.592
4812,5230999.274
4813,4451299.71
4814,5145750.336
4815,5155456.495
4816,5215897.42
4817,5033154.73
4818,4943771.864
4819,2444598.962
4820,1823359.916
4821,99642.422
4822,525682.819
4823,589913.216
4824,605665.346
4825,525486.089
4826,516895.212
4827,517944.089
4828,525018.699
4829,531838.546
4830,526667.035
4831,563245.375
4832,797198.994
4833,3066571.61
4834,2883004.826
4835,3060494.692
4836,3047145.717
4837,3023255.527
4838,3132927.749
4839,3338169.298
4840,3496000.082
4841,3511583.33
4842,3341819.823
4843,865307.611
4844,565356.153
4845,579754.048
4846,593667.444
4847,600330.414
4848,609205.78
4849,538071.55
4850,524850.087
4851,512580.949
4852,485671.335
4853,468134.413
4854,474184.532
4855,461383.952
4856,663197.316
4857,1062127.972
4858,1339988.239
4859,1132657.393
4860,1140716.746
4861,1133462.079
4862,1347465.889
4863,1526569.345
4864,1666957.822
4865,1586629.755
4866,1239422.948
4867,824676.369
4868,406521.009
4869,416598.164
4870,425863.174
4871,427485.184
4872,434597.044
4873,443720.352
4874,437195.626
4875,372762.143
4876,371369.813
4877,379342.356
4878,373579.227
4879,1764341.95
4880,1545346.005
4881,4168537.904
4882,4503376.997
4883,4634131.469
4884,4732940.856
4885,3989327.106
4886,4589224.065
4887,4821612.382
4888,5027646.378
4889,5176621.188
4890,5276741.956
4891,2706889.217
4892,1756848.213
4893,109104.627
4894,526300.659
4895,589039.592
4896,608894.252
4897,536559.18
4898,515738.011
4899,507292.09
4900,501655.436
4901,443364.214
4902,365725.336
4903,1708983.804
4904,1560347.159
4905,4177058.732
4906,4491414.9
4907,4680453.913
4908,4684950.696
4909,3983609.698
4910,4562598.792
4911,4758069.04
4912,5051312.293
4913,5093664.508
4914,5015304.475
4915,2577250.635
4916,1874385.676
4917,38714.622
4918,562426.368
4919,619435.87
4920,637925.318
4921,548687.514
4922,509472.656
4923,495652.81
4924,483355.507
4925,471901.637
4926,469006.888
4927,1925820.895
4928,1758975.392
4929,4639961.883
4930,4838304.365
4931,4992832.389
4932,5006667.602
4933,4299392.838
4934,5063447.845
4935,5139815.538
4936,5297577.575
4937,5493739.881
4938,5675941.113
4939,3080287.927
4940,1897688.896
4941,76033.17
4942,607949.902
4943,655276.92
4944,668364.118
4945,596414.223
4946,582073.947
4947,577386.859
4948,569626.992
4949,544288.657
4950,529537.232
4951,1992642.216
4952,1819311.248
4953,4653341.27
4954,4817581.555
4955,4862980.772
4956,4845839.725
4957,4144979.538
4958,4976116.288
4959,5193651.841
4960,5405541.657
4961,5575164.61
4962,5698428.545
4963,3001093.34
4964,1921704.148
4965,101292.745
4966,643464.184
4967,688191.909
4968,711208.428
4969,641447.386
4970,630012.17
4971,622098.558
4972,618656.669
4973,611387.476
4974,602592.902
4975,2071527.771
4976,1831329.274
4977,4724928.638
4978,4951457.801
4979,4991399.949
4980,5014142.373
4981,4303707.553
4982,5142989.381
4983,5353352.792
4984,5526946.445
4985,5499757.404
4986,5530989.213
4987,2826695.225
4988,1935870.254
4989,100537.931
4990,641752.486
4991,685383.889
4992,697559.782
4993,626895.729
4994,607640.521
4995,595858.639
4996,600322.099
4997,595730.091
4998,558482.898
4999,495063.74
5000,635579.434
5001,3107862.527
5002,2866627.903
5003,2755648.999
5004,2634994.758
5005,2655335.986
5006,2915829.972
5007,3139290.833
5008,3189378.791
5009,3274595.674
5010,3411832.249
5011,1157535.867
5012,542434.548
5013,534730.953
5014,558435.096
5015,566766.018
5016,561456.26
5017,472980.583
5018,432325.2
5019,401906.686
5020,401218.901
5021,376583.817
5022,360549.508
5023,422803.579
5024,687277.979
5025,1065541.516
5026,1303350.543
5027,1313699.638
5028,1278509.979
5029,1225306.095
5030,1309763.742
5031,1292270.413
5032,1394761.298
5033,1730780.922
5034,1539164.954
5035,1090527.192
5036,409170.711
5037,387759.85
5038,404444.302
5039,430436.746
5040,452338.064
5041,461094.606
5042,444674.345
5043,432168.95
5044,432570.256
5045,425400.219
5046,414186.979
5047,1841732.698
5048,1527369.548
5049,4152228.875
5050,4439075.615
5051,4538604.215
5052,4477742.848
5053,3711728.134
5054,4405059.107
5055,4685359.538
5056,4901671.339
5057,5013943.005
5058,5131618.886
5059,2603865.749
5060,1665502.568
5061,11192.339
5062,386813.841
5063,435425.77
5064,496085.245
5065,445790.403
5066,444623.426
5067,429964.055
5068,403137.967
5069,393114.573
5070,377343.691
5071,1672610.815
5072,1344026.375
5073,3457281.493
5074,3471947.733
5075,3604587.959
5076,3925950.406
5077,3483867.794
5078,4077305.267
5079,4219438.663
5080,3985735.995
5081,3747287.352
5082,3608244.656
5083,1635540.211
5084,1538216.891
5085,0.0
5086,201950.749
5087,368622.045
5088,420406.189
5089,346681.878
5090,312788.576
5091,286838.837
5092,287225.551
5093,302523.033
5094,300414.282
5095,1713602.031
5096,1356875.994
5097,3620751.094
5098,3663568.033
5099,3738869.766
5100,3902560.323
5101,3455225.467
5102,4117925.491
5103,4106577.422
5104,4003859.086
5105,4002353.908
5106,3945298.71
5107,1781633.321
5108,1553878.046
5109,0.0
5110,225773.577
5111,372967.717
5112,399508.939
5113,337619.227
5114,318053.784
5115,309300.069
5116,292466.004
5117,289719.058
5118,298692.933
5119,1704821.415
5120,1371550.651
5121,3869709.26
5122,4084035.02
5123,4229361.39
5124,4267223.892
5125,3739753.546
5126,4461910.229
5127,4570358.788
5128,4449468.582
5129,4317941.34
5130,4246457.025
5131,2094665.84
5132,1674969.233
5133,67075.438
5134,451889.331
5135,490956.324
5136,497583.673
5137,412867.845
5138,396876.035
5139,394989.468
5140,387194.758
5141,360332.499
5142,343143.776
5143,1685549.398
5144,1408199.351
5145,3838891.311
5146,4169013.348
5147,4318500.745
5148,4333496.745
5149,3807957.774
5150,4543444.123
5151,4594868.849
5152,4024696.956
5153,3844023.678
5154,3760416.408
5155,1741099.484
5156,1562862.418
5157,0.0
5158,324404.443
5159,428537.419
5160,439854.786
5161,318494.643
5162,297325.428
5163,287208.176
5164,309682.349
5165,319636.596
5166,313883.388
5167,380827.676
5168,617071.781
5169,3058519.12
5170,2616162.709
5171,2669422.022
5172,2784645.004
5173,2803183.54
5174,2908488.301
5175,3000604.277
5176,3055971.827
5177,3094125.517
5178,3039880.771
5179,858804.024
5180,515796.08
5181,514913.006
5182,530287.671
5183,530503.195
5184,526208.554
5185,448670.877
5186,442400.464
5187,437906.734
5188,430843.187
5189,414502.65
5190,405168.408
5191,458415.023
5192,776518.569
5193,1217263.129
5194,1353198.741
5195,1384411.945
5196,1345900.259
5197,1329339.499
5198,1510158.337
5199,1784765.338
5200,2006604.665
5201,2186048.543
5202,2295036.047
5203,1706751.861
5204,523597.978
5205,497221.625
5206,529066.815
5207,554407.592
5208,568835.932
5209,572214.855
5210,558661.781
5211,550527.865
5212,551127.437
5213,541570.447
5214,524373.696
5215,1962736.82
5216,1754791.967
5217,4551590.879
5218,4711523.984
5219,4703884.575
5220,4686488.779
5221,4010306.996
5222,4834861.653
5223,5077041.72
5224,5281882.203
5225,5484681.258
5226,5285760.714
5227,2636678.078
5228,1790793.258
5229,146532.118
5230,522709.732
5231,568249.309
5232,564778.505
5233,483033.422
5234,466171.176
5235,454035.088
5236,451484.202
5237,443695.544
5238,424161.757
5239,1895903.024
5240,1706945.87
5241,4425093.267
5242,4547623.797
5243,4516894.554
5244,4403340.538
5245,3786210.359
5246,4525247.189
5247,4731948.771
5248,4957942.536
5249,5192835.1
5250,5403241.71
5251,2965502.732
5252,1713618.325
5253,38408.116
5254,516075.418
5255,558526.328
5256,573947.407
5257,512982.387
5258,476861.54
5259,462785.926
5260,462619.534
5261,440729.835
5262,429450.072
5263,1802121.864
5264,1655870.199
5265,4352571.142
5266,4526310.505
5267,4657786.338
5268,4775150.791
5269,4232038.369
5270,5259534.237
5271,5610723.814
5272,5842522.442
5273,5982335.948
5274,6182588.254
5275,3254403.407
5276,2111513.939
5277,163501.987
5278,713468.796
5279,740442.527
5280,747210.603
5281,680178.183
5282,664737.049
5283,650488.92
5284,642863.821
5285,633016.333
5286,629570.413
5287,2128740.502
5288,1895629.052
5289,4900894.259
5290,5138644.196
5291,5356557.291
5292,5403461.555
5293,4674587.818
5294,5668677.449
5295,5845588.548
5296,5988937.489
5297,6049374.108
5298,6210000.0
5299,3062560.729
5300,2244111.796
5301,222244.224
5302,789164.221
5303,847788.0
5304,857217.508
5305,782449.266
5306,765104.507
5307,752902.237
5308,737820.576
5309,698934.808
5310,655161.114
5311,2155143.479
5312,1936102.248
5313,5070809.508
5314,5337495.975
5315,5478170.358
5316,5522773.651
5317,4740041.364
5318,5691419.332
5319,5829115.807
5320,5837983.553
5321,6024601.398
5322,6040070.804
5323,2883816.858
5324,2043983.189
5325,105723.143
5326,683021.07
5327,739740.007
5328,766021.936
5329,699948.747
5330,696985.622
5331,689775.397
5332,682372.621
5333,681786.456
5334,678684.31
5335,668954.245
5336,870076.398
5337,3514190.326
5338,3267020.162
5339,3274111.541
5340,3268738.594
5341,3312603.538
5342,3517380.159
5343,3688033.344
5344,3808843.221
5345,3878281.093
5346,4024619.491
5347,1155563.799
5348,717246.967
5349,743845.568
5350,774059.319
5351,770689.414
5352,756406.919
5353,673795.044
5354,657912.264
5355,616184.43
5356,572300.853
5357,591272.778
5358,585517.803
5359,564771.762
5360,670262.276
5361,939194.672
5362,1116968.014
5363,1136724.708
5364,1393512.801
5365,1553046.659
5366,1760969.059
5367,1956686.4
5368,2058401.182
5369,2078866.783
5370,1957905.265
5371,1205649.648
5372,569839.764
5373,583321.381
5374,609622.14
5375,623274.293
5376,632757.516
5377,621549.993
5378,590433.521
5379,577294.596
5380,583334.391
5381,569674.537
5382,561583.939
5383,1971728.698
5384,1641102.238
5385,4428162.864
5386,4692370.514
5387,4884120.52
5388,4981112.854
5389,4390791.117
5390,5375699.098
5391,5559536.164
5392,5639329.303
5393,5604093.077
5394,5405643.65
5395,2478046.697
5396,1964954.73
5397,74707.004
5398,649471.466
5399,698918.816
5400,710327.91
5401,636784.206
5402,616684.812
5403,608883.276
5404,604619.621
5405,579486.227
5406,492997.853
5407,1890303.362
5408,1611938.112
5409,4436876.544
5410,4925922.405
5411,5198919.848
5412,5249960.99
5413,4456960.547
5414,5509320.608
5415,5814898.883
5416,5911824.132
5417,5766054.815
5418,5767444.29
5419,2765715.648
5420,1988954.686
5421,95605.736
5422,666461.367
5423,720401.435
5424,733978.482
5425,661120.553
5426,605436.517
5427,574177.125
5428,577249.19
5429,569951.519
5430,550035.402
5431,2047117.678
5432,1782321.281
5433,4713653.377
5434,5022132.95
5435,5174286.899
5436,5213986.479
5437,4541123.289
5438,5504066.454
5439,5432978.43
5440,5572151.483
5441,5661502.47
5442,5596932.97
5443,2485722.015
5444,1819502.255
5445,130489.775
5446,555636.835
5447,640144.314
5448,663877.921
5449,572155.707
5450,559997.932
5451,556334.173
5452,544350.304
5453,526050.318
5454,497026.612
5455,1951333.168
5456,1638774.869
5457,4160890.28
5458,4181919.311
5459,4313350.044
5460,4507015.706
5461,4070170.071
5462,5239488.249
5463,5499558.939
5464,5345307.223
5465,5130032.006
5466,4987816.031
5467,2335505.441
5468,1832864.951
5469,102607.262
5470,529867.416
5471,593764.534
5472,607497.073
5473,525828.962
5474,523968.156
5475,515823.337
5476,483284.842
5477,467106.533
5478,446388.564
5479,1884723.456
5480,1476255.542
5481,3877422.078
5482,3933810.985
5483,4028706.197
5484,4206517.026
5485,3532176.701
5486,4286150.133
5487,4553341.128
5488,4786874.485
5489,4442311.007
5490,4268689.5
5491,2016258.304
5492,1715938.11
5493,51502.91
5494,466897.861
5495,528433.552
5496,518879.691
5497,459721.351
5498,472493.893
5499,480928.04
5500,479189.924
5501,461290.731
5502,457894.117
5503,456747.016
5504,532899.82
5505,2779720.713
5506,2562282.893
5507,2694403.386
5508,2628600.082
5509,2494919.091
5510,2469479.662
5511,2435602.103
5512,2406762.549
5513,2266893.705
5514,2197321.274
5515,163393.965
5516,411851.287
5517,517195.101
5518,557098.259
5519,564678.573
5520,568835.397
5521,494821.591
5522,428916.641
5523,388459.821
5524,393912.269
5525,385048.62
5526,369890.649
5527,417951.926
5528,573104.053
5529,893510.595
5530,1253590.953
5531,1158945.07
5532,1180950.427
5533,1318284.259
5534,1433870.807
5535,1199126.51
5536,1363955.643
5537,1391395.614
5538,1480744.268
5539,1020602.992
5540,457295.702
5541,456051.659
5542,466748.77
5543,464199.085
5544,466516.109
5545,466440.107
5546,452302.136
5547,440576.92
5548,432484.062
5549,421860.069
5550,401507.268
5551,1757824.391
5552,1483450.267
5553,4134029.888
5554,4497831.883
5555,4623125.418
5556,4669341.739
5557,4138016.787
5558,4898194.597
5559,4955824.262
5560,4988633.015
5561,4939863.41
5562,4766032.139
5563,2215051.169
5564,1663343.274
5565,95645.391
5566,496169.289
5567,534447.936
5568,543629.265
5569,484326.916
5570,475345.586
5571,473376.616
5572,464626.223
5573,439155.908
5574,420757.713
5575,1822075.835
5576,1592467.366
5577,4314433.135
5578,4507386.107
5579,4574146.801
5580,4538159.479
5581,3956330.134
5582,4697915.315
5583,4958757.131
5584,5136998.134
5585,5157740.042
5586,5242729.62
5587,2610746.789
5588,1680235.221
5589,139103.56
5590,512594.84
5591,564216.953
5592,568110.438
5593,487046.484
5594,465774.0
5595,445130.232
5596,434385.792
5597,422823.842
5598,409284.794
5599,1785575.333
5600,1650010.94
5601,4465342.437
5602,4653071.481
5603,4723673.367
5604,4704117.118
5605,4136302.106
5606,4989314.176
5607,5225035.694
5608,5368789.028
5609,5444843.392
5610,5383203.844
5611,2679408.087
5612,1757148.156
5613,168386.539
5614,546189.552
5615,598408.04
5616,597062.278
5617,527058.738
5618,512580.719
5619,497335.742
5620,490242.444
5621,476946.026
5622,470409.695
5623,1818783.378
5624,1464378.573
5625,3979404.65
5626,4265832.014
5627,4442481.231
5628,4678075.311
5629,4125220.463
5630,4865886.664
5631,4766953.79
5632,4903914.645
5633,5022542.991
5634,4999480.906
5635,2584217.125
5636,1742299.218
5637,105198.879
5638,502918.64
5639,555565.35
5640,559064.348
5641,481206.441
5642,463712.628
5643,455535.702
5644,451312.165
5645,439031.399
5646,433201.626
5647,1911106.686
5648,1703631.235
5649,4599025.218
5650,4834171.588
5651,5076866.901
5652,5181917.715
5653,4510797.921
5654,5468574.618
5655,5738308.447
5656,5941251.866
5657,6014449.058
5658,6103777.483
5659,2992812.954
5660,2204384.38
5661,250362.966
5662,802015.91
5663,853438.861
5664,862575.137
5665,719517.917
5666,632901.62
5667,623969.429
5668,626672.382
5669,606880.159
5670,586039.877
5671,545965.4
5672,578711.703
5673,2780301.778
5674,2566836.359
5675,2492432.922
5676,2533338.544
5677,2569697.05
5678,2560510.728
5679,2501696.874
5680,2481225.308
5681,2445446.66
5682,2454778.558
5683,220232.169
5684,483076.377
5685,582112.37
5686,619476.428
5687,643546.2
5688,646988.231
5689,514609.697
5690,418895.614
5691,359690.297
5692,323462.869
5693,314480.46
5694,337268.164
5695,394813.416
5696,467210.73
5697,707954.36
5698,1057201.893
5699,1418485.868
5700,1447113.255
5701,1354256.821
5702,1520648.44
5703,1441301.225
5704,1437234.847
5705,1431690.882
5706,1646383.996
5707,1179333.707
5708,461762.364
5709,446205.207
5710,456076.546
5711,467161.1
5712,470361.569
5713,475020.333
5714,479780.116
5715,474308.917
5716,471543.386
5717,475219.486
5718,472870.744
5719,1934380.193
5720,1631280.893
5721,4456228.467
5722,4715717.757
5723,4902535.173
5724,5028156.06
5725,4358182.582
5726,5158405.682
5727,5237822.072
5728,5349555.29
5729,5419422.817
5730,5398865.953
5731,2746946.313
5732,1838272.066
5733,35040.239
5734,551870.911
5735,604084.866
5736,619721.76
5737,538897.75
5738,506913.986
5739,480322.612
5740,469536.7
5741,461011.459
5742,445933.366
5743,1950005.624
5744,1723856.796
5745,4565153.043
5746,4764106.769
5747,4933039.75
5748,4997646.886
5749,4349177.098
5750,5229794.211
5751,5442044.925
5752,5602917.25
5753,5696128.515
5754,5615873.155
5755,2825456.554
5756,2001681.663
5757,112267.136
5758,662661.337
5759,691076.372
5760,691140.788
5761,618017.188
5762,587687.995
5763,551396.691
5764,555623.552
5765,558723.806
5766,558088.29
5767,1974695.002
5768,1700775.257
5769,4278783.565
5770,4358199.303
5771,4614524.342
5772,4881344.97
5773,4348585.216
5774,5223824.667
5775,5345420.577
5776,4767842.989
5777,4592189.732
5778,4461865.962
5779,1954028.898
5780,1651466.879
5781,63935.993
5782,473259.417
5783,527369.944
5784,527173.306
5785,401190.131
5786,361307.168
5787,356337.966
5788,383635.068
5789,370871.972
5790,341216.244
5791,1681224.791
5792,1367862.977
5793,3698632.192
5794,4041805.619
5795,4426654.751
5796,4592581.797
5797,3998365.057
5798,4739023.934
5799,4529524.62
5800,4733676.662
5801,4653664.955
5802,4410886.775
5803,1888347.073
5804,1646618.894
5805,0.0
5806,334755.567
5807,413606.781
5808,426397.104
5809,343907.919
5810,320977.355
5811,295299.602
5812,312345.021
5813,326358.291
5814,323638.256
5815,1648857.222
5816,1254879.47
5817,3544740.554
5818,3908071.619
5819,4304281.858
5820,4508612.536
5821,3869580.152
5822,4579656.201
5823,4714284.421
5824,4369052.75
5825,4206591.064
5826,4021438.694
5827,1836269.274
5828,1618825.998
5829,0.0
5830,244985.246
5831,368399.854
5832,397350.944
5833,335664.147
5834,329761.953
5835,335436.156
5836,308572.267
5837,268283.498
5838,266258.769
5839,283712.606
5840,393340.969
5841,2692843.784
5842,2587647.569
5843,2743380.755
5844,2713601.058
5845,2727682.045
5846,2747488.114
5847,2792729.29
5848,2744669.646
5849,2638929.349
5850,2544209.192
5851,274660.824
5852,303067.905
5853,314635.35
5854,332253.473
5855,391872.207
5856,415684.77
5857,300421.04
5858,284519.72
5859,282449.476
5860,279273.012
5861,263357.713
5862,251433.997
5863,277007.579
5864,367276.932
5865,578410.467
5866,1044123.421
5867,1394229.544
5868,1167884.538
5869,1075302.136
5870,1031815.696
5871,1179232.418
5872,1241206.362
5873,1140549.807
5874,979371.404
5875,604135.156
5876,353970.827
5877,293570.545
5878,284920.504
5879,310568.579
5880,348036.801
5881,362993.003
5882,341404.909
5883,317969.699
5884,319204.876
5885,303737.332
5886,297852.91
5887,1674041.831
5888,1417369.141
5889,3960584.928
5890,4123076.056
5891,4299038.95
5892,4424955.239
5893,3594806.709
5894,4516458.406
5895,4764581.063
5896,4887446.564
5897,4756387.656
5898,4429490.524
5899,1853348.634
5900,1585471.762
5901,0.0
5902,288265.774
5903,385248.313
5904,407405.201
5905,383323.569
5906,325336.519
5907,321959.611
5908,277228.757
5909,247012.46
5910,243875.308
5911,1605224.598
5912,1309876.117
5913,3738404.713
5914,4067956.834
5915,4202067.895
5916,4232361.419
5917,3620069.447
5918,4121555.986
5919,4267711.585
5920,4195024.572
5921,4226088.169
5922,4129720.255
5923,1741385.233
5924,1492184.728
5925,0.0
5926,240492.972
5927,377850.376
5928,398165.458
5929,336274.1
5930,322166.383
5931,260102.575
5932,241586.778
5933,239077.058
5934,249303.417
5935,1699258.222
5936,1382453.872
5937,3768129.331
5938,3974616.371
5939,4382251.12
5940,4469218.227
5941,3904126.401
5942,4621255.298
5943,4758421.607
5944,4754201.698
5945,4666514.809
5946,4316292.783
5947,1842700.716
5948,1581047.257
5949,0.0
5950,373818.632
5951,451234.556
5952,471929.307
5953,394090.566
5954,365879.002
5955,347813.058
5956,337315.91
5957,333135.119
5958,335750.593
5959,1703060.556
5960,1472308.467
5961,4103007.673
5962,4421821.713
5963,4704229.371
5964,4778909.92
5965,4230516.713
5966,5111014.566
5967,5299549.499
5968,5357203.46
5969,5197124.906
5970,4882252.286
5971,2167851.283
5972,1753785.11
5973,116133.837
5974,521350.437
5975,572635.96
5976,579592.034
5977,495776.39
5978,468748.316
5979,453540.371
5980,441913.651
5981,429651.286
5982,433101.211
5983,1838144.262
5984,1519079.156
5985,4206563.879
5986,4595143.712
5987,4882259.172
5988,5039802.392
5989,4505413.252
5990,5414375.522
5991,5624978.845
5992,5729615.696
5993,5782457.799
5994,5417314.156
5995,2217143.054
5996,1928466.324
5997,53547.695
5998,596657.552
5999,637571.029
6000,644391.935
6001,568188.755
6002,552643.045
6003,537411.85
6004,524420.496
6005,507780.361
6006,495717.98
6007,547057.538
6008,746305.722
6009,3435800.135
6010,3311620.541
6011,3454133.661
6012,3447298.931
6013,3476534.559
6014,3723905.093
6015,3856389.455
6016,3829446.815
6017,3730222.253
6018,3577473.088
6019,641236.074
6020,635165.52
6021,664721.894
6022,680835.099
6023,674234.392
6024,662108.015
6025,573260.226
6026,539791.007
6027,531582.809
6028,525052.814
6029,501253.927
6030,487094.359
6031,527323.221
6032,725268.63
6033,1184227.322
6034,1520799.987
6035,1682881.634
6036,1665827.577
6037,1785846.699
6038,1995357.248
6039,2190649.507
6040,2113528.396
6041,2048131.25
6042,1828420.855
6043,929860.411
6044,524359.43
6045,548559.416
6046,575586.245
6047,577890.74
6048,578600.242
6049,574408.316
6050,562315.367
6051,549869.886
6052,531304.385
6053,516897.429
6054,501136.684
6055,1894721.029
6056,1608899.689
6057,4371649.003
6058,4672333.647
6059,4830599.043
6060,4870323.912
6061,4312403.189
6062,5159175.583
6063,5317666.205
6064,5458071.832
6065,5411058.685
6066,5234699.147
6067,2276824.226
6068,1871302.115
6069,68986.536
6070,601770.599
6071,641366.053
6072,642435.323
6073,555882.532
6074,539866.554
6075,523436.535
6076,515414.855
6077,494477.959
6078,469361.75
6079,1894698.959
6080,1614820.526
6081,4360036.242
6082,4700187.587
6083,4878225.535
6084,4862141.527
6085,4272247.228
6086,5070560.209
6087,5260986.444
6088,5285863.442
6089,5226988.902
6090,5062670.227
6091,2156751.065
6092,1753529.1
6093,61354.196
6094,567465.695
6095,599592.589
6096,602360.799
6097,529346.465
6098,504157.243
6099,484795.929
6100,474490.947
6101,459728.717
6102,452581.01
6103,1876275.795
6104,1648410.172
6105,4476571.136
6106,4730297.975
6107,4869621.352
6108,4862471.61
6109,4303462.211
6110,5111278.497
6111,5273908.253
6112,5309358.357
6113,5279772.596
6114,5206489.735
6115,2207917.285
6116,1812221.709
6117,70524.469
6118,599162.961
6119,636140.468
6120,648359.878
6121,578703.144
6122,552550.506
6123,545574.073
6124,553575.399
6125,542937.443
6126,523599.611
6127,1910586.293
6128,1663769.539
6129,4482546.2
6130,4784842.864
6131,5006215.64
6132,5088509.493
6133,4460145.106
6134,5368949.741
6135,5594703.915
6136,5677871.983
6137,5577521.653
6138,5227461.36
6139,2206683.352
6140,1799599.547
6141,66577.74
6142,578796.118
6143,620605.349
6144,634102.928
6145,565871.305
6146,551943.953
6147,540988.477
6148,539877.398
6149,537724.363
6150,523077.616
6151,1912254.884
6152,1651525.458
6153,4413763.305
6154,4642332.057
6155,4874945.711
6156,5006142.699
6157,4433826.392
6158,5172097.605
6159,5327527.308
6160,5363808.25
6161,5306661.923
6162,5028010.928
6163,2157660.455
6164,1809144.111
6165,48465.687
6166,567718.6
6167,590316.881
6168,579253.038
6169,488865.71
6170,470579.669
6171,467925.219
6172,462017.624
6173,436791.244
6174,401254.33
6175,439901.73
6176,630636.819
6177,2972807.272
6178,2847339.938
6179,3025560.594
6180,3059434.399
6181,3115037.208
6182,3252795.176
6183,3345398.952
6184,3501808.07
6185,3502728.046
6186,3318025.324
6187,608678.776
6188,548424.066
6189,561713.792
6190,566895.53
6191,565261.187
6192,552404.628
6193,478624.417
6194,461124.6
6195,434408.416
6196,425830.097
6197,427788.018
6198,424651.758
6199,442950.3
6200,627226.202
6201,1092430.189
6202,1402514.872
6203,1481909.977
6204,1602076.184
6205,1720465.959
6206,1868347.523
6207,1857587.939
6208,1923420.481
6209,1896346.531
6210,1622982.784
6211,841971.182
6212,482236.994
6213,454775.481
6214,475742.132
6215,483657.46
6216,478927.203
6217,474976.811
6218,469624.646
6219,472945.319
6220,467044.649
6221,434365.081
6222,420291.522
6223,1774084.398
6224,1471793.46
6225,3971323.296
6226,4342238.869
6227,4552317.341
6228,4596241.797
6229,4091825.133
6230,4819292.763
6231,4987609.497
6232,5039099.043
6233,4948645.615
6234,4588822.284
6235,1919567.911
6236,1597455.481
6237,71790.367
6238,469534.234
6239,507592.267
6240,506714.357
6241,442981.025
6242,438430.875
6243,444334.251
6244,443339.246
6245,423298.331
6246,413307.242
6247,1712986.043
6248,1416254.09
6249,3817558.686
6250,4211085.306
6251,4375292.707
6252,4406234.132
6253,4038737.543
6254,4750787.779
6255,4953631.473
6256,4914516.045
6257,4818433.008
6258,4511310.948
6259,1751168.996
6260,1640609.54
6261,131736.809
6262,513727.132
6263,556446.837
6264,545307.283
6265,456755.274
6266,429125.151
6267,430464.881
6268,435203.096
6269,407881.999
6270,382276.148
6271,1568260.497
6272,1336136.181
6273,3665251.236
6274,3984236.287
6275,4010630.329
6276,4059291.042
6277,4027177.434
6278,4594700.808
6279,4707848.209
6280,4755583.793
6281,4744975.43
6282,4421199.62
6283,1643717.2
6284,1439559.52
6285,88545.677
6286,392178.196
6287,433684.133
6288,441501.212
6289,379386.534
6290,357519.407
6291,344380.966
6292,335542.055
6293,329223.246
6294,313680.652
6295,1521205.627
6296,1377380.521
6297,3403594.277
6298,3573546.366
6299,3766971.825
6300,3588714.673
6301,3369354.902
6302,3914057.72
6303,4143394.964
6304,4261538.726
6305,4256616.686
6306,3995071.552
6307,1466381.25
6308,1331364.184
6309,62315.999
6310,354179.513
6311,349064.861
6312,326566.535
6313,268758.685
6314,249742.913
6315,228069.314
6316,211150.21
6317,184839.536
6318,150979.596
6319,1121759.302
6320,1018836.881
6321,2701388.356
6322,3040248.51
6323,3246603.452
6324,3344098.028
6325,3196276.452
6326,3813611.085
6327,4125860.721
6328,4271282.124
6329,4325002.12
6330,4077804.054
6331,1515697.0
6332,1368917.447
6333,55003.537
6334,355374.347
6335,355636.656
6336,347378.39
6337,287758.926
6338,248017.686
6339,213249.984
6340,189093.624
6341,150099.435
6342,117490.175
6343,129616.802
6344,302935.204
6345,1885037.509
6346,1894196.512
6347,2066084.556
6348,2167670.25
6349,2289478.338
6350,2555233.941
6351,2795571.09
6352,2885908.446
6353,2873938.723
6354,2593909.983
6355,136407.376
6356,319487.967
6357,340938.014
6358,350454.781
6359,337696.2
6360,317633.214
6361,239620.35
6362,200405.179
6363,173553.752
6364,159691.595
6365,142644.623
6366,120544.611
6367,133166.058
6368,301417.695
6369,787805.776
6370,1106429.72
6371,1202634.108
6372,1331494.275
6373,1398508.923
6374,1528743.645
6375,1646155.728
6376,1594082.39
6377,1253136.358
6378,1048260.871
6379,419056.006
6380,306284.3
6381,290478.965
6382,302493.987
6383,298496.557
6384,292726.05
6385,300131.149
6386,290098.55
6387,276669.42
6388,261352.711
6389,237088.676
6390,220510.788
6391,1362495.901
6392,1170042.986
6393,3209538.639
6394,3338726.0
6395,3458795.14
6396,3806629.511
6397,3817709.782
6398,4393385.462
6399,4619053.579
6400,4680368.785
6401,4478641.942
6402,3951991.135
6403,1417336.992
6404,1180366.117
6405,0.0
6406,190257.979
6407,282760.301
6408,291072.268
6409,245818.542
6410,225237.622
6411,197018.695
6412,185799.391
6413,177624.041
6414,168912.017
6415,1317604.489
6416,1158029.95
6417,3222154.236
6418,3521981.803
6419,3790940.905
6420,3928523.608
6421,3882555.484
6422,4393728.911
6423,4569033.799
6424,4405552.739
6425,4363763.986
6426,3996625.674
6427,1402103.309
6428,1196187.601
6429,0.0
6430,196839.131
6431,291603.7
6432,286747.396
6433,225316.997
6434,204058.664
6435,186347.644
6436,182605.027
6437,170383.709
6438,160650.686
6439,1305478.66
6440,1132405.326
6441,3227351.853
6442,3604738.741
6443,3811406.923
6444,3897655.902
6445,3837710.032
6446,4381033.076
6447,4612989.302
6448,4614421.105
6449,4427465.752
6450,3833032.979
6451,1397607.285
6452,1199153.01
6453,0.0
6454,202839.909
6455,291568.521
6456,295699.698
6457,235358.187
6458,211593.273
6459,195039.766
6460,191360.139
6461,182306.124
6462,176601.997
6463,1331741.218
6464,1182010.053
6465,3326295.916
6466,3651904.246
6467,3887337.342
6468,3967818.538
6469,3887464.776
6470,4447221.401
6471,4737769.108
6472,4735728.425
6473,4632284.141
6474,4199585.883
6475,1448497.874
6476,1218568.279
6477,0.0
6478,222746.658
6479,322308.534
6480,329103.987
6481,268062.16
6482,241604.017
6483,220467.875
6484,207334.729
6485,192944.62
6486,186044.819
6487,1409446.32
6488,1251425.527
6489,3591930.485
6490,3915256.765
6491,4110813.546
6492,4078458.445
6493,3976276.842
6494,4501016.3
6495,4582236.113
6496,4642043.336
6497,4663514.166
6498,4267264.163
6499,1468641.26
6500,1251958.858
6501,0.0
6502,287153.058
6503,359196.062
6504,366370.736
6505,304665.093
6506,273291.435
6507,264779.633
6508,273153.169
6509,252942.013
6510,227521.0
6511,255963.656
6512,444424.213
6513,2777345.206
6514,2747922.706
6515,2908555.341
6516,3066923.517
6517,3242883.27
6518,3451100.128
6519,3480880.142
6520,3505005.99
6521,3471131.351
6522,3130693.392
6523,364408.665
6524,481376.491
6525,477193.804
6526,499292.204
6527,487059.423
6528,467661.832
6529,407382.318
6530,392098.589
6531,367886.834
6532,341575.262
6533,313882.919
6534,297658.433
6535,348269.085
6536,573746.433
6537,1136215.322
6538,1504680.168
6539,1798008.508
6540,1822950.699
6541,1769526.629
6542,1952208.39
6543,2130765.623
6544,2177275.597
6545,2151268.509
6546,1826177.049
6547,633896.104
6548,506560.279
6549,464590.783
6550,464901.992
6551,452761.639
6552,441686.614
6553,444435.197
6554,428027.158
6555,413675.701
6556,412207.718
6557,404986.306
6558,395636.472
6559,1686981.28
6560,1507079.78
6561,4122663.716
6562,4365673.237
6563,4453927.177
6564,4581628.55
6565,4435390.828
6566,5085582.784
6567,5294724.896
6568,5345576.617
6569,5234869.272
6570,4629890.145
6571,1704057.535
6572,1596698.382
6573,104669.741
6574,475290.362
6575,514496.222
6576,513370.823
6577,447517.002
6578,425699.635
6579,411926.297
6580,407837.816
6581,404305.344
6582,401112.577
6583,1748714.682
6584,1551783.811
6585,4245768.766
6586,4509821.529
6587,4652116.134
6588,4647309.232
6589,4279793.928
6590,4901936.627
6591,5196597.693
6592,5223945.098
6593,5089167.339
6594,4678654.007
6595,1722158.285
6596,1609252.881
6597,74270.666
6598,450696.995
6599,475841.428
6600,470616.16
6601,397239.773
6602,378220.987
6603,369707.296
6604,363998.985
6605,350918.625
6606,343522.273
6607,1613565.008
6608,1406093.574
6609,3869296.331
6610,4190317.206
6611,4335055.907
6612,4384760.098
6613,4149843.039
6614,4753398.891
6615,5017858.475
6616,5062291.53
6617,4970406.768
6618,4469062.265
6619,1599278.516
6620,1467552.865
6621,44629.027
6622,396580.277
6623,426953.699
6624,422251.184
6625,346402.591
6626,305735.764
6627,279063.066
6628,265441.611
6629,245935.822
6630,225335.03
6631,1481294.618
6632,1283760.269
6633,3673204.568
6634,4025349.438
6635,4161525.844
6636,4198272.17
6637,4097937.506
6638,4698898.108
6639,4944377.689
6640,4953767.131
6641,4857635.36
6642,4356608.517
6643,1552617.973
6644,1413395.481
6645,36687.183
6646,380788.326
6647,416581.233
6648,413622.982
6649,329887.655
6650,297981.664
6651,281427.543
6652,267973.928
6653,247995.696
6654,241944.142
6655,1494522.146
6656,1331545.902
6657,3820742.149
6658,4229802.109
6659,4453281.865
6660,4486902.637
6661,4202837.368
6662,4760561.653
6663,4993471.502
6664,5078825.967
6665,5012994.177
6666,4507204.251
6667,1655119.133
6668,1456339.528
6669,113897.709
6670,444289.697
6671,485656.187
6672,484223.095
6673,420183.416
6674,408087.811
6675,403651.87
6676,409631.367
6677,410377.356
6678,400742.052
6679,408198.913
6680,551034.556
6681,2777194.17
6682,2475433.105
6683,2360906.249
6684,2435921.898
6685,2503629.982
6686,2489142.182
6687,2239673.473
6688,1959252.076
6689,1832973.145
6690,1873688.557
6691,0.0
6692,177762.677
6693,244031.383
6694,250716.601
6695,268838.401
6696,277632.28
6697,168416.8
6698,150399.369
6699,119804.462
6700,100249.463
6701,80624.21
6702,62463.268
6703,105439.657
6704,219977.173
6705,504188.766
6706,911483.708
6707,1449963.542
6708,1369084.259
6709,1312959.444
6710,1719487.565
6711,1836817.679
6712,1916009.61
6713,1782829.402
6714,1430351.31
6715,399795.835
6716,328899.393
6717,335217.882
6718,348769.701
6719,352648.03
6720,343288.459
6721,337296.511
6722,329504.392
6723,317967.411
6724,316450.55
6725,316052.803
6726,302385.02
6727,1549717.361
6728,1309056.025
6729,3692367.931
6730,4125298.207
6731,4499431.782
6732,4690678.777
6733,4253254.224
6734,5034810.92
6735,5149095.555
6736,5155093.896
6737,5056951.187
6738,4345854.839
6739,1618219.357
6740,1529232.053
6741,0.0
6742,384346.652
6743,447646.814
6744,456560.257
6745,376495.088
6746,347066.758
6747,330818.326
6748,325277.489
6749,318988.253
6750,304972.081
6751,1473970.176
6752,1283848.659
6753,3688586.105
6754,3973577.582
6755,4233983.967
6756,4343436.83
6757,4060835.748
6758,4577652.405
6759,4823578.259
6760,4761546.199
6761,4823251.782
6762,4134475.035
6763,1556603.72
6764,1476219.571
6765,0.0
6766,323229.407
6767,402409.359
6768,415332.691
6769,343038.077
6770,316242.355
6771,294775.121
6772,285714.534
6773,271134.8
6774,257454.388
6775,1499210.588
6776,1244108.398
6777,3621931.406
6778,4111371.558
6779,4337301.626
6780,4487728.05
6781,4162743.015
6782,4835375.741
6783,5015827.882
6784,4908907.226
6785,4864547.48
6786,4130559.919
6787,1538181.709
6788,1441504.032
6789,0.0
6790,290537.249
6791,374421.698
6792,377588.229
6793,296862.888
6794,281347.63
6795,273655.048
6796,260699.042
6797,254088.069
6798,253260.009
6799,1569146.104
6800,1345624.938
6801,3847550.713
6802,4285564.888
6803,4596644.457
6804,4699854.567
6805,4365072.127
6806,5048830.257
6807,5287359.703
6808,5344563.027
6809,5161765.503
6810,4336879.647
6811,1652535.997
6812,1579979.665
6813,63206.968
6814,435147.23
6815,469121.689
6816,469262.541
6817,393852.487
6818,376472.485
6819,368379.361
6820,368308.767
6821,365010.523
6822,360231.621
6823,1642232.994
6824,1401518.693
6825,3985441.943
6826,4486531.811
6827,4767830.388
6828,4884415.007
6829,4481016.647
6830,5295945.846
6831,5415874.645
6832,5378966.257
6833,5384892.847
6834,4606483.509
6835,1771636.548
6836,1689511.49
6837,90716.353
6838,498497.785
6839,538255.273
6840,484133.431
6841,382381.407
6842,366914.427
6843,292894.897
6844,231928.202
6845,192591.105
6846,166058.584
6847,233863.873
6848,349417.883
6849,2572142.897
6850,2481347.08
6851,2589329.516
6852,2637585.433
6853,2767063.164
6854,2933282.237
6855,3070746.093
6856,2916496.005
6857,2854533.734
6858,2458708.431
6859,138680.485
6860,372738.145
6861,388765.266
6862,393721.225
6863,387999.002
6864,371539.436
6865,284618.342
6866,253561.029
6867,237909.936
6868,225015.214
6869,221868.649
6870,204684.327
6871,207928.85
6872,228246.481
6873,364402.553
6874,573500.519
6875,843493.122
6876,1336942.106
6877,1302826.446
6878,1660577.647
6879,1838842.886
6880,1830579.948
6881,1396845.91
6882,781569.026
6883,254750.339
6884,205914.456
6885,190679.44
6886,197585.712
6887,190754.358
6888,180586.148
6889,182724.174
6890,195161.77
6891,193662.316
6892,179418.94
6893,159126.511
6894,143783.466
6895,1633919.978
6896,1027511.603
6897,2833232.441
6898,3239119.702
6899,3709751.038
6900,3938448.742
6901,3663577.133
6902,4160170.344
6903,4282935.281
6904,4351507.533
6905,4285640.13
6906,3481426.191
6907,1294768.753
6908,1159597.791
6909,0.0
6910,167200.575
6911,278286.304
6912,285665.041
6913,220163.894
6914,197841.643
6915,173946.464
6916,144164.966
6917,110774.461
6918,83057.096
6919,1423510.524
6920,919814.443
6921,2618795.223
6922,3168184.851
6923,3611895.281
6924,3764587.233
6925,3502252.266
6926,4019541.147
6927,4147742.289
6928,4126868.182
6929,3953986.908
6930,3135950.895
6931,1175562.965
6932,1028724.196
6933,0.0
6934,84288.222
6935,187687.092
6936,200452.202
6937,138652.797
6938,126238.215
6939,115746.626
6940,97223.724
6941,67289.671
6942,46579.409
6943,1487807.687
6944,992034.81
6945,2810674.334
6946,3150601.865
6947,3542611.733
6948,3780107.012
6949,3491133.484
6950,3999173.44
6951,4166404.975
6952,4203617.406
6953,4154720.702
6954,3356284.762
6955,1221350.117
6956,1075646.223
6957,0.0
6958,118265.865
6959,228102.314
6960,249963.936
6961,190753.218
6962,162379.426
6963,151070.936
6964,144319.349
6965,130366.033
6966,106893.209
6967,1497428.195
6968,900665.999
6969,2471739.592
6970,2971182.602
6971,3542591.686
6972,3655703.67
6973,3446392.612
6974,3972682.832
6975,4157629.472
6976,4203664.784
6977,4156440.389
6978,3357324.789
6979,1252508.561
6980,1105013.911
6981,0.0
6982,80600.591
6983,194731.358
6984,212973.26
6985,152011.846
6986,127936.05
6987,113426.537
6988,108112.112
6989,95017.58
6990,70486.444
6991,1486722.772
6992,948813.272
6993,2739074.496
6994,3096613.025
6995,3465073.695
6996,3733589.982
6997,3852110.839
6998,4292976.301
6999,4416702.641
7000,4476101.818
7001,4453113.985
7002,3448854.474
7003,1198728.764
7004,1048220.848
7005,0.0
7006,91445.834
7007,203859.978
7008,220127.091
7009,152309.174
7010,134769.583
7011,132745.906
7012,132885.244
7013,116168.236
7014,100135.758
7015,104231.705
7016,234859.789
7017,2188905.439
7018,2192236.432
7019,2607007.749
7020,2806536.981
7021,2785087.427
7022,2888579.662
7023,3050201.925
7024,3064618.956
7025,2979421.218
7026,2179758.117
7027,0.0
7028,90751.853
7029,139788.219
7030,150674.504
7031,141947.779
7032,132020.541
7033,57618.901
7034,18908.14
7035,1388.464
7036,0.0
7037,0.0
7038,0.0
7039,0.0
7040,82238.097
7041,753486.319
7042,1284744.89
7043,1655606.748
7044,1658694.34
7045,1659671.52
7046,1832669.496
7047,1930854.223
7048,1902479.903
7049,1787949.533
7050,1050143.965
7051,174188.769
7052,78784.411
7053,48296.127
7054,38925.302
7055,19678.71
7056,5301.837
7057,3178.454
7058,0.0
7059,0.0
7060,0.0
7061,0.0
7062,0.0
7063,1076184.825
7064,790787.201
7065,2421091.11
7066,2988396.298
7067,3508277.721
7068,3752783.264
7069,3523761.978
7070,3913592.376
7071,4015321.149
7072,3937480.71
7073,3817901.022
7074,3005407.002
7075,1036934.108
7076,891176.955
7077,0.0
7078,0.0
7079,31143.487
7080,87916.23
7081,42567.177
7082,25968.701
7083,14218.947
7084,12506.842
7085,5007.522
7086,0.0
7087,1259877.733
7088,842535.273
7089,2626737.071
7090,3103157.107
7091,3545156.98
7092,3835296.443
7093,3775863.769
7094,4202746.597
7095,4393711.455
7096,4376519.66
7097,4208725.661
7098,3330259.416
7099,1154263.869
7100,1012973.06
7101,0.0
7102,63416.354
7103,194197.059
7104,219216.694
7105,159997.537
7106,139597.074
7107,124899.355
7108,119677.448
7109,112657.396
7110,92662.86
7111,1537814.05
7112,952566.775
7113,2685327.443
7114,3031389.885
7115,3194779.46
7116,3528116.16
7117,3689043.604
7118,4259330.297
7119,4481839.84
7120,4398342.505
7121,4261612.878
7122,3351434.663
7123,1204949.153
7124,1084273.736
7125,0.0
7126,120449.335
7127,243607.777
7128,262982.017
7129,190863.593
7130,158998.519
7131,137922.414
7132,125946.452
7133,117277.377
7134,101596.55
7135,1565138.682
7136,992761.878
7137,2936624.455
7138,3375810.078
7139,3672617.102
7140,3839888.624
7141,3722886.151
7142,4150652.949
7143,4400203.843
7144,4456154.851
7145,4278040.979
7146,3424225.856
7147,1221968.306
7148,1134212.502
7149,0.0
7150,110103.586
7151,230858.906
7152,244363.701
7153,179268.533
7154,158919.107
7155,141244.821
7156,129272.55
7157,129480.125
7158,127151.651
7159,1615767.671
7160,1026405.555
7161,3005731.134
7162,3475712.664
7163,3780120.483
7164,3908517.227
7165,3878242.496
7166,4204882.85
7167,4179029.314
7168,4147489.3
7169,3738796.657
7170,3195269.535
7171,1190419.166
7172,1102022.742
7173,0.0
7174,76839.084
7175,195069.278
7176,209081.469
7177,144110.203
7178,113595.155
7179,88687.707
7180,70291.178
7181,35161.412
7182,6959.193
7183,180.833
7184,118666.934
7185,2039347.386
7186,2183617.314
7187,2537682.549
7188,2743444.768
7189,2777110.526
7190,2963890.236
7191,3121268.658
7192,3160060.014
7193,2876865.797
7194,2382672.332
7195,0.0
7196,177927.039
7197,210551.21
7198,229823.82
7199,238679.132
7200,232103.182
7201,154892.278
7202,125997.182
7203,110489.449
7204,81439.879
7205,51399.698
7206,47706.59
7207,54522.005
7208,185255.183
7209,707009.982
7210,1257888.272
7211,1626143.916
7212,1770360.247
7213,1772530.892
7214,1971747.35
7215,1896394.162
7216,1740439.822
7217,1320732.072
7218,558736.503
7219,164248.549
7220,60728.339
7221,5721.427
7222,0.0
7223,0.0
7224,0.0
7225,0.0
7226,0.0
7227,0.0
7228,0.0
7229,0.0
7230,0.0
7231,235339.894
7232,392615.849
7233,1690677.94
7234,2454217.557
7235,2747050.715
7236,3011505.135
7237,3028322.959
7238,3427828.134
7239,3320573.272
7240,2913962.477
7241,2554594.759
7242,2142869.006
7243,1003233.631
7244,867345.34
7245,0.0
7246,0.0
7247,8164.773
7248,23669.999
7249,0.0
7250,0.0
7251,0.0
7252,0.0
7253,0.0
7254,0.0
7255,436681.136
7256,498316.175
7257,1795200.849
7258,2245203.846
7259,2643410.126
7260,2959743.969
7261,2962630.66
7262,3413058.789
7263,3552125.152
7264,3365532.501
7265,3061490.349
7266,2364832.839
7267,988923.488
7268,933322.031
7269,0.0
7270,0.0
7271,108876.16
7272,57257.957
7273,0.0
7274,0.0
7275,0.0
7276,0.0
7277,0.0
7278,0.0
7279,797687.285
7280,663948.195
7281,1737593.315
7282,2253405.936
7283,2718177.686
7284,3007467.405
7285,2792142.56
7286,3199345.338
7287,3403614.888
7288,3527856.939
7289,3299333.415
7290,2541824.948
7291,1087066.171
7292,949940.23
7293,0.0
7294,0.0
7295,134085.309
7296,168091.091
7297,110370.039
7298,82883.788
7299,64779.518
7300,64682.802
7301,48809.163
7302,22135.676
7303,1558557.073
7304,928829.482
7305,2691631.712
7306,3092303.828
7307,3450171.749
7308,3953329.33
7309,4047080.973
7310,4515485.282
7311,4697876.122
7312,4674589.855
7313,4261395.983
7314,2932371.028
7315,1177588.245
7316,1112774.037
7317,0.0
7318,62094.994
7319,187186.113
7320,203451.504
7321,127280.337
7322,90802.31
7323,64178.303
7324,47412.618
7325,17663.34
7326,2570.94
7327,1428218.305
7328,893839.672
7329,2640084.013
7330,3183499.461
7331,3738843.903
7332,3938696.82
7333,3653657.409
7334,4193790.644
7335,4390423.346
7336,4406822.453
7337,4128220.403
7338,2840392.956
7339,1101892.55
7340,969446.319
7341,0.0
7342,0.0
7343,132434.973
7344,147091.449
7345,69132.381
7346,26690.886
7347,5402.963
7348,0.0
7349,0.0
7350,0.0
7351,0.0
7352,103350.891
7353,2453465.065
7354,2463203.201
7355,2854655.438
7356,2901388.37
7357,2894832.922
7358,3093467.252
7359,3236862.013
7360,3232471.262
7361,2962122.002
7362,1921338.859
7363,0.0
7364,165981.232
7365,188719.127
7366,202400.818
7367,203925.384
7368,196399.236
7369,126763.615
7370,93126.188
7371,53399.337
7372,27413.477
7373,3068.633
7374,0.0
7375,0.0
7376,3075.552
7377,545205.05
7378,1146198.15
7379,1376973.353
7380,1467748.737
7381,1606474.431
7382,1830040.469
7383,1989057.045
7384,2031471.317
7385,1697696.641
7386,730256.723
7387,189367.501
7388,112347.167
7389,77943.63
7390,52225.99
7391,26672.89
7392,6638.13
7393,0.0
7394,0.0
7395,0.0
7396,0.0
7397,0.0
7398,0.0
7399,468700.48
7400,527174.234
7401,1883674.015
7402,2394699.605
7403,2707465.206
7404,2881278.605
7405,2929949.438
7406,3298935.735
7407,3483475.086
7408,3543444.24
7409,3200527.884
7410,2196525.76
7411,851484.767
7412,782413.951
7413,0.0
7414,0.0
7415,0.0
7416,0.0
7417,0.0
7418,0.0
7419,0.0
7420,0.0
7421,0.0
7422,0.0
7423,523418.595
7424,551272.473
7425,1950212.866
7426,2694013.918
7427,2898928.247
7428,2997857.344
7429,2981918.405
7430,3341506.891
7431,3555991.614
7432,3631212.001
7433,3334192.334
7434,2317475.569
7435,875780.912
7436,781210.803
7437,0.0
7438,0.0
7439,0.0
7440,0.0
7441,0.0
7442,0.0
7443,0.0
7444,0.0
7445,0.0
7446,0.0
7447,482123.927
7448,534269.475
7449,1903036.522
7450,2513612.081
7451,2664858.603
7452,2842289.468
7453,2893122.447
7454,3264775.062
7455,3468952.417
7456,3533287.647
7457,3227157.476
7458,2222365.652
7459,840494.791
7460,731030.332
7461,0.0
7462,0.0
7463,0.0
7464,0.0
7465,0.0
7466,0.0
7467,0.0
7468,0.0
7469,0.0
7470,0.0
7471,270312.374
7472,357922.683
7473,1474617.26
7474,2074418.384
7475,2479696.423
7476,2717415.525
7477,2817469.991
7478,3220813.61
7479,3457737.911
7480,3522544.069
7481,3153545.288
7482,2149407.732
7483,818048.054
7484,720248.563
7485,0.0
7486,0.0
7487,0.0
7488,0.0
7489,0.0
7490,0.0
7491,0.0
7492,0.0
7493,0.0
7494,0.0
7495,278721.734
7496,392478.891
7497,1704572.204
7498,2251741.747
7499,2633971.717
7500,2830356.724
7501,2840243.953
7502,3232192.259
7503,3430384.33
7504,3496445.765
7505,3179162.569
7506,2192264.243
7507,777280.949
7508,674329.81
7509,0.0
7510,0.0
7511,0.0
7512,0.0
7513,0.0
7514,0.0
7515,0.0
7516,0.0
7517,0.0
7518,0.0
7519,0.0
7520,0.0
7521,1018654.744
7522,1863445.108
7523,2111753.347
7524,2164148.821
7525,2273894.734
7526,2474721.935
7527,2627565.798
7528,2673243.444
7529,2332964.661
7530,1370487.847
7531,0.0
7532,0.0
7533,0.0
7534,0.0
7535,0.0
7536,0.0
7537,0.0
7538,0.0
7539,0.0
7540,0.0
7541,0.0
7542,0.0
7543,0.0
7544,0.0
7545,0.0
7546,948183.85
7547,1525783.873
7548,1535869.016
7549,1584281.411
7550,1765154.227
7551,1892085.641
7552,1909250.994
7553,1540384.4
7554,613094.841
7555,20312.053
7556,0.0
7557,0.0
7558,0.0
7559,0.0
7560,0.0
7561,0.0
7562,0.0
7563,0.0
7564,0.0
7565,0.0
7566,0.0
7567,633722.916
7568,660790.07
7569,2228038.811
7570,2751481.097
7571,3126102.289
7572,3294391.577
7573,3271107.984
7574,3343325.19
7575,3412160.526
7576,3299517.165
7577,3115717.41
7578,2587559.164
7579,959556.015
7580,844534.697
7581,0.0
7582,0.0
7583,0.0
7584,0.0
7585,0.0
7586,0.0
7587,0.0
7588,0.0
7589,0.0
7590,0.0
7591,599705.933
7592,641294.402
7593,2267981.953
7594,2794243.252
7595,3385117.283
7596,3694655.353
7597,3504189.113
7598,3983469.605
7599,4140596.799
7600,4063140.642
7601,3750474.124
7602,2571449.286
7603,962402.023
7604,831095.158
7605,0.0
7606,0.0
7607,0.0
7608,6005.766
7609,3524.09
7610,0.0
7611,0.0
7612,0.0
7613,0.0
7614,0.0
7615,350102.009
7616,396526.706
7617,1665534.568
7618,2282937.668
7619,2675121.191
7620,2879503.292
7621,2918620.993
7622,3343452.019
7623,3533473.314
7624,3481338.637
7625,3157411.0
7626,2300355.265
7627,862110.96
7628,735333.973
7629,0.0
7630,0.0
7631,0.0
7632,0.0
7633,0.0
7634,0.0
7635,0.0
7636,0.0
7637,0.0
7638,0.0
7639,316478.716
7640,408858.07
7641,1689408.681
7642,2527069.622
7643,2875466.977
7644,2990492.507
7645,2958786.471
7646,3345942.699
7647,3512821.065
7648,3538477.993
7649,3157152.92
7650,2163428.356
7651,732532.192
7652,604274.463
7653,0.0
7654,0.0
7655,0.0
7656,0.0
7657,0.0
7658,0.0
7659,0.0
7660,0.0
7661,0.0
7662,0.0
7663,271838.836
7664,465468.536
7665,1925719.493
7666,2449505.64
7667,3096073.751
7668,3388448.028
7669,3231626.497
7670,3681826.365
7671,3824391.839
7672,3875997.24
7673,3488937.31
7674,2364114.768
7675,774313.337
7676,604799.722
7677,0.0
7678,0.0
7679,0.0
7680,0.0
7681,0.0
7682,0.0
7683,0.0
7684,0.0
7685,0.0
7686,0.0
7687,0.0
7688,0.0
7689,1375221.416
7690,2062914.339
7691,2580952.276
7692,2901806.897
7693,2900058.721
7694,3070148.126
7695,3253341.439
7696,3326127.497
7697,2887315.838
7698,1445043.626
7699,0.0
7700,0.0
7701,0.0
7702,0.0
7703,0.0
7704,0.0
7705,0.0
7706,0.0
7707,0.0
7708,0.0
7709,0.0
7710,0.0
7711,0.0
7712,0.0
7713,0.0
7714,1115489.37
7715,1757738.733
7716,1992162.29
7717,1926265.004
7718,2062285.928
7719,2185834.326
7720,2216473.516
7721,1770631.403
7722,544764.717
7723,119004.704
7724,4138.138
7725,0.0
7726,0.0
7727,0.0
7728,0.0
7729,0.0
7730,0.0
7731,0.0
7732,0.0
7733,0.0
7734,0.0
7735,0.0
7736,0.0
7737,603753.665
7738,1447455.356
7739,1928230.958
7740,2235828.114
7741,2449027.926
7742,2812739.94
7743,3057280.721
7744,3081005.046
7745,2737558.804
7746,1559878.604
7747,589632.816
7748,491201.361
7749,0.0
7750,0.0
7751,0.0
7752,0.0
7753,0.0
7754,0.0
7755,0.0
7756,0.0
7757,0.0
7758,0.0
7759,0.0
7760,0.0
7761,991735.205
7762,1695425.689
7763,2128630.257
7764,2391127.831
7765,2515675.224
7766,2794464.903
7767,3032822.995
7768,3098008.838
7769,2704730.72
7770,1495236.578
7771,587625.689
7772,520510.604
7773,0.0
7774,0.0
7775,0.0
7776,0.0
7777,0.0
7778,0.0
7779,0.0
7780,0.0
7781,0.0
7782,0.0
7783,0.0
7784,134698.845
7785,1437628.512
7786,2075433.458
7787,2312182.318
7788,2482074.545
7789,2609096.464
7790,2923270.835
7791,3155974.892
7792,3259026.165
7793,2877966.94
7794,1652523.186
7795,665814.986
7796,582670.052
7797,0.0
7798,0.0
7799,0.0
7800,0.0
7801,0.0
7802,0.0
7803,0.0
7804,0.0
7805,0.0
7806,0.0
7807,0.0
7808,173478.599
7809,1461029.395
7810,2051015.159
7811,2460275.863
7812,2735011.56
7813,2837988.937
7814,3239009.168
7815,3487406.893
7816,3553465.389
7817,3170225.117
7818,1878565.796
7819,715982.955
7820,614885.735
7821,0.0
7822,0.0
7823,0.0
7824,0.0
7825,0.0
7826,0.0
7827,0.0
7828,0.0
7829,0.0
7830,0.0
7831,195882.809
7832,433593.973
7833,1931469.509
7834,2530690.01
7835,3285496.952
7836,3724804.247
7837,3532831.529
7838,3989716.671
7839,4159566.038
7840,4222104.733
7841,3758494.107
7842,2245389.986
7843,860983.619
7844,740875.771
7845,0.0
7846,0.0
7847,0.0
7848,0.0
7849,0.0
7850,0.0
7851,0.0
7852,0.0
7853,0.0
7854,0.0
7855,0.0
7856,0.0
7857,1019681.881
7858,1735050.603
7859,2295863.32
7860,2824208.419
7861,2881334.989
7862,3052540.7
7863,3200595.841
7864,3232541.288
7865,2781341.577
7866,1435020.529
7867,0.0
7868,0.0
7869,0.0
7870,0.0
7871,0.0
7872,0.0
7873,0.0
7874,0.0
7875,0.0
7876,0.0
7877,0.0
7878,0.0
7879,0.0
7880,0.0
7881,0.0
7882,300919.784
7883,860543.754
7884,1418066.922
7885,1797355.62
7886,1789786.907
7887,1641583.592
7888,2059553.218
7889,1650112.228
7890,428067.698
7891,42881.816
7892,0.0
7893,0.0
7894,0.0
7895,0.0
7896,0.0
7897,0.0
7898,0.0
7899,0.0
7900,0.0
7901,0.0
7902,0.0
7903,220747.735
7904,273609.403
7905,1193902.349
7906,1625649.624
7907,1875467.627
7908,2149038.13
7909,2180736.657
7910,2593483.63
7911,2808704.713
7912,3252041.55
7913,3100018.707
7914,1940607.482
7915,765021.029
7916,636819.731
7917,0.0
7918,0.0
7919,0.0
7920,0.0
7921,0.0
7922,0.0
7923,0.0
7924,0.0
7925,0.0
7926,0.0
7927,322376.821
7928,403091.061
7929,1723285.171
7930,2505987.446
7931,3082105.45
7932,3214466.719
7933,3132461.237
7934,3578740.247
7935,3856367.557
7936,3924216.194
7937,3482181.145
7938,2083974.672
7939,780234.169
7940,648241.116
7941,0.0
7942,0.0
7943,0.0
7944,0.0
7945,0.0
7946,0.0
7947,0.0
7948,0.0
7949,0.0
7950,0.0
7951,0.0
7952,0.0
7953,422356.839
7954,1170888.016
7955,1684803.468
7956,1978679.785
7957,2214320.166
7958,2457016.057
7959,2684769.674
7960,2799653.654
7961,2418152.272
7962,1257614.773
7963,415012.115
7964,280718.27
7965,0.0
7966,0.0
7967,0.0
7968,0.0
7969,0.0
7970,0.0
7971,0.0
7972,0.0
7973,0.0
7974,0.0
7975,0.0
7976,0.0
7977,295899.41
7978,1226399.023
7979,1779818.128
7980,2061164.341
7981,2273145.747
7982,2551211.415
7983,2705966.003
7984,2839279.742
7985,2462439.507
7986,1285231.862
7987,414948.599
7988,336545.54
7989,0.0
7990,0.0
7991,0.0
7992,0.0
7993,0.0
7994,0.0
7995,0.0
7996,0.0
7997,0.0
7998,0.0
7999,0.0
8000,0.0
8001,774607.411
8002,1723917.043
8003,2119704.972
8004,2335907.255
8005,2465083.218
8006,2759934.558
8007,3015942.583
8008,3125526.784
8009,2750370.43
8010,1508053.129
8011,516128.923
8012,411917.342
8013,0.0
8014,0.0
8015,0.0
8016,0.0
8017,0.0
8018,0.0
8019,0.0
8020,0.0
8021,0.0
8022,0.0
8023,0.0
8024,0.0
8025,313986.22
8026,1503137.595
8027,1953271.298
8028,2078495.04
8029,2247040.962
8030,2493188.046
8031,2662480.943
8032,2783492.714
8033,2370070.012
8034,1143162.852
8035,0.0
8036,0.0
8037,0.0
8038,0.0
8039,0.0
8040,0.0
8041,0.0
8042,0.0
8043,0.0
8044,0.0
8045,0.0
8046,0.0
8047,0.0
8048,0.0
8049,0.0
8050,0.0
8051,200502.089
8052,759040.973
8053,979042.294
8054,1248357.383
8055,1462452.805
8056,1528142.029
8057,1156495.978
8058,164694.683
8059,0.0
8060,0.0
8061,0.0
8062,0.0
8063,0.0
8064,0.0
8065,0.0
8066,0.0
8067,0.0
8068,0.0
8069,0.0
8070,0.0
8071,0.0
8072,0.0
8073,0.0
8074,486541.925
8075,1166032.503
8076,1506625.74
8077,1815001.303
8078,2043399.634
8079,2278835.981
8080,2382870.387
8081,2001096.326
8082,837323.999
8083,167968.871
8084,64626.724
8085,0.0
8086,0.0
8087,0.0
8088,0.0
8089,0.0
8090,0.0
8091,0.0
8092,0.0
8093,0.0
8094,0.0
8095,0.0
8096,0.0
8097,0.0
8098,487451.694
8099,1185777.282
8100,1437974.136
8101,1766510.407
8102,2050587.372
8103,2204745.426
8104,2289412.673
8105,1960394.364
8106,967209.733
8107,317887.59
8108,251382.035
8109,0.0
8110,0.0
8111,0.0
8112,0.0
8113,0.0
8114,0.0
8115,0.0
8116,0.0
8117,0.0
8118,0.0
8119,0.0
8120,0.0
8121,0.0
8122,206601.825
8123,281918.416
8124,369504.582
8125,446204.579
8126,307702.643
8127,341871.922
8128,376673.168
8129,303713.505
8130,96501.673
8131,6555.392
8132,0.0
8133,0.0
8134,0.0
8135,0.0
8136,0.0
8137,0.0
8138,0.0
8139,0.0
8140,0.0
8141,0.0
8142,0.0
8143,0.0
8144,0.0
8145,0.0
8146,43033.687
8147,350695.745
8148,690376.877
8149,1104360.862
8150,1334977.194
8151,1710268.335
8152,1994386.997
8153,1899952.155
8154,851594.331
8155,171279.077
8156,55752.897
8157,0.0
8158,0.0
8159,0.0
8160,0.0
8161,0.0
8162,0.0
8163,0.0
8164,0.0
8165,0.0
8166,0.0
8167,0.0
8168,0.0
8169,0.0
8170,429955.026
8171,1185845.438
8172,1567061.639
8173,1889390.679
8174,2155729.071
8175,2434931.256
8176,2568819.876
8177,2198668.262
8178,980135.651
8179,191838.898
8180,76179.296
8181,0.0
8182,0.0
8183,0.0
8184,0.0
8185,0.0
8186,0.0
8187,0.0
8188,0.0
8189,0.0
8190,0.0
8191,0.0
8192,0.0
8193,0.0
8194,142713.353
8195,976410.127
8196,1309955.295
8197,1507355.881
8198,1774700.48
8199,1997014.22
8200,2099204.258
8201,1713276.544
8202,515242.919
8203,0.0
8204,0.0
8205,0.0
8206,0.0
8207,0.0
8208,0.0
8209,0.0
8210,0.0
8211,0.0
8212,0.0
8213,0.0
8214,0.0
8215,0.0
8216,0.0
8217,0.0
8218,0.0
8219,264529.949
8220,893045.798
8221,1121553.485
8222,1323065.715
8223,1459423.056
8224,1378492.616
8225,1139109.727
8226,200129.828
8227,0.0
8228,0.0
8229,0.0
8230,0.0
8231,0.0
8232,0.0
8233,0.0
8234,0.0
8235,0.0
8236,0.0
8237,0.0
8238,0.0
8239,0.0
8240,0.0
8241,175056.891
8242,1260431.679
8243,1699950.869
8244,1938041.1
8245,2119268.036
8246,2172056.231
8247,2314893.962
8248,2373779.46
8249,2010573.965
8250,1036538.539
8251,278657.578
8252,136086.24
8253,0.0
8254,0.0
8255,0.0
8256,0.0
8257,0.0
8258,0.0
8259,0.0
8260,0.0
8261,0.0
8262,0.0
8263,0.0
8264,0.0
8265,236506.767
8266,1439228.104
8267,1757973.986
8268,2053618.217
8269,2265293.365
8270,2558826.655
8271,2783499.52
8272,2840972.031
8273,2406700.895
8274,1155179.101
8275,344001.536
8276,260944.697
8277,0.0
8278,0.0
8279,0.0
8280,0.0
8281,0.0
8282,0.0
8283,0.0
8284,0.0
8285,0.0
8286,0.0
8287,0.0
8288,0.0
8289,417139.407
8290,1301778.236
8291,1741096.207
8292,2027614.858
8293,2191502.525
8294,2526535.289
8295,2767656.03
8296,2497772.017
8297,2112593.582
8298,1283570.281
8299,449987.072
8300,355850.726
8301,0.0
8302,0.0
8303,0.0
8304,0.0
8305,0.0
8306,0.0
8307,0.0
8308,0.0
8309,0.0
8310,0.0
8311,0.0
8312,0.0
8313,715672.753
8314,1474776.375
8315,1972314.544
8316,2376308.027
8317,2521438.055
8318,2871033.17
8319,3131454.152
8320,3211520.405
8321,2832818.713
8322,1576205.385
8323,447567.662
8324,279787.156
8325,0.0
8326,0.0
8327,0.0
8328,0.0
8329,0.0
8330,0.0
8331,0.0
8332,0.0
8333,0.0
8334,0.0
8335,0.0
8336,0.0
8337,705147.035
8338,1827492.844
8339,2332720.535
8340,2540242.786
8341,2606156.213
8342,2876992.253
8343,3080317.335
8344,3161147.067
8345,2761921.744
8346,1502305.285
8347,423808.381
8348,270945.839
8349,0.0
8350,0.0
8351,0.0
8352,0.0
8353,0.0
8354,0.0
8355,0.0
8356,0.0
8357,0.0
8358,0.0
8359,0.0
8360,0.0
8361,0.0
8362,672783.254
8363,1319540.339
8364,1667229.875
8365,1879465.291
8366,1915256.009
8367,1831583.036
8368,1838467.628
8369,1633009.697
8370,853792.428
8371,0.0
8372,0.0
8373,0.0
8374,0.0
8375,0.0
8376,0.0
8377,0.0
8378,0.0
8379,0.0
8380,0.0
8381,0.0
8382,0.0
8383,0.0
8384,0.0
8385,0.0
8386,0.0
8387,903661.738
8388,1434145.427
8389,1611970.386
8390,1683784.853
8391,1769812.555
8392,1828644.836
8393,1515797.144
8394,339697.584
8395,0.0
8396,0.0
8397,0.0
8398,0.0
8399,0.0
8400,0.0
8401,0.0
8402,0.0
8403,0.0
8404,0.0
8405,0.0
8406,0.0
8407,279776.042
8408,407690.04
8409,1477629.107
8410,1800605.062
8411,2288411.514
8412,2777115.971
8413,3041593.839
8414,3403727.775
8415,3445519.193
8416,3274583.68
8417,2890949.278
8418,2011742.934
8419,785222.102
8420,691063.483
8421,0.0
8422,0.0
8423,0.0
8424,0.0
8425,0.0
8426,0.0
8427,0.0
8428,0.0
8429,0.0
8430,0.0
8431,14754.367
8432,378658.184
8433,1873909.961
8434,2577088.414
8435,3132969.543
8436,3618957.179
8437,3808731.182
8438,4149167.652
8439,4162156.14
8440,4112620.16
8441,3622427.565
8442,2174890.961
8443,795748.273
8444,680115.54
8445,0.0
8446,0.0
8447,0.0
8448,0.0
8449,0.0
8450,0.0
8451,0.0
8452,0.0
8453,0.0
8454,0.0
8455,0.0
8456,267844.387
8457,1274213.439
8458,1643647.562
8459,2022008.874
8460,2366609.551
8461,2711546.338
8462,2746124.878
8463,2989800.703
8464,2833433.618
8465,2540326.704
8466,1633712.141
8467,515785.195
8468,279547.355
8469,0.0
8470,0.0
8471,0.0
8472,0.0
8473,0.0
8474,0.0
8475,0.0
8476,0.0
8477,0.0
8478,0.0
8479,0.0
8480,0.0
8481,50633.668
8482,953494.578
8483,1599973.535
8484,1961665.247
8485,2152340.81
8486,2449727.49
8487,2692398.227
8488,2890434.23
8489,2410779.415
8490,1375257.683
8491,457580.48
8492,343213.629
8493,0.0
8494,0.0
8495,0.0
8496,0.0
8497,0.0
8498,0.0
8499,0.0
8500,0.0
8501,0.0
8502,0.0
8503,0.0
8504,0.0
8505,324656.618
8506,929445.846
8507,1441521.755
8508,1902852.997
8509,2011025.318
8510,2349709.722
8511,2663879.142
8512,2995522.927
8513,2677093.209
8514,1581195.848
8515,501528.166
8516,362679.737
8517,0.0
8518,0.0
8519,0.0
8520,0.0
8521,0.0
8522,0.0
8523,0.0
8524,0.0
8525,0.0
8526,0.0
8527,0.0
8528,0.0
8529,88616.444
8530,876197.736
8531,1425810.197
8532,1800251.993
8533,1994730.162
8534,2305155.72
8535,2576061.176
8536,2752446.283
8537,2387243.636
8538,1127650.781
8539,0.0
8540,0.0
8541,0.0
8542,0.0
8543,0.0
8544,0.0
8545,0.0
8546,0.0
8547,0.0
8548,0.0
8549,0.0
8550,0.0
8551,0.0
8552,0.0
8553,0.0
8554,0.0
8555,0.0
8556,778466.005
8557,1276946.761
8558,1310755.81
8559,1240043.317
8560,858597.306
8561,585964.15
8562,171241.66
8563,0.0
8564,0.0
8565,0.0
8566,0.0
8567,0.0
8568,0.0
8569,0.0
8570,0.0
8571,0.0
8572,0.0
8573,0.0
8574,0.0
8575,0.0
8576,178237.274
8577,1141392.494
8578,1527675.051
8579,2022227.121
8580,2521592.49
8581,2774061.094
8582,3094746.676
8583,3407225.759
8584,3664087.655
8585,3274347.476
8586,1763536.572
8587,534290.138
8588,407052.475
8589,0.0
8590,0.0
8591,0.0
8592,0.0
8593,0.0
8594,0.0
8595,0.0
8596,0.0
8597,0.0
8598,0.0
8599,0.0
8600,0.0
8601,1046872.795
8602,1508743.206
8603,1871359.323
8604,2362681.621
8605,2724085.352
8606,2967869.913
8607,3273841.028
8608,3265003.613
8609,2896227.419
8610,1593866.888
8611,492033.03
8612,356462.282
8613,0.0
8614,0.0
8615,0.0
8616,0.0
8617,0.0
8618,0.0
8619,0.0
8620,0.0
8621,0.0
8622,0.0
8623,0.0
8624,0.0
8625,1033985.4
8626,1887703.833
8627,2732535.14
8628,3284603.529
8629,3131387.699
8630,3479984.867
8631,3588713.031
8632,3462711.185
8633,3201308.94
8634,1874210.928
8635,643115.897
8636,452285.956
8637,0.0
8638,0.0
8639,0.0
8640,0.0
8641,0.0
8642,0.0
8643,0.0
8644,0.0
8645,0.0
8646,0.0
8647,0.0
8648,0.0
8649,0.0
8650,482886.109
8651,1145830.778
8652,1507483.764
8653,1826686.842
8654,2077431.016
8655,2359721.471
8656,2498718.161
8657,2199398.033
8658,1175188.747
8659,267777.894
8660,170634.678
8661,0.0
8662,0.0
8663,0.0
8664,0.0
8665,0.0
8666,0.0
8667,0.0
8668,0.0
8669,0.0
8670,0.0
8671,0.0
8672,0.0
8673,136754.942
8674,1146330.655
8675,1692845.292
8676,1963563.719
8677,2084658.549
8678,2278754.557
8679,2392461.615
8680,2594028.17
8681,2249641.488
8682,1330014.564
8683,294258.232
8684,180897.997
8685,0.0
8686,0.0
8687,0.0
8688,0.0
8689,0.0
8690,0.0
8691,0.0
8692,0.0
8693,0.0
8694,0.0
8695,0.0
8696,0.0
8697,0.0
8698,243625.428
8699,398983.136
8700,718775.904
8701,493320.749
8702,561889.475
8703,617483.51
8704,488158.071
8705,375902.101
8706,187532.189
8707,0.0
8708,0.0
8709,0.0
8710,0.0
8711,0.0
8712,0.0
8713,0.0
8714,0.0
8715,0.0
8716,0.0
8717,0.0
8718,0.0
8719,0.0
8720,0.0
8721,0.0
8722,0.0
8723,0.0
8724,0.0
8725,0.0
8726,0.0
8727,0.0
8728,0.0
8729,11709.811
8730,0.0
8731,0.0
8732,0.0
8733,0.0
8734,0.0
8735,0.0
8736,0.0
8737,0.0
8738,0.0
8739,0.0
8740,0.0
8741,0.0
8742,0.0
8743,0.0
8744,0.0
8745,947822.987
8746,1226994.278
8747,1590144.225
8748,1791780.912
8749,1945315.319
8750,2380887.856
8751,2376240.752
8752,1925903.562
8753,1772334.98
8754,1307100.145
8755,436291.114
8756,308506.615
8757,0.0
8758,0.0
8759,0.0
8760,0.0
