Hour,CoolingLoad_W
1,-0.000
2,-0.000
3,-0.000
4,-0.000
5,-0.000
6,-0.000
7,-0.000
8,-0.000
9,-0.000
10,-445653.868
11,-1261061.025
12,-1644303.945
13,-1792233.915
14,-2188628.255
15,-2408237.326
16,-2339312.646
17,-2253984.931
18,-1546218.452
19,-352146.361
20,-204167.589
21,-0.000
22,-0.000
23,-0.000
24,-0.000
25,-0.000
26,-0.000
27,-0.000
28,-0.000
29,-0.000
30,-0.000
31,-0.000
32,-0.000
33,-0.000
34,-641971.214
35,-1459885.101
36,-1948827.253
37,-2154822.926
38,-2529842.708
39,-2900895.449
40,-3002401.950
41,-2962056.592
42,-1916996.719
43,-433192.616
44,-228929.695
45,-0.000
46,-0.000
47,-0.000
48,-0.000
49,-0.000
50,-0.000
51,-0.000
52,-0.000
53,-0.000
54,-0.000
55,-0.000
56,-0.000
57,-0.000
58,-476251.077
59,-1734795.638
60,-2164687.832
61,-2352756.174
62,-2838614.478
63,-3193320.469
64,-3291628.647
65,-3219811.841
66,-2195356.892
67,-544918.351
68,-310905.919
69,-0.000
70,-0.000
71,-0.000
72,-0.000
73,-0.000
74,-0.000
75,-0.000
76,-0.000
77,-0.000
78,-0.000
79,-0.000
80,-0.000
81,-0.000
82,-477751.443
83,-1858023.863
84,-2613569.850
85,-2731391.784
86,-3286783.849
87,-3588693.116
88,-3590471.262
89,-3500436.239
90,-2443259.445
91,-661259.014
92,-416531.767
93,-0.000
94,-0.000
95,-0.000
96,-0.000
97,-0.000
98,-0.000
99,-0.000
100,-0.000
101,-0.000
102,-0.000
103,-0.000
104,-0.000
105,-101280.846
106,-1332627.879
107,-2416169.125
108,-2865626.393
109,-2773632.197
110,-3171665.144
111,-3053065.734
112,-2787659.964
113,-2853070.845
114,-2538009.505
115,-764347.607
116,-518330.262
117,-0.000
118,-0.000
119,-0.000
120,-0.000
121,-0.000
122,-0.000
123,-0.000
124,-0.000
125,-0.000
126,-0.000
127,-0.000
128,-0.000
129,-0.000
130,-500425.237
131,-1312694.807
132,-1548801.658
133,-1669620.610
134,-1999572.835
135,-2270457.654
136,-2245850.834
137,-2407056.569
138,-1491512.393
139,-0.000
140,-0.000
141,-0.000
142,-0.000
143,-0.000
144,-0.000
145,-0.000
146,-0.000
147,-0.000
148,-0.000
149,-0.000
150,-0.000
151,-0.000
152,-0.000
153,-0.000
154,-0.000
155,-0.000
156,-368347.548
157,-809887.796
158,-1015497.275
159,-1284407.678
160,-1356730.052
161,-1319277.140
162,-542475.739
163,-0.000
164,-0.000
165,-0.000
166,-0.000
167,-0.000
168,-0.000
169,-0.000
170,-0.000
171,-0.000
172,-0.000
173,-0.000
174,-0.000
175,-0.000
176,-0.000
177,-0.000
178,-276136.752
179,-1176852.294
180,-1612004.861
181,-1963002.898
182,-2407513.116
183,-2642181.374
184,-2474494.420
185,-2057331.785
186,-1454619.236
187,-385301.725
188,-202771.523
189,-0.000
190,-0.000
191,-0.000
192,-0.000
193,-0.000
194,-0.000
195,-0.000
196,-0.000
197,-0.000
198,-0.000
199,-0.000
200,-0.000
201,-0.000
202,-180495.251
203,-573284.117
204,-662971.687
205,-763818.467
206,-791122.975
207,-903633.482
208,-1238377.981
209,-1321946.004
210,-1006348.328
211,-115821.234
212,-0.000
213,-0.000
214,-0.000
215,-0.000
216,-0.000
217,-0.000
218,-0.000
219,-0.000
220,-0.000
221,-0.000
222,-0.000
223,-0.000
224,-0.000
225,-0.000
226,-0.000
227,-309901.442
228,-651301.227
229,-1115126.360
230,-1161225.643
231,-1213298.294
232,-1075837.651
233,-1060761.205
234,-836686.047
235,-148941.224
236,-10621.900
237,-0.000
238,-0.000
239,-0.000
240,-0.000
241,-0.000
242,-0.000
243,-0.000
244,-0.000
245,-0.000
246,-0.000
247,-0.000
248,-0.000
249,-0.000
250,-0.000
251,-773722.653
252,-1212556.833
253,-1554486.380
254,-1797094.195
255,-2003460.542
256,-2105708.701
257,-2051785.524
258,-1084015.825
259,-38921.082
260,-0.000
261,-0.000
262,-0.000
263,-0.000
264,-0.000
265,-0.000
266,-0.000
267,-0.000
268,-0.000
269,-0.000
270,-0.000
271,-0.000
272,-0.000
273,-0.000
274,-0.000
275,-403156.016
276,-888367.458
277,-1095403.771
278,-1133728.230
279,-1257408.460
280,-1319604.505
281,-1411556.182
282,-772914.857
283,-48103.588
284,-0.000
285,-0.000
286,-0.000
287,-0.000
288,-0.000
289,-0.000
290,-0.000
291,-0.000
292,-0.000
293,-0.000
294,-0.000
295,-0.000
296,-0.000
297,-0.000
298,-0.000
299,-0.000
300,-372653.070
301,-804416.513
302,-1215654.900
303,-1545599.889
304,-1649838.348
305,-1651303.989
306,-897198.591
307,-0.000
308,-0.000
309,-0.000
310,-0.000
311,-0.000
312,-0.000
313,-0.000
314,-0.000
315,-0.000
316,-0.000
317,-0.000
318,-0.000
319,-0.000
320,-0.000
321,-0.000
322,-0.000
323,-0.000
324,-0.000
325,-0.000
326,-0.000
327,-0.000
328,-0.000
329,-0.000
330,-0.000
331,-0.000
332,-0.000
333,-0.000
334,-0.000
335,-0.000
336,-0.000
337,-0.000
338,-0.000
339,-0.000
340,-0.000
341,-0.000
342,-0.000
343,-0.000
344,-0.000
345,-0.000
346,-27928.040
347,-492026.017
348,-720574.568
349,-1016522.007
350,-1369887.689
351,-1878520.292
352,-2174412.801
353,-1901408.696
354,-1492110.541
355,-493658.915
356,-325642.657
357,-0.000
358,-0.000
359,-0.000
360,-0.000
361,-0.000
362,-0.000
363,-0.000
364,-0.000
365,-0.000
366,-0.000
367,-0.000
368,-0.000
369,-87465.253
370,-1016349.996
371,-1749575.486
372,-2336901.547
373,-2422634.434
374,-2763698.685
375,-2496673.690
376,-2211139.950
377,-2033714.158
378,-1697532.789
379,-582753.856
380,-365340.197
381,-0.000
382,-0.000
383,-0.000
384,-0.000
385,-0.000
386,-0.000
387,-0.000
388,-0.000
389,-0.000
390,-0.000
391,-0.000
392,-0.000
393,-0.000
394,-487384.122
395,-900522.295
396,-1116565.270
397,-1314499.369
398,-1307857.668
399,-1214292.379
400,-793320.571
401,-563520.500
402,-407735.922
403,-48085.161
404,-0.000
405,-0.000
406,-0.000
407,-0.000
408,-0.000
409,-0.000
410,-0.000
411,-0.000
412,-0.000
413,-0.000
414,-0.000
415,-0.000
416,-0.000
417,-0.000
418,-0.000
419,-518969.810
420,-1115405.266
421,-1425269.037
422,-1558232.594
423,-1635331.650
424,-1115503.338
425,-974414.052
426,-767394.794
427,-141941.728
428,-12587.124
429,-0.000
430,-0.000
431,-0.000
432,-0.000
433,-0.000
434,-0.000
435,-0.000
436,-0.000
437,-0.000
438,-0.000
439,-0.000
440,-0.000
441,-0.000
442,-117677.622
443,-1120271.978
444,-1612938.659
445,-1933292.751
446,-2184470.104
447,-2368027.576
448,-2080172.839
449,-1710119.688
450,-1117762.286
451,-185071.468
452,-39131.134
453,-0.000
454,-0.000
455,-0.000
456,-0.000
457,-0.000
458,-0.000
459,-0.000
460,-0.000
461,-0.000
462,-0.000
463,-0.000
464,-0.000
465,-0.000
466,-0.000
467,-360655.968
468,-1078695.710
469,-1321344.709
470,-1687089.879
471,-1865231.630
472,-1888762.243
473,-2045313.963
474,-1273738.057
475,-0.000
476,-0.000
477,-0.000
478,-0.000
479,-0.000
480,-0.000
481,-0.000
482,-0.000
483,-0.000
484,-0.000
485,-0.000
486,-0.000
487,-0.000
488,-0.000
489,-0.000
490,-0.000
491,-0.000
492,-533016.047
493,-1021539.896
494,-1326401.045
495,-1491203.281
496,-1379168.614
497,-1124794.212
498,-607440.990
499,-0.000
500,-0.000
501,-0.000
502,-0.000
503,-0.000
504,-0.000
505,-0.000
506,-0.000
507,-0.000
508,-0.000
509,-0.000
510,-0.000
511,-0.000
512,-0.000
513,-344814.066
514,-839897.845
515,-1119826.858
516,-1640363.671
517,-1542172.663
518,-1463758.266
519,-1632739.439
520,-1815727.241
521,-1962001.973
522,-1773114.745
523,-526770.632
524,-366949.212
525,-0.000
526,-0.000
527,-0.000
528,-0.000
529,-0.000
530,-0.000
531,-0.000
532,-0.000
533,-0.000
534,-0.000
535,-0.000
536,-0.000
537,-665083.091
538,-962986.806
539,-1146833.976
540,-1242625.214
541,-1271314.265
542,-1404314.702
543,-1492597.808
544,-1743365.018
545,-1570827.394
546,-1521381.243
547,-620436.640
548,-517088.707
549,-0.000
550,-0.000
551,-0.000
552,-0.000
553,-0.000
554,-0.000
555,-0.000
556,-0.000
557,-0.000
558,-0.000
559,-0.000
560,-0.000
561,-260522.357
562,-625291.469
563,-885196.031
564,-1098855.795
565,-1571837.302
566,-1597752.423
567,-1653731.620
568,-1345888.140
569,-1238102.888
570,-927074.922
571,-291978.305
572,-164921.552
573,-0.000
574,-0.000
575,-0.000
576,-0.000
577,-0.000
578,-0.000
579,-0.000
580,-0.000
581,-0.000
582,-0.000
583,-0.000
584,-0.000
585,-0.000
586,-175007.993
587,-662273.738
588,-912880.432
589,-1178858.910
590,-1500052.066
591,-1740337.159
592,-1734618.558
593,-1642293.435
594,-1427412.573
595,-397900.275
596,-251626.040
597,-0.000
598,-0.000
599,-0.000
600,-0.000
601,-0.000
602,-0.000
603,-0.000
604,-0.000
605,-0.000
606,-0.000
607,-0.000
608,-0.000
609,-0.000
610,-798243.638
611,-1762132.567
612,-2073537.057
613,-2081704.417
614,-2078804.384
615,-2031303.851
616,-1874056.939
617,-1882130.740
618,-1632174.656
619,-609147.337
620,-413743.679
621,-0.000
622,-0.000
623,-0.000
624,-0.000
625,-0.000
626,-0.000
627,-0.000
628,-0.000
629,-0.000
630,-0.000
631,-0.000
632,-0.000
633,-0.000
634,-352542.907
635,-917220.108
636,-1322845.387
637,-1633264.552
638,-1962839.163
639,-2016755.404
640,-2017715.794
641,-2276453.868
642,-1933396.059
643,-0.000
644,-0.000
645,-0.000
646,-0.000
647,-0.000
648,-0.000
649,-0.000
650,-0.000
651,-0.000
652,-0.000
653,-0.000
654,-0.000
655,-0.000
656,-0.000
657,-0.000
658,-0.000
659,-0.000
660,-764401.071
661,-1010803.225
662,-1175313.740
663,-1075675.102
664,-382906.165
665,-176159.111
666,-7588.032
667,-0.000
668,-0.000
669,-0.000
670,-0.000
671,-0.000
672,-0.000
673,-0.000
674,-0.000
675,-0.000
676,-0.000
677,-0.000
678,-0.000
679,-0.000
680,-0.000
681,-0.000
682,-125154.811
683,-489001.561
684,-760422.996
685,-1132654.430
686,-1199577.658
687,-1296961.011
688,-855402.618
689,-506107.464
690,-246961.328
691,-5838.610
692,-0.000
693,-0.000
694,-0.000
695,-0.000
696,-0.000
697,-0.000
698,-0.000
699,-0.000
700,-0.000
701,-0.000
702,-0.000
703,-0.000
704,-0.000
705,-0.000
706,-0.000
707,-436164.309
708,-1005642.206
709,-1363716.573
710,-1576168.530
711,-1842005.962
712,-1968172.902
713,-1900884.159
714,-1188215.698
715,-24012.819
716,-0.000
717,-0.000
718,-0.000
719,-0.000
720,-0.000
721,-0.000
722,-0.000
723,-0.000
724,-0.000
725,-0.000
726,-0.000
727,-0.000
728,-0.000
729,-0.000
730,-0.000
731,-0.000
732,-62295.065
733,-580935.359
734,-750642.375
735,-927642.311
736,-647412.786
737,-123711.494
738,-0.000
739,-0.000
740,-0.000
741,-0.000
742,-0.000
743,-0.000
744,-0.000
745,-0.000
746,-0.000
747,-0.000
748,-0.000
749,-0.000
750,-0.000
751,-0.000
752,-0.000
753,-0.000
754,-0.000
755,-0.000
756,-0.000
757,-0.000
758,-0.000
759,-0.000
760,-0.000
761,-0.000
762,-0.000
763,-0.000
764,-0.000
765,-0.000
766,-0.000
767,-0.000
768,-0.000
769,-0.000
770,-0.000
771,-0.000
772,-0.000
773,-0.000
774,-0.000
775,-0.000
776,-0.000
777,-0.000
778,-0.000
779,-0.000
780,-0.000
781,-0.000
782,-0.000
783,-0.000
784,-0.000
785,-0.000
786,-0.000
787,-0.000
788,-0.000
789,-0.000
790,-0.000
791,-0.000
792,-0.000
793,-0.000
794,-0.000
795,-0.000
796,-0.000
797,-0.000
798,-0.000
799,-0.000
800,-0.000
801,-0.000
802,-0.000
803,-0.000
804,-0.000
805,-0.000
806,-0.000
807,-0.000
808,-0.000
809,-0.000
810,-0.000
811,-0.000
812,-0.000
813,-0.000
814,-0.000
815,-0.000
816,-0.000
817,-0.000
818,-0.000
819,-0.000
820,-0.000
821,-0.000
822,-0.000
823,-0.000
824,-0.000
825,-0.000
826,-0.000
827,-0.000
828,-0.000
829,-9943.815
830,-668042.868
831,-959093.807
832,-1017458.824
833,-1043726.558
834,-565237.276
835,-0.000
836,-0.000
837,-0.000
838,-0.000
839,-0.000
840,-0.000
841,-0.000
842,-0.000
843,-0.000
844,-0.000
845,-0.000
846,-0.000
847,-0.000
848,-0.000
849,-0.000
850,-0.000
851,-0.000
852,-282003.109
853,-766695.132
854,-826277.476
855,-972221.264
856,-857563.408
857,-732111.366
858,-616321.757
859,-26036.666
860,-0.000
861,-0.000
862,-0.000
863,-0.000
864,-0.000
865,-0.000
866,-0.000
867,-0.000
868,-0.000
869,-0.000
870,-0.000
871,-0.000
872,-0.000
873,-0.000
874,-0.000
875,-180652.788
876,-500061.311
877,-794225.949
878,-827622.865
879,-972535.937
880,-1072425.808
881,-758814.175
882,-429804.232
883,-29636.467
884,-0.000
885,-0.000
886,-0.000
887,-0.000
888,-0.000
889,-0.000
890,-0.000
891,-0.000
892,-0.000
893,-0.000
894,-0.000
895,-0.000
896,-0.000
897,-0.000
898,-0.000
899,-39803.920
900,-405050.186
901,-704066.422
902,-650718.176
903,-787348.785
904,-679966.915
905,-772250.703
906,-697601.644
907,-93912.055
908,-0.000
909,-0.000
910,-0.000
911,-0.000
912,-0.000
913,-0.000
914,-0.000
915,-0.000
916,-0.000
917,-0.000
918,-0.000
919,-0.000
920,-0.000
921,-0.000
922,-0.000
923,-0.000
924,-0.000
925,-192967.457
926,-84595.725
927,-103792.280
928,-139607.323
929,-138877.893
930,-5997.796
931,-0.000
932,-0.000
933,-0.000
934,-0.000
935,-0.000
936,-0.000
937,-0.000
938,-0.000
939,-0.000
940,-0.000
941,-0.000
942,-0.000
943,-0.000
944,-0.000
945,-0.000
946,-0.000
947,-0.000
948,-0.000
949,-119350.846
950,-154399.004
951,-165953.513
952,-123756.884
953,-90161.200
954,-0.000
955,-0.000
956,-0.000
957,-0.000
958,-0.000
959,-0.000
960,-0.000
961,-0.000
962,-0.000
963,-0.000
964,-0.000
965,-0.000
966,-0.000
967,-0.000
968,-0.000
969,-0.000
970,-0.000
971,-0.000
972,-161451.851
973,-590398.151
974,-790376.581
975,-1024316.697
976,-678842.722
977,-491917.697
978,-490158.064
979,-0.000
980,-0.000
981,-0.000
982,-0.000
983,-0.000
984,-0.000
985,-0.000
986,-0.000
987,-0.000
988,-0.000
989,-0.000
990,-0.000
991,-0.000
992,-0.000
993,-0.000
994,-0.000
995,-0.000
996,-0.000
997,-245851.802
998,-622476.389
999,-629083.685
1000,-741137.480
1001,-511441.449
1002,-395485.832
1003,-0.000
1004,-0.000
1005,-0.000
1006,-0.000
1007,-0.000
1008,-0.000
1009,-0.000
1010,-0.000
1011,-0.000
1012,-0.000
1013,-0.000
1014,-0.000
1015,-0.000
1016,-0.000
1017,-0.000
1018,-176790.424
1019,-904269.113
1020,-1250418.561
1021,-1478311.472
1022,-1831171.939
1023,-2101208.749
1024,-1826225.727
1025,-1319641.400
1026,-931284.430
1027,-302465.504
1028,-165598.185
1029,-0.000
1030,-0.000
1031,-0.000
1032,-0.000
1033,-0.000
1034,-0.000
1035,-0.000
1036,-0.000
1037,-0.000
1038,-0.000
1039,-0.000
1040,-0.000
1041,-0.000
1042,-0.000
1043,-67164.976
1044,-256143.387
1045,-434528.459
1046,-322529.761
1047,-237192.063
1048,-200087.910
1049,-121985.482
1050,-50953.014
1051,-1185.221
1052,-0.000
1053,-0.000
1054,-0.000
1055,-0.000
1056,-0.000
1057,-0.000
1058,-0.000
1059,-0.000
1060,-0.000
1061,-0.000
1062,-0.000
1063,-0.000
1064,-0.000
1065,-0.000
1066,-0.000
1067,-713439.141
1068,-1275209.029
1069,-1543001.480
1070,-1823785.333
1071,-2203809.910
1072,-2374788.563
1073,-2397531.490
1074,-1971157.820
1075,-287362.700
1076,-9962.398
1077,-0.000
1078,-0.000
1079,-0.000
1080,-0.000
1081,-0.000
1082,-0.000
1083,-0.000
1084,-0.000
1085,-0.000
1086,-0.000
1087,-0.000
1088,-0.000
1089,-0.000
1090,-110278.813
1091,-794586.213
1092,-1245347.019
1093,-1506930.828
1094,-1747196.771
1095,-1793747.412
1096,-1588859.256
1097,-1650122.286
1098,-1548155.136
1099,-347728.690
1100,-85445.013
1101,-0.000
1102,-0.000
1103,-0.000
1104,-0.000
1105,-0.000
1106,-0.000
1107,-0.000
1108,-0.000
1109,-0.000
1110,-0.000
1111,-0.000
1112,-0.000
1113,-0.000
1114,-345547.511
1115,-1080466.590
1116,-1390954.061
1117,-1303757.038
1118,-1241900.803
1119,-1342959.678
1120,-1320922.080
1121,-1491022.668
1122,-1474110.160
1123,-399633.832
1124,-199034.237
1125,-0.000
1126,-0.000
1127,-0.000
1128,-0.000
1129,-0.000
1130,-0.000
1131,-0.000
1132,-0.000
1133,-0.000
1134,-0.000
1135,-0.000
1136,-0.000
1137,-0.000
1138,-0.000
1139,-0.000
1140,-461683.947
1141,-823821.672
1142,-896368.312
1143,-848118.915
1144,-543429.529
1145,-438297.877
1146,-459900.964
1147,-0.000
1148,-0.000
1149,-0.000
1150,-0.000
1151,-0.000
1152,-0.000
1153,-0.000
1154,-0.000
1155,-0.000
1156,-0.000
1157,-0.000
1158,-0.000
1159,-0.000
1160,-0.000
1161,-0.000
1162,-0.000
1163,-0.000
1164,-0.000
1165,-0.000
1166,-0.000
1167,-0.000
1168,-0.000
1169,-0.000
1170,-0.000
1171,-0.000
1172,-0.000
1173,-0.000
1174,-0.000
1175,-0.000
1176,-0.000
1177,-0.000
1178,-0.000
1179,-0.000
1180,-0.000
1181,-0.000
1182,-0.000
1183,-0.000
1184,-0.000
1185,-0.000
1186,-0.000
1187,-0.000
1188,-0.000
1189,-0.000
1190,-0.000
1191,-0.000
1192,-0.000
1193,-0.000
1194,-0.000
1195,-0.000
1196,-0.000
1197,-0.000
1198,-0.000
1199,-0.000
1200,-0.000
1201,-0.000
1202,-0.000
1203,-0.000
1204,-0.000
1205,-0.000
1206,-0.000
1207,-0.000
1208,-0.000
1209,-0.000
1210,-0.000
1211,-0.000
1212,-0.000
1213,-0.000
1214,-0.000
1215,-0.000
1216,-0.000
1217,-0.000
1218,-0.000
1219,-0.000
1220,-0.000
1221,-0.000
1222,-0.000
1223,-0.000
1224,-0.000
1225,-0.000
1226,-0.000
1227,-0.000
1228,-0.000
1229,-0.000
1230,-0.000
1231,-0.000
1232,-0.000
1233,-0.000
1234,-0.000
1235,-0.000
1236,-0.000
1237,-0.000
1238,-0.000
1239,-0.000
1240,-0.000
1241,-0.000
1242,-0.000
1243,-0.000
1244,-0.000
1245,-0.000
1246,-0.000
1247,-0.000
1248,-0.000
1249,-0.000
1250,-0.000
1251,-0.000
1252,-0.000
1253,-0.000
1254,-0.000
1255,-0.000
1256,-0.000
1257,-0.000
1258,-0.000
1259,-0.000
1260,-0.000
1261,-0.000
1262,-0.000
1263,-0.000
1264,-0.000
1265,-0.000
1266,-0.000
1267,-0.000
1268,-0.000
1269,-0.000
1270,-0.000
1271,-0.000
1272,-0.000
1273,-0.000
1274,-0.000
1275,-0.000
1276,-0.000
1277,-0.000
1278,-0.000
1279,-0.000
1280,-0.000
1281,-0.000
1282,-0.000
1283,-3071.429
1284,-664673.278
1285,-1005265.153
1286,-1273968.428
1287,-1559554.893
1288,-1500316.039
1289,-1446061.675
1290,-1088156.177
1291,-51939.159
1292,-0.000
1293,-0.000
1294,-0.000
1295,-0.000
1296,-0.000
1297,-0.000
1298,-0.000
1299,-0.000
1300,-0.000
1301,-0.000
1302,-0.000
1303,-0.000
1304,-0.000
1305,-0.000
1306,-0.000
1307,-0.000
1308,-426978.519
1309,-744744.401
1310,-1031836.850
1311,-1301556.275
1312,-1285506.069
1313,-1150871.356
1314,-849372.621
1315,-0.000
1316,-0.000
1317,-0.000
1318,-0.000
1319,-0.000
1320,-0.000
1321,-0.000
1322,-0.000
1323,-0.000
1324,-0.000
1325,-0.000
1326,-0.000
1327,-0.000
1328,-0.000
1329,-0.000
1330,-0.000
1331,-0.000
1332,-27458.585
1333,-595568.271
1334,-930216.150
1335,-1180636.228
1336,-1232285.863
1337,-1148847.826
1338,-746446.910
1339,-0.000
1340,-0.000
1341,-0.000
1342,-0.000
1343,-0.000
1344,-0.000
1345,-0.000
1346,-0.000
1347,-0.000
1348,-0.000
1349,-0.000
1350,-0.000
1351,-0.000
1352,-0.000
1353,-0.000
1354,-23429.450
1355,-1141583.428
1356,-1758359.585
1357,-1963821.016
1358,-2356825.198
1359,-2699266.120
1360,-2819066.864
1361,-2763982.656
1362,-2342966.745
1363,-531469.649
1364,-259387.361
1365,-0.000
1366,-0.000
1367,-0.000
1368,-0.000
1369,-0.000
1370,-0.000
1371,-0.000
1372,-0.000
1373,-0.000
1374,-0.000
1375,-0.000
1376,-0.000
1377,-0.000
1378,-632566.730
1379,-1909969.026
1380,-2388804.654
1381,-2434669.951
1382,-2898573.659
1383,-3152038.949
1384,-3079159.909
1385,-2845494.158
1386,-2422512.730
1387,-742783.631
1388,-492200.468
1389,-0.000
1390,-0.000
1391,-0.000
1392,-0.000
1393,-0.000
1394,-0.000
1395,-0.000
1396,-0.000
1397,-0.000
1398,-0.000
1399,-0.000
1400,-0.000
1401,-303280.981
1402,-1000619.120
1403,-1898666.142
1404,-2483352.157
1405,-2494537.875
1406,-2800524.974
1407,-2862366.128
1408,-2681874.156
1409,-2739776.322
1410,-2516786.983
1411,-949421.823
1412,-713021.586
1413,-0.000
1414,-0.000
1415,-0.000
1416,-0.000
1417,-0.000
1418,-0.000
1419,-0.000
1420,-0.000
1421,-0.000
1422,-0.000
1423,-0.000
1424,-0.000
1425,-871053.147
1426,-1598132.807
1427,-2548848.346
1428,-3134171.518
1429,-3171976.945
1430,-3423986.403
1431,-3397254.079
1432,-3286049.347
1433,-3181374.525
1434,-3006557.504
1435,-1087410.839
1436,-826537.993
1437,-0.000
1438,-0.000
1439,-0.000
1440,-0.000
1441,-0.000
1442,-0.000
1443,-0.000
1444,-0.000
1445,-0.000
1446,-0.000
1447,-164.386
1448,-163358.684
1449,-1057413.261
1450,-1809915.325
1451,-2410069.270
1452,-2690058.167
1453,-2617995.686
1454,-3119957.162
1455,-3433962.476
1456,-3428091.645
1457,-3140569.714
1458,-2833174.005
1459,-1190059.292
1460,-844501.635
1461,-0.000
1462,-0.000
1463,-0.000
1464,-0.000
1465,-0.000
1466,-0.000
1467,-0.000
1468,-0.000
1469,-0.000
1470,-0.000
1471,-0.000
1472,-0.000
1473,-345332.706
1474,-1002053.489
1475,-1676725.953
1476,-2084742.993
1477,-2128031.653
1478,-2216717.795
1479,-2343802.141
1480,-2102452.831
1481,-1941715.199
1482,-1921491.569
1483,-0.000
1484,-0.000
1485,-0.000
1486,-0.000
1487,-0.000
1488,-0.000
1489,-0.000
1490,-0.000
1491,-0.000
1492,-0.000
1493,-0.000
1494,-0.000
1495,-0.000
1496,-0.000
1497,-0.000
1498,-0.000
1499,-645984.698
1500,-1315668.154
1501,-1327093.307
1502,-1381541.821
1503,-1399268.615
1504,-1203542.662
1505,-953403.935
1506,-850171.624
1507,-415362.369
1508,-56224.581
1509,-1155.145
1510,-0.000
1511,-0.000
1512,-0.000
1513,-0.000
1514,-0.000
1515,-0.000
1516,-0.000
1517,-0.000
1518,-0.000
1519,-0.000
1520,-180185.321
1521,-1468173.460
1522,-1873430.273
1523,-2582888.322
1524,-2971191.573
1525,-3093644.711
1526,-3812223.708
1527,-4202517.229
1528,-4170921.913
1529,-4049855.236
1530,-3748810.530
1531,-1489065.830
1532,-1005759.763
1533,-0.000
1534,-0.000
1535,-0.000
1536,-0.000
1537,-0.000
1538,-0.000
1539,-0.000
1540,-0.000
1541,-0.000
1542,-0.000
1543,-285826.016
1544,-319016.877
1545,-1197913.298
1546,-1696573.262
1547,-2094386.082
1548,-2325824.277
1549,-2306716.486
1550,-2793022.786
1551,-2968093.080
1552,-2760093.004
1553,-2563275.464
1554,-2353409.371
1555,-1042317.159
1556,-709448.889
1557,-0.000
1558,-0.000
1559,-0.000
1560,-0.000
1561,-0.000
1562,-0.000
1563,-0.000
1564,-0.000
1565,-0.000
1566,-0.000
1567,-0.000
1568,-14546.111
1569,-681859.352
1570,-1175700.565
1571,-1540290.661
1572,-1811263.682
1573,-1991961.545
1574,-2332640.350
1575,-2713369.897
1576,-2800525.861
1577,-2628078.829
1578,-2273327.287
1579,-781010.411
1580,-279279.300
1581,-0.000
1582,-0.000
1583,-0.000
1584,-0.000
1585,-0.000
1586,-0.000
1587,-0.000
1588,-0.000
1589,-0.000
1590,-0.000
1591,-0.000
1592,-0.000
1593,-0.000
1594,-507082.050
1595,-1374970.003
1596,-1757205.871
1597,-1865232.111
1598,-2183292.865
1599,-2467953.592
1600,-2565104.190
1601,-2596167.426
1602,-2323315.612
1603,-762255.236
1604,-220736.833
1605,-0.000
1606,-0.000
1607,-0.000
1608,-0.000
1609,-0.000
1610,-0.000
1611,-0.000
1612,-0.000
1613,-0.000
1614,-0.000
1615,-0.000
1616,-0.000
1617,-0.000
1618,-401136.527
1619,-1393746.312
1620,-1860811.296
1621,-1958238.683
1622,-2310270.182
1623,-2593422.578
1624,-2685668.001
1625,-2727883.356
1626,-2539010.753
1627,-929566.100
1628,-392765.940
1629,-0.000
1630,-0.000
1631,-0.000
1632,-0.000
1633,-0.000
1634,-0.000
1635,-0.000
1636,-0.000
1637,-0.000
1638,-0.000
1639,-0.000
1640,-0.000
1641,-0.000
1642,-233176.137
1643,-1269108.874
1644,-1649232.831
1645,-1791311.829
1646,-2091636.285
1647,-2273682.651
1648,-2208250.027
1649,-1945341.524
1650,-1548120.976
1651,-0.000
1652,-0.000
1653,-0.000
1654,-0.000
1655,-0.000
1656,-0.000
1657,-0.000
1658,-0.000
1659,-0.000
1660,-0.000
1661,-0.000
1662,-0.000
1663,-0.000
1664,-0.000
1665,-0.000
1666,-0.000
1667,-632484.413
1668,-1110436.349
1669,-1088583.823
1670,-1051836.133
1671,-908753.620
1672,-909094.924
1673,-804722.433
1674,-718267.849
1675,-263623.601
1676,-32414.132
1677,-1219.314
1678,-0.000
1679,-0.000
1680,-0.000
1681,-0.000
1682,-0.000
1683,-0.000
1684,-0.000
1685,-0.000
1686,-0.000
1687,-0.000
1688,-0.000
1689,-1339833.378
1690,-1953414.142
1691,-2769252.436
1692,-3391495.819
1693,-3138669.093
1694,-3558918.075
1695,-3714373.762
1696,-3703573.202
1697,-3640406.715
1698,-3209010.619
1699,-1342427.685
1700,-930199.485
1701,-0.000
1702,-0.000
1703,-0.000
1704,-0.000
1705,-0.000
1706,-0.000
1707,-0.000
1708,-0.000
1709,-0.000
1710,-0.000
1711,-393258.446
1712,-439285.255
1713,-1670370.870
1714,-2208285.670
1715,-2980246.935
1716,-3543127.806
1717,-3480960.838
1718,-3771133.241
1719,-3768855.005
1720,-3994088.344
1721,-3884763.856
1722,-3550374.844
1723,-1447002.199
1724,-1029066.891
1725,-0.000
1726,-0.000
1727,-0.000
1728,-0.000
1729,-0.000
1730,-0.000
1731,-0.000
1732,-0.000
1733,-0.000
1734,-0.000
1735,-554539.326
1736,-573108.595
1737,-2043208.314
1738,-2313745.714
1739,-2890723.997
1740,-3291518.329
1741,-3436366.864
1742,-3930466.904
1743,-4197994.334
1744,-4120383.358
1745,-4133689.898
1746,-3963155.777
1747,-1590733.854
1748,-989151.090
1749,-0.000
1750,-0.000
1751,-0.000
1752,-0.000
1753,-0.000
1754,-0.000
1755,-0.000
1756,-0.000
1757,-0.000
1758,-0.000
1759,-551528.884
1760,-565274.353
1761,-2087612.952
1762,-2581224.327
1763,-3276753.601
1764,-3619369.436
1765,-3467792.715
1766,-4208715.537
1767,-4595892.885
1768,-4612568.734
1769,-4607102.651
1770,-4249163.148
1771,-1742987.506
1772,-1215111.523
1773,-0.000
1774,-87260.314
1775,-189430.269
1776,-150296.573
1777,-34514.957
1778,-0.000
1779,-0.000
1780,-0.000
1781,-0.000
1782,-0.000
1783,-738477.139
1784,-651387.980
1785,-1942107.601
1786,-2122339.493
1787,-2323398.043
1788,-2500357.604
1789,-2534728.499
1790,-2694700.839
1791,-2778457.754
1792,-2850070.860
1793,-2767749.233
1794,-2866188.970
1795,-1438302.877
1796,-968958.799
1797,-0.000
1798,-0.000
1799,-0.000
1800,-0.000
1801,-0.000
1802,-0.000
1803,-0.000
1804,-0.000
1805,-0.000
1806,-0.000
1807,-0.000
1808,-0.000
1809,-1505075.474
1810,-1600032.551
1811,-1843049.373
1812,-2135106.284
1813,-2235676.959
1814,-2426885.227
1815,-2569679.310
1816,-2249607.105
1817,-2513882.791
1818,-2257532.812
1819,-46482.616
1820,-157080.163
1821,-143576.347
1822,-165512.534
1823,-143830.947
1824,-91195.852
1825,-0.000
1826,-0.000
1827,-0.000
1828,-0.000
1829,-0.000
1830,-0.000
1831,-0.000
1832,-0.000
1833,-0.000
1834,-55093.939
1835,-554725.828
1836,-785162.559
1837,-946830.363
1838,-1351389.999
1839,-1657064.542
1840,-1357760.339
1841,-1248166.356
1842,-1228216.416
1843,-554965.630
1844,-109193.924
1845,-18581.768
1846,-0.000
1847,-0.000
1848,-0.000
1849,-0.000
1850,-0.000
1851,-0.000
1852,-0.000
1853,-0.000
1854,-0.000
1855,-1152728.138
1856,-710077.054
1857,-2210612.247
1858,-2552220.016
1859,-3108280.551
1860,-3400851.542
1861,-3276018.168
1862,-3748972.320
1863,-4196449.760
1864,-4309886.956
1865,-4173445.939
1866,-3869345.947
1867,-1582567.413
1868,-1180916.068
1869,-0.000
1870,-0.000
1871,-162097.146
1872,-147007.546
1873,-66252.228
1874,-30484.027
1875,-17027.639
1876,-18432.527
1877,-3361.983
1878,-0.000
1879,-1648548.907
1880,-845292.198
1881,-2372830.770
1882,-2675852.355
1883,-3080098.437
1884,-3049314.126
1885,-2522299.679
1886,-2907442.332
1887,-3155086.765
1888,-3176962.385
1889,-2953394.266
1890,-2729074.814
1891,-1180602.619
1892,-964555.710
1893,-0.000
1894,-0.000
1895,-0.000
1896,-0.000
1897,-0.000
1898,-0.000
1899,-0.000
1900,-0.000
1901,-0.000
1902,-0.000
1903,-1373380.871
1904,-795569.102
1905,-2353903.506
1906,-2701121.064
1907,-3234992.409
1908,-3481791.818
1909,-3040135.263
1910,-3526145.549
1911,-3697595.167
1912,-3862252.415
1913,-3830874.002
1914,-3664032.863
1915,-1569025.378
1916,-1239105.676
1917,-0.000
1918,-0.000
1919,-169062.036
1920,-143257.444
1921,-33407.189
1922,-30313.850
1923,-53917.908
1924,-73768.416
1925,-56572.752
1926,-45995.972
1927,-1897271.751
1928,-949972.537
1929,-2610022.733
1930,-2863578.427
1931,-3066838.671
1932,-3357700.721
1933,-3009393.045
1934,-3364064.578
1935,-3183681.775
1936,-3203398.724
1937,-2951328.793
1938,-2563648.840
1939,-900833.817
1940,-550560.003
1941,-0.000
1942,-0.000
1943,-0.000
1944,-0.000
1945,-0.000
1946,-0.000
1947,-0.000
1948,-0.000
1949,-0.000
1950,-0.000
1951,-0.000
1952,-0.000
1953,-0.000
1954,-0.000
1955,-0.000
1956,-71643.364
1957,-252444.817
1958,-85511.421
1959,-94269.455
1960,-74306.344
1961,-69201.095
1962,-70079.756
1963,-0.000
1964,-0.000
1965,-0.000
1966,-0.000
1967,-0.000
1968,-0.000
1969,-0.000
1970,-0.000
1971,-0.000
1972,-0.000
1973,-0.000
1974,-0.000
1975,-0.000
1976,-0.000
1977,-0.000
1978,-0.000
1979,-0.000
1980,-0.000
1981,-0.000
1982,-209140.054
1983,-317564.191
1984,-327108.221
1985,-397539.253
1986,-378205.033
1987,-0.000
1988,-0.000
1989,-0.000
1990,-0.000
1991,-0.000
1992,-0.000
1993,-0.000
1994,-0.000
1995,-0.000
1996,-0.000
1997,-0.000
1998,-0.000
1999,-0.000
2000,-0.000
2001,-0.000
2002,-0.000
2003,-0.000
2004,-0.000
2005,-421464.274
2006,-560636.976
2007,-864863.910
2008,-800797.669
2009,-548889.960
2010,-643511.746
2011,-417539.618
2012,-134308.321
2013,-113526.626
2014,-118854.197
2015,-104644.066
2016,-66316.941
2017,-46281.492
2018,-21556.012
2019,-4955.878
2020,-2097.965
2021,-0.000
2022,-0.000
2023,-1747009.568
2024,-929768.849
2025,-2676787.551
2026,-2849796.374
2027,-3210994.053
2028,-3444337.961
2029,-3267794.889
2030,-3689752.924
2031,-3584977.200
2032,-3352979.489
2033,-2615987.257
2034,-1866904.786
2035,-698050.647
2036,-634673.171
2037,-0.000
2038,-0.000
2039,-0.000
2040,-0.000
2041,-0.000
2042,-0.000
2043,-0.000
2044,-0.000
2045,-0.000
2046,-0.000
2047,-17820.074
2048,-241366.131
2049,-1159184.360
2050,-1641299.968
2051,-1876903.557
2052,-2049030.426
2053,-2052048.061
2054,-2195241.888
2055,-2394439.035
2056,-2257626.187
2057,-1773683.225
2058,-1159517.745
2059,-267233.680
2060,-37802.309
2061,-0.000
2062,-0.000
2063,-0.000
2064,-0.000
2065,-0.000
2066,-0.000
2067,-0.000
2068,-0.000
2069,-0.000
2070,-0.000
2071,-0.000
2072,-0.000
2073,-0.000
2074,-130118.035
2075,-391771.438
2076,-443237.876
2077,-513676.051
2078,-425400.930
2079,-583902.747
2080,-933170.966
2081,-949468.235
2082,-891811.808
2083,-313317.765
2084,-15787.869
2085,-0.000
2086,-0.000
2087,-0.000
2088,-0.000
2089,-0.000
2090,-0.000
2091,-0.000
2092,-0.000
2093,-0.000
2094,-0.000
2095,-0.000
2096,-0.000
2097,-48019.147
2098,-771075.286
2099,-1322771.029
2100,-1579292.548
2101,-1745482.588
2102,-1850237.877
2103,-2032112.818
2104,-1996753.537
2105,-1750862.516
2106,-1333112.254
2107,-634706.572
2108,-361873.857
2109,-0.000
2110,-0.000
2111,-0.000
2112,-0.000
2113,-0.000
2114,-0.000
2115,-0.000
2116,-0.000
2117,-0.000
2118,-0.000
2119,-0.000
2120,-77981.609
2121,-1265479.941
2122,-1567848.809
2123,-1900112.315
2124,-2158453.744
2125,-2219314.536
2126,-2639506.839
2127,-2940444.629
2128,-2896100.610
2129,-2958166.566
2130,-2803518.689
2131,-1291291.846
2132,-986236.954
2133,-0.000
2134,-0.000
2135,-0.000
2136,-0.000
2137,-0.000
2138,-0.000
2139,-0.000
2140,-0.000
2141,-0.000
2142,-0.000
2143,-0.000
2144,-0.000
2145,-1567561.944
2146,-1750692.797
2147,-2118650.743
2148,-2331181.631
2149,-2455690.984
2150,-2610593.343
2151,-2580838.933
2152,-2501359.818
2153,-2276053.766
2154,-2130202.665
2155,-111523.645
2156,-184186.965
2157,-199905.214
2158,-118818.365
2159,-23331.076
2160,-0.000
2161,-0.000
2162,-0.000
2163,-0.000
2164,-0.000
2165,-0.000
2166,-0.000
2167,-0.000
2168,-0.000
2169,-0.000
2170,-0.000
2171,-0.000
2172,-0.000
2173,-0.000
2174,-0.000
2175,-0.000
2176,-0.000
2177,-0.000
2178,-0.000
2179,-0.000
2180,-0.000
2181,-0.000
2182,-0.000
2183,-0.000
2184,-0.000
2185,-0.000
2186,-0.000
2187,-0.000
2188,-0.000
2189,-0.000
2190,-0.000
2191,-0.000
2192,-0.000
2193,-0.000
2194,-0.000
2195,-23506.728
2196,-277206.046
2197,-497326.087
2198,-585643.011
2199,-752847.670
2200,-629044.518
2201,-589231.613
2202,-550290.059
2203,-120079.254
2204,-0.000
2205,-0.000
2206,-0.000
2207,-0.000
2208,-0.000
2209,-0.000
2210,-0.000
2211,-0.000
2212,-0.000
2213,-0.000
2214,-0.000
2215,-0.000
2216,-0.000
2217,-79996.503
2218,-850113.222
2219,-1407958.303
2220,-1674969.560
2221,-1724891.767
2222,-2062500.885
2223,-2353695.897
2224,-2456586.453
2225,-2484881.661
2226,-2303102.733
2227,-975203.045
2228,-239051.670
2229,-0.000
2230,-0.000
2231,-0.000
2232,-0.000
2233,-0.000
2234,-0.000
2235,-0.000
2236,-0.000
2237,-0.000
2238,-0.000
2239,-0.000
2240,-0.000
2241,-0.000
2242,-948362.211
2243,-1710035.055
2244,-1963671.142
2245,-1985801.883
2246,-2312977.903
2247,-2570788.880
2248,-2669472.688
2249,-2667865.664
2250,-2487691.489
2251,-1133711.320
2252,-437552.249
2253,-0.000
2254,-0.000
2255,-0.000
2256,-0.000
2257,-0.000
2258,-0.000
2259,-0.000
2260,-0.000
2261,-0.000
2262,-0.000
2263,-0.000
2264,-0.000
2265,-109759.336
2266,-1259145.948
2267,-2174984.627
2268,-2444601.784
2269,-2360980.229
2270,-2816013.516
2271,-3072800.928
2272,-3120081.301
2273,-3077005.530
2274,-2865046.392
2275,-1324136.707
2276,-660378.915
2277,-0.000
2278,-0.000
2279,-0.000
2280,-0.000
2281,-0.000
2282,-0.000
2283,-0.000
2284,-0.000
2285,-0.000
2286,-0.000
2287,-0.000
2288,-0.000
2289,-1191636.103
2290,-1873178.751
2291,-2738654.728
2292,-3033553.755
2293,-2783352.901
2294,-3298773.784
2295,-3532536.011
2296,-3560893.039
2297,-3429603.783
2298,-3062419.375
2299,-1435364.304
2300,-882273.458
2301,-0.000
2302,-0.000
2303,-0.000
2304,-0.000
2305,-0.000
2306,-0.000
2307,-0.000
2308,-0.000
2309,-0.000
2310,-0.000
2311,-0.000
2312,-0.000
2313,-975364.003
2314,-1506081.272
2315,-2115019.107
2316,-2168388.318
2317,-2037471.438
2318,-2075790.702
2319,-2310744.543
2320,-2404609.475
2321,-2361489.758
2322,-2162055.432
2323,-279531.924
2324,-72057.519
2325,-14444.113
2326,-0.000
2327,-0.000
2328,-0.000
2329,-0.000
2330,-0.000
2331,-0.000
2332,-0.000
2333,-0.000
2334,-0.000
2335,-0.000
2336,-0.000
2337,-0.000
2338,-68455.804
2339,-984520.046
2340,-1217804.074
2341,-1162411.058
2342,-1261509.243
2343,-1267843.980
2344,-1355443.577
2345,-1247147.775
2346,-1125692.182
2347,-577591.468
2348,-96238.107
2349,-16848.712
2350,-0.000
2351,-0.000
2352,-0.000
2353,-0.000
2354,-0.000
2355,-0.000
2356,-0.000
2357,-0.000
2358,-0.000
2359,-0.000
2360,-316822.486
2361,-1503283.155
2362,-2008645.487
2363,-2817011.578
2364,-3020402.953
2365,-2782682.953
2366,-3370647.118
2367,-3703258.625
2368,-3756734.876
2369,-3658016.368
2370,-3389426.582
2371,-1552560.018
2372,-865895.044
2373,-0.000
2374,-0.000
2375,-0.000
2376,-0.000
2377,-0.000
2378,-0.000
2379,-0.000
2380,-0.000
2381,-0.000
2382,-0.000
2383,-0.000
2384,-81477.518
2385,-1611701.199
2386,-2097952.295
2387,-2959770.856
2388,-3213117.936
2389,-2883968.241
2390,-3306897.787
2391,-3489376.019
2392,-3528807.508
2393,-3484563.504
2394,-3289319.055
2395,-1541734.482
2396,-865254.666
2397,-0.000
2398,-0.000
2399,-0.000
2400,-0.000
2401,-0.000
2402,-0.000
2403,-0.000
2404,-0.000
2405,-0.000
2406,-0.000
2407,-48786.279
2408,-563827.622
2409,-2037620.679
2410,-2398680.195
2411,-2971241.713
2412,-3292945.400
2413,-3149133.524
2414,-3724430.028
2415,-3975928.406
2416,-3919328.522
2417,-3728582.668
2418,-3553870.670
2419,-1744441.099
2420,-1134563.703
2421,-0.000
2422,-0.000
2423,-68055.274
2424,-85162.461
2425,-2376.738
2426,-0.000
2427,-0.000
2428,-0.000
2429,-0.000
2430,-0.000
2431,-787066.737
2432,-896096.687
2433,-2643057.676
2434,-2896708.644
2435,-3330700.895
2436,-3507929.664
2437,-3215580.897
2438,-3793246.920
2439,-4108326.780
2440,-4200288.587
2441,-3979262.636
2442,-3901868.786
2443,-1961536.909
2444,-1248100.616
2445,-0.000
2446,-87806.033
2447,-193864.766
2448,-186943.977
2449,-102146.347
2450,-37047.466
2451,-824.261
2452,-0.000
2453,-0.000
2454,-0.000
2455,-1819733.389
2456,-1018628.664
2457,-2746781.567
2458,-2889357.029
2459,-3201202.845
2460,-3447712.309
2461,-3057744.384
2462,-3439117.310
2463,-3652606.345
2464,-3874906.449
2465,-3874453.162
2466,-3743369.130
2467,-1895887.815
2468,-1074618.835
2469,-0.000
2470,-0.000
2471,-43626.684
2472,-28953.815
2473,-0.000
2474,-0.000
2475,-0.000
2476,-0.000
2477,-0.000
2478,-0.000
2479,-0.000
2480,-0.000
2481,-1134944.066
2482,-1577922.071
2483,-1890931.542
2484,-1943886.620
2485,-1969207.382
2486,-2260375.216
2487,-2489407.238
2488,-2520713.496
2489,-2511552.139
2490,-2492014.087
2491,-475802.747
2492,-204421.484
2493,-151819.642
2494,-126803.188
2495,-96047.676
2496,-56461.917
2497,-0.000
2498,-0.000
2499,-0.000
2500,-0.000
2501,-0.000
2502,-0.000
2503,-0.000
2504,-0.000
2505,-0.000
2506,-0.000
2507,-412016.800
2508,-792949.889
2509,-1053642.479
2510,-1178449.779
2511,-1181996.573
2512,-1204991.482
2513,-1072681.102
2514,-849281.064
2515,-563768.813
2516,-206524.531
2517,-139613.311
2518,-115658.572
2519,-81522.058
2520,-19204.706
2521,-6102.007
2522,-266.466
2523,-0.000
2524,-0.000
2525,-0.000
2526,-0.000
2527,-1094555.802
2528,-599238.070
2529,-1725506.525
2530,-1844972.916
2531,-1987946.215
2532,-2142592.850
2533,-2123653.519
2534,-2396127.024
2535,-2271329.611
2536,-1941717.075
2537,-1740725.571
2538,-1658967.963
2539,-663547.467
2540,-433485.919
2541,-0.000
2542,-0.000
2543,-0.000
2544,-0.000
2545,-0.000
2546,-0.000
2547,-0.000
2548,-0.000
2549,-0.000
2550,-0.000
2551,-0.000
2552,-0.000
2553,-605986.689
2554,-1156931.839
2555,-1705374.265
2556,-2044826.374
2557,-2116052.663
2558,-2430127.592
2559,-2449353.694
2560,-2105540.109
2561,-1767133.359
2562,-1670266.895
2563,-723137.851
2564,-424802.759
2565,-0.000
2566,-0.000
2567,-0.000
2568,-0.000
2569,-0.000
2570,-0.000
2571,-0.000
2572,-0.000
2573,-0.000
2574,-0.000
2575,-0.000
2576,-0.000
2577,-487583.641
2578,-822106.471
2579,-988793.253
2580,-1073040.422
2581,-1153921.846
2582,-1225866.948
2583,-1155307.905
2584,-1050063.135
2585,-901574.983
2586,-832619.886
2587,-318922.315
2588,-170181.442
2589,-0.000
2590,-0.000
2591,-0.000
2592,-0.000
2593,-0.000
2594,-0.000
2595,-0.000
2596,-0.000
2597,-0.000
2598,-0.000
2599,-0.000
2600,-0.000
2601,-74993.321
2602,-505813.166
2603,-711209.319
2604,-655958.714
2605,-621097.938
2606,-597803.474
2607,-666327.948
2608,-774672.832
2609,-988106.840
2610,-867455.716
2611,-350968.128
2612,-233962.508
2613,-0.000
2614,-0.000
2615,-0.000
2616,-0.000
2617,-0.000
2618,-0.000
2619,-0.000
2620,-0.000
2621,-0.000
2622,-0.000
2623,-0.000
2624,-0.000
2625,-760113.843
2626,-1422522.186
2627,-1935165.562
2628,-2131087.799
2629,-2119087.691
2630,-2402662.054
2631,-2623731.182
2632,-2453736.674
2633,-2180052.799
2634,-2040669.113
2635,-975550.226
2636,-666589.231
2637,-0.000
2638,-0.000
2639,-0.000
2640,-0.000
2641,-0.000
2642,-0.000
2643,-0.000
2644,-0.000
2645,-0.000
2646,-0.000
2647,-0.000
2648,-0.000
2649,-990569.886
2650,-1587633.193
2651,-1926752.328
2652,-2172689.892
2653,-2253344.927
2654,-2441661.132
2655,-2383733.268
2656,-2387631.122
2657,-2271036.860
2658,-2083358.040
2659,-214262.099
2660,-170835.646
2661,-168951.440
2662,-157768.719
2663,-132948.495
2664,-85022.937
2665,-0.000
2666,-0.000
2667,-0.000
2668,-0.000
2669,-0.000
2670,-0.000
2671,-0.000
2672,-0.000
2673,-129747.106
2674,-584909.553
2675,-976005.186
2676,-1063772.150
2677,-1155573.643
2678,-1273688.762
2679,-1358271.329
2680,-1299361.950
2681,-1423000.833
2682,-1311894.367
2683,-844499.771
2684,-247863.055
2685,-203483.892
2686,-179124.435
2687,-130517.742
2688,-76577.101
2689,-28551.577
2690,-13018.390
2691,-54076.395
2692,-80858.467
2693,-77389.276
2694,-66879.710
2695,-2047114.989
2696,-1166936.667
2697,-3092929.978
2698,-3382822.770
2699,-3770650.128
2700,-3945416.200
2701,-3455131.564
2702,-3884513.671
2703,-4055925.238
2704,-4041930.325
2705,-3960046.407
2706,-3917545.960
2707,-1904336.960
2708,-1271706.821
2709,-0.000
2710,-0.000
2711,-200563.338
2712,-194204.302
2713,-120695.939
2714,-79246.961
2715,-45220.925
2716,-54959.419
2717,-63954.122
2718,-67746.324
2719,-2071010.482
2720,-1184968.142
2721,-3187032.354
2722,-3411850.474
2723,-3862578.533
2724,-4056929.731
2725,-3642899.376
2726,-4296378.496
2727,-4167388.800
2728,-4093914.057
2729,-4217704.193
2730,-4512072.405
2731,-2080081.363
2732,-1470343.764
2733,-0.000
2734,-151410.805
2735,-311990.393
2736,-324556.364
2737,-260074.036
2738,-265006.404
2739,-269409.326
2740,-263463.443
2741,-245089.044
2742,-225105.131
2743,-2207930.123
2744,-1370459.049
2745,-3597601.192
2746,-3808709.008
2747,-4018907.551
2748,-4039972.000
2749,-3573730.902
2750,-4173344.299
2751,-4349133.508
2752,-4314637.551
2753,-4357921.923
2754,-4349544.335
2755,-2171006.608
2756,-1524807.282
2757,-0.000
2758,-361201.437
2759,-443810.668
2760,-449661.140
2761,-388793.851
2762,-365906.706
2763,-357326.211
2764,-354541.991
2765,-330990.418
2766,-318215.031
2767,-1766841.110
2768,-1401422.820
2769,-3702451.541
2770,-3923142.131
2771,-4077520.565
2772,-4046055.038
2773,-3501981.874
2774,-4211100.253
2775,-4429815.224
2776,-4469323.494
2777,-4282163.829
2778,-4161277.534
2779,-2030381.297
2780,-1537277.661
2781,-0.000
2782,-358457.927
2783,-406442.867
2784,-402461.442
2785,-336297.687
2786,-313976.398
2787,-308752.869
2788,-314480.087
2789,-304296.627
2790,-297719.498
2791,-1818824.636
2792,-1475929.533
2793,-3890290.866
2794,-4129480.769
2795,-4198549.650
2796,-4247146.267
2797,-3725428.708
2798,-4313213.383
2799,-4458558.718
2800,-4524355.875
2801,-4477813.030
2802,-4554987.781
2803,-2438328.278
2804,-1493480.935
2805,-0.000
2806,-373605.810
2807,-412230.604
2808,-400049.552
2809,-322375.882
2810,-305461.224
2811,-330816.843
2812,-358135.541
2813,-356126.092
2814,-355591.292
2815,-405688.294
2816,-570523.467
2817,-2948720.245
2818,-2699368.131
2819,-2928381.648
2820,-3081967.610
2821,-3085183.928
2822,-3064322.759
2823,-3161814.387
2824,-3044467.122
2825,-2920678.692
2826,-3015207.076
2827,-704009.929
2828,-507423.309
2829,-495370.406
2830,-479018.569
2831,-419569.567
2832,-365422.485
2833,-271498.956
2834,-238061.740
2835,-212357.817
2836,-198029.946
2837,-158426.132
2838,-153021.836
2839,-220420.075
2840,-510435.366
2841,-992566.331
2842,-1260036.752
2843,-1416528.495
2844,-1465553.868
2845,-1366129.420
2846,-1462227.104
2847,-1370056.643
2848,-1381463.403
2849,-1180001.943
2850,-966181.079
2851,-603166.433
2852,-236511.890
2853,-210442.503
2854,-203633.391
2855,-174395.944
2856,-139276.627
2857,-135214.670
2858,-115862.704
2859,-98591.238
2860,-88892.505
2861,-40206.038
2862,-4505.540
2863,-1489933.119
2864,-901137.580
2865,-2429974.347
2866,-2728309.998
2867,-3058983.538
2868,-3355602.174
2869,-3123291.281
2870,-3645315.394
2871,-3685359.302
2872,-3534536.027
2873,-3495310.147
2874,-3216050.415
2875,-1359098.864
2876,-1111692.395
2877,-0.000
2878,-0.000
2879,-0.000
2880,-0.000
2881,-0.000
2882,-0.000
2883,-0.000
2884,-0.000
2885,-0.000
2886,-0.000
2887,-0.000
2888,-0.000
2889,-491346.478
2890,-758720.145
2891,-829821.304
2892,-856273.552
2893,-824214.274
2894,-834109.026
2895,-821250.702
2896,-778359.916
2897,-678943.455
2898,-628385.477
2899,-113293.136
2900,-0.000
2901,-0.000
2902,-0.000
2903,-0.000
2904,-0.000
2905,-0.000
2906,-0.000
2907,-0.000
2908,-0.000
2909,-0.000
2910,-0.000
2911,-0.000
2912,-0.000
2913,-0.000
2914,-375846.748
2915,-867760.637
2916,-1111943.192
2917,-1267952.536
2918,-1616249.558
2919,-2037160.023
2920,-2239929.233
2921,-2297761.860
2922,-2051985.531
2923,-1046847.240
2924,-565684.417
2925,-0.000
2926,-0.000
2927,-0.000
2928,-0.000
2929,-0.000
2930,-0.000
2931,-0.000
2932,-0.000
2933,-0.000
2934,-0.000
2935,-0.000
2936,-0.000
2937,-1117851.261
2938,-1546530.764
2939,-1889726.691
2940,-2070273.276
2941,-2022642.533
2942,-2452530.390
2943,-2752156.763
2944,-2870038.826
2945,-2974872.728
2946,-3167606.018
2947,-1675905.233
2948,-763457.223
2949,-0.000
2950,-0.000
2951,-0.000
2952,-0.000
2953,-0.000
2954,-0.000
2955,-0.000
2956,-0.000
2957,-0.000
2958,-0.000
2959,-0.000
2960,-255418.037
2961,-1707209.539
2962,-2054217.107
2963,-2670547.500
2964,-2880880.825
2965,-2564424.096
2966,-3094963.571
2967,-3340513.309
2968,-3332721.566
2969,-3271814.516
2970,-3402365.084
2971,-1680210.345
2972,-930389.236
2973,-0.000
2974,-0.000
2975,-0.000
2976,-0.000
2977,-0.000
2978,-0.000
2979,-0.000
2980,-0.000
2981,-0.000
2982,-0.000
2983,-0.000
2984,-0.000
2985,-1446361.052
2986,-1741115.706
2987,-2036678.499
2988,-2178438.838
2989,-2194430.755
2990,-2371527.427
2991,-2458117.707
2992,-2511322.476
2993,-2475661.498
2994,-2494030.656
2995,-412398.184
2996,-297837.954
2997,-266420.451
2998,-245420.186
2999,-173124.336
3000,-81410.532
3001,-0.000
3002,-0.000
3003,-0.000
3004,-0.000
3005,-0.000
3006,-0.000
3007,-0.000
3008,-0.000
3009,-364509.880
3010,-904576.080
3011,-1098910.043
3012,-1135913.951
3013,-1188209.292
3014,-1414489.778
3015,-1400223.071
3016,-1393208.808
3017,-1398474.278
3018,-1329547.432
3019,-942551.766
3020,-319255.512
3021,-241286.223
3022,-234481.158
3023,-205522.970
3024,-161508.419
3025,-140701.865
3026,-101220.458
3027,-46612.657
3028,-10635.151
3029,-172.845
3030,-0.000
3031,-1795909.648
3032,-1043708.583
3033,-2674882.916
3034,-2775902.326
3035,-2953812.375
3036,-2970671.985
3037,-2728717.296
3038,-3011170.570
3039,-2865776.890
3040,-2767480.774
3041,-2713316.571
3042,-2744749.147
3043,-1274166.844
3044,-1029333.905
3045,-0.000
3046,-0.000
3047,-0.000
3048,-0.000
3049,-0.000
3050,-0.000
3051,-0.000
3052,-0.000
3053,-0.000
3054,-0.000
3055,-873991.291
3056,-987090.311
3057,-2867486.750
3058,-3034909.473
3059,-3013114.144
3060,-2860568.939
3061,-2446456.572
3062,-2611780.241
3063,-2688491.004
3064,-2759815.127
3065,-2810112.041
3066,-2815933.154
3067,-1328243.958
3068,-969768.272
3069,-0.000
3070,-0.000
3071,-0.000
3072,-0.000
3073,-0.000
3074,-0.000
3075,-0.000
3076,-0.000
3077,-0.000
3078,-0.000
3079,-863192.780
3080,-911769.418
3081,-2660935.710
3082,-2658468.765
3083,-2981593.552
3084,-3189574.437
3085,-2821057.478
3086,-3456423.476
3087,-3704966.278
3088,-3932105.298
3089,-4062110.874
3090,-3959487.041
3091,-1881779.894
3092,-1239393.611
3093,-0.000
3094,-0.000
3095,-151097.979
3096,-181023.859
3097,-90587.140
3098,-43108.725
3099,-15306.132
3100,-1512.412
3101,-0.000
3102,-0.000
3103,-1722394.333
3104,-1010991.052
3105,-2822486.279
3106,-3153379.331
3107,-3237684.321
3108,-3203563.715
3109,-2890442.099
3110,-3503496.098
3111,-3688140.079
3112,-3845543.365
3113,-3650125.973
3114,-3353864.311
3115,-1426331.527
3116,-1283156.295
3117,-0.000
3118,-0.000
3119,-0.000
3120,-142615.585
3121,-60356.018
3122,-39821.198
3123,-35887.079
3124,-34292.293
3125,-5534.091
3126,-0.000
3127,-2017927.839
3128,-1063706.668
3129,-2855591.874
3130,-2884126.237
3131,-2996472.125
3132,-3156393.399
3133,-2770667.538
3134,-3262818.366
3135,-3222907.089
3136,-3253360.887
3137,-3198426.581
3138,-3244613.146
3139,-1391955.469
3140,-1183097.648
3141,-0.000
3142,-0.000
3143,-0.000
3144,-0.000
3145,-0.000
3146,-0.000
3147,-0.000
3148,-0.000
3149,-0.000
3150,-0.000
3151,-0.000
3152,-0.000
3153,-1779677.297
3154,-1744313.470
3155,-1815435.014
3156,-1807215.682
3157,-1652179.761
3158,-1643096.285
3159,-1694740.408
3160,-1629343.433
3161,-1574298.513
3162,-1557690.987
3163,-0.000
3164,-0.000
3165,-0.000
3166,-0.000
3167,-0.000
3168,-63668.400
3169,-0.000
3170,-0.000
3171,-0.000
3172,-0.000
3173,-0.000
3174,-0.000
3175,-0.000
3176,-0.000
3177,-0.000
3178,-0.000
3179,-189329.862
3180,-226797.075
3181,-243387.295
3182,-171572.960
3183,-178030.965
3184,-218478.583
3185,-196774.128
3186,-68856.632
3187,-1499.279
3188,-0.000
3189,-0.000
3190,-0.000
3191,-0.000
3192,-0.000
3193,-0.000
3194,-0.000
3195,-0.000
3196,-0.000
3197,-0.000
3198,-0.000
3199,-614748.562
3200,-618416.520
3201,-2242594.432
3202,-2413543.222
3203,-2858506.690
3204,-3168847.942
3205,-2926774.186
3206,-3400009.877
3207,-3357507.096
3208,-3219649.100
3209,-3116129.448
3210,-3064488.727
3211,-1363714.095
3212,-1028534.145
3213,-0.000
3214,-0.000
3215,-0.000
3216,-0.000
3217,-0.000
3218,-0.000
3219,-0.000
3220,-0.000
3221,-0.000
3222,-0.000
3223,-763710.610
3224,-666753.451
3225,-1900049.462
3226,-1935967.587
3227,-2020272.752
3228,-2175169.190
3229,-2050226.916
3230,-2215886.711
3231,-2154899.597
3232,-2175104.169
3233,-2009645.115
3234,-1856280.267
3235,-655361.860
3236,-475525.365
3237,-0.000
3238,-0.000
3239,-0.000
3240,-0.000
3241,-0.000
3242,-0.000
3243,-0.000
3244,-0.000
3245,-0.000
3246,-0.000
3247,-0.000
3248,-0.000
3249,-740748.688
3250,-968220.117
3251,-1143611.356
3252,-1359793.034
3253,-1640931.672
3254,-1941127.460
3255,-2225831.593
3256,-2252052.461
3257,-2426414.154
3258,-2486361.861
3259,-1188079.916
3260,-614330.222
3261,-0.000
3262,-0.000
3263,-0.000
3264,-0.000
3265,-0.000
3266,-0.000
3267,-0.000
3268,-0.000
3269,-0.000
3270,-0.000
3271,-0.000
3272,-21382.407
3273,-1390539.322
3274,-1870282.508
3275,-2308435.272
3276,-2339208.586
3277,-2184905.934
3278,-2671644.138
3279,-3013786.895
3280,-3233325.001
3281,-3410298.332
3282,-3559362.065
3283,-1797388.180
3284,-857661.893
3285,-0.000
3286,-0.000
3287,-0.000
3288,-0.000
3289,-0.000
3290,-0.000
3291,-0.000
3292,-0.000
3293,-0.000
3294,-0.000
3295,-98258.641
3296,-716088.341
3297,-2097935.537
3298,-2287064.348
3299,-2789151.518
3300,-3033679.951
3301,-2778120.121
3302,-3187142.056
3303,-3306036.906
3304,-3312732.530
3305,-3402758.489
3306,-3437215.287
3307,-1703441.347
3308,-1028368.601
3309,-0.000
3310,-0.000
3311,-0.000
3312,-33445.317
3313,-0.000
3314,-0.000
3315,-0.000
3316,-0.000
3317,-0.000
3318,-0.000
3319,-0.000
3320,-0.000
3321,-1454202.613
3322,-1366064.750
3323,-1760501.235
3324,-2140332.916
3325,-2100074.590
3326,-2204190.485
3327,-2437259.995
3328,-2600256.293
3329,-2745842.061
3330,-2887227.404
3331,-710606.122
3332,-363349.276
3333,-350218.403
3334,-322843.358
3335,-258486.782
3336,-212653.719
3337,-154607.392
3338,-127843.412
3339,-105827.187
3340,-78578.823
3341,-14420.745
3342,-0.000
3343,-46575.107
3344,-429878.288
3345,-832486.173
3346,-1020409.306
3347,-1131673.692
3348,-1156144.946
3349,-1143725.547
3350,-1303086.481
3351,-1444966.971
3352,-1527817.944
3353,-1608015.295
3354,-1608106.817
3355,-1157987.966
3356,-418130.601
3357,-346947.593
3358,-335114.357
3359,-321205.711
3360,-304453.399
3361,-278255.840
3362,-242716.841
3363,-221252.810
3364,-197227.969
3365,-160066.825
3366,-141188.375
3367,-1989338.441
3368,-1272433.646
3369,-3376267.644
3370,-3686012.295
3371,-3853679.744
3372,-3889987.035
3373,-3432013.934
3374,-3987242.118
3375,-3997540.635
3376,-3939519.832
3377,-3876389.139
3378,-3677144.458
3379,-1756069.818
3380,-1243534.329
3381,-0.000
3382,-0.000
3383,-131201.097
3384,-218178.467
3385,-139013.575
3386,-92859.601
3387,-48878.057
3388,-8500.341
3389,-0.000
3390,-0.000
3391,-1517609.713
3392,-900609.930
3393,-2526064.099
3394,-2685047.229
3395,-2878752.164
3396,-3005828.139
3397,-2738446.064
3398,-3450827.271
3399,-3626641.786
3400,-3547210.689
3401,-3425293.856
3402,-3222925.522
3403,-1669861.308
3404,-1236460.187
3405,-0.000
3406,-0.000
3407,-75212.085
3408,-142847.636
3409,-46553.939
3410,-2967.071
3411,-0.000
3412,-0.000
3413,-0.000
3414,-0.000
3415,-1752056.401
3416,-973980.058
3417,-2601664.043
3418,-2638354.481
3419,-2848258.335
3420,-3067420.167
3421,-2848206.327
3422,-3420502.969
3423,-3524149.198
3424,-3354852.180
3425,-3420910.694
3426,-3305562.604
3427,-1540144.752
3428,-1220161.412
3429,-0.000
3430,-0.000
3431,-122782.170
3432,-182830.710
3433,-97949.682
3434,-76649.100
3435,-74061.718
3436,-68189.545
3437,-59284.368
3438,-52152.084
3439,-2034921.017
3440,-1153498.650
3441,-3095443.328
3442,-3359172.291
3443,-3524688.936
3444,-3688698.739
3445,-3427796.356
3446,-4019139.383
3447,-4249805.520
3448,-4131912.619
3449,-4178982.657
3450,-4062024.100
3451,-1915019.595
3452,-1500610.305
3453,-0.000
3454,-136640.401
3455,-294626.642
3456,-297687.255
3457,-231791.626
3458,-229949.673
3459,-223893.279
3460,-224321.905
3461,-220673.924
3462,-211749.807
3463,-2253774.962
3464,-1321473.722
3465,-3420443.619
3466,-3470528.165
3467,-3664961.273
3468,-3797265.109
3469,-3421084.052
3470,-4084723.905
3471,-3995646.256
3472,-4171866.959
3473,-4257884.745
3474,-4299867.028
3475,-2299070.058
3476,-1587754.917
3477,-0.000
3478,-309310.622
3479,-385461.868
3480,-369992.690
3481,-285784.239
3482,-260072.692
3483,-236660.212
3484,-234479.742
3485,-224011.325
3486,-203132.224
3487,-250253.017
3488,-469181.889
3489,-2856392.645
3490,-2327636.306
3491,-2383549.681
3492,-2509951.741
3493,-2614772.136
3494,-2813847.821
3495,-2964259.474
3496,-3055046.865
3497,-2834426.465
3498,-2731903.934
3499,-410584.605
3500,-443186.841
3501,-433178.530
3502,-432479.156
3503,-415142.391
3504,-399165.563
3505,-305317.265
3506,-269517.810
3507,-275988.658
3508,-293068.174
3509,-285109.336
3510,-273566.896
3511,-289832.105
3512,-330426.332
3513,-551924.505
3514,-811242.831
3515,-1165995.579
3516,-1277363.158
3517,-1196333.493
3518,-1085629.676
3519,-827899.935
3520,-844825.489
3521,-707700.857
3522,-535796.292
3523,-379811.562
3524,-255726.428
3525,-245089.677
3526,-246055.367
3527,-257820.251
3528,-265062.792
3529,-260918.818
3530,-245495.441
3531,-237307.510
3532,-239848.514
3533,-217376.250
3534,-207777.507
3535,-2384219.741
3536,-1451933.187
3537,-3806925.912
3538,-3900678.570
3539,-4513579.939
3540,-4610118.725
3541,-3825920.387
3542,-4409495.445
3543,-4646467.281
3544,-4854618.382
3545,-4702970.552
3546,-4549267.632
3547,-2352975.148
3548,-1662110.025
3549,-0.000
3550,-385072.573
3551,-452069.611
3552,-453196.599
3553,-366474.453
3554,-356554.773
3555,-353364.729
3556,-344998.180
3557,-320324.756
3558,-308254.128
3559,-1909003.344
3560,-1632406.035
3561,-4147934.703
3562,-4426369.799
3563,-4707724.505
3564,-4784891.576
3565,-4163730.562
3566,-4840752.185
3567,-4875890.677
3568,-4983812.392
3569,-4842154.884
3570,-4670104.976
3571,-2414609.232
3572,-1756003.176
3573,-0.000
3574,-437728.372
3575,-500269.175
3576,-473712.695
3577,-376861.837
3578,-345367.345
3579,-321970.003
3580,-322879.718
3581,-324330.847
3582,-297779.465
3583,-1929017.613
3584,-1707829.089
3585,-4320374.252
3586,-4332997.305
3587,-4502712.789
3588,-4547346.048
3589,-3900467.086
3590,-4657667.496
3591,-4598720.931
3592,-4769951.806
3593,-4821180.630
3594,-4956806.978
3595,-2512597.864
3596,-1686427.208
3597,-0.000
3598,-431596.620
3599,-495083.035
3600,-495517.040
3601,-405991.781
3602,-378792.923
3603,-340041.406
3604,-309995.798
3605,-296850.335
3606,-293214.494
3607,-1867096.056
3608,-1630465.050
3609,-4223763.175
3610,-4379535.365
3611,-4444839.311
3612,-4297627.183
3613,-3748056.278
3614,-4419848.363
3615,-4694452.885
3616,-4398623.302
3617,-4123490.104
3618,-4154688.952
3619,-2285188.132
3620,-1604397.648
3621,-0.000
3622,-246617.616
3623,-415864.840
3624,-433306.692
3625,-368137.351
3626,-340992.544
3627,-328154.183
3628,-334300.472
3629,-325920.143
3630,-313540.261
3631,-1903028.869
3632,-1623694.722
3633,-4210587.021
3634,-4519265.356
3635,-4740481.933
3636,-4645619.565
3637,-4045105.688
3638,-4776518.145
3639,-4983567.089
3640,-4816590.623
3641,-4501287.076
3642,-4420020.985
3643,-2098030.052
3644,-1602027.896
3645,-0.000
3646,-353010.928
3647,-429786.311
3648,-438370.300
3649,-362260.490
3650,-336175.654
3651,-314415.742
3652,-303811.276
3653,-292316.504
3654,-285331.212
3655,-359806.180
3656,-610691.156
3657,-3075689.237
3658,-2678620.693
3659,-2834322.024
3660,-2794924.828
3661,-2535081.162
3662,-2803604.425
3663,-2762080.658
3664,-2860152.126
3665,-2672658.709
3666,-2786481.356
3667,-561035.140
3668,-450584.434
3669,-449664.997
3670,-463135.403
3671,-478705.840
3672,-458201.311
3673,-365300.437
3674,-394273.162
3675,-389443.399
3676,-386022.317
3677,-385067.307
3678,-382862.957
3679,-429752.018
3680,-644585.652
3681,-1032090.861
3682,-1262407.512
3683,-1357608.435
3684,-1416033.302
3685,-1127469.442
3686,-1284663.681
3687,-1028801.758
3688,-1041931.174
3689,-1124950.252
3690,-1087851.250
3691,-794444.606
3692,-440679.337
3693,-413760.040
3694,-409547.151
3695,-422698.701
3696,-438249.156
3697,-447244.019
3698,-445856.989
3699,-435977.999
3700,-441074.481
3701,-439898.230
3702,-429062.533
3703,-2031005.116
3704,-1596165.684
3705,-4179314.002
3706,-4448721.186
3707,-4676651.342
3708,-4594519.876
3709,-3956325.522
3710,-5023018.477
3711,-4841681.485
3712,-4912172.672
3713,-4834344.142
3714,-4838153.244
3715,-2382844.858
3716,-1802729.211
3717,-0.000
3718,-516960.631
3719,-565957.844
3720,-571460.219
3721,-487253.786
3722,-467259.184
3723,-414290.952
3724,-395571.352
3725,-429005.669
3726,-416241.433
3727,-1989238.604
3728,-1608421.450
3729,-4056938.400
3730,-4296192.428
3731,-4790722.102
3732,-4920521.016
3733,-4332044.060
3734,-5137030.305
3735,-5248977.354
3736,-5180215.646
3737,-5122320.619
3738,-4851849.484
3739,-2177097.226
3740,-1802886.656
3741,-0.000
3742,-473723.202
3743,-572960.664
3744,-513755.567
3745,-440054.816
3746,-434548.215
3747,-399540.448
3748,-345134.902
3749,-353852.561
3750,-391736.272
3751,-1948606.685
3752,-1561387.968
3753,-4095885.244
3754,-4327324.605
3755,-4537089.713
3756,-4658400.045
3757,-4018390.914
3758,-4585614.289
3759,-4494279.212
3760,-4204998.063
3761,-3872655.438
3762,-3729158.107
3763,-1665230.057
3764,-1448681.655
3765,-0.000
3766,-0.000
3767,-240032.258
3768,-299983.891
3769,-222875.647
3770,-192959.498
3771,-143482.609
3772,-140721.358
3773,-142858.320
3774,-75904.968
3775,-2151015.237
3776,-1263481.351
3777,-3445194.483
3778,-3731890.302
3779,-4056554.428
3780,-4087676.440
3781,-3456174.358
3782,-3960800.023
3783,-3766951.111
3784,-3765488.504
3785,-3499286.176
3786,-3385063.530
3787,-1485164.194
3788,-1300493.097
3789,-0.000
3790,-0.000
3791,-176043.197
3792,-260861.293
3793,-140940.678
3794,-80090.803
3795,-71425.137
3796,-70039.396
3797,-103875.678
3798,-84614.898
3799,-2097108.976
3800,-1132461.679
3801,-2985242.050
3802,-3001878.631
3803,-3080349.422
3804,-3139873.875
3805,-2700946.199
3806,-3365517.743
3807,-3661235.546
3808,-3606761.529
3809,-3646384.055
3810,-3545626.017
3811,-1540614.088
3812,-1355002.894
3813,-0.000
3814,-40094.767
3815,-236637.679
3816,-277450.070
3817,-214069.762
3818,-132665.555
3819,-135706.546
3820,-192599.125
3821,-193609.567
3822,-172675.084
3823,-170910.490
3824,-227458.009
3825,-2326450.711
3826,-2006912.447
3827,-2071971.938
3828,-2149672.530
3829,-2130019.145
3830,-2185866.682
3831,-2288999.559
3832,-2317121.638
3833,-2198579.644
3834,-2360482.908
3835,-0.000
3836,-307887.592
3837,-352319.371
3838,-351196.606
3839,-288045.595
3840,-274506.144
3841,-196337.886
3842,-201640.345
3843,-204791.260
3844,-201963.128
3845,-191110.029
3846,-185730.695
3847,-259955.257
3848,-647572.185
3849,-1106433.156
3850,-1214411.976
3851,-1283307.869
3852,-1091551.424
3853,-1102788.144
3854,-1385012.383
3855,-1560290.972
3856,-1097964.278
3857,-892075.546
3858,-647840.867
3859,-544681.612
3860,-343073.105
3861,-304697.069
3862,-308437.676
3863,-294841.974
3864,-273096.613
3865,-270926.547
3866,-266727.214
3867,-265007.049
3868,-254905.415
3869,-240618.503
3870,-233852.402
3871,-2345631.029
3872,-1427192.718
3873,-3557847.679
3874,-3541039.479
3875,-3836024.572
3876,-4063567.614
3877,-3752841.196
3878,-4337354.347
3879,-4058359.141
3880,-3577864.978
3881,-3598456.193
3882,-3660103.877
3883,-1782141.340
3884,-1480224.259
3885,-0.000
3886,-66076.152
3887,-285785.269
3888,-301264.614
3889,-192273.361
3890,-159007.287
3891,-147446.365
3892,-148404.174
3893,-178777.237
3894,-200859.195
3895,-2349461.327
3896,-1399015.486
3897,-3647006.598
3898,-3784474.455
3899,-4343519.974
3900,-4747760.110
3901,-3981004.255
3902,-4592989.571
3903,-4422673.113
3904,-3961239.912
3905,-3887979.133
3906,-3963864.705
3907,-1857312.363
3908,-1611454.998
3909,-0.000
3910,-151870.230
3911,-365860.053
3912,-411053.549
3913,-348640.593
3914,-343426.287
3915,-343114.773
3916,-342392.032
3917,-331688.308
3918,-313240.116
3919,-2451454.759
3920,-1462780.904
3921,-3719901.763
3922,-3830618.629
3923,-3992716.602
3924,-4186023.867
3925,-3703837.666
3926,-4564916.447
3927,-4685102.105
3928,-4786928.960
3929,-4114220.120
3930,-3742975.197
3931,-1782930.780
3932,-1552918.461
3933,-0.000
3934,-120872.898
3935,-316807.814
3936,-363614.567
3937,-272668.724
3938,-223528.324
3939,-226210.403
3940,-244564.533
3941,-236544.440
3942,-240053.807
3943,-2303726.169
3944,-1264647.957
3945,-3293595.347
3946,-3422668.908
3947,-3546350.344
3948,-3656153.649
3949,-3049732.222
3950,-3437874.977
3951,-3416374.975
3952,-3389084.743
3953,-3203317.735
3954,-3133704.751
3955,-1448402.507
3956,-1334615.577
3957,-0.000
3958,-0.000
3959,-164198.896
3960,-240383.621
3961,-165527.149
3962,-136248.777
3963,-125934.607
3964,-134310.240
3965,-146797.494
3966,-127107.281
3967,-2227269.459
3968,-1222348.544
3969,-3282115.012
3970,-3415481.903
3971,-3626867.959
3972,-3696977.228
3973,-3270956.988
3974,-4133192.446
3975,-4177440.973
3976,-4424263.419
3977,-3920179.352
3978,-3584638.297
3979,-1497819.119
3980,-1302074.112
3981,-0.000
3982,-0.000
3983,-0.000
3984,-167231.928
3985,-108541.548
3986,-93454.784
3987,-90493.654
3988,-85418.072
3989,-82657.277
3990,-77603.860
3991,-134419.026
3992,-349950.059
3993,-2712898.254
3994,-2275768.289
3995,-2397634.813
3996,-2659630.519
3997,-2589183.195
3998,-2635557.550
3999,-2742852.107
4000,-2459876.812
4001,-2206358.608
4002,-2089827.995
4003,-33181.436
4004,-336794.597
4005,-366093.892
4006,-388317.188
4007,-397178.561
4008,-398772.639
4009,-307489.715
4010,-284676.314
4011,-278408.355
4012,-284819.564
4013,-302917.737
4014,-312567.396
4015,-331362.880
4016,-434961.829
4017,-561172.230
4018,-583614.993
4019,-705941.454
4020,-807361.312
4021,-934278.688
4022,-1017292.001
4023,-1003840.410
4024,-879068.706
4025,-704356.506
4026,-561164.581
4027,-465594.417
4028,-384670.237
4029,-383785.704
4030,-390511.599
4031,-379709.980
4032,-354297.363
4033,-338739.269
4034,-324734.167
4035,-322312.361
4036,-336328.209
4037,-352151.989
4038,-356187.913
4039,-1918078.710
4040,-1406729.533
4041,-3717624.286
4042,-4031422.106
4043,-4393941.343
4044,-4606321.426
4045,-4005336.799
4046,-4542916.188
4047,-4718373.084
4048,-4658820.704
4049,-4703791.206
4050,-4603442.975
4051,-2224300.372
4052,-1704044.825
4053,-0.000
4054,-382314.197
4055,-476578.688
4056,-501403.711
4057,-433766.980
4058,-416906.206
4059,-411903.039
4060,-364028.308
4061,-341922.153
4062,-334745.850
4063,-1869027.209
4064,-1383786.615
4065,-3632088.445
4066,-3834019.244
4067,-4296851.975
4068,-4693656.291
4069,-4059801.853
4070,-4667625.194
4071,-4573090.332
4072,-4513025.519
4073,-4685642.049
4074,-4476170.173
4075,-2070293.175
4076,-1779100.536
4077,-0.000
4078,-447565.853
4079,-526824.726
4080,-527697.923
4081,-446862.341
4082,-423741.500
4083,-397080.998
4084,-401587.591
4085,-386799.636
4086,-373372.055
4087,-1923099.299
4088,-1423036.582
4089,-3752501.047
4090,-3825756.764
4091,-4003739.918
4092,-4199175.683
4093,-3614645.826
4094,-4131189.693
4095,-4318675.201
4096,-4371125.037
4097,-4189045.040
4098,-4105636.699
4099,-1890991.014
4100,-1646681.620
4101,-0.000
4102,-323737.429
4103,-439519.448
4104,-475631.657
4105,-421811.604
4106,-399396.756
4107,-374799.597
4108,-342946.561
4109,-339787.524
4110,-334931.334
4111,-1891601.368
4112,-1448782.459
4113,-3871688.384
4114,-4083505.756
4115,-4389500.552
4116,-4560226.281
4117,-4066326.222
4118,-4696612.842
4119,-4710481.705
4120,-4543526.999
4121,-4418426.544
4122,-4309062.683
4123,-2116887.898
4124,-1665655.204
4125,-0.000
4126,-401447.293
4127,-488372.069
4128,-506548.986
4129,-424253.333
4130,-395983.938
4131,-376494.317
4132,-374191.973
4133,-364972.243
4134,-356617.871
4135,-1935735.022
4136,-1651812.305
4137,-4252716.646
4138,-4361903.196
4139,-4595586.087
4140,-4562312.909
4141,-3919532.806
4142,-4813749.994
4143,-4985771.082
4144,-5154020.897
4145,-5123047.553
4146,-5116272.394
4147,-2708759.540
4148,-1797595.905
4149,-11561.789
4150,-521074.007
4151,-545138.616
4152,-526597.686
4153,-430143.783
4154,-395161.649
4155,-382406.163
4156,-395393.257
4157,-391762.095
4158,-390127.024
4159,-512966.649
4160,-793813.164
4161,-3292904.704
4162,-2937660.778
4163,-2989716.020
4164,-2943687.488
4165,-2924723.716
4166,-3197401.244
4167,-3490791.095
4168,-3645661.240
4169,-3830335.540
4170,-3823103.553
4171,-1327539.450
4172,-679780.306
4173,-598430.402
4174,-615993.198
4175,-598837.650
4176,-563132.358
4177,-465307.002
4178,-416763.628
4179,-391647.943
4180,-376209.536
4181,-324249.462
4182,-287477.908
4183,-406286.866
4184,-862188.341
4185,-1249058.578
4186,-1356162.813
4187,-1382107.515
4188,-1333789.480
4189,-1221544.539
4190,-1442747.981
4191,-1758652.072
4192,-1837484.651
4193,-1937153.153
4194,-2111166.740
4195,-1610658.438
4196,-598715.769
4197,-502809.109
4198,-519233.476
4199,-516760.158
4200,-486593.182
4201,-464563.405
4202,-414406.382
4203,-381042.726
4204,-368746.140
4205,-336839.033
4206,-313136.000
4207,-1862975.244
4208,-1699276.113
4209,-4208633.296
4210,-4315729.474
4211,-4407326.936
4212,-4363431.217
4213,-3680150.925
4214,-4419600.801
4215,-4699440.430
4216,-4896576.524
4217,-5000736.332
4218,-5086788.435
4219,-2896120.482
4220,-1722354.189
4221,-67013.617
4222,-577804.815
4223,-595345.400
4224,-571491.772
4225,-483742.061
4226,-442094.444
4227,-410187.322
4228,-398129.085
4229,-368016.221
4230,-357506.569
4231,-1944431.157
4232,-1767434.058
4233,-4249821.515
4234,-4371753.079
4235,-4486880.007
4236,-4410707.095
4237,-3830690.457
4238,-4556597.464
4239,-4879913.357
4240,-4604711.949
4241,-4536332.566
4242,-4739623.179
4243,-2649660.698
4244,-1672186.220
4245,-0.000
4246,-491445.318
4247,-525101.501
4248,-514846.781
4249,-430589.798
4250,-394746.060
4251,-373387.474
4252,-373839.514
4253,-360479.540
4254,-359239.648
4255,-1955876.407
4256,-1740276.195
4257,-4221541.462
4258,-4425189.713
4259,-4588698.588
4260,-4595838.299
4261,-3928866.153
4262,-4779940.534
4263,-5026303.709
4264,-5145611.796
4265,-5304229.043
4266,-5463748.194
4267,-2841089.973
4268,-1776869.529
4269,-38952.121
4270,-557547.147
4271,-575328.623
4272,-569911.215
4273,-489512.671
4274,-459839.046
4275,-438201.630
4276,-439546.669
4277,-440572.250
4278,-440028.798
4279,-2004454.957
4280,-1775479.223
4281,-4344429.302
4282,-4403832.485
4283,-4536058.145
4284,-4494863.042
4285,-3876974.456
4286,-4666551.542
4287,-4891541.142
4288,-4986881.804
4289,-5222829.512
4290,-5527514.101
4291,-3220865.191
4292,-1820886.836
4293,-88147.752
4294,-638312.573
4295,-643903.308
4296,-619143.401
4297,-528207.872
4298,-482390.876
4299,-440823.177
4300,-424426.742
4301,-402058.527
4302,-383174.693
4303,-2003492.004
4304,-1802769.722
4305,-4370890.159
4306,-4589920.129
4307,-4910598.894
4308,-4965394.590
4309,-4353776.448
4310,-5289271.652
4311,-5120456.045
4312,-5022035.956
4313,-4974593.791
4314,-5179178.280
4315,-2613205.744
4316,-1724020.843
4317,-0.000
4318,-494018.455
4319,-538163.534
4320,-533377.917
4321,-450430.403
4322,-419667.054
4323,-385285.090
4324,-378445.457
4325,-360627.859
4326,-342331.660
4327,-434324.565
4328,-670305.268
4329,-3059520.562
4330,-2690357.951
4331,-2736429.514
4332,-2732379.950
4333,-2597579.461
4334,-2603629.333
4335,-2725573.578
4336,-2529258.573
4337,-2416406.498
4338,-2294734.474
4339,-151125.431
4340,-377000.037
4341,-390126.258
4342,-405939.670
4343,-407787.515
4344,-381219.895
4345,-294848.017
4346,-284044.185
4347,-283322.880
4348,-286711.138
4349,-291516.130
4350,-291101.293
4351,-360147.101
4352,-649922.018
4353,-1052514.954
4354,-1133624.402
4355,-1199559.035
4356,-1246330.005
4357,-1149363.301
4358,-1362650.930
4359,-1527775.945
4360,-1229664.622
4361,-1091286.276
4362,-1208884.312
4363,-956207.334
4364,-420341.910
4365,-369243.290
4366,-279995.445
4367,-254908.587
4368,-243027.002
4369,-244806.719
4370,-230201.914
4371,-219169.753
4372,-244964.834
4373,-273324.174
4374,-238157.253
4375,-2158065.144
4376,-1187085.103
4377,-3122986.308
4378,-3266309.006
4379,-3365833.702
4380,-3371891.255
4381,-2854876.581
4382,-3285355.273
4383,-3280589.219
4384,-3312458.934
4385,-3289281.527
4386,-3260527.301
4387,-1476261.616
4388,-1384222.096
4389,-0.000
4390,-0.000
4391,-216360.599
4392,-274351.952
4393,-274999.773
4394,-279857.256
4395,-297693.460
4396,-255928.729
4397,-248694.219
4398,-230958.419
4399,-2299430.990
4400,-1321575.541
4401,-3442935.099
4402,-3443223.741
4403,-3539441.123
4404,-3748261.313
4405,-3609444.793
4406,-4446496.121
4407,-4348915.868
4408,-3962491.606
4409,-3949780.226
4410,-3858225.185
4411,-1823461.810
4412,-1585925.824
4413,-0.000
4414,-162934.326
4415,-385705.147
4416,-452994.461
4417,-356771.920
4418,-294525.224
4419,-272221.092
4420,-263058.468
4421,-262614.091
4422,-271911.281
4423,-2336860.696
4424,-1315584.885
4425,-3423323.635
4426,-3474531.024
4427,-3657027.322
4428,-3821331.283
4429,-3409039.564
4430,-4089529.121
4431,-4092360.827
4432,-4231339.263
4433,-4144977.226
4434,-3843134.344
4435,-1734864.879
4436,-1635090.211
4437,-0.000
4438,-218059.649
4439,-428850.082
4440,-459091.440
4441,-380289.790
4442,-373517.416
4443,-371934.893
4444,-378783.616
4445,-403626.329
4446,-393491.828
4447,-1998675.929
4448,-1518985.859
4449,-4036019.180
4450,-4115743.569
4451,-4392256.298
4452,-4641836.693
4453,-4186219.428
4454,-4602429.329
4455,-4349190.459
4456,-4445379.994
4457,-4377847.924
4458,-4099359.635
4459,-1878850.509
4460,-1713031.406
4461,-0.000
4462,-292663.830
4463,-437369.306
4464,-450473.091
4465,-362556.579
4466,-324095.886
4467,-288925.586
4468,-259160.653
4469,-237200.520
4470,-234016.195
4471,-2423247.285
4472,-1499718.234
4473,-3935661.217
4474,-4102021.158
4475,-4410732.925
4476,-4599944.736
4477,-4018490.852
4478,-4291379.269
4479,-4098741.575
4480,-4190668.663
4481,-4448247.883
4482,-4562184.542
4483,-2165305.562
4484,-1572254.909
4485,-0.000
4486,-171030.988
4487,-376080.554
4488,-381254.789
4489,-261062.288
4490,-250110.147
4491,-252607.282
4492,-268651.267
4493,-316544.109
4494,-292452.817
4495,-306292.959
4496,-382945.954
4497,-2697205.004
4498,-2509972.943
4499,-2746873.991
4500,-2914511.499
4501,-3037650.239
4502,-2661274.848
4503,-2519751.780
4504,-2360945.989
4505,-2488007.260
4506,-2440028.472
4507,-321823.666
4508,-377518.513
4509,-405534.659
4510,-417279.243
4511,-425187.958
4512,-415751.354
4513,-314954.076
4514,-287226.598
4515,-266279.944
4516,-262997.578
4517,-266438.832
4518,-262570.942
4519,-369218.215
4520,-610721.302
4521,-974288.540
4522,-1266571.359
4523,-1445574.960
4524,-1432215.130
4525,-1389485.243
4526,-1527061.544
4527,-1728495.283
4528,-1972940.230
4529,-2010357.268
4530,-1458545.516
4531,-979271.474
4532,-401196.701
4533,-422178.188
4534,-431343.043
4535,-395900.831
4536,-364597.831
4537,-367158.556
4538,-345192.019
4539,-322346.550
4540,-317631.141
4541,-308714.484
4542,-287572.273
4543,-2410169.861
4544,-1624773.463
4545,-4093197.276
4546,-4206627.298
4547,-4512689.743
4548,-4705419.366
4549,-4022620.982
4550,-4934707.365
4551,-5158776.434
4552,-5245399.873
4553,-5327380.257
4554,-5445485.835
4555,-2765638.613
4556,-1707581.690
4557,-0.000
4558,-528997.372
4559,-554821.794
4560,-531600.782
4561,-449332.101
4562,-422757.615
4563,-418454.586
4564,-427578.151
4565,-401547.826
4566,-391614.812
4567,-2069891.830
4568,-1812038.841
4569,-4551323.698
4570,-4757951.191
4571,-5077513.095
4572,-5196373.854
4573,-4464327.617
4574,-5374413.872
4575,-5504315.206
4576,-5515854.858
4577,-5550949.598
4578,-5487826.033
4579,-3142215.832
4580,-1880177.920
4581,-91867.842
4582,-653827.242
4583,-655638.043
4584,-614371.189
4585,-512808.353
4586,-455270.042
4587,-427363.217
4588,-433348.140
4589,-433386.110
4590,-436075.918
4591,-2080444.885
4592,-1839978.942
4593,-4520268.458
4594,-4679664.129
4595,-4811405.101
4596,-4855829.022
4597,-4143186.907
4598,-4992130.745
4599,-5331586.340
4600,-5410626.921
4601,-5586929.296
4602,-5676118.890
4603,-3327496.493
4604,-1780589.015
4605,-87736.633
4606,-625330.970
4607,-606286.140
4608,-551904.176
4609,-453655.622
4610,-409039.328
4611,-386461.398
4612,-391246.507
4613,-356761.537
4614,-350739.474
4615,-1989070.388
4616,-1806152.955
4617,-4457163.837
4618,-4538405.395
4619,-4594131.753
4620,-4648346.780
4621,-3978968.506
4622,-4773338.760
4623,-5022379.182
4624,-5153424.050
4625,-5193502.782
4626,-5401152.234
4627,-3356687.933
4628,-1770440.812
4629,-92655.207
4630,-643373.410
4631,-641877.082
4632,-603439.298
4633,-515680.124
4634,-463650.791
4635,-425222.465
4636,-430637.788
4637,-419103.905
4638,-410799.108
4639,-2037432.876
4640,-1812957.992
4641,-4436097.228
4642,-4494438.886
4643,-4577058.274
4644,-4460545.559
4645,-3844775.482
4646,-4642447.210
4647,-4819368.108
4648,-4996521.389
4649,-5209555.209
4650,-5361441.081
4651,-3319736.108
4652,-1750181.898
4653,-95370.986
4654,-614823.430
4655,-603757.654
4656,-577054.391
4657,-502422.003
4658,-465529.349
4659,-424254.750
4660,-417825.249
4661,-403310.374
4662,-404144.571
4663,-551469.042
4664,-943205.998
4665,-3461332.129
4666,-2856959.463
4667,-2918308.450
4668,-2931265.445
4669,-2868191.187
4670,-3050437.239
4671,-3356041.351
4672,-3609043.021
4673,-3914218.606
4674,-4050343.655
4675,-1445199.108
4676,-773671.134
4677,-699650.309
4678,-671544.776
4679,-652446.976
4680,-623540.306
4681,-542667.956
4682,-496843.250
4683,-455426.076
4684,-452781.781
4685,-454485.254
4686,-426591.589
4687,-546782.799
4688,-933446.333
4689,-1303010.049
4690,-1354826.062
4691,-1423892.371
4692,-1447978.134
4693,-1370018.875
4694,-1311166.235
4695,-1340593.852
4696,-1500388.827
4697,-1476418.281
4698,-1388644.782
4699,-1450789.909
4700,-603428.703
4701,-568146.118
4702,-576235.907
4703,-558430.686
4704,-529115.975
4705,-528796.100
4706,-520210.124
4707,-501430.582
4708,-495741.522
4709,-483394.328
4710,-479297.219
4711,-2088356.283
4712,-1848120.259
4713,-4615479.169
4714,-4721133.290
4715,-4862795.225
4716,-4866886.946
4717,-4206761.066
4718,-5135641.746
4719,-5315618.976
4720,-5530677.003
4721,-5557767.542
4722,-5681085.245
4723,-3077722.306
4724,-1965793.234
4725,-217828.707
4726,-667820.290
4727,-711397.419
4728,-681006.892
4729,-591182.027
4730,-577641.612
4731,-571107.858
4732,-575935.008
4733,-569619.209
4734,-558751.774
4735,-2171202.401
4736,-1797691.351
4737,-4556144.809
4738,-4791825.744
4739,-4939823.512
4740,-4987078.112
4741,-4017343.849
4742,-4691582.299
4743,-5113284.076
4744,-5570222.666
4745,-5714292.244
4746,-5383709.215
4747,-2626637.304
4748,-1974565.434
4749,-75251.649
4750,-652865.590
4751,-672359.747
4752,-670673.554
4753,-594285.501
4754,-582014.283
4755,-578541.858
4756,-577928.876
4757,-512382.044
4758,-492036.866
4759,-2064535.910
4760,-1762512.809
4761,-4575691.329
4762,-4849978.068
4763,-5215982.371
4764,-5367057.549
4765,-4509017.861
4766,-5388973.119
4767,-5458008.741
4768,-5476337.255
4769,-5615099.312
4770,-5584601.338
4771,-2872605.712
4772,-1960934.431
4773,-75575.627
4774,-662079.417
4775,-691307.400
4776,-693394.597
4777,-609879.690
4778,-587950.654
4779,-578386.788
4780,-580188.649
4781,-563221.889
4782,-541491.430
4783,-2173746.404
4784,-1778480.608
4785,-4622301.016
4786,-4846821.556
4787,-5058450.843
4788,-5111962.381
4789,-4292827.243
4790,-4957544.696
4791,-5176319.923
4792,-5227540.860
4793,-5038143.007
4794,-5109847.510
4795,-2837221.107
4796,-1932330.419
4797,-94937.330
4798,-678993.409
4799,-689402.619
4800,-671894.098
4801,-581962.924
4802,-550742.129
4803,-537110.527
4804,-541283.125
4805,-514879.606
4806,-483196.155
4807,-2028004.486
4808,-1758304.119
4809,-4427912.237
4810,-4566624.326
4811,-4605588.440
4812,-4430972.683
4813,-3911046.643
4814,-4792334.778
4815,-4959069.870
4816,-5075841.675
4817,-5256188.358
4818,-5423487.185
4819,-2776333.098
4820,-1838161.112
4821,-50859.079
4822,-596322.209
4823,-618561.921
4824,-610361.881
4825,-537222.740
4826,-481670.569
4827,-437141.087
4828,-434861.605
4829,-412321.620
4830,-387118.468
4831,-505731.080
4832,-823319.660
4833,-3431212.738
4834,-2928006.301
4835,-3064930.433
4836,-3078309.175
4837,-3048737.743
4838,-3254536.494
4839,-3430932.492
4840,-3603736.880
4841,-3676167.351
4842,-3698880.368
4843,-1146800.664
4844,-699920.230
4845,-677658.349
4846,-701500.387
4847,-679336.103
4848,-623936.854
4849,-524349.556
4850,-465921.014
4851,-417651.748
4852,-421184.627
4853,-413655.906
4854,-400479.009
4855,-534981.006
4856,-947885.302
4857,-1347629.169
4858,-1447644.988
4859,-1507601.375
4860,-1492665.254
4861,-1454519.800
4862,-1708136.440
4863,-1995490.438
4864,-2042295.962
4865,-2157292.307
4866,-2310655.052
4867,-1868318.197
4868,-755804.853
4869,-658255.120
4870,-677440.256
4871,-661133.018
4872,-613133.366
4873,-602123.210
4874,-568078.509
4875,-545945.735
4876,-543152.801
4877,-508532.869
4878,-480309.300
4879,-2108334.116
4880,-1793514.577
4881,-4366574.879
4882,-4590294.781
4883,-4907491.311
4884,-4955098.138
4885,-4220752.065
4886,-5117535.512
4887,-5302724.460
4888,-5453636.448
4889,-5578634.053
4890,-5776432.437
4891,-3453199.870
4892,-1979909.136
4893,-240820.464
4894,-725143.972
4895,-756251.387
4896,-726061.992
4897,-643385.828
4898,-602523.587
4899,-578460.305
4900,-572355.928
4901,-543559.608
4902,-511724.662
4903,-2167437.745
4904,-1891868.230
4905,-4622675.190
4906,-4796690.525
4907,-5144959.105
4908,-5185185.385
4909,-4437839.059
4910,-5257810.709
4911,-5383653.306
4912,-5504152.570
4913,-5761796.701
4914,-6049316.558
4915,-3468585.359
4916,-2093285.061
4917,-190807.540
4918,-817182.515
4919,-819799.235
4920,-770824.086
4921,-682606.315
4922,-632130.650
4923,-607373.172
4924,-604464.507
4925,-566101.349
4926,-536907.566
4927,-2231448.735
4928,-1957728.171
4929,-4854155.638
4930,-5005909.330
4931,-5379071.503
4932,-5373048.442
4933,-4486163.232
4934,-5392152.933
4935,-5576277.976
4936,-5748896.944
4937,-5968646.796
4938,-6138000.000
4939,-3425188.552
4940,-2171598.798
4941,-241194.969
4942,-862002.736
4943,-872560.273
4944,-829964.260
4945,-744445.738
4946,-703250.760
4947,-677393.534
4948,-676844.618
4949,-648529.797
4950,-627810.442
4951,-2336763.346
4952,-1954252.012
4953,-4780257.948
4954,-4875342.289
4955,-5131905.891
4956,-5237500.304
4957,-4418057.194
4958,-5244096.643
4959,-5522620.731
4960,-5601928.928
4961,-5757160.869
4962,-5891400.381
4963,-3436018.376
4964,-1996753.432
4965,-152836.798
4966,-769828.366
4967,-771539.296
4968,-730628.607
4969,-645896.269
4970,-604582.751
4971,-581835.138
4972,-584532.187
4973,-553815.333
4974,-534274.154
4975,-2213071.212
4976,-1860440.808
4977,-4593336.433
4978,-4694853.873
4979,-4967756.771
4980,-5085486.563
4981,-4302215.739
4982,-5175153.816
4983,-5370030.295
4984,-5555851.203
4985,-5773126.818
4986,-5932651.813
4987,-3378709.835
4988,-2003085.104
4989,-128437.488
4990,-765850.218
4991,-762235.945
4992,-707464.955
4993,-615845.580
4994,-587376.770
4995,-574586.826
4996,-558399.565
4997,-511012.913
4998,-483128.769
4999,-574025.543
5000,-924461.263
5001,-3529958.464
5002,-3047257.794
5003,-3240265.871
5004,-3296834.761
5005,-3246729.689
5006,-3457710.740
5007,-3652176.370
5008,-3843620.090
5009,-4019367.599
5010,-4271149.673
5011,-1709382.535
5012,-859600.602
5013,-787889.083
5014,-812427.741
5015,-789625.477
5016,-742754.634
5017,-647783.484
5018,-596402.530
5019,-560300.734
5020,-552076.352
5021,-515423.739
5022,-491254.026
5023,-600840.455
5024,-970668.436
5025,-1371851.393
5026,-1506766.278
5027,-1639579.440
5028,-1615237.450
5029,-1572215.222
5030,-1812737.458
5031,-2082632.519
5032,-2115298.016
5033,-2196930.558
5034,-2331653.816
5035,-1792001.197
5036,-802086.763
5037,-700219.651
5038,-649445.926
5039,-610378.576
5040,-584457.156
5041,-583107.150
5042,-571016.229
5043,-563440.940
5044,-566769.337
5045,-542258.030
5046,-516501.436
5047,-2234132.860
5048,-1939776.108
5049,-4847328.490
5050,-4957833.051
5051,-5169978.447
5052,-5208898.485
5053,-4424767.717
5054,-5318234.039
5055,-5405764.537
5056,-4986795.135
5057,-4679576.613
5058,-4389440.258
5059,-2133135.899
5060,-1469510.468
5061,-0.000
5062,-197658.375
5063,-372628.692
5064,-398417.479
5065,-338392.631
5066,-317695.517
5067,-300781.370
5068,-318341.846
5069,-325338.345
5070,-333135.055
5071,-1951813.158
5072,-1648810.711
5073,-4047757.555
5074,-4112774.677
5075,-4497488.375
5076,-4707479.356
5077,-4070800.675
5078,-4883890.422
5079,-5095971.809
5080,-5252966.650
5081,-5433781.365
5082,-5664391.803
5083,-3219856.311
5084,-1894837.907
5085,-97062.121
5086,-685268.227
5087,-682531.983
5088,-646799.952
5089,-553770.978
5090,-504305.249
5091,-476504.987
5092,-481980.732
5093,-457339.078
5094,-424288.785
5095,-2007694.908
5096,-1772708.698
5097,-4381192.481
5098,-4481102.966
5099,-4700128.797
5100,-4672822.100
5101,-3970258.889
5102,-4715679.014
5103,-4909930.216
5104,-5078858.239
5105,-5247073.290
5106,-5495558.215
5107,-3315212.991
5108,-1783886.954
5109,-109650.358
5110,-657637.822
5111,-673668.970
5112,-654552.187
5113,-573205.847
5114,-530324.650
5115,-505047.966
5116,-503717.861
5117,-478670.438
5118,-460204.524
5119,-2081051.984
5120,-1866378.540
5121,-4646562.289
5122,-4801743.203
5123,-5075621.559
5124,-5221652.379
5125,-4507886.705
5126,-5457831.952
5127,-5619786.662
5128,-5593023.827
5129,-5425545.471
5130,-5345140.339
5131,-2820096.365
5132,-1844256.798
5133,-224220.978
5134,-653167.259
5135,-710144.299
5136,-689860.072
5137,-601571.917
5138,-485646.265
5139,-431608.660
5140,-430850.934
5141,-385528.295
5142,-344360.495
5143,-1830336.651
5144,-1411424.492
5145,-3720210.939
5146,-3800500.792
5147,-4075684.315
5148,-4377282.236
5149,-3886758.171
5150,-4460621.338
5151,-4660951.926
5152,-4763076.120
5153,-4602416.558
5154,-4345333.087
5155,-2020247.636
5156,-1424621.409
5157,-0.000
5158,-101792.770
5159,-308547.970
5160,-336325.454
5161,-269704.902
5162,-259258.769
5163,-244326.502
5164,-232732.849
5165,-227300.392
5166,-228729.407
5167,-263837.151
5168,-522582.221
5169,-3040818.399
5170,-2583512.461
5171,-2645504.628
5172,-2686268.707
5173,-2594453.395
5174,-2477219.938
5175,-2519494.104
5176,-2267081.811
5177,-2261709.387
5178,-2163086.257
5179,-37443.908
5180,-253249.351
5181,-263894.286
5182,-283653.650
5183,-342132.980
5184,-350992.255
5185,-245913.143
5186,-213844.573
5187,-209440.736
5188,-211685.778
5189,-190217.023
5190,-172649.989
5191,-231229.480
5192,-356918.114
5193,-643175.617
5194,-968765.423
5195,-1099047.386
5196,-1030773.348
5197,-803787.545
5198,-732125.810
5199,-799752.376
5200,-934124.435
5201,-823437.930
5202,-552043.047
5203,-588696.653
5204,-328185.555
5205,-301931.440
5206,-291620.695
5207,-275842.159
5208,-251578.933
5209,-233362.493
5210,-225148.859
5211,-219643.687
5212,-216644.239
5213,-204561.282
5214,-194111.438
5215,-2346579.876
5216,-1485775.606
5217,-3877379.710
5218,-4090866.357
5219,-4500196.411
5220,-4764764.364
5221,-4163495.224
5222,-4773972.090
5223,-4447826.041
5224,-4507489.974
5225,-4678626.416
5226,-4840642.158
5227,-2415879.943
5228,-1555290.903
5229,-0.000
5230,-276800.593
5231,-399617.019
5232,-398432.488
5233,-301829.237
5234,-265242.683
5235,-244519.099
5236,-244909.927
5237,-230791.430
5238,-207722.432
5239,-2366372.759
5240,-1578235.341
5241,-4100652.242
5242,-4303275.986
5243,-4531377.263
5244,-4526700.509
5245,-3887829.669
5246,-4581482.347
5247,-4739600.418
5248,-4938114.254
5249,-5106912.592
5250,-5372127.727
5251,-2890732.817
5252,-1813271.950
5253,-58376.151
5254,-599872.073
5255,-633003.274
5256,-614116.341
5257,-526415.710
5258,-482814.849
5259,-457163.590
5260,-451051.686
5261,-413321.392
5262,-382990.253
5263,-1921795.828
5264,-1637891.827
5265,-4164226.858
5266,-4317098.240
5267,-4530868.576
5268,-4661744.835
5269,-4120560.056
5270,-4799596.586
5271,-5018891.971
5272,-5093290.541
5273,-4469465.089
5274,-3947093.995
5275,-1736530.636
5276,-1457832.856
5277,-0.000
5278,-145359.096
5279,-329808.149
5280,-340848.870
5281,-252703.449
5282,-225555.510
5283,-209113.460
5284,-193367.073
5285,-197607.531
5286,-211779.144
5287,-2199702.564
5288,-1409396.894
5289,-3632848.687
5290,-3740040.109
5291,-4005187.337
5292,-4135477.087
5293,-3499579.763
5294,-4012816.928
5295,-3996188.422
5296,-4065305.672
5297,-3938127.156
5298,-3660446.146
5299,-1630233.293
5300,-1326727.108
5301,-0.000
5302,-0.000
5303,-119169.536
5304,-203926.560
5305,-136085.111
5306,-120430.518
5307,-107449.308
5308,-122086.516
5309,-165748.945
5310,-165377.808
5311,-2248828.195
5312,-1301257.635
5313,-3386592.008
5314,-3488362.995
5315,-3698142.834
5316,-3822881.375
5317,-3515531.851
5318,-4382209.251
5319,-4575449.761
5320,-4099042.608
5321,-3624264.324
5322,-3571505.443
5323,-1660434.537
5324,-1451438.739
5325,-0.000
5326,-0.000
5327,-273611.985
5328,-320714.343
5329,-265780.695
5330,-257512.548
5331,-249578.640
5332,-241526.084
5333,-236878.331
5334,-238674.624
5335,-293247.484
5336,-420466.530
5337,-2788342.755
5338,-2391704.672
5339,-2580420.980
5340,-2428733.119
5341,-2574550.354
5342,-2713707.749
5343,-2596718.069
5344,-2545200.981
5345,-2804336.054
5346,-2878084.580
5347,-378667.290
5348,-263330.663
5349,-270423.411
5350,-303099.103
5351,-287186.813
5352,-268025.091
5353,-183449.198
5354,-156331.187
5355,-140050.506
5356,-132772.842
5357,-121234.922
5358,-127219.747
5359,-208942.635
5360,-373369.093
5361,-644452.342
5362,-797461.770
5363,-1109556.835
5364,-1226726.955
5365,-1197433.590
5366,-1097136.977
5367,-864665.352
5368,-572556.512
5369,-584359.033
5370,-647102.953
5371,-505985.789
5372,-224800.335
5373,-202923.699
5374,-195096.514
5375,-176866.075
5376,-153278.971
5377,-133682.080
5378,-110850.807
5379,-97353.816
5380,-110062.721
5381,-121631.241
5382,-122785.536
5383,-2281172.453
5384,-1318857.886
5385,-3472968.234
5386,-3715332.337
5387,-4289647.629
5388,-4591184.392
5389,-4022882.584
5390,-4869220.105
5391,-5075835.830
5392,-4588871.301
5393,-4352637.997
5394,-4441381.222
5395,-2207926.683
5396,-1653763.779
5397,-0.000
5398,-401965.151
5399,-453592.373
5400,-424769.083
5401,-340410.858
5402,-298466.570
5403,-260529.458
5404,-253856.079
5405,-235461.774
5406,-215228.301
5407,-2374377.262
5408,-1520133.720
5409,-3983978.590
5410,-4235395.623
5411,-4612013.961
5412,-4669713.927
5413,-3964986.083
5414,-4795002.017
5415,-5018782.036
5416,-5098155.983
5417,-5188102.375
5418,-5153388.113
5419,-2464158.729
5420,-1829099.288
5421,-37254.399
5422,-593066.625
5423,-610944.062
5424,-598942.577
5425,-514008.162
5426,-471292.244
5427,-447504.416
5428,-438401.062
5429,-412298.717
5430,-397650.219
5431,-2050093.455
5432,-1682215.376
5433,-4315185.608
5434,-4474752.711
5435,-4899582.645
5436,-5092344.210
5437,-4474913.895
5438,-5464389.755
5439,-5694030.416
5440,-5726037.339
5441,-5674929.233
5442,-5602394.646
5443,-2650798.580
5444,-1893452.588
5445,-59056.611
5446,-632925.395
5447,-648196.530
5448,-626480.101
5449,-532032.936
5450,-510427.043
5451,-493835.364
5452,-487260.838
5453,-461352.923
5454,-418167.357
5455,-2028910.021
5456,-1697014.371
5457,-4366951.402
5458,-4570099.914
5459,-4938253.519
5460,-5068907.941
5461,-4368043.446
5462,-5036718.382
5463,-5201003.859
5464,-5329738.012
5465,-5351157.445
5466,-5332922.575
5467,-2632183.584
5468,-1782635.626
5469,-44504.741
5470,-569936.760
5471,-586684.412
5472,-566541.814
5473,-481381.716
5474,-455187.383
5475,-433456.262
5476,-426641.186
5477,-402001.239
5478,-383657.135
5479,-1946230.808
5480,-1552179.561
5481,-3949243.619
5482,-4130481.689
5483,-4446016.312
5484,-4462958.907
5485,-3946386.957
5486,-4718984.800
5487,-4952650.162
5488,-4809905.984
5489,-4281565.259
5490,-4202643.222
5491,-2039150.763
5492,-1603215.812
5493,-0.000
5494,-363959.562
5495,-439524.566
5496,-423746.530
5497,-328571.535
5498,-291323.356
5499,-280347.299
5500,-282163.748
5501,-269233.674
5502,-262455.126
5503,-317871.819
5504,-499309.821
5505,-2900723.596
5506,-2545497.331
5507,-2758962.823
5508,-2911992.639
5509,-2891660.220
5510,-2914036.945
5511,-2945293.407
5512,-3074880.789
5513,-3051194.817
5514,-3246606.481
5515,-695234.686
5516,-529701.281
5517,-544443.976
5518,-564306.357
5519,-545580.609
5520,-510232.697
5521,-414670.702
5522,-383198.738
5523,-369918.676
5524,-377624.617
5525,-352943.701
5526,-326159.657
5527,-393757.029
5528,-577853.175
5529,-935686.740
5530,-1173846.440
5531,-1358397.777
5532,-1514054.138
5533,-1418876.801
5534,-1007620.756
5535,-1090134.390
5536,-1179367.089
5537,-1125857.629
5538,-1195692.534
5539,-968476.472
5540,-444135.360
5541,-414783.837
5542,-426289.571
5543,-413105.091
5544,-392084.929
5545,-391368.949
5546,-370620.006
5547,-351398.401
5548,-350289.321
5549,-341166.891
5550,-331520.920
5551,-1829326.354
5552,-1415753.695
5553,-3776316.719
5554,-3973403.821
5555,-4194067.893
5556,-4244776.824
5557,-3782539.684
5558,-4563053.828
5559,-4401328.617
5560,-4308551.070
5561,-4138412.586
5562,-4206275.610
5563,-2253633.375
5564,-1418472.809
5565,-0.000
5566,-133255.390
5567,-307608.419
5568,-336714.397
5569,-263437.324
5570,-233596.342
5571,-214725.352
5572,-210064.606
5573,-211895.870
5574,-199650.379
5575,-2282083.019
5576,-1424334.629
5577,-3718723.009
5578,-4053768.643
5579,-4475313.650
5580,-4659359.586
5581,-4030810.911
5582,-4620554.688
5583,-4767239.145
5584,-4859999.421
5585,-5011765.821
5586,-4973244.952
5587,-2357704.408
5588,-1697098.365
5589,-0.000
5590,-391246.802
5591,-462072.689
5592,-456043.395
5593,-382756.349
5594,-347228.814
5595,-327135.008
5596,-330012.558
5597,-307967.987
5598,-308971.599
5599,-1934041.607
5600,-1567988.513
5601,-4189136.120
5602,-4408066.453
5603,-4740860.984
5604,-4927539.541
5605,-4293994.500
5606,-5209402.424
5607,-5330299.253
5608,-5362073.776
5609,-5420423.764
5610,-5581779.794
5611,-2886709.162
5612,-1872621.219
5613,-53727.717
5614,-629279.670
5615,-644991.394
5616,-626783.757
5617,-539223.175
5618,-491600.902
5619,-465203.322
5620,-463260.855
5621,-439410.612
5622,-416507.976
5623,-2036031.412
5624,-1707478.222
5625,-4423315.114
5626,-4693127.165
5627,-5166785.279
5628,-5256852.504
5629,-4455881.432
5630,-5491139.211
5631,-5670928.904
5632,-5694553.870
5633,-5784296.665
5634,-5861360.398
5635,-3052814.351
5636,-1997218.210
5637,-234405.745
5638,-697559.170
5639,-728830.695
5640,-707013.451
5641,-636932.408
5642,-606496.879
5643,-578530.304
5644,-577002.817
5645,-549462.126
5646,-511657.352
5647,-2185150.519
5648,-1819924.276
5649,-4762591.881
5650,-4918843.611
5651,-5394269.369
5652,-5657149.342
5653,-4844762.185
5654,-5584915.136
5655,-5577307.974
5656,-5866366.453
5657,-5834015.066
5658,-5752730.708
5659,-2636858.451
5660,-1787525.939
5661,-89523.266
5662,-614654.912
5663,-599113.687
5664,-581335.981
5665,-497734.816
5666,-443733.994
5667,-417153.966
5668,-412440.138
5669,-374059.679
5670,-344262.428
5671,-366475.555
5672,-351897.632
5673,-1949988.357
5674,-2046364.737
5675,-2452213.164
5676,-2509879.350
5677,-2295610.197
5678,-2280276.992
5679,-2260829.220
5680,-2171259.897
5681,-2174073.040
5682,-2319502.773
5683,-241798.080
5684,-243880.389
5685,-267761.492
5686,-273327.108
5687,-289835.009
5688,-294421.589
5689,-209029.141
5690,-173010.786
5691,-168566.541
5692,-178830.897
5693,-166618.768
5694,-131039.569
5695,-226915.607
5696,-398802.803
5697,-669204.442
5698,-1090269.698
5699,-1331147.909
5700,-1344784.723
5701,-1439065.046
5702,-1505313.277
5703,-1607895.692
5704,-1408208.558
5705,-1404673.950
5706,-1475564.251
5707,-1002959.818
5708,-401473.351
5709,-383297.075
5710,-376638.015
5711,-365731.094
5712,-347162.842
5713,-345212.013
5714,-326748.150
5715,-306272.731
5716,-305844.416
5717,-289784.910
5718,-267430.843
5719,-2453725.763
5720,-1591397.810
5721,-4236452.214
5722,-4419996.435
5723,-4692443.346
5724,-4838115.005
5725,-4247466.473
5726,-4991404.988
5727,-5162860.130
5728,-5183176.210
5729,-5278616.852
5730,-5523799.688
5731,-2826004.069
5732,-1850543.156
5733,-20290.586
5734,-566076.859
5735,-585441.586
5736,-567311.930
5737,-488060.824
5738,-441200.769
5739,-409423.588
5740,-407037.033
5741,-387207.575
5742,-371182.524
5743,-2003080.428
5744,-1661129.497
5745,-4454247.104
5746,-4725644.743
5747,-5107477.401
5748,-5241143.144
5749,-4515611.345
5750,-5312044.891
5751,-5388708.466
5752,-5604803.887
5753,-5570030.667
5754,-5246121.573
5755,-2441337.022
5756,-1993929.789
5757,-71316.211
5758,-664353.170
5759,-688366.267
5760,-683520.467
5761,-593153.606
5762,-550930.260
5763,-526801.504
5764,-516740.705
5765,-491243.771
5766,-476093.844
5767,-2083946.508
5768,-1702528.052
5769,-4425303.237
5770,-4515780.056
5771,-4849835.049
5772,-5062261.560
5773,-4496276.282
5774,-5185180.961
5775,-4920377.564
5776,-4588729.002
5777,-4649530.324
5778,-4942227.638
5779,-2211585.162
5780,-1858606.170
5781,-10843.236
5782,-557652.342
5783,-606597.646
5784,-600625.115
5785,-496027.627
5786,-456127.319
5787,-437596.424
5788,-424031.110
5789,-394384.372
5790,-372887.690
5791,-1992587.723
5792,-1616529.796
5793,-4374889.609
5794,-4689563.870
5795,-4909299.019
5796,-4967208.995
5797,-4400358.680
5798,-5195428.654
5799,-5390905.508
5800,-5335545.778
5801,-5203109.055
5802,-4859900.140
5803,-2037601.234
5804,-1705461.127
5805,-0.000
5806,-435233.499
5807,-487889.649
5808,-470220.131
5809,-390709.708
5810,-364427.721
5811,-349355.497
5812,-344094.775
5813,-333105.011
5814,-332391.235
5815,-1971118.128
5816,-1591353.486
5817,-4296743.247
5818,-4617060.544
5819,-4968380.034
5820,-5203118.659
5821,-4411143.275
5822,-4740890.985
5823,-4894081.860
5824,-5063384.635
5825,-4713257.680
5826,-4328567.769
5827,-1866221.651
5828,-1654344.847
5829,-0.000
5830,-346459.689
5831,-449083.643
5832,-450749.938
5833,-363203.529
5834,-343003.175
5835,-331779.585
5836,-339136.190
5837,-344414.534
5838,-340923.455
5839,-388797.278
5840,-563298.436
5841,-3096687.673
5842,-2723201.626
5843,-2790834.118
5844,-2874685.959
5845,-2928083.649
5846,-3033761.031
5847,-3121780.838
5848,-3111056.777
5849,-2683506.642
5850,-2505169.175
5851,-252630.593
5852,-461121.387
5853,-500115.432
5854,-513778.601
5855,-489071.003
5856,-452468.732
5857,-365409.978
5858,-323630.339
5859,-293011.121
5860,-278419.811
5861,-246589.556
5862,-220813.215
5863,-258899.270
5864,-415164.063
5865,-849459.088
5866,-1152705.118
5867,-1393051.719
5868,-1504502.224
5869,-1405732.309
5870,-1617814.336
5871,-1717370.680
5872,-1506191.971
5873,-1503859.874
5874,-1535712.828
5875,-845581.421
5876,-397511.790
5877,-355693.422
5878,-384593.922
5879,-378968.563
5880,-325096.853
5881,-288975.060
5882,-245594.170
5883,-214221.695
5884,-196425.881
5885,-150127.374
5886,-117458.113
5887,-1568620.661
5888,-1051504.182
5889,-2868944.248
5890,-3234705.636
5891,-3692412.653
5892,-3927844.487
5893,-3705880.526
5894,-4304504.362
5895,-4567588.774
5896,-4638428.123
5897,-4625022.127
5898,-4525278.767
5899,-2010694.284
5900,-1434319.478
5901,-0.000
5902,-384058.404
5903,-443797.933
5904,-435941.953
5905,-356465.938
5906,-297977.733
5907,-254957.236
5908,-228064.563
5909,-188257.334
5910,-162299.411
5911,-1607728.597
5912,-1106155.395
5913,-2913730.926
5914,-3279888.415
5915,-3740954.250
5916,-3990540.426
5917,-3791220.697
5918,-4378493.811
5919,-4614713.900
5920,-4661714.803
5921,-4665861.311
5922,-4617355.445
5923,-2091371.111
5924,-1475130.868
5925,-0.000
5926,-408844.911
5927,-426602.402
5928,-393825.446
5929,-319034.039
5930,-259579.564
5931,-208339.252
5932,-194615.006
5933,-168814.573
5934,-142803.302
5935,-1549238.807
5936,-1037329.582
5937,-2760612.907
5938,-3121746.341
5939,-3652864.608
5940,-3962781.705
5941,-3769593.268
5942,-4396078.882
5943,-4722437.709
5944,-4782194.601
5945,-4663949.705
5946,-4506238.188
5947,-2026157.702
5948,-1478486.894
5949,-0.000
5950,-430337.870
5951,-421589.886
5952,-385266.422
5953,-313361.087
5954,-289599.384
5955,-282865.357
5956,-294500.635
5957,-291384.114
5958,-275840.681
5959,-1531085.844
5960,-1158997.655
5961,-2996630.883
5962,-3332283.467
5963,-3859878.321
5964,-4221912.729
5965,-4000761.468
5966,-4614895.782
5967,-4797592.362
5968,-4798024.611
5969,-4818596.600
5970,-4610013.797
5971,-2123286.718
5972,-1591710.243
5973,-57655.580
5974,-512984.939
5975,-495393.407
5976,-486430.918
5977,-430473.740
5978,-412291.927
5979,-400476.250
5980,-399452.866
5981,-369131.519
5982,-327600.657
5983,-1717778.714
5984,-1351332.987
5985,-3540845.433
5986,-3776798.236
5987,-4301588.163
5988,-4505298.849
5989,-4056698.042
5990,-4810615.309
5991,-4353407.160
5992,-4338008.727
5993,-3881086.727
5994,-3711171.724
5995,-1717222.056
5996,-1517452.206
5997,-0.000
5998,-143804.175
5999,-341360.341
6000,-387349.618
6001,-310949.200
6002,-287869.369
6003,-264649.116
6004,-248520.385
6005,-240233.759
6006,-237084.714
6007,-310326.722
6008,-505555.226
6009,-3092422.265
6010,-2805864.016
6011,-3028197.308
6012,-3124185.067
6013,-3216105.880
6014,-3388859.905
6015,-3451588.170
6016,-3483763.381
6017,-3246206.589
6018,-2651227.243
6019,-130260.854
6020,-303087.163
6021,-388149.626
6022,-396912.187
6023,-382425.824
6024,-368896.689
6025,-283969.746
6026,-263929.029
6027,-251023.866
6028,-232915.354
6029,-223764.787
6030,-226531.872
6031,-284479.556
6032,-395119.181
6033,-648885.348
6034,-809064.259
6035,-1173254.817
6036,-1357871.010
6037,-1425742.220
6038,-1634507.635
6039,-1901683.473
6040,-1984233.655
6041,-1781624.127
6042,-1484164.196
6043,-836751.077
6044,-443821.873
6045,-426002.393
6046,-441420.276
6047,-438017.636
6048,-400109.928
6049,-374829.642
6050,-332899.532
6051,-315966.230
6052,-334151.486
6053,-308906.678
6054,-275815.290
6055,-2265588.917
6056,-1471673.809
6057,-3886091.473
6058,-4154286.375
6059,-4674895.825
6060,-4902861.153
6061,-4348473.458
6062,-5272754.880
6063,-5496354.965
6064,-5514630.438
6065,-5123004.844
6066,-4673717.732
6067,-1921740.929
6068,-1606077.813
6069,-0.000
6070,-367572.675
6071,-425517.213
6072,-402096.022
6073,-292956.508
6074,-242519.412
6075,-218159.319
6076,-221249.837
6077,-191857.712
6078,-174261.805
6079,-2276645.365
6080,-1471132.069
6081,-3918220.199
6082,-4179964.121
6083,-4726228.383
6084,-4987286.793
6085,-4398877.087
6086,-5164962.179
6087,-5204695.503
6088,-5148921.647
6089,-4911993.726
6090,-4556559.307
6091,-2094726.917
6092,-1662378.311
6093,-0.000
6094,-479623.911
6095,-497248.082
6096,-450000.161
6097,-349519.518
6098,-303603.914
6099,-270071.817
6100,-245379.064
6101,-210438.210
6102,-184050.685
6103,-2170502.264
6104,-1353969.226
6105,-3454992.688
6106,-3593524.109
6107,-3990885.102
6108,-4303406.915
6109,-4056282.543
6110,-4723329.144
6111,-4994827.641
6112,-4976057.165
6113,-4875062.816
6114,-4731676.652
6115,-2066686.222
6116,-1394467.774
6117,-0.000
6118,-373322.312
6119,-395529.039
6120,-356934.353
6121,-282748.385
6122,-240063.150
6123,-199486.478
6124,-191760.636
6125,-160538.636
6126,-137136.813
6127,-2001446.059
6128,-1352560.167
6129,-3572507.380
6130,-3806847.090
6131,-4222199.019
6132,-4376880.418
6133,-4131062.576
6134,-4814316.821
6135,-5077808.215
6136,-5135128.578
6137,-5056489.942
6138,-4797530.242
6139,-2179906.391
6140,-1547057.775
6141,-2319.593
6142,-487671.707
6143,-487888.773
6144,-457533.931
6145,-392671.861
6146,-350394.462
6147,-312260.091
6148,-315390.879
6149,-293017.782
6150,-256061.142
6151,-2144346.303
6152,-1361105.467
6153,-3434168.817
6154,-3566181.134
6155,-3985127.105
6156,-4268846.771
6157,-3970992.493
6158,-4605817.749
6159,-4853659.893
6160,-4952736.361
6161,-4947304.749
6162,-4768175.778
6163,-2063271.955
6164,-1414166.528
6165,-15371.514
6166,-406580.070
6167,-428128.071
6168,-393205.756
6169,-311262.429
6170,-251520.726
6171,-200147.110
6172,-172428.102
6173,-116069.725
6174,-67014.554
6175,-130855.034
6176,-355538.657
6177,-2729287.175
6178,-2474437.237
6179,-2787706.492
6180,-3031879.648
6181,-2975875.447
6182,-3105701.171
6183,-3264541.854
6184,-3316225.110
6185,-3268954.897
6186,-3138266.270
6187,-451584.405
6188,-465311.927
6189,-438968.784
6190,-433674.341
6191,-399312.239
6192,-363281.029
6193,-279957.976
6194,-234686.368
6195,-208999.646
6196,-223752.977
6197,-204147.141
6198,-178733.277
6199,-224420.258
6200,-433608.772
6201,-915133.448
6202,-1233588.919
6203,-1533216.295
6204,-1734517.900
6205,-1690340.350
6206,-1770195.536
6207,-1875312.983
6208,-1931689.245
6209,-1852389.688
6210,-1663253.188
6211,-930564.330
6212,-472134.389
6213,-431278.744
6214,-432318.370
6215,-410320.121
6216,-377350.471
6217,-367226.313
6218,-331517.481
6219,-307146.112
6220,-296703.531
6221,-271660.749
6222,-254407.264
6223,-2212420.323
6224,-1394278.258
6225,-3530070.139
6226,-3811921.933
6227,-4505945.940
6228,-4901619.342
6229,-4329734.995
6230,-5170956.966
6231,-5338217.287
6232,-5467483.097
6233,-5423181.444
6234,-5143962.478
6235,-2136021.954
6236,-1828319.308
6237,-62770.943
6238,-623415.598
6239,-616418.308
6240,-574202.743
6241,-481998.036
6242,-441094.921
6243,-405875.422
6244,-390798.693
6245,-361826.918
6246,-343810.540
6247,-1859782.251
6248,-1496163.306
6249,-3949964.474
6250,-4316050.787
6251,-4961843.050
6252,-5186375.857
6253,-4721432.595
6254,-5693229.963
6255,-5862979.252
6256,-5896166.897
6257,-5715310.498
6258,-5316583.146
6259,-1993085.535
6260,-1783610.294
6261,-16666.200
6262,-569066.921
6263,-591860.322
6264,-577324.730
6265,-470735.365
6266,-424784.005
6267,-419031.214
6268,-409733.567
6269,-383030.165
6270,-371654.001
6271,-1863638.806
6272,-1454098.930
6273,-3922452.772
6274,-4059881.867
6275,-4671911.135
6276,-5168323.152
6277,-4686543.658
6278,-5647636.745
6279,-5722639.576
6280,-5584308.672
6281,-5250648.719
6282,-5001142.697
6283,-2035477.529
6284,-1846502.909
6285,-0.000
6286,-558312.086
6287,-593739.522
6288,-575876.173
6289,-510679.723
6290,-483341.626
6291,-450657.060
6292,-438556.981
6293,-412252.239
6294,-398169.211
6295,-1989983.724
6296,-1546182.498
6297,-4097392.998
6298,-4377648.935
6299,-4749700.390
6300,-4968826.802
6301,-4506874.099
6302,-5229691.024
6303,-4751071.616
6304,-4725361.871
6305,-4852148.290
6306,-4578925.202
6307,-1741804.686
6308,-1539107.607
6309,-0.000
6310,-327348.471
6311,-429368.313
6312,-439639.412
6313,-345933.492
6314,-326367.007
6315,-319117.613
6316,-319084.506
6317,-301523.883
6318,-263147.101
6319,-2223710.823
6320,-1335230.337
6321,-3669089.535
6322,-3985590.380
6323,-4360516.271
6324,-4549422.866
6325,-4068334.559
6326,-4765650.846
6327,-4590354.440
6328,-4441364.028
6329,-4403746.190
6330,-4243883.380
6331,-1622702.224
6332,-1482513.908
6333,-0.000
6334,-278423.367
6335,-391347.760
6336,-384367.183
6337,-313404.442
6338,-299490.831
6339,-269028.817
6340,-240108.323
6341,-213273.716
6342,-207444.830
6343,-258956.283
6344,-413910.858
6345,-2861280.598
6346,-2573681.666
6347,-2908852.670
6348,-2989475.987
6349,-3009384.089
6350,-3258274.722
6351,-3411581.464
6352,-3606146.064
6353,-3462665.371
6354,-2941580.449
6355,-195831.648
6356,-416222.330
6357,-458106.656
6358,-461452.433
6359,-432671.649
6360,-418533.722
6361,-353549.683
6362,-302682.519
6363,-256130.344
6364,-235395.019
6365,-192701.006
6366,-166615.008
6367,-217356.101
6368,-425331.414
6369,-998263.741
6370,-1420976.344
6371,-1687477.786
6372,-1856414.237
6373,-1878588.025
6374,-1939080.261
6375,-1990814.244
6376,-1958857.646
6377,-1861873.318
6378,-1608358.662
6379,-615066.341
6380,-428688.507
6381,-392904.209
6382,-398207.516
6383,-408356.594
6384,-396354.551
6385,-377907.293
6386,-365445.030
6387,-337016.306
6388,-297315.716
6389,-269023.227
6390,-258319.685
6391,-2171028.070
6392,-1339206.540
6393,-3561036.647
6394,-3754319.220
6395,-3952950.697
6396,-4171303.824
6397,-4043189.550
6398,-4561142.933
6399,-4662948.683
6400,-4334065.541
6401,-4329175.554
6402,-4072184.340
6403,-1678025.480
6404,-1484319.574
6405,-0.000
6406,-289144.303
6407,-369402.343
6408,-341585.661
6409,-247938.775
6410,-197409.849
6411,-172382.626
6412,-180769.426
6413,-147840.919
6414,-113767.307
6415,-2149376.525
6416,-1346517.645
6417,-3675381.365
6418,-4020210.491
6419,-4450951.699
6420,-4549572.613
6421,-4151271.813
6422,-4820595.594
6423,-5008447.677
6424,-4889206.787
6425,-4324355.696
6426,-4031028.893
6427,-1688331.337
6428,-1461115.788
6429,-0.000
6430,-319535.002
6431,-369042.901
6432,-345008.968
6433,-281394.960
6434,-233722.756
6435,-191582.196
6436,-180212.456
6437,-144380.453
6438,-115156.272
6439,-2138837.322
6440,-1371571.735
6441,-3803337.008
6442,-3976708.980
6443,-4238386.971
6444,-4363136.777
6445,-4206815.129
6446,-4877681.953
6447,-5084310.865
6448,-5129011.079
6449,-5012610.621
6450,-4669823.638
6451,-1758418.863
6452,-1417868.347
6453,-0.000
6454,-347980.222
6455,-400765.792
6456,-399569.152
6457,-319175.049
6458,-271328.036
6459,-251553.313
6460,-249898.444
6461,-222917.007
6462,-206509.773
6463,-2211234.175
6464,-1364444.117
6465,-3500049.292
6466,-3560184.310
6467,-3791386.206
6468,-4148319.024
6469,-4139497.601
6470,-4781125.820
6471,-4851715.078
6472,-4825806.918
6473,-4659207.921
6474,-4554613.797
6475,-1808142.435
6476,-1615365.102
6477,-0.000
6478,-464646.649
6479,-516074.218
6480,-491313.407
6481,-402168.392
6482,-357080.112
6483,-337413.231
6484,-343887.135
6485,-339096.728
6486,-338958.679
6487,-1781262.542
6488,-1401355.082
6489,-3755808.895
6490,-4026227.763
6491,-4325934.772
6492,-4548654.636
6493,-4197304.854
6494,-4791950.679
6495,-5129136.162
6496,-4969874.243
6497,-4518922.658
6498,-4325230.582
6499,-1788522.124
6500,-1605921.284
6501,-0.000
6502,-441255.804
6503,-464076.451
6504,-434307.737
6505,-348047.402
6506,-310292.656
6507,-272199.467
6508,-248720.363
6509,-216318.274
6510,-209994.989
6511,-274706.653
6512,-422385.259
6513,-2695174.088
6514,-2551707.230
6515,-2862061.684
6516,-3071532.707
6517,-3119442.415
6518,-3305952.649
6519,-3036061.561
6520,-3029390.412
6521,-2774184.782
6522,-2618662.521
6523,-52233.616
6524,-415071.833
6525,-454233.824
6526,-488162.978
6527,-463306.948
6528,-428273.684
6529,-338547.876
6530,-299924.523
6531,-277639.233
6532,-278847.712
6533,-257563.463
6534,-243193.390
6535,-291979.784
6536,-423549.656
6537,-783709.493
6538,-1187322.948
6539,-1507169.961
6540,-1537036.461
6541,-1521028.013
6542,-1741462.473
6543,-1471567.643
6544,-1107651.424
6545,-973024.828
6546,-618602.485
6547,-318155.272
6548,-261010.687
6549,-268456.395
6550,-274296.980
6551,-269440.814
6552,-248056.286
6553,-238344.405
6554,-228480.180
6555,-218713.859
6556,-221357.111
6557,-215027.726
6558,-203488.462
6559,-2196697.944
6560,-1288400.305
6561,-3467593.618
6562,-3759435.489
6563,-4153937.604
6564,-4500303.483
6565,-3951228.481
6566,-4633923.355
6567,-4835451.486
6568,-4802759.702
6569,-4638288.180
6570,-4526382.406
6571,-1700109.322
6572,-1535475.891
6573,-0.000
6574,-219754.378
6575,-362461.532
6576,-388386.423
6577,-313835.904
6578,-282797.259
6579,-263292.664
6580,-261572.943
6581,-252841.606
6582,-241582.790
6583,-2250807.651
6584,-1329027.521
6585,-3481769.314
6586,-3703023.253
6587,-4353171.775
6588,-4660308.818
6589,-4138635.449
6590,-4924305.869
6591,-5119993.218
6592,-4928228.453
6593,-4910668.674
6594,-4666490.617
6595,-1849462.427
6596,-1656243.776
6597,-0.000
6598,-402522.659
6599,-453099.116
6600,-455703.048
6601,-376021.748
6602,-334573.952
6603,-308815.667
6604,-280601.566
6605,-252798.707
6606,-229214.615
6607,-2267055.890
6608,-1410573.812
6609,-3856062.682
6610,-4181220.256
6611,-4752858.201
6612,-5027204.326
6613,-4424755.330
6614,-5136131.981
6615,-5303667.635
6616,-5384412.928
6617,-5207529.768
6618,-4957363.587
6619,-1871762.117
6620,-1674104.401
6621,-0.000
6622,-452985.339
6623,-472814.233
6624,-436025.391
6625,-364864.138
6626,-323720.530
6627,-276612.912
6628,-232945.594
6629,-175196.763
6630,-152325.539
6631,-2183291.468
6632,-1372959.567
6633,-3793563.739
6634,-4103341.572
6635,-4588450.256
6636,-4826111.537
6637,-4359202.034
6638,-5250288.034
6639,-5444301.255
6640,-5387474.043
6641,-5353619.816
6642,-5062184.991
6643,-1932092.338
6644,-1710004.878
6645,-0.000
6646,-511620.927
6647,-534588.395
6648,-497592.440
6649,-405986.155
6650,-374029.703
6651,-368877.158
6652,-366868.352
6653,-344020.675
6654,-335163.773
6655,-1882771.034
6656,-1524377.332
6657,-4138065.646
6658,-4259531.303
6659,-4419804.012
6660,-4435699.547
6661,-4199629.928
6662,-5098545.939
6663,-5241240.064
6664,-5293942.919
6665,-4996399.355
6666,-4662538.351
6667,-1765677.027
6668,-1598461.439
6669,-0.000
6670,-338317.911
6671,-403135.918
6672,-381427.759
6673,-300716.589
6674,-281773.610
6675,-260636.193
6676,-260499.582
6677,-250320.144
6678,-239441.305
6679,-268507.692
6680,-387921.997
6681,-2795893.844
6682,-2544301.947
6683,-2785535.148
6684,-2993800.084
6685,-3046150.661
6686,-3253104.084
6687,-3488561.852
6688,-3508222.597
6689,-3379024.781
6690,-3065505.096
6691,-219298.665
6692,-399292.796
6693,-423569.805
6694,-454889.229
6695,-437603.606
6696,-394467.217
6697,-312238.663
6698,-273465.491
6699,-270304.023
6700,-288258.769
6701,-243661.346
6702,-212458.763
6703,-228370.511
6704,-312889.254
6705,-677547.142
6706,-963036.893
6707,-1169144.585
6708,-1376396.311
6709,-1546023.835
6710,-1677686.127
6711,-1793355.758
6712,-1688675.407
6713,-1636676.795
6714,-1335954.733
6715,-372095.092
6716,-227890.541
6717,-187431.114
6718,-161149.805
6719,-126076.324
6720,-81525.070
6721,-49936.086
6722,-8231.253
6723,-0.000
6724,-0.000
6725,-0.000
6726,-0.000
6727,-1021422.010
6728,-673511.735
6729,-1943276.074
6730,-2518805.818
6731,-3057336.664
6732,-3346973.599
6733,-3243451.576
6734,-4023286.986
6735,-4372368.107
6736,-4343205.398
6737,-4314826.255
6738,-3676945.205
6739,-1295805.462
6740,-1031868.097
6741,-0.000
6742,-0.000
6743,-110892.356
6744,-128850.306
6745,-39142.303
6746,-8501.139
6747,-6026.528
6748,-2028.750
6749,-0.000
6750,-0.000
6751,-1467024.859
6752,-859545.908
6753,-2385569.694
6754,-2965230.376
6755,-3615330.250
6756,-4000884.996
6757,-3696436.690
6758,-4239446.528
6759,-4389568.294
6760,-4177908.220
6761,-3757076.532
6762,-3164674.335
6763,-1072337.987
6764,-843129.129
6765,-0.000
6766,-0.000
6767,-0.000
6768,-0.000
6769,-0.000
6770,-0.000
6771,-0.000
6772,-0.000
6773,-0.000
6774,-0.000
6775,-402213.695
6776,-453761.656
6777,-1528809.804
6778,-1945063.446
6779,-2393268.799
6780,-2623046.532
6781,-2625966.400
6782,-2992184.208
6783,-3178933.528
6784,-3174529.435
6785,-3020623.561
6786,-2411685.119
6787,-717839.491
6788,-516556.558
6789,-0.000
6790,-0.000
6791,-0.000
6792,-0.000
6793,-0.000
6794,-0.000
6795,-0.000
6796,-0.000
6797,-0.000
6798,-0.000
6799,-0.000
6800,-179357.055
6801,-1065883.984
6802,-1540566.046
6803,-2024645.242
6804,-2286355.281
6805,-2354680.963
6806,-2749157.342
6807,-2995941.128
6808,-3054564.423
6809,-2992305.543
6810,-2388756.396
6811,-717045.567
6812,-498309.341
6813,-0.000
6814,-0.000
6815,-0.000
6816,-0.000
6817,-0.000
6818,-0.000
6819,-0.000
6820,-0.000
6821,-0.000
6822,-0.000
6823,-0.000
6824,-101829.790
6825,-1023070.535
6826,-1527458.568
6827,-2105191.386
6828,-2427814.850
6829,-2471807.960
6830,-2895774.779
6831,-3149159.292
6832,-3205964.260
6833,-3145585.398
6834,-2494669.492
6835,-752987.911
6836,-496063.046
6837,-0.000
6838,-0.000
6839,-0.000
6840,-0.000
6841,-0.000
6842,-0.000
6843,-0.000
6844,-0.000
6845,-0.000
6846,-0.000
6847,-0.000
6848,-0.000
6849,-554918.136
6850,-1172940.979
6851,-1728757.068
6852,-2021211.592
6853,-2170840.212
6854,-2541601.426
6855,-2805670.587
6856,-2852141.158
6857,-2792241.626
6858,-2161571.394
6859,-0.000
6860,-0.000
6861,-56371.727
6862,-96447.503
6863,-91230.205
6864,-69318.426
6865,-6975.355
6866,-0.000
6867,-0.000
6868,-0.000
6869,-0.000
6870,-0.000
6871,-0.000
6872,-0.000
6873,-149597.441
6874,-817449.360
6875,-1174649.304
6876,-1369228.021
6877,-1496731.629
6878,-1724512.258
6879,-1898612.628
6880,-1938087.637
6881,-1871818.736
6882,-1207778.625
6883,-225152.801
6884,-83579.139
6885,-69859.971
6886,-71167.885
6887,-36057.702
6888,-1590.323
6889,-0.000
6890,-0.000
6891,-0.000
6892,-0.000
6893,-0.000
6894,-0.000
6895,-414837.539
6896,-506936.751
6897,-1768560.821
6898,-2287552.816
6899,-2797644.141
6900,-3038663.903
6901,-2991624.369
6902,-3542734.741
6903,-3877066.139
6904,-3947498.306
6905,-3894914.109
6906,-3170119.069
6907,-1055242.994
6908,-815736.270
6909,-0.000
6910,-0.000
6911,-50617.244
6912,-77412.785
6913,-35798.811
6914,-11650.520
6915,-0.000
6916,-0.000
6917,-0.000
6918,-0.000
6919,-942761.286
6920,-620472.208
6921,-1814398.779
6922,-2326386.821
6923,-2839083.555
6924,-3138619.462
6925,-3040002.409
6926,-3544334.990
6927,-3852077.663
6928,-3864010.120
6929,-3709110.242
6930,-3197584.235
6931,-1227220.577
6932,-1074262.948
6933,-0.000
6934,-272219.521
6935,-296883.403
6936,-287109.868
6937,-226744.830
6938,-186884.763
6939,-167991.675
6940,-164308.046
6941,-138023.390
6942,-127149.403
6943,-1165082.122
6944,-721392.370
6945,-1889745.744
6946,-2188523.055
6947,-2507497.456
6948,-2751211.801
6949,-2587914.591
6950,-3011967.986
6951,-3325315.525
6952,-3228920.598
6953,-2820936.999
6954,-2235728.741
6955,-1028671.659
6956,-892303.906
6957,-0.000
6958,-227571.934
6959,-238494.889
6960,-201112.799
6961,-129419.033
6962,-79042.596
6963,-51787.358
6964,-55546.573
6965,-24011.616
6966,-0.000
6967,-540541.727
6968,-403024.908
6969,-1245520.230
6970,-1650537.426
6971,-1837492.718
6972,-1863469.911
6973,-1727492.005
6974,-1761157.157
6975,-1618207.221
6976,-1804505.919
6977,-1812897.756
6978,-1431399.913
6979,-631154.666
6980,-543548.033
6981,-0.000
6982,-0.000
6983,-0.000
6984,-0.000
6985,-0.000
6986,-0.000
6987,-0.000
6988,-0.000
6989,-0.000
6990,-0.000
6991,-52308.252
6992,-263046.114
6993,-966733.516
6994,-1273420.981
6995,-1656585.293
6996,-1953272.095
6997,-2138243.334
6998,-2361142.710
6999,-2323904.453
7000,-2126619.172
7001,-2024007.094
7002,-1682865.876
7003,-637312.301
7004,-520080.646
7005,-0.000
7006,-0.000
7007,-0.000
7008,-0.000
7009,-0.000
7010,-0.000
7011,-0.000
7012,-0.000
7013,-0.000
7014,-0.000
7015,-0.000
7016,-0.000
7017,-654436.060
7018,-1035100.032
7019,-1585386.324
7020,-1859948.361
7021,-1998446.031
7022,-2380530.738
7023,-2633274.583
7024,-2663813.178
7025,-2639166.777
7026,-2000133.595
7027,-0.000
7028,-84684.024
7029,-81906.354
7030,-53248.386
7031,-11507.731
7032,-0.000
7033,-0.000
7034,-0.000
7035,-0.000
7036,-0.000
7037,-0.000
7038,-0.000
7039,-0.000
7040,-0.000
7041,-0.000
7042,-776650.696
7043,-1491048.907
7044,-1775875.786
7045,-1680527.725
7046,-1845773.427
7047,-2002969.760
7048,-2022842.987
7049,-1935632.004
7050,-1256859.974
7051,-303919.714
7052,-137318.054
7053,-85472.614
7054,-56303.032
7055,-8562.813
7056,-0.000
7057,-0.000
7058,-0.000
7059,-0.000
7060,-0.000
7061,-0.000
7062,-0.000
7063,-427882.989
7064,-624992.256
7065,-2243225.766
7066,-2639206.429
7067,-3610518.977
7068,-3571787.950
7069,-3278686.448
7070,-3771920.844
7071,-3931931.420
7072,-3902176.844
7073,-3809636.550
7074,-3356153.489
7075,-1282799.353
7076,-1063395.699
7077,-0.000
7078,-110812.355
7079,-143819.117
7080,-80442.267
7081,-0.000
7082,-0.000
7083,-0.000
7084,-0.000
7085,-0.000
7086,-0.000
7087,-691197.377
7088,-737545.136
7089,-2372078.057
7090,-3096380.506
7091,-3400656.756
7092,-3534575.264
7093,-3405341.327
7094,-3952984.892
7095,-4162500.785
7096,-4213279.940
7097,-4173298.677
7098,-3604521.835
7099,-1287914.296
7100,-1029719.231
7101,-0.000
7102,-24598.070
7103,-134106.892
7104,-99008.036
7105,-2220.494
7106,-0.000
7107,-0.000
7108,-0.000
7109,-0.000
7110,-0.000
7111,-748515.696
7112,-778044.751
7113,-2304301.783
7114,-2863245.190
7115,-3427909.212
7116,-3467455.213
7117,-3375742.898
7118,-4054117.284
7119,-4311174.466
7120,-4291147.481
7121,-4181412.433
7122,-3638148.141
7123,-1338143.664
7124,-1141314.126
7125,-0.000
7126,-8687.047
7127,-133521.458
7128,-85078.549
7129,-0.000
7130,-0.000
7131,-0.000
7132,-0.000
7133,-0.000
7134,-0.000
7135,-678279.786
7136,-702022.144
7137,-2328597.397
7138,-2705033.705
7139,-3446791.438
7140,-3933143.077
7141,-3569446.949
7142,-4101585.409
7143,-4204548.955
7144,-4146618.418
7145,-4146974.350
7146,-3350098.870
7147,-1168498.937
7148,-964562.667
7149,-0.000
7150,-0.000
7151,-0.000
7152,-0.000
7153,-0.000
7154,-0.000
7155,-0.000
7156,-0.000
7157,-0.000
7158,-0.000
7159,-396685.033
7160,-549300.104
7161,-1949487.691
7162,-2440119.134
7163,-3292292.120
7164,-3470170.193
7165,-3302510.850
7166,-3945816.647
7167,-4202011.084
7168,-4252445.916
7169,-4158233.637
7170,-3373291.625
7171,-1152174.636
7172,-936059.401
7173,-0.000
7174,-0.000
7175,-0.000
7176,-0.000
7177,-0.000
7178,-0.000
7179,-0.000
7180,-0.000
7181,-0.000
7182,-0.000
7183,-0.000
7184,-0.000
7185,-1450528.478
7186,-1898155.833
7187,-2520619.945
7188,-2748852.151
7189,-2721350.803
7190,-3011397.475
7191,-3197463.985
7192,-3042519.148
7193,-2788232.858
7194,-2229107.909
7195,-29150.929
7196,-217852.206
7197,-239588.805
7198,-250569.559
7199,-226743.505
7200,-164767.053
7201,-54765.191
7202,-3004.011
7203,-0.000
7204,-0.000
7205,-0.000
7206,-0.000
7207,-0.000
7208,-0.000
7209,-403993.492
7210,-1095337.524
7211,-1544490.829
7212,-1600494.008
7213,-1663079.394
7214,-1905903.696
7215,-2093395.801
7216,-2125541.292
7217,-1988716.283
7218,-932829.923
7219,-266264.421
7220,-166344.841
7221,-158034.192
7222,-160488.840
7223,-143346.055
7224,-102929.343
7225,-71229.136
7226,-18502.828
7227,-0.000
7228,-0.000
7229,-0.000
7230,-0.000
7231,-933290.502
7232,-620026.070
7233,-1967295.801
7234,-2642141.445
7235,-3185035.672
7236,-3530426.713
7237,-3434071.902
7238,-4049073.546
7239,-4237209.977
7240,-3874686.394
7241,-3715419.936
7242,-2931729.536
7243,-1109283.225
7244,-924409.475
7245,-0.000
7246,-0.000
7247,-96373.782
7248,-80991.384
7249,-4402.186
7250,-0.000
7251,-0.000
7252,-0.000
7253,-0.000
7254,-0.000
7255,-609650.630
7256,-584083.713
7257,-1978171.365
7258,-2573299.917
7259,-3091711.717
7260,-3407948.116
7261,-3317923.058
7262,-3873033.989
7263,-4132139.022
7264,-4147108.234
7265,-3753190.115
7266,-2776802.865
7267,-1082807.865
7268,-915110.095
7269,-0.000
7270,-0.000
7271,-67705.443
7272,-75347.696
7273,-5710.186
7274,-0.000
7275,-0.000
7276,-0.000
7277,-0.000
7278,-0.000
7279,-792791.623
7280,-527656.258
7281,-1717269.896
7282,-2210594.291
7283,-2715806.702
7284,-3070671.163
7285,-3060023.669
7286,-3485100.656
7287,-3598511.052
7288,-3525291.671
7289,-3055205.015
7290,-2213277.204
7291,-1021515.253
7292,-897813.968
7293,-0.000
7294,-45450.750
7295,-107886.213
7296,-97338.308
7297,-38683.169
7298,-4916.691
7299,-0.000
7300,-0.000
7301,-0.000
7302,-0.000
7303,-648243.529
7304,-416281.258
7305,-1397371.967
7306,-1942642.406
7307,-2492891.569
7308,-2766055.608
7309,-2837153.359
7310,-3093808.961
7311,-3014923.246
7312,-2278339.119
7313,-2003925.301
7314,-1819808.216
7315,-897931.599
7316,-794911.990
7317,-0.000
7318,-0.000
7319,-68883.249
7320,-82792.001
7321,-24097.561
7322,-2259.879
7323,-0.000
7324,-0.000
7325,-0.000
7326,-0.000
7327,-548981.609
7328,-126804.071
7329,-680511.100
7330,-730356.465
7331,-789520.132
7332,-784705.599
7333,-855650.452
7334,-930724.652
7335,-1128473.224
7336,-1088167.917
7337,-992286.203
7338,-911118.629
7339,-407983.743
7340,-381185.076
7341,-0.000
7342,-0.000
7343,-0.000
7344,-0.000
7345,-0.000
7346,-0.000
7347,-0.000
7348,-0.000
7349,-0.000
7350,-0.000
7351,-0.000
7352,-0.000
7353,-0.000
7354,-381444.548
7355,-595871.647
7356,-762455.647
7357,-815816.551
7358,-795871.165
7359,-786731.177
7360,-812038.347
7361,-769582.943
7362,-729090.646
7363,-0.000
7364,-0.000
7365,-0.000
7366,-0.000
7367,-0.000
7368,-0.000
7369,-0.000
7370,-0.000
7371,-0.000
7372,-0.000
7373,-0.000
7374,-0.000
7375,-0.000
7376,-0.000
7377,-0.000
7378,-0.000
7379,-0.000
7380,-0.000
7381,-0.000
7382,-0.000
7383,-164103.999
7384,-52461.035
7385,-0.000
7386,-0.000
7387,-0.000
7388,-0.000
7389,-0.000
7390,-0.000
7391,-0.000
7392,-0.000
7393,-0.000
7394,-0.000
7395,-0.000
7396,-0.000
7397,-0.000
7398,-0.000
7399,-0.000
7400,-0.000
7401,-563767.336
7402,-938981.595
7403,-1161017.329
7404,-1440178.234
7405,-1678290.960
7406,-1794231.515
7407,-1880396.904
7408,-2092661.233
7409,-1788613.979
7410,-1237362.398
7411,-497268.759
7412,-390715.143
7413,-0.000
7414,-0.000
7415,-0.000
7416,-0.000
7417,-0.000
7418,-0.000
7419,-0.000
7420,-0.000
7421,-0.000
7422,-0.000
7423,-0.000
7424,-0.000
7425,-581487.137
7426,-1046298.860
7427,-1334467.113
7428,-1595932.347
7429,-1685226.463
7430,-2102109.039
7431,-2110894.522
7432,-1917961.676
7433,-1917292.229
7434,-1482221.597
7435,-607995.122
7436,-471907.487
7437,-0.000
7438,-0.000
7439,-0.000
7440,-0.000
7441,-0.000
7442,-0.000
7443,-0.000
7444,-0.000
7445,-0.000
7446,-0.000
7447,-0.000
7448,-0.000
7449,-917663.390
7450,-1159479.600
7451,-1438859.227
7452,-1730995.174
7453,-1757995.251
7454,-2339120.745
7455,-2342174.544
7456,-2440980.879
7457,-2283417.344
7458,-1922257.470
7459,-698056.253
7460,-579031.941
7461,-0.000
7462,-0.000
7463,-0.000
7464,-0.000
7465,-0.000
7466,-0.000
7467,-0.000
7468,-0.000
7469,-0.000
7470,-0.000
7471,-88802.031
7472,-376823.893
7473,-1501959.475
7474,-1789072.933
7475,-2153898.937
7476,-2347017.373
7477,-2436980.604
7478,-2532097.440
7479,-2546235.624
7480,-2293630.750
7481,-2343436.663
7482,-2037921.432
7483,-859386.889
7484,-761690.348
7485,-0.000
7486,-0.000
7487,-0.000
7488,-0.000
7489,-0.000
7490,-0.000
7491,-0.000
7492,-0.000
7493,-0.000
7494,-0.000
7495,-603631.966
7496,-639874.547
7497,-2062826.108
7498,-2325710.868
7499,-2950530.129
7500,-3358232.020
7501,-3403195.515
7502,-3917694.204
7503,-4245567.412
7504,-3746060.625
7505,-3262199.615
7506,-2803073.243
7507,-1180216.987
7508,-1024546.123
7509,-0.000
7510,-0.000
7511,-0.000
7512,-0.000
7513,-0.000
7514,-0.000
7515,-0.000
7516,-0.000
7517,-0.000
7518,-0.000
7519,-0.000
7520,-0.000
7521,-1667268.907
7522,-2124757.465
7523,-2508196.193
7524,-2955371.373
7525,-3160704.960
7526,-3193086.469
7527,-3058398.332
7528,-2498324.929
7529,-2311293.816
7530,-2009212.135
7531,-0.000
7532,-67232.356
7533,-158754.406
7534,-195543.280
7535,-141653.604
7536,-28858.340
7537,-0.000
7538,-0.000
7539,-0.000
7540,-0.000
7541,-0.000
7542,-0.000
7543,-0.000
7544,-0.000
7545,-0.000
7546,-630157.412
7547,-1382924.333
7548,-1633263.661
7549,-1694797.270
7550,-1690002.138
7551,-1733000.882
7552,-1796377.766
7553,-1742702.554
7554,-898887.061
7555,-277141.357
7556,-154444.066
7557,-134759.730
7558,-109675.906
7559,-27750.754
7560,-0.000
7561,-0.000
7562,-0.000
7563,-0.000
7564,-0.000
7565,-0.000
7566,-0.000
7567,-523086.583
7568,-631805.366
7569,-2079676.493
7570,-2300528.745
7571,-2912592.709
7572,-3638656.774
7573,-3755795.281
7574,-4305001.987
7575,-4634111.686
7576,-4538302.761
7577,-4372470.284
7578,-3278524.381
7579,-1220679.594
7580,-932730.564
7581,-0.000
7582,-0.000
7583,-0.000
7584,-0.000
7585,-0.000
7586,-0.000
7587,-0.000
7588,-0.000
7589,-0.000
7590,-0.000
7591,-421167.343
7592,-569871.082
7593,-2129532.441
7594,-2695262.428
7595,-3521499.134
7596,-4103858.534
7597,-4212382.492
7598,-4914626.504
7599,-4923975.402
7600,-4607703.598
7601,-4155189.680
7602,-3292865.818
7603,-1422309.187
7604,-1195351.919
7605,-0.000
7606,-132841.369
7607,-232920.756
7608,-197145.416
7609,-95317.867
7610,-48992.580
7611,-12620.664
7612,-14722.165
7613,-4182.096
7614,-0.000
7615,-1812518.982
7616,-928471.294
7617,-2417456.987
7618,-2465237.181
7619,-2580838.910
7620,-2647837.840
7621,-2876102.135
7622,-3668227.432
7623,-3809980.892
7624,-3713609.845
7625,-3511197.319
7626,-2706906.803
7627,-1077117.937
7628,-906975.709
7629,-0.000
7630,-0.000
7631,-0.000
7632,-70599.501
7633,-5167.128
7634,-0.000
7635,-0.000
7636,-0.000
7637,-0.000
7638,-0.000
7639,-1168074.263
7640,-637710.251
7641,-1784837.996
7642,-2058952.669
7643,-2539637.321
7644,-2687178.369
7645,-2651699.180
7646,-3092224.040
7647,-3565824.502
7648,-3431804.832
7649,-3096917.273
7650,-2409599.472
7651,-1081194.029
7652,-975399.676
7653,-0.000
7654,-0.000
7655,-0.000
7656,-0.000
7657,-0.000
7658,-0.000
7659,-0.000
7660,-0.000
7661,-0.000
7662,-0.000
7663,-635296.235
7664,-568203.730
7665,-1665308.149
7666,-1940289.142
7667,-2185727.489
7668,-2444589.782
7669,-2489183.973
7670,-2900749.806
7671,-3133277.940
7672,-3572656.885
7673,-3310635.296
7674,-2574148.920
7675,-1148837.415
7676,-1036604.083
7677,-0.000
7678,-0.000
7679,-0.000
7680,-0.000
7681,-0.000
7682,-0.000
7683,-0.000
7684,-0.000
7685,-0.000
7686,-0.000
7687,-0.000
7688,-0.000
7689,-1579234.260
7690,-2080953.463
7691,-2167530.934
7692,-2286306.026
7693,-2133842.778
7694,-2238380.752
7695,-2295389.279
7696,-2560336.647
7697,-2522651.101
7698,-1628619.911
7699,-0.000
7700,-0.000
7701,-84684.624
7702,-98851.293
7703,-42791.920
7704,-0.000
7705,-0.000
7706,-0.000
7707,-0.000
7708,-0.000
7709,-0.000
7710,-0.000
7711,-0.000
7712,-0.000
7713,-0.000
7714,-779206.136
7715,-1621650.986
7716,-1763068.494
7717,-1524128.925
7718,-1543488.973
7719,-1582907.621
7720,-1637189.925
7721,-1427784.487
7722,-642149.458
7723,-262756.573
7724,-184848.988
7725,-164001.511
7726,-149648.941
7727,-99693.552
7728,-10905.831
7729,-0.000
7730,-0.000
7731,-0.000
7732,-0.000
7733,-0.000
7734,-0.000
7735,-1091550.548
7736,-861903.695
7737,-2491607.710
7738,-2932576.081
7739,-3446792.364
7740,-3738436.175
7741,-3715329.588
7742,-4271439.751
7743,-4457950.392
7744,-4282500.971
7745,-4042556.681
7746,-2764471.391
7747,-1194952.268
7748,-1026854.123
7749,-0.000
7750,-0.000
7751,-23830.158
7752,-44928.712
7753,-0.000
7754,-0.000
7755,-0.000
7756,-0.000
7757,-0.000
7758,-0.000
7759,-536652.608
7760,-506583.093
7761,-1778210.663
7762,-2453226.649
7763,-3328354.757
7764,-3807224.438
7765,-3599033.229
7766,-4263022.052
7767,-4581146.143
7768,-4655105.771
7769,-4239805.011
7770,-2785015.577
7771,-1116589.493
7772,-906797.532
7773,-0.000
7774,-0.000
7775,-16686.001
7776,-36729.938
7777,-0.000
7778,-0.000
7779,-0.000
7780,-0.000
7781,-0.000
7782,-0.000
7783,-626105.744
7784,-577761.034
7785,-1984102.516
7786,-2508977.335
7787,-3421644.346
7788,-3978256.745
7789,-3876336.333
7790,-4368306.970
7791,-4343331.053
7792,-3928667.722
7793,-3237376.368
7794,-2675383.585
7795,-1259511.098
7796,-1136202.097
7797,-0.000
7798,-0.000
7799,-0.000
7800,-16608.073
7801,-0.000
7802,-12547.598
7803,-6621.579
7804,-317.924
7805,-0.000
7806,-0.000
7807,-1626706.883
7808,-805556.175
7809,-2264018.786
7810,-2383011.660
7811,-2498101.003
7812,-2748364.318
7813,-2459002.906
7814,-2698188.331
7815,-2720682.976
7816,-2647410.415
7817,-2564314.112
7818,-2451615.428
7819,-1035210.752
7820,-940261.852
7821,-0.000
7822,-0.000
7823,-0.000
7824,-0.000
7825,-0.000
7826,-0.000
7827,-0.000
7828,-0.000
7829,-0.000
7830,-0.000
7831,-830698.492
7832,-701136.006
7833,-2004569.201
7834,-2021895.262
7835,-2062552.839
7836,-2105787.433
7837,-1975701.252
7838,-2211064.275
7839,-2165773.167
7840,-2143747.973
7841,-2009864.040
7842,-1855443.503
7843,-828539.700
7844,-755530.407
7845,-0.000
7846,-0.000
7847,-0.000
7848,-0.000
7849,-0.000
7850,-0.000
7851,-0.000
7852,-0.000
7853,-0.000
7854,-0.000
7855,-0.000
7856,-0.000
7857,-277818.895
7858,-718860.999
7859,-703170.284
7860,-717342.953
7861,-700181.313
7862,-696206.056
7863,-661968.511
7864,-612926.670
7865,-568216.280
7866,-530103.972
7867,-0.000
7868,-0.000
7869,-0.000
7870,-0.000
7871,-0.000
7872,-0.000
7873,-0.000
7874,-0.000
7875,-0.000
7876,-0.000
7877,-0.000
7878,-0.000
7879,-0.000
7880,-0.000
7881,-0.000
7882,-0.000
7883,-0.000
7884,-0.000
7885,-0.000
7886,-0.000
7887,-0.000
7888,-0.000
7889,-0.000
7890,-0.000
7891,-0.000
7892,-0.000
7893,-0.000
7894,-0.000
7895,-0.000
7896,-0.000
7897,-0.000
7898,-0.000
7899,-0.000
7900,-0.000
7901,-0.000
7902,-0.000
7903,-0.000
7904,-101693.488
7905,-1358770.583
7906,-1629778.227
7907,-1807711.821
7908,-1982450.041
7909,-1774360.741
7910,-1885924.322
7911,-1986169.011
7912,-2018390.052
7913,-1953952.049
7914,-1814994.949
7915,-801641.683
7916,-746951.767
7917,-0.000
7918,-0.000
7919,-0.000
7920,-0.000
7921,-0.000
7922,-0.000
7923,-0.000
7924,-0.000
7925,-0.000
7926,-0.000
7927,-599073.544
7928,-633707.725
7929,-1981280.722
7930,-2120223.405
7931,-2300922.413
7932,-2495441.633
7933,-2358384.053
7934,-2836316.086
7935,-2872238.492
7936,-3110949.219
7937,-3189668.960
7938,-2677653.006
7939,-1127978.868
7940,-1057386.018
7941,-0.000
7942,-0.000
7943,-0.000
7944,-0.000
7945,-0.000
7946,-0.000
7947,-0.000
7948,-0.000
7949,-0.000
7950,-0.000
7951,-1833609.873
7952,-987367.796
7953,-2843333.601
7954,-3174542.676
7955,-4058868.488
7956,-4435210.973
7957,-4028487.811
7958,-4883819.089
7959,-5199040.380
7960,-4957298.115
7961,-4623331.606
7962,-3576022.524
7963,-1481994.429
7964,-1340471.816
7965,-0.000
7966,-0.000
7967,-186892.206
7968,-207882.475
7969,-125378.526
7970,-104727.387
7971,-133647.032
7972,-166172.992
7973,-159883.480
7974,-145858.749
7975,-2090177.817
7976,-1099647.329
7977,-3062641.904
7978,-3474664.868
7979,-3906161.402
7980,-4108582.252
7981,-3794484.018
7982,-4442358.888
7983,-4614302.370
7984,-4473177.950
7985,-4341842.028
7986,-3449254.277
7987,-1429718.830
7988,-1285356.391
7989,-0.000
7990,-69543.896
7991,-262048.702
7992,-250456.498
7993,-141711.965
7994,-20028.675
7995,-0.000
7996,-0.000
7997,-0.000
7998,-0.000
7999,-311527.272
8000,-220441.592
8001,-882285.224
8002,-1162791.987
8003,-1413634.826
8004,-1591935.385
8005,-1697431.119
8006,-1873624.026
8007,-1741493.021
8008,-1302170.651
8009,-775045.097
8010,-428742.672
8011,-100883.437
8012,-14985.648
8013,-0.000
8014,-0.000
8015,-0.000
8016,-0.000
8017,-0.000
8018,-0.000
8019,-0.000
8020,-0.000
8021,-0.000
8022,-0.000
8023,-0.000
8024,-0.000
8025,-0.000
8026,-0.000
8027,-0.000
8028,-0.000
8029,-0.000
8030,-0.000
8031,-0.000
8032,-0.000
8033,-0.000
8034,-0.000
8035,-0.000
8036,-0.000
8037,-0.000
8038,-0.000
8039,-0.000
8040,-0.000
8041,-0.000
8042,-0.000
8043,-0.000
8044,-0.000
8045,-0.000
8046,-0.000
8047,-0.000
8048,-0.000
8049,-0.000
8050,-0.000
8051,-0.000
8052,-0.000
8053,-0.000
8054,-0.000
8055,-0.000
8056,-0.000
8057,-0.000
8058,-0.000
8059,-0.000
8060,-0.000
8061,-0.000
8062,-0.000
8063,-0.000
8064,-0.000
8065,-0.000
8066,-0.000
8067,-0.000
8068,-0.000
8069,-0.000
8070,-0.000
8071,-0.000
8072,-0.000
8073,-0.000
8074,-0.000
8075,-55868.879
8076,-417786.782
8077,-636465.506
8078,-801259.536
8079,-895833.254
8080,-794019.411
8081,-890128.184
8082,-694819.505
8083,-198740.127
8084,-98841.491
8085,-0.000
8086,-0.000
8087,-0.000
8088,-0.000
8089,-0.000
8090,-0.000
8091,-0.000
8092,-0.000
8093,-0.000
8094,-0.000
8095,-0.000
8096,-0.000
8097,-0.000
8098,-322673.480
8099,-723056.104
8100,-921957.744
8101,-1091670.212
8102,-1154770.443
8103,-1137034.011
8104,-1228410.866
8105,-1032180.131
8106,-638902.283
8107,-120987.669
8108,-4185.853
8109,-0.000
8110,-0.000
8111,-0.000
8112,-0.000
8113,-0.000
8114,-0.000
8115,-0.000
8116,-0.000
8117,-0.000
8118,-0.000
8119,-0.000
8120,-0.000
8121,-0.000
8122,-0.000
8123,-63269.436
8124,-312570.729
8125,-502569.202
8126,-615706.890
8127,-666398.242
8128,-500088.185
8129,-434287.511
8130,-213669.348
8131,-0.000
8132,-0.000
8133,-0.000
8134,-0.000
8135,-0.000
8136,-0.000
8137,-0.000
8138,-0.000
8139,-0.000
8140,-0.000
8141,-0.000
8142,-0.000
8143,-0.000
8144,-0.000
8145,-0.000
8146,-0.000
8147,-386979.738
8148,-680780.005
8149,-836656.632
8150,-959596.575
8151,-1042843.578
8152,-782602.688
8153,-673042.794
8154,-362501.055
8155,-32198.485
8156,-0.000
8157,-0.000
8158,-0.000
8159,-0.000
8160,-0.000
8161,-0.000
8162,-0.000
8163,-0.000
8164,-0.000
8165,-0.000
8166,-0.000
8167,-0.000
8168,-0.000
8169,-0.000
8170,-233595.153
8171,-1096751.227
8172,-1552177.971
8173,-1823803.044
8174,-2211719.267
8175,-2497191.697
8176,-2634053.930
8177,-2226760.949
8178,-1118341.043
8179,-233068.739
8180,-49511.717
8181,-0.000
8182,-0.000
8183,-0.000
8184,-0.000
8185,-0.000
8186,-0.000
8187,-0.000
8188,-0.000
8189,-0.000
8190,-0.000
8191,-0.000
8192,-0.000
8193,-0.000
8194,-2874.420
8195,-871597.340
8196,-1414976.091
8197,-1629479.619
8198,-1992886.530
8199,-2165175.209
8200,-2210967.416
8201,-1899789.815
8202,-829021.109
8203,-0.000
8204,-0.000
8205,-0.000
8206,-0.000
8207,-0.000
8208,-0.000
8209,-0.000
8210,-0.000
8211,-0.000
8212,-0.000
8213,-0.000
8214,-0.000
8215,-0.000
8216,-0.000
8217,-0.000
8218,-0.000
8219,-0.000
8220,-121351.138
8221,-887708.315
8222,-1166927.412
8223,-1437759.294
8224,-1581019.567
8225,-1231096.105
8226,-247243.522
8227,-0.000
8228,-0.000
8229,-0.000
8230,-0.000
8231,-0.000
8232,-0.000
8233,-0.000
8234,-0.000
8235,-0.000
8236,-0.000
8237,-0.000
8238,-0.000
8239,-0.000
8240,-0.000
8241,-0.000
8242,-616039.105
8243,-1415793.418
8244,-1805552.606
8245,-2035378.999
8246,-2351309.033
8247,-2629257.800
8248,-2698360.980
8249,-2276605.438
8250,-1136384.892
8251,-249562.909
8252,-93281.304
8253,-0.000
8254,-0.000
8255,-0.000
8256,-0.000
8257,-0.000
8258,-0.000
8259,-0.000
8260,-0.000
8261,-0.000
8262,-0.000
8263,-0.000
8264,-0.000
8265,-0.000
8266,-308737.999
8267,-896898.580
8268,-1107851.914
8269,-1292885.958
8270,-1302000.329
8271,-1196589.593
8272,-1039416.213
8273,-1109830.810
8274,-528334.702
8275,-55602.117
8276,-0.000
8277,-0.000
8278,-0.000
8279,-0.000
8280,-0.000
8281,-0.000
8282,-0.000
8283,-0.000
8284,-0.000
8285,-0.000
8286,-0.000
8287,-0.000
8288,-0.000
8289,-0.000
8290,-220653.684
8291,-912172.864
8292,-1190681.641
8293,-1472507.802
8294,-1637072.538
8295,-1907551.333
8296,-2199018.155
8297,-1806781.833
8298,-734455.317
8299,-48745.786
8300,-0.000
8301,-0.000
8302,-0.000
8303,-0.000
8304,-0.000
8305,-0.000
8306,-0.000
8307,-0.000
8308,-0.000
8309,-0.000
8310,-0.000
8311,-0.000
8312,-0.000
8313,-0.000
8314,-4380.051
8315,-753989.663
8316,-1101436.710
8317,-1071940.320
8318,-952964.360
8319,-966892.590
8320,-1200967.398
8321,-1034657.122
8322,-382731.346
8323,-32590.162
8324,-0.000
8325,-0.000
8326,-0.000
8327,-0.000
8328,-0.000
8329,-0.000
8330,-0.000
8331,-0.000
8332,-0.000
8333,-0.000
8334,-0.000
8335,-0.000
8336,-0.000
8337,-0.000
8338,-0.000
8339,-0.000
8340,-382888.083
8341,-513559.074
8342,-559549.292
8343,-713633.429
8344,-827684.487
8345,-698151.899
8346,-330951.362
8347,-18939.107
8348,-0.000
8349,-0.000
8350,-0.000
8351,-0.000
8352,-0.000
8353,-0.000
8354,-0.000
8355,-0.000
8356,-0.000
8357,-0.000
8358,-0.000
8359,-0.000
8360,-0.000
8361,-0.000
8362,-0.000
8363,-0.000
8364,-0.000
8365,-0.000
8366,-0.000
8367,-0.000
8368,-0.000
8369,-0.000
8370,-0.000
8371,-0.000
8372,-0.000
8373,-0.000
8374,-0.000
8375,-0.000
8376,-0.000
8377,-0.000
8378,-0.000
8379,-0.000
8380,-0.000
8381,-0.000
8382,-0.000
8383,-0.000
8384,-0.000
8385,-0.000
8386,-0.000
8387,-0.000
8388,-0.000
8389,-0.000
8390,-0.000
8391,-0.000
8392,-0.000
8393,-0.000
8394,-0.000
8395,-0.000
8396,-0.000
8397,-0.000
8398,-0.000
8399,-0.000
8400,-0.000
8401,-0.000
8402,-0.000
8403,-0.000
8404,-0.000
8405,-0.000
8406,-0.000
8407,-0.000
8408,-0.000
8409,-0.000
8410,-0.000
8411,-0.000
8412,-229445.307
8413,-570231.062
8414,-719855.618
8415,-761424.892
8416,-618812.103
8417,-641311.258
8418,-343673.636
8419,-11092.100
8420,-0.000
8421,-0.000
8422,-0.000
8423,-0.000
8424,-0.000
8425,-0.000
8426,-0.000
8427,-0.000
8428,-0.000
8429,-0.000
8430,-0.000
8431,-0.000
8432,-0.000
8433,-0.000
8434,-0.000
8435,-295063.093
8436,-949646.920
8437,-1309919.652
8438,-1565949.398
8439,-1866942.583
8440,-1952604.353
8441,-1573560.330
8442,-476604.395
8443,-0.000
8444,-0.000
8445,-0.000
8446,-0.000
8447,-0.000
8448,-0.000
8449,-0.000
8450,-0.000
8451,-0.000
8452,-0.000
8453,-0.000
8454,-0.000
8455,-0.000
8456,-0.000
8457,-0.000
8458,-0.000
8459,-396913.513
8460,-1191305.389
8461,-1564076.981
8462,-1887734.454
8463,-2187835.042
8464,-2261195.734
8465,-1930897.036
8466,-808420.557
8467,-31353.647
8468,-0.000
8469,-0.000
8470,-0.000
8471,-0.000
8472,-0.000
8473,-0.000
8474,-0.000
8475,-0.000
8476,-0.000
8477,-0.000
8478,-0.000
8479,-0.000
8480,-0.000
8481,-0.000
8482,-0.000
8483,-715116.185
8484,-1426823.223
8485,-1686432.055
8486,-2034478.270
8487,-2242430.275
8488,-2095289.939
8489,-1635403.568
8490,-904951.063
8491,-209305.858
8492,-77082.358
8493,-0.000
8494,-0.000
8495,-0.000
8496,-0.000
8497,-0.000
8498,-0.000
8499,-0.000
8500,-0.000
8501,-0.000
8502,-0.000
8503,-0.000
8504,-0.000
8505,-0.000
8506,-430524.865
8507,-1264354.844
8508,-1606311.431
8509,-1910509.739
8510,-2237624.010
8511,-2523029.679
8512,-2610135.007
8513,-2238386.688
8514,-1103950.280
8515,-159513.784
8516,-0.000
8517,-0.000
8518,-0.000
8519,-0.000
8520,-0.000
8521,-0.000
8522,-0.000
8523,-0.000
8524,-0.000
8525,-0.000
8526,-0.000
8527,-0.000
8528,-0.000
8529,-0.000
8530,-0.000
8531,-478018.119
8532,-1275433.652
8533,-1509869.910
8534,-1896313.660
8535,-2170250.285
8536,-2249617.943
8537,-1861765.723
8538,-731313.885
8539,-0.000
8540,-0.000
8541,-0.000
8542,-0.000
8543,-0.000
8544,-0.000
8545,-0.000
8546,-0.000
8547,-0.000
8548,-0.000
8549,-0.000
8550,-0.000
8551,-0.000
8552,-0.000
8553,-0.000
8554,-0.000
8555,-0.000
8556,-457417.878
8557,-982962.969
8558,-1323009.528
8559,-1556419.829
8560,-1648337.305
8561,-1292593.311
8562,-257583.303
8563,-0.000
8564,-0.000
8565,-0.000
8566,-0.000
8567,-0.000
8568,-0.000
8569,-0.000
8570,-0.000
8571,-0.000
8572,-0.000
8573,-0.000
8574,-0.000
8575,-0.000
8576,-0.000
8577,-0.000
8578,-112265.321
8579,-1224293.335
8580,-1754605.572
8581,-2004141.684
8582,-2345740.850
8583,-2640973.025
8584,-2745291.857
8585,-2356833.179
8586,-1177866.804
8587,-165631.472
8588,-0.000
8589,-0.000
8590,-0.000
8591,-0.000
8592,-0.000
8593,-0.000
8594,-0.000
8595,-0.000
8596,-0.000
8597,-0.000
8598,-0.000
8599,-0.000
8600,-0.000
8601,-0.000
8602,-0.000
8603,-974825.059
8604,-1624888.986
8605,-1906336.012
8606,-2271151.620
8607,-2594931.384
8608,-2692097.762
8609,-2306620.056
8610,-1142186.365
8611,-151144.381
8612,-0.000
8613,-0.000
8614,-0.000
8615,-0.000
8616,-0.000
8617,-0.000
8618,-0.000
8619,-0.000
8620,-0.000
8621,-0.000
8622,-0.000
8623,-0.000
8624,-0.000
8625,-0.000
8626,-0.000
8627,-749323.712
8628,-1510623.444
8629,-1833301.176
8630,-2195489.688
8631,-2448643.402
8632,-2574364.060
8633,-2245068.712
8634,-1108560.536
8635,-153765.037
8636,-0.000
8637,-0.000
8638,-0.000
8639,-0.000
8640,-0.000
8641,-0.000
8642,-0.000
8643,-0.000
8644,-0.000
8645,-0.000
8646,-0.000
8647,-0.000
8648,-0.000
8649,-0.000
8650,-95538.456
8651,-1074648.484
8652,-1535478.326
8653,-1814061.399
8654,-2162252.411
8655,-2546886.619
8656,-2662033.608
8657,-2323136.113
8658,-1305317.160
8659,-192303.666
8660,-5204.351
8661,-0.000
8662,-0.000
8663,-0.000
8664,-0.000
8665,-0.000
8666,-0.000
8667,-0.000
8668,-0.000
8669,-0.000
8670,-0.000
8671,-0.000
8672,-0.000
8673,-0.000
8674,-295678.330
8675,-1185521.522
8676,-1615965.942
8677,-1909139.476
8678,-2194854.160
8679,-2425499.077
8680,-2525223.002
8681,-2166031.725
8682,-1161573.804
8683,-167985.110
8684,-6145.702
8685,-0.000
8686,-0.000
8687,-0.000
8688,-0.000
8689,-0.000
8690,-0.000
8691,-0.000
8692,-0.000
8693,-0.000
8694,-0.000
8695,-0.000
8696,-0.000
8697,-0.000
8698,-0.000
8699,-0.000
8700,-0.000
8701,-371867.785
8702,-1164848.754
8703,-1510783.711
8704,-1904631.556
8705,-1660892.133
8706,-709484.352
8707,-0.000
8708,-0.000
8709,-0.000
8710,-0.000
8711,-0.000
8712,-0.000
8713,-0.000
8714,-0.000
8715,-0.000
8716,-0.000
8717,-0.000
8718,-0.000
8719,-0.000
8720,-0.000
8721,-0.000
8722,-0.000
8723,-0.000
8724,-83780.154
8725,-703124.010
8726,-1027282.701
8727,-1262910.613
8728,-1359590.382
8729,-1075915.744
8730,-259689.295
8731,-0.000
8732,-0.000
8733,-0.000
8734,-0.000
8735,-0.000
8736,-0.000
8737,-0.000
8738,-0.000
8739,-0.000
8740,-0.000
8741,-0.000
8742,-0.000
8743,-0.000
8744,-0.000
8745,-0.000
8746,-0.000
8747,-615691.179
8748,-1247259.759
8749,-1577147.680
8750,-1858806.265
8751,-2162027.390
8752,-2262339.310
8753,-1947858.680
8754,-957184.600
8755,-66419.717
8756,-0.000
8757,-0.000
8758,-0.000
8759,-0.000
8760,-0.000
