Hour,CoolingLoad_W
1,-0.000
2,-0.000
3,-0.000
4,-0.000
5,-0.000
6,-0.000
7,-0.000
8,-0.000
9,-0.000
10,-0.000
11,-0.000
12,-84247.877
13,-361383.788
14,-243146.272
15,-306266.110
16,-671897.454
17,-594815.870
18,-150296.222
19,-0.000
20,-0.000
21,-0.000
22,-0.000
23,-0.000
24,-0.000
25,-0.000
26,-0.000
27,-0.000
28,-0.000
29,-0.000
30,-0.000
31,-0.000
32,-0.000
33,-0.000
34,-0.000
35,-21814.823
36,-243357.847
37,-388856.612
38,-310652.544
39,-300738.001
40,-206473.744
41,-166658.266
42,-73162.191
43,-0.000
44,-0.000
45,-0.000
46,-0.000
47,-0.000
48,-0.000
49,-0.000
50,-0.000
51,-0.000
52,-0.000
53,-0.000
54,-0.000
55,-0.000
56,-0.000
57,-0.000
58,-0.000
59,-130808.242
60,-530229.806
61,-960763.019
62,-1203373.298
63,-1299885.903
64,-1015191.953
65,-879075.534
66,-662531.442
67,-154509.105
68,-51502.532
69,-0.000
70,-0.000
71,-0.000
72,-0.000
73,-0.000
74,-0.000
75,-0.000
76,-0.000
77,-0.000
78,-0.000
79,-0.000
80,-0.000
81,-273329.786
82,-774016.182
83,-1023114.738
84,-1168615.872
85,-1376628.571
86,-1554484.224
87,-2065949.027
88,-2287005.796
89,-1826833.737
90,-1160043.174
91,-380785.022
92,-298540.442
93,-0.000
94,-0.000
95,-0.000
96,-0.000
97,-0.000
98,-0.000
99,-0.000
100,-0.000
101,-0.000
102,-0.000
103,-0.000
104,-0.000
105,-812000.211
106,-1061784.415
107,-1275502.081
108,-1368053.900
109,-1410595.979
110,-1403600.756
111,-1539554.887
112,-2183653.995
113,-2421053.295
114,-1586432.780
115,-447791.609
116,-367004.195
117,-0.000
118,-0.000
119,-0.000
120,-0.000
121,-0.000
122,-0.000
123,-0.000
124,-0.000
125,-0.000
126,-0.000
127,-0.000
128,-0.000
129,-0.000
130,-0.000
131,-176076.009
132,-591757.695
133,-828218.989
134,-975651.384
135,-1132303.905
136,-1315783.273
137,-1169695.262
138,-719953.070
139,-0.000
140,-0.000
141,-0.000
142,-0.000
143,-0.000
144,-0.000
145,-0.000
146,-0.000
147,-0.000
148,-0.000
149,-0.000
150,-0.000
151,-0.000
152,-0.000
153,-0.000
154,-0.000
155,-0.000
156,-221981.431
157,-492189.761
158,-624568.115
159,-580645.835
160,-666762.458
161,-453081.407
162,-187915.497
163,-0.000
164,-0.000
165,-0.000
166,-0.000
167,-0.000
168,-0.000
169,-0.000
170,-0.000
171,-0.000
172,-0.000
173,-0.000
174,-0.000
175,-0.000
176,-0.000
177,-211583.005
178,-661397.802
179,-1015230.419
180,-1222488.286
181,-1303822.507
182,-1568909.142
183,-1623162.508
184,-1400982.670
185,-1313144.925
186,-1024157.194
187,-321924.353
188,-211330.623
189,-0.000
190,-0.000
191,-0.000
192,-0.000
193,-0.000
194,-0.000
195,-0.000
196,-0.000
197,-0.000
198,-0.000
199,-0.000
200,-0.000
201,-51732.965
202,-882708.680
203,-1514186.928
204,-1707785.565
205,-1671007.707
206,-1786924.859
207,-1949123.749
208,-2107743.102
209,-1980217.332
210,-1250469.150
211,-229462.229
212,-115723.185
213,-0.000
214,-0.000
215,-0.000
216,-0.000
217,-0.000
218,-0.000
219,-0.000
220,-0.000
221,-0.000
222,-0.000
223,-0.000
224,-0.000
225,-273448.492
226,-717690.214
227,-1121368.931
228,-1496091.893
229,-1780262.839
230,-2093040.505
231,-2308469.048
232,-2158345.744
233,-2044595.881
234,-1335604.317
235,-369063.664
236,-265163.408
237,-0.000
238,-0.000
239,-0.000
240,-0.000
241,-0.000
242,-0.000
243,-0.000
244,-0.000
245,-0.000
246,-0.000
247,-0.000
248,-0.000
249,-814882.752
250,-1163407.883
251,-1413090.143
252,-1585712.190
253,-1800303.558
254,-2168179.288
255,-2331809.748
256,-2415003.423
257,-2485269.880
258,-1713801.292
259,-470760.179
260,-360970.961
261,-0.000
262,-0.000
263,-0.000
264,-0.000
265,-0.000
266,-0.000
267,-0.000
268,-0.000
269,-0.000
270,-0.000
271,-0.000
272,-0.000
273,-765099.795
274,-1568792.326
275,-1975591.710
276,-2360557.422
277,-2356325.039
278,-2633446.117
279,-2841061.610
280,-2856491.140
281,-2751425.677
282,-1933681.649
283,-542406.935
284,-450928.103
285,-0.000
286,-0.000
287,-0.000
288,-0.000
289,-0.000
290,-0.000
291,-0.000
292,-0.000
293,-0.000
294,-0.000
295,-0.000
296,-0.000
297,-0.000
298,-586758.107
299,-820452.555
300,-1276656.734
301,-1567364.141
302,-1673091.585
303,-1881103.501
304,-1870834.015
305,-1829960.403
306,-1070058.598
307,-0.000
308,-0.000
309,-0.000
310,-0.000
311,-0.000
312,-0.000
313,-0.000
314,-0.000
315,-0.000
316,-0.000
317,-0.000
318,-0.000
319,-0.000
320,-0.000
321,-0.000
322,-0.000
323,-0.000
324,-544329.386
325,-739684.099
326,-839692.964
327,-864768.786
328,-936015.889
329,-939678.731
330,-378677.869
331,-0.000
332,-0.000
333,-0.000
334,-0.000
335,-0.000
336,-0.000
337,-0.000
338,-0.000
339,-0.000
340,-0.000
341,-0.000
342,-0.000
343,-0.000
344,-0.000
345,-626033.342
346,-945702.661
347,-1176401.025
348,-1384649.164
349,-1767825.034
350,-1999209.251
351,-2156678.949
352,-2245082.303
353,-2152983.249
354,-1386790.832
355,-341287.039
356,-228779.746
357,-0.000
358,-0.000
359,-0.000
360,-0.000
361,-0.000
362,-0.000
363,-0.000
364,-0.000
365,-0.000
366,-0.000
367,-0.000
368,-0.000
369,-0.000
370,-271332.912
371,-649655.453
372,-720899.209
373,-975892.573
374,-1265954.640
375,-1665506.190
376,-1620326.875
377,-1496249.217
378,-919798.513
379,-178834.356
380,-73535.397
381,-0.000
382,-0.000
383,-0.000
384,-0.000
385,-0.000
386,-0.000
387,-0.000
388,-0.000
389,-0.000
390,-0.000
391,-0.000
392,-0.000
393,-0.000
394,-68630.978
395,-488573.509
396,-811807.093
397,-1173899.116
398,-1566539.807
399,-1873481.723
400,-2018541.810
401,-2021248.609
402,-1165895.077
403,-174569.554
404,-61294.560
405,-0.000
406,-0.000
407,-0.000
408,-0.000
409,-0.000
410,-0.000
411,-0.000
412,-0.000
413,-0.000
414,-0.000
415,-0.000
416,-0.000
417,-0.000
418,-328970.728
419,-1023031.595
420,-1307406.362
421,-1414108.273
422,-1428413.087
423,-1477637.405
424,-1401131.839
425,-1119464.155
426,-778348.024
427,-187565.704
428,-107046.334
429,-0.000
430,-0.000
431,-0.000
432,-0.000
433,-0.000
434,-0.000
435,-0.000
436,-0.000
437,-0.000
438,-0.000
439,-0.000
440,-0.000
441,-180896.373
442,-616641.884
443,-1071296.675
444,-1402061.213
445,-1497448.232
446,-1828166.901
447,-1871844.812
448,-1790121.994
449,-1382682.683
450,-1088818.926
451,-336551.339
452,-242387.967
453,-0.000
454,-0.000
455,-0.000
456,-0.000
457,-0.000
458,-0.000
459,-0.000
460,-0.000
461,-0.000
462,-0.000
463,-0.000
464,-0.000
465,-0.000
466,-563963.479
467,-1194869.607
468,-1486229.923
469,-1672120.019
470,-1777716.361
471,-1951196.339
472,-1921903.187
473,-1784032.422
474,-1168141.515
475,-0.000
476,-0.000
477,-0.000
478,-0.000
479,-0.000
480,-0.000
481,-0.000
482,-0.000
483,-0.000
484,-0.000
485,-0.000
486,-0.000
487,-0.000
488,-0.000
489,-0.000
490,-0.000
491,-0.000
492,-0.000
493,-391977.083
494,-731202.466
495,-902132.875
496,-1056806.899
497,-1037045.035
498,-606059.594
499,-0.000
500,-0.000
501,-0.000
502,-0.000
503,-0.000
504,-0.000
505,-0.000
506,-0.000
507,-0.000
508,-0.000
509,-0.000
510,-0.000
511,-0.000
512,-0.000
513,-0.000
514,-85686.017
515,-708094.389
516,-1012411.632
517,-1257055.598
518,-1420414.679
519,-1627186.958
520,-1755332.246
521,-1791812.641
522,-1231075.420
523,-132293.819
524,-17860.612
525,-0.000
526,-0.000
527,-0.000
528,-0.000
529,-0.000
530,-0.000
531,-0.000
532,-0.000
533,-0.000
534,-0.000
535,-0.000
536,-0.000
537,-0.000
538,-201733.327
539,-881832.625
540,-1186576.090
541,-1372458.687
542,-1522657.783
543,-1710099.679
544,-1792147.228
545,-1783003.205
546,-1195928.403
547,-106087.883
548,-1842.325
549,-0.000
550,-0.000
551,-0.000
552,-0.000
553,-0.000
554,-0.000
555,-0.000
556,-0.000
557,-0.000
558,-0.000
559,-0.000
560,-0.000
561,-0.000
562,-677010.801
563,-1171766.484
564,-1386000.366
565,-1527922.252
566,-1660909.047
567,-1882781.640
568,-2001885.788
569,-2050864.650
570,-1465120.528
571,-196583.113
572,-66083.263
573,-0.000
574,-0.000
575,-0.000
576,-0.000
577,-0.000
578,-0.000
579,-0.000
580,-0.000
581,-0.000
582,-0.000
583,-0.000
584,-0.000
585,-34234.053
586,-911850.036
587,-1349485.745
588,-1584676.007
589,-1699447.027
590,-1860019.339
591,-2063375.351
592,-2170792.704
593,-2215361.302
594,-1627984.641
595,-337957.013
596,-232488.545
597,-0.000
598,-0.000
599,-0.000
600,-0.000
601,-0.000
602,-0.000
603,-0.000
604,-0.000
605,-0.000
606,-0.000
607,-0.000
608,-0.000
609,-132864.554
610,-955621.379
611,-1351558.453
612,-1527533.324
613,-1638497.796
614,-1757466.258
615,-1984019.088
616,-2096748.401
617,-2115117.678
618,-1519392.513
619,-267684.681
620,-158562.341
621,-0.000
622,-0.000
623,-0.000
624,-0.000
625,-0.000
626,-0.000
627,-0.000
628,-0.000
629,-0.000
630,-0.000
631,-0.000
632,-0.000
633,-0.000
634,-58576.007
635,-676499.728
636,-864987.907
637,-925035.865
638,-1041454.055
639,-994428.012
640,-1018578.503
641,-702905.454
642,-420067.427
643,-0.000
644,-0.000
645,-0.000
646,-0.000
647,-0.000
648,-0.000
649,-0.000
650,-0.000
651,-0.000
652,-0.000
653,-0.000
654,-0.000
655,-0.000
656,-0.000
657,-0.000
658,-0.000
659,-0.000
660,-397593.250
661,-737904.107
662,-924463.143
663,-1098930.583
664,-981678.195
665,-954896.319
666,-559495.305
667,-0.000
668,-0.000
669,-0.000
670,-0.000
671,-0.000
672,-0.000
673,-0.000
674,-0.000
675,-0.000
676,-0.000
677,-0.000
678,-0.000
679,-0.000
680,-0.000
681,-258664.768
682,-1108727.400
683,-1620088.199
684,-1804546.812
685,-1861194.081
686,-2076836.370
687,-2277264.274
688,-2352521.933
689,-2338359.007
690,-1745121.164
691,-348111.274
692,-196523.124
693,-0.000
694,-0.000
695,-0.000
696,-0.000
697,-0.000
698,-0.000
699,-0.000
700,-0.000
701,-0.000
702,-0.000
703,-0.000
704,-0.000
705,-260743.628
706,-1069731.414
707,-1614370.085
708,-1819287.665
709,-1705080.368
710,-1814119.021
711,-2074370.242
712,-2394261.081
713,-2369480.453
714,-1834160.247
715,-456442.253
716,-302062.489
717,-0.000
718,-0.000
719,-0.000
720,-0.000
721,-0.000
722,-0.000
723,-0.000
724,-0.000
725,-0.000
726,-0.000
727,-0.000
728,-11679.668
729,-827429.014
730,-1135790.112
731,-1538054.326
732,-1960685.691
733,-2218344.795
734,-2675109.274
735,-2874345.437
736,-2772555.087
737,-2693572.669
738,-2262375.899
739,-639078.847
740,-448648.712
741,-0.000
742,-0.000
743,-0.000
744,-0.000
745,-0.000
746,-0.000
747,-0.000
748,-0.000
749,-0.000
750,-0.000
751,-0.000
752,-0.000
753,-9465.629
754,-352593.528
755,-664509.922
756,-949468.767
757,-1140836.710
758,-1237580.298
759,-1431553.882
760,-1638974.089
761,-1551590.768
762,-1221904.995
763,-250239.245
764,-174083.390
765,-0.000
766,-0.000
767,-0.000
768,-0.000
769,-0.000
770,-0.000
771,-0.000
772,-0.000
773,-0.000
774,-0.000
775,-0.000
776,-0.000
777,-460963.522
778,-782066.199
779,-1008642.704
780,-1313289.826
781,-1689032.520
782,-1907042.703
783,-2049196.446
784,-2187610.530
785,-2119203.257
786,-1654347.273
787,-424591.921
788,-326309.181
789,-0.000
790,-0.000
791,-0.000
792,-0.000
793,-0.000
794,-0.000
795,-0.000
796,-0.000
797,-0.000
798,-0.000
799,-0.000
800,-0.000
801,-197545.647
802,-1024349.125
803,-1427098.232
804,-1759366.325
805,-1928483.018
806,-2102880.435
807,-2150899.771
808,-2133545.352
809,-2088127.769
810,-1581990.638
811,-0.000
812,-0.000
813,-0.000
814,-0.000
815,-0.000
816,-0.000
817,-0.000
818,-0.000
819,-0.000
820,-0.000
821,-0.000
822,-0.000
823,-0.000
824,-0.000
825,-0.000
826,-0.000
827,-911703.575
828,-1274022.494
829,-1371269.140
830,-1417853.538
831,-1511792.535
832,-1501406.840
833,-1298774.948
834,-803627.254
835,-16781.048
836,-0.000
837,-0.000
838,-0.000
839,-0.000
840,-0.000
841,-0.000
842,-0.000
843,-0.000
844,-0.000
845,-0.000
846,-0.000
847,-4896.833
848,-181107.960
849,-1028269.602
850,-1516988.546
851,-1990401.999
852,-2342577.058
853,-2363952.028
854,-2608277.831
855,-2771724.762
856,-2780320.379
857,-2798870.794
858,-2138665.860
859,-577767.286
860,-455769.491
861,-0.000
862,-0.000
863,-0.000
864,-0.000
865,-0.000
866,-0.000
867,-0.000
868,-0.000
869,-0.000
870,-0.000
871,-64434.399
872,-273893.789
873,-1328214.849
874,-1778520.423
875,-2162681.266
876,-2342807.536
877,-2598760.522
878,-3036298.085
879,-3154605.126
880,-3258793.383
881,-3216168.448
882,-2398586.505
883,-686514.960
884,-609750.607
885,-0.000
886,-0.000
887,-0.000
888,-0.000
889,-0.000
890,-0.000
891,-0.000
892,-0.000
893,-0.000
894,-0.000
895,-321354.691
896,-391927.538
897,-1640005.460
898,-2052203.742
899,-2299146.356
900,-2534614.058
901,-2601089.699
902,-2934947.352
903,-3083840.618
904,-3293999.347
905,-3158109.117
906,-2426752.394
907,-724586.904
908,-646324.628
909,-0.000
910,-0.000
911,-0.000
912,-0.000
913,-0.000
914,-0.000
915,-0.000
916,-0.000
917,-0.000
918,-0.000
919,-268396.873
920,-382368.598
921,-1606329.988
922,-2054802.493
923,-2432756.178
924,-2649187.242
925,-2658430.594
926,-2825465.050
927,-2975340.674
928,-2835730.021
929,-2568351.348
930,-1943722.820
931,-637713.889
932,-563845.659
933,-0.000
934,-0.000
935,-0.000
936,-0.000
937,-0.000
938,-0.000
939,-0.000
940,-0.000
941,-0.000
942,-0.000
943,-219817.143
944,-327033.424
945,-1321772.772
946,-1703471.216
947,-2032733.544
948,-2226810.325
949,-2160472.385
950,-2116077.348
951,-2216963.069
952,-2627495.533
953,-2465517.754
954,-1833843.258
955,-581587.710
956,-500846.379
957,-0.000
958,-0.000
959,-0.000
960,-0.000
961,-0.000
962,-0.000
963,-0.000
964,-0.000
965,-0.000
966,-0.000
967,-0.000
968,-0.000
969,-52276.995
970,-527652.788
971,-671093.837
972,-777740.072
973,-846891.203
974,-924741.940
975,-1101300.771
976,-1312625.823
977,-1368407.462
978,-1232954.105
979,-0.000
980,-0.000
981,-0.000
982,-0.000
983,-0.000
984,-0.000
985,-0.000
986,-0.000
987,-0.000
988,-0.000
989,-0.000
990,-0.000
991,-0.000
992,-0.000
993,-0.000
994,-0.000
995,-0.000
996,-0.000
997,-503522.595
998,-752755.918
999,-880011.736
1000,-942600.385
1001,-765271.249
1002,-418661.907
1003,-0.000
1004,-0.000
1005,-0.000
1006,-0.000
1007,-0.000
1008,-0.000
1009,-0.000
1010,-0.000
1011,-0.000
1012,-0.000
1013,-0.000
1014,-0.000
1015,-0.000
1016,-0.000
1017,-304741.979
1018,-914025.325
1019,-1483572.019
1020,-1915516.339
1021,-1948974.099
1022,-2284371.346
1023,-2473037.109
1024,-2496488.683
1025,-2410483.622
1026,-2093582.060
1027,-474820.285
1028,-303431.273
1029,-0.000
1030,-0.000
1031,-0.000
1032,-0.000
1033,-0.000
1034,-0.000
1035,-0.000
1036,-0.000
1037,-0.000
1038,-0.000
1039,-66580.904
1040,-233208.169
1041,-1048454.855
1042,-1281034.438
1043,-1519991.214
1044,-1836101.184
1045,-2059393.261
1046,-2252081.523
1047,-2476771.182
1048,-2665578.924
1049,-2692663.822
1050,-2314310.254
1051,-587705.534
1052,-405872.596
1053,-0.000
1054,-0.000
1055,-0.000
1056,-0.000
1057,-0.000
1058,-0.000
1059,-0.000
1060,-0.000
1061,-0.000
1062,-0.000
1063,-0.000
1064,-160870.559
1065,-1082221.372
1066,-1511125.777
1067,-1935331.417
1068,-2269158.226
1069,-2366500.197
1070,-2583855.281
1071,-2777997.473
1072,-2752157.818
1073,-2639203.903
1074,-2220592.346
1075,-581676.936
1076,-449315.675
1077,-0.000
1078,-0.000
1079,-0.000
1080,-0.000
1081,-0.000
1082,-0.000
1083,-0.000
1084,-0.000
1085,-0.000
1086,-0.000
1087,-37448.678
1088,-225943.083
1089,-1126820.772
1090,-1469668.832
1091,-1737017.867
1092,-1838954.692
1093,-1867114.984
1094,-2030076.022
1095,-2261860.121
1096,-1997035.443
1097,-1828966.184
1098,-1845335.215
1099,-615461.674
1100,-488598.705
1101,-0.000
1102,-0.000
1103,-0.000
1104,-0.000
1105,-0.000
1106,-0.000
1107,-0.000
1108,-0.000
1109,-0.000
1110,-0.000
1111,-93230.716
1112,-306925.318
1113,-1365464.389
1114,-1786042.693
1115,-2141250.477
1116,-2526525.053
1117,-2681157.992
1118,-2954848.276
1119,-3165724.716
1120,-3178141.583
1121,-3017068.561
1122,-2442756.454
1123,-658770.230
1124,-531849.808
1125,-0.000
1126,-0.000
1127,-0.000
1128,-0.000
1129,-0.000
1130,-0.000
1131,-0.000
1132,-0.000
1133,-0.000
1134,-0.000
1135,-0.000
1136,-0.000
1137,-111452.990
1138,-562827.216
1139,-796249.988
1140,-1076977.475
1141,-1142615.608
1142,-1259690.645
1143,-1318411.183
1144,-1181655.029
1145,-1079089.169
1146,-1038452.033
1147,-0.000
1148,-0.000
1149,-0.000
1150,-0.000
1151,-0.000
1152,-0.000
1153,-0.000
1154,-0.000
1155,-0.000
1156,-0.000
1157,-0.000
1158,-0.000
1159,-0.000
1160,-0.000
1161,-0.000
1162,-0.000
1163,-0.000
1164,-0.000
1165,-104554.129
1166,-276275.282
1167,-125402.356
1168,-34784.686
1169,-0.000
1170,-0.000
1171,-0.000
1172,-0.000
1173,-0.000
1174,-0.000
1175,-0.000
1176,-0.000
1177,-0.000
1178,-0.000
1179,-0.000
1180,-0.000
1181,-0.000
1182,-0.000
1183,-0.000
1184,-106935.511
1185,-1092043.863
1186,-1282141.562
1187,-1612051.496
1188,-1821475.002
1189,-1870025.619
1190,-2285864.378
1191,-2279414.067
1192,-2221620.467
1193,-2113878.425
1194,-1960095.228
1195,-718272.192
1196,-596650.791
1197,-0.000
1198,-0.000
1199,-0.000
1200,-0.000
1201,-0.000
1202,-0.000
1203,-0.000
1204,-0.000
1205,-0.000
1206,-0.000
1207,-298289.145
1208,-423580.360
1209,-1663948.631
1210,-2073619.757
1211,-2467286.685
1212,-2778414.816
1213,-2639317.936
1214,-3049797.042
1215,-3260498.041
1216,-3341048.103
1217,-3241011.165
1218,-2869338.322
1219,-900125.357
1220,-784175.691
1221,-0.000
1222,-0.000
1223,-0.000
1224,-0.000
1225,-0.000
1226,-0.000
1227,-0.000
1228,-0.000
1229,-0.000
1230,-0.000
1231,-579920.755
1232,-538060.445
1233,-1751493.901
1234,-2051886.799
1235,-2311284.188
1236,-2507197.217
1237,-2451067.851
1238,-2851470.373
1239,-2965267.665
1240,-2967642.272
1241,-2800191.366
1242,-2450670.018
1243,-779237.444
1244,-649468.156
1245,-0.000
1246,-0.000
1247,-0.000
1248,-0.000
1249,-0.000
1250,-0.000
1251,-0.000
1252,-0.000
1253,-0.000
1254,-0.000
1255,-0.000
1256,-0.000
1257,-290920.429
1258,-568687.399
1259,-1029286.407
1260,-1395769.339
1261,-1545549.958
1262,-1767445.817
1263,-1946895.600
1264,-1983008.124
1265,-1904012.060
1266,-1540179.632
1267,-524546.258
1268,-396046.646
1269,-0.000
1270,-0.000
1271,-0.000
1272,-0.000
1273,-0.000
1274,-0.000
1275,-0.000
1276,-0.000
1277,-0.000
1278,-0.000
1279,-0.000
1280,-33118.608
1281,-799367.925
1282,-1147533.971
1283,-1381548.757
1284,-1548879.164
1285,-1786504.952
1286,-1503607.351
1287,-1205940.076
1288,-997668.384
1289,-904172.487
1290,-731010.331
1291,-260511.944
1292,-167485.522
1293,-0.000
1294,-0.000
1295,-0.000
1296,-0.000
1297,-0.000
1298,-0.000
1299,-0.000
1300,-0.000
1301,-0.000
1302,-0.000
1303,-0.000
1304,-0.000
1305,-0.000
1306,-0.000
1307,-0.000
1308,-409397.706
1309,-540240.131
1310,-652376.417
1311,-731798.663
1312,-990452.545
1313,-929238.998
1314,-732988.387
1315,-0.000
1316,-0.000
1317,-0.000
1318,-0.000
1319,-0.000
1320,-0.000
1321,-0.000
1322,-0.000
1323,-0.000
1324,-0.000
1325,-0.000
1326,-0.000
1327,-0.000
1328,-0.000
1329,-0.000
1330,-0.000
1331,-0.000
1332,-0.000
1333,-144301.353
1334,-292741.859
1335,-499825.707
1336,-812880.764
1337,-616328.700
1338,-341943.093
1339,-0.000
1340,-0.000
1341,-0.000
1342,-0.000
1343,-0.000
1344,-0.000
1345,-0.000
1346,-0.000
1347,-0.000
1348,-0.000
1349,-0.000
1350,-0.000
1351,-0.000
1352,-0.000
1353,-734274.671
1354,-1114164.014
1355,-1472031.115
1356,-1591108.070
1357,-1681876.504
1358,-1873203.273
1359,-2171108.460
1360,-2002261.083
1361,-1919885.138
1362,-1686767.813
1363,-524647.972
1364,-396577.629
1365,-0.000
1366,-0.000
1367,-0.000
1368,-0.000
1369,-0.000
1370,-0.000
1371,-0.000
1372,-0.000
1373,-0.000
1374,-0.000
1375,-0.000
1376,-216105.366
1377,-1114727.849
1378,-1485357.713
1379,-1743518.996
1380,-1973432.253
1381,-1940389.302
1382,-2108211.920
1383,-2484145.078
1384,-2690030.562
1385,-2540585.840
1386,-2389645.440
1387,-722524.418
1388,-572594.167
1389,-0.000
1390,-0.000
1391,-0.000
1392,-0.000
1393,-0.000
1394,-0.000
1395,-0.000
1396,-0.000
1397,-0.000
1398,-0.000
1399,-143882.339
1400,-344648.710
1401,-1646192.055
1402,-2128067.499
1403,-2488917.092
1404,-2638583.648
1405,-2633069.918
1406,-2912468.779
1407,-3081199.734
1408,-3138747.252
1409,-2960035.896
1410,-2494409.365
1411,-706548.042
1412,-585709.162
1413,-0.000
1414,-0.000
1415,-0.000
1416,-0.000
1417,-0.000
1418,-0.000
1419,-0.000
1420,-0.000
1421,-0.000
1422,-0.000
1423,-178078.153
1424,-300834.370
1425,-1249339.756
1426,-1615841.890
1427,-2004668.962
1428,-2250878.790
1429,-2355362.713
1430,-2490732.127
1431,-2678878.643
1432,-2533461.239
1433,-2290642.189
1434,-2026848.849
1435,-675069.053
1436,-565376.033
1437,-0.000
1438,-0.000
1439,-0.000
1440,-0.000
1441,-0.000
1442,-0.000
1443,-0.000
1444,-0.000
1445,-0.000
1446,-0.000
1447,-275954.241
1448,-414596.462
1449,-1665425.497
1450,-2011646.924
1451,-2240697.722
1452,-2417191.127
1453,-2296109.603
1454,-2615819.819
1455,-2693085.152
1456,-2632893.622
1457,-2541651.941
1458,-2372334.443
1459,-893648.594
1460,-641338.910
1461,-0.000
1462,-0.000
1463,-0.000
1464,-0.000
1465,-0.000
1466,-0.000
1467,-0.000
1468,-0.000
1469,-0.000
1470,-0.000
1471,-0.000
1472,-0.000
1473,-713237.743
1474,-1190451.246
1475,-1208463.024
1476,-1127692.474
1477,-1088365.293
1478,-1139241.108
1479,-1383618.396
1480,-1854178.421
1481,-1907571.389
1482,-1529234.539
1483,-0.000
1484,-0.000
1485,-0.000
1486,-0.000
1487,-0.000
1488,-0.000
1489,-0.000
1490,-0.000
1491,-0.000
1492,-0.000
1493,-0.000
1494,-0.000
1495,-0.000
1496,-0.000
1497,-0.000
1498,-0.000
1499,-149679.587
1500,-754042.447
1501,-877682.266
1502,-979966.676
1503,-1005888.607
1504,-1064645.096
1505,-894180.348
1506,-486605.484
1507,-87696.289
1508,-0.000
1509,-0.000
1510,-0.000
1511,-0.000
1512,-0.000
1513,-0.000
1514,-0.000
1515,-0.000
1516,-0.000
1517,-0.000
1518,-0.000
1519,-285856.954
1520,-407373.320
1521,-1716475.692
1522,-2104012.767
1523,-2351856.143
1524,-2474075.678
1525,-2265459.080
1526,-2606003.002
1527,-2767044.011
1528,-2715222.829
1529,-2547233.863
1530,-2363454.261
1531,-908027.379
1532,-688721.234
1533,-0.000
1534,-0.000
1535,-0.000
1536,-0.000
1537,-0.000
1538,-0.000
1539,-0.000
1540,-0.000
1541,-0.000
1542,-0.000
1543,-390411.630
1544,-379591.218
1545,-1445725.803
1546,-1680484.388
1547,-1797925.857
1548,-1912181.171
1549,-1720683.813
1550,-1803456.664
1551,-1750936.312
1552,-1582011.315
1553,-1403488.845
1554,-1285318.656
1555,-539975.760
1556,-445526.017
1557,-0.000
1558,-0.000
1559,-0.000
1560,-0.000
1561,-0.000
1562,-0.000
1563,-0.000
1564,-0.000
1565,-0.000
1566,-0.000
1567,-0.000
1568,-0.000
1569,-224844.325
1570,-710593.596
1571,-925246.431
1572,-1061411.118
1573,-1108843.458
1574,-1088126.318
1575,-1117349.882
1576,-879662.116
1577,-683154.601
1578,-591538.484
1579,-99728.499
1580,-0.000
1581,-0.000
1582,-0.000
1583,-0.000
1584,-0.000
1585,-0.000
1586,-0.000
1587,-0.000
1588,-0.000
1589,-0.000
1590,-0.000
1591,-0.000
1592,-0.000
1593,-918.844
1594,-492451.603
1595,-698330.132
1596,-991598.254
1597,-1358356.754
1598,-1308866.235
1599,-1173879.418
1600,-1010830.333
1601,-869449.937
1602,-833714.914
1603,-249440.253
1604,-119795.703
1605,-0.000
1606,-0.000
1607,-0.000
1608,-0.000
1609,-0.000
1610,-0.000
1611,-0.000
1612,-0.000
1613,-0.000
1614,-0.000
1615,-0.000
1616,-47128.628
1617,-1049202.956
1618,-1364114.262
1619,-1685941.658
1620,-1994533.839
1621,-1957558.204
1622,-2263440.535
1623,-2248745.495
1624,-2227615.133
1625,-2096696.085
1626,-1884157.880
1627,-664120.787
1628,-461928.400
1629,-0.000
1630,-0.000
1631,-0.000
1632,-0.000
1633,-0.000
1634,-0.000
1635,-0.000
1636,-0.000
1637,-0.000
1638,-0.000
1639,-0.000
1640,-0.000
1641,-0.000
1642,-0.000
1643,-358231.490
1644,-303033.357
1645,-268119.343
1646,-351607.554
1647,-335242.317
1648,-585330.657
1649,-517938.866
1650,-448509.177
1651,-0.000
1652,-0.000
1653,-0.000
1654,-0.000
1655,-0.000
1656,-0.000
1657,-0.000
1658,-0.000
1659,-0.000
1660,-0.000
1661,-0.000
1662,-0.000
1663,-0.000
1664,-0.000
1665,-0.000
1666,-0.000
1667,-0.000
1668,-0.000
1669,-0.000
1670,-377271.949
1671,-829967.177
1672,-1026189.523
1673,-966391.815
1674,-756486.222
1675,-122002.863
1676,-0.000
1677,-0.000
1678,-0.000
1679,-0.000
1680,-0.000
1681,-0.000
1682,-0.000
1683,-0.000
1684,-0.000
1685,-0.000
1686,-0.000
1687,-0.000
1688,-0.000
1689,-711989.606
1690,-1396733.287
1691,-1771129.029
1692,-2007750.387
1693,-2074537.318
1694,-2249276.653
1695,-2382871.308
1696,-2386352.481
1697,-2356709.501
1698,-2100672.261
1699,-672794.702
1700,-350350.195
1701,-0.000
1702,-0.000
1703,-0.000
1704,-0.000
1705,-0.000
1706,-0.000
1707,-0.000
1708,-0.000
1709,-0.000
1710,-0.000
1711,-0.000
1712,-54168.506
1713,-957643.730
1714,-1452560.355
1715,-1891116.490
1716,-2180606.665
1717,-2104436.091
1718,-2477601.743
1719,-2694342.078
1720,-2647708.109
1721,-2527906.231
1722,-2165778.159
1723,-755747.866
1724,-457066.490
1725,-0.000
1726,-0.000
1727,-0.000
1728,-0.000
1729,-0.000
1730,-0.000
1731,-0.000
1732,-0.000
1733,-0.000
1734,-0.000
1735,-163754.845
1736,-333417.667
1737,-1265966.615
1738,-1374179.046
1739,-1583840.890
1740,-1678075.687
1741,-1624200.323
1742,-1820200.799
1743,-1801478.980
1744,-1604279.387
1745,-1501007.443
1746,-1454670.629
1747,-579487.939
1748,-477874.475
1749,-0.000
1750,-0.000
1751,-0.000
1752,-0.000
1753,-0.000
1754,-0.000
1755,-0.000
1756,-0.000
1757,-0.000
1758,-0.000
1759,-0.000
1760,-0.000
1761,-402604.307
1762,-667553.141
1763,-752208.247
1764,-943898.396
1765,-1133756.502
1766,-1043145.980
1767,-1110031.523
1768,-1108875.262
1769,-1065402.593
1770,-987549.185
1771,-400882.363
1772,-279773.288
1773,-0.000
1774,-0.000
1775,-0.000
1776,-0.000
1777,-0.000
1778,-0.000
1779,-0.000
1780,-0.000
1781,-0.000
1782,-0.000
1783,-0.000
1784,-45970.233
1785,-953256.279
1786,-1334704.232
1787,-1537523.907
1788,-1638006.536
1789,-1660054.409
1790,-1905057.765
1791,-2121673.242
1792,-2166703.890
1793,-2159908.992
1794,-1896876.953
1795,-652348.461
1796,-406090.672
1797,-0.000
1798,-0.000
1799,-0.000
1800,-0.000
1801,-0.000
1802,-0.000
1803,-0.000
1804,-0.000
1805,-0.000
1806,-0.000
1807,-0.000
1808,-0.000
1809,-362329.449
1810,-1044228.082
1811,-1453547.545
1812,-1548052.112
1813,-1585850.618
1814,-1729067.535
1815,-1830951.694
1816,-1843145.044
1817,-1813122.357
1818,-1563783.301
1819,-0.000
1820,-0.000
1821,-0.000
1822,-0.000
1823,-0.000
1824,-0.000
1825,-0.000
1826,-0.000
1827,-0.000
1828,-0.000
1829,-0.000
1830,-0.000
1831,-0.000
1832,-0.000
1833,-0.000
1834,-220804.522
1835,-646372.649
1836,-759375.860
1837,-882823.788
1838,-1074588.106
1839,-1133021.444
1840,-1179320.573
1841,-1116190.787
1842,-894529.037
1843,-181079.800
1844,-0.000
1845,-0.000
1846,-0.000
1847,-0.000
1848,-0.000
1849,-0.000
1850,-0.000
1851,-0.000
1852,-0.000
1853,-0.000
1854,-0.000
1855,-211107.882
1856,-426403.019
1857,-1778866.595
1858,-2202676.689
1859,-2465237.111
1860,-2616971.411
1861,-2595925.762
1862,-2913909.091
1863,-3131904.841
1864,-3220999.085
1865,-3123052.229
1866,-2764059.617
1867,-1030633.174
1868,-725549.015
1869,-0.000
1870,-0.000
1871,-0.000
1872,-0.000
1873,-0.000
1874,-0.000
1875,-0.000
1876,-0.000
1877,-0.000
1878,-0.000
1879,-712806.104
1880,-664152.304
1881,-2105522.193
1882,-2473270.916
1883,-2686170.240
1884,-2799670.241
1885,-2560982.365
1886,-3022297.310
1887,-3143983.712
1888,-3078257.658
1889,-2997583.912
1890,-2857294.629
1891,-1128781.591
1892,-845828.296
1893,-0.000
1894,-0.000
1895,-0.000
1896,-0.000
1897,-0.000
1898,-0.000
1899,-0.000
1900,-0.000
1901,-0.000
1902,-0.000
1903,-837252.113
1904,-720339.242
1905,-2248217.375
1906,-2571251.473
1907,-2802625.899
1908,-2964168.385
1909,-2763385.799
1910,-3288982.628
1911,-3420720.503
1912,-3398950.924
1913,-3278839.737
1914,-3018005.941
1915,-1201071.853
1916,-935607.925
1917,-0.000
1918,-0.000
1919,-93349.515
1920,-143082.501
1921,-89046.485
1922,-59877.278
1923,-28798.638
1924,-2690.088
1925,-0.000
1926,-0.000
1927,-1289211.230
1928,-777008.554
1929,-2312800.152
1930,-2595647.660
1931,-2878532.694
1932,-2981320.398
1933,-2752949.432
1934,-3195077.178
1935,-3300468.040
1936,-3215019.600
1937,-3177202.457
1938,-3048987.530
1939,-1273616.024
1940,-916128.702
1941,-0.000
1942,-0.000
1943,-23110.499
1944,-71855.668
1945,-0.000
1946,-0.000
1947,-0.000
1948,-0.000
1949,-0.000
1950,-0.000
1951,-420825.040
1952,-338304.130
1953,-1138016.471
1954,-1380878.104
1955,-1550279.798
1956,-1450087.954
1957,-1439516.452
1958,-1587102.056
1959,-1581058.355
1960,-1495626.439
1961,-1411167.635
1962,-1143181.750
1963,-495498.578
1964,-356565.925
1965,-0.000
1966,-0.000
1967,-0.000
1968,-0.000
1969,-0.000
1970,-0.000
1971,-0.000
1972,-0.000
1973,-0.000
1974,-0.000
1975,-0.000
1976,-0.000
1977,-0.000
1978,-54199.862
1979,-474776.549
1980,-701360.176
1981,-896973.991
1982,-1001893.526
1983,-981494.165
1984,-845152.804
1985,-714630.004
1986,-547600.180
1987,-0.000
1988,-0.000
1989,-0.000
1990,-0.000
1991,-0.000
1992,-0.000
1993,-0.000
1994,-0.000
1995,-0.000
1996,-0.000
1997,-0.000
1998,-0.000
1999,-0.000
2000,-0.000
2001,-0.000
2002,-0.000
2003,-0.000
2004,-210609.437
2005,-365931.881
2006,-397281.379
2007,-650940.889
2008,-692361.593
2009,-636105.791
2010,-543974.560
2011,-159853.620
2012,-0.000
2013,-0.000
2014,-0.000
2015,-0.000
2016,-0.000
2017,-0.000
2018,-0.000
2019,-0.000
2020,-0.000
2021,-0.000
2022,-0.000
2023,-410747.976
2024,-493756.187
2025,-1730197.868
2026,-2053029.821
2027,-2240049.733
2028,-2306693.446
2029,-2255035.056
2030,-2472223.944
2031,-2595529.197
2032,-2583124.336
2033,-2524853.319
2034,-2290515.708
2035,-988116.088
2036,-560553.134
2037,-0.000
2038,-0.000
2039,-0.000
2040,-0.000
2041,-0.000
2042,-0.000
2043,-0.000
2044,-0.000
2045,-0.000
2046,-0.000
2047,-433394.417
2048,-460630.747
2049,-1569544.309
2050,-1941140.805
2051,-2223634.104
2052,-2354615.242
2053,-2215697.797
2054,-2512255.599
2055,-2715977.478
2056,-2756335.658
2057,-2690986.803
2058,-2533029.863
2059,-1049575.825
2060,-658234.372
2061,-0.000
2062,-0.000
2063,-0.000
2064,-0.000
2065,-0.000
2066,-0.000
2067,-0.000
2068,-0.000
2069,-0.000
2070,-0.000
2071,-630596.640
2072,-616124.792
2073,-2011005.114
2074,-2362144.573
2075,-2602196.769
2076,-2758553.406
2077,-2608197.327
2078,-3046342.322
2079,-3155225.682
2080,-3090124.659
2081,-2975833.447
2082,-2774138.143
2083,-1211979.916
2084,-849206.523
2085,-0.000
2086,-0.000
2087,-0.000
2088,-0.000
2089,-0.000
2090,-0.000
2091,-0.000
2092,-0.000
2093,-0.000
2094,-0.000
2095,-806818.473
2096,-770046.222
2097,-2274136.958
2098,-2519226.748
2099,-2713042.647
2100,-2801518.139
2101,-2534162.357
2102,-2903007.809
2103,-3025300.005
2104,-2977728.116
2105,-2965504.810
2106,-2599090.842
2107,-1036172.139
2108,-835854.765
2109,-0.000
2110,-0.000
2111,-0.000
2112,-0.000
2113,-0.000
2114,-0.000
2115,-0.000
2116,-0.000
2117,-0.000
2118,-0.000
2119,-565182.895
2120,-612682.516
2121,-2042663.257
2122,-2365681.067
2123,-2393993.235
2124,-2504358.579
2125,-2289646.929
2126,-2571352.245
2127,-2529011.837
2128,-2553156.296
2129,-2466237.420
2130,-2381983.911
2131,-1058728.580
2132,-731335.648
2133,-0.000
2134,-0.000
2135,-0.000
2136,-0.000
2137,-0.000
2138,-0.000
2139,-0.000
2140,-0.000
2141,-0.000
2142,-0.000
2143,-0.000
2144,-0.000
2145,-984748.763
2146,-1119930.928
2147,-1251833.948
2148,-1350227.085
2149,-1469286.024
2150,-1501001.277
2151,-1619100.332
2152,-1638257.551
2153,-1337997.826
2154,-1124265.996
2155,-0.000
2156,-0.000
2157,-0.000
2158,-0.000
2159,-0.000
2160,-0.000
2161,-0.000
2162,-0.000
2163,-0.000
2164,-0.000
2165,-0.000
2166,-0.000
2167,-0.000
2168,-0.000
2169,-0.000
2170,-0.000
2171,-23052.808
2172,-420106.870
2173,-591602.294
2174,-694266.517
2175,-668545.896
2176,-550328.091
2177,-473475.765
2178,-346891.324
2179,-71017.775
2180,-0.000
2181,-0.000
2182,-0.000
2183,-0.000
2184,-0.000
2185,-0.000
2186,-0.000
2187,-0.000
2188,-0.000
2189,-0.000
2190,-0.000
2191,-0.000
2192,-258278.082
2193,-1238926.931
2194,-1595586.823
2195,-1864778.183
2196,-2026966.793
2197,-2012615.109
2198,-2250071.322
2199,-2353723.777
2200,-2370796.532
2201,-2284998.024
2202,-2208240.852
2203,-943860.752
2204,-529694.639
2205,-0.000
2206,-0.000
2207,-0.000
2208,-0.000
2209,-0.000
2210,-0.000
2211,-0.000
2212,-0.000
2213,-0.000
2214,-0.000
2215,-427321.107
2216,-463879.887
2217,-1566376.312
2218,-2008676.758
2219,-2248511.884
2220,-2333121.437
2221,-2297192.990
2222,-2535863.428
2223,-2685114.890
2224,-2716885.359
2225,-2638647.635
2226,-2402141.842
2227,-1042132.302
2228,-659791.069
2229,-0.000
2230,-0.000
2231,-0.000
2232,-0.000
2233,-0.000
2234,-0.000
2235,-0.000
2236,-0.000
2237,-0.000
2238,-0.000
2239,-355199.682
2240,-442811.768
2241,-1525373.183
2242,-1768671.139
2243,-1976783.528
2244,-2131817.980
2245,-2184232.525
2246,-2361528.110
2247,-2482181.887
2248,-2368714.052
2249,-2220769.549
2250,-2144292.953
2251,-945712.688
2252,-555153.467
2253,-0.000
2254,-0.000
2255,-0.000
2256,-0.000
2257,-0.000
2258,-0.000
2259,-0.000
2260,-0.000
2261,-0.000
2262,-0.000
2263,-348796.774
2264,-492825.100
2265,-1711710.717
2266,-2057598.126
2267,-2309435.148
2268,-2404083.829
2269,-2334489.117
2270,-2657732.629
2271,-2842265.804
2272,-2893561.609
2273,-2936271.529
2274,-2706547.052
2275,-1221907.519
2276,-791757.073
2277,-0.000
2278,-0.000
2279,-0.000
2280,-0.000
2281,-0.000
2282,-0.000
2283,-0.000
2284,-0.000
2285,-0.000
2286,-0.000
2287,-549174.789
2288,-648278.906
2289,-2148702.276
2290,-2460980.839
2291,-2688699.482
2292,-2772412.200
2293,-2542510.372
2294,-3004837.568
2295,-3130269.420
2296,-3136305.505
2297,-3108308.248
2298,-2946266.667
2299,-1272949.234
2300,-838659.526
2301,-0.000
2302,-0.000
2303,-0.000
2304,-207.634
2305,-0.000
2306,-0.000
2307,-0.000
2308,-0.000
2309,-0.000
2310,-0.000
2311,-0.000
2312,-0.000
2313,-1856174.539
2314,-1852172.266
2315,-1917540.963
2316,-1918115.469
2317,-1942546.744
2318,-2147546.504
2319,-2333089.512
2320,-2367070.774
2321,-2325696.192
2322,-2109534.864
2323,-287298.962
2324,-177922.592
2325,-173655.675
2326,-168715.610
2327,-151432.676
2328,-137654.167
2329,-58106.533
2330,-15976.915
2331,-178.132
2332,-0.000
2333,-0.000
2334,-0.000
2335,-6858.021
2336,-184323.407
2337,-651566.749
2338,-1039286.701
2339,-1116471.887
2340,-1110984.307
2341,-1148839.307
2342,-1363527.913
2343,-1429067.348
2344,-1416187.991
2345,-1347717.767
2346,-1217562.408
2347,-551716.003
2348,-174957.151
2349,-152675.942
2350,-149262.833
2351,-147350.802
2352,-140787.131
2353,-131626.242
2354,-118070.676
2355,-104367.595
2356,-97819.946
2357,-87871.169
2358,-72185.456
2359,-1464715.827
2360,-972566.132
2361,-2755716.162
2362,-2957427.097
2363,-3047234.511
2364,-3074809.396
2365,-2768425.146
2366,-3239219.565
2367,-3383037.736
2368,-3442513.549
2369,-3401960.057
2370,-3232672.997
2371,-1393547.261
2372,-1004807.878
2373,-0.000
2374,-40857.434
2375,-161941.149
2376,-181549.412
2377,-127579.563
2378,-101910.878
2379,-84405.693
2380,-92250.664
2381,-93380.596
2382,-74731.016
2383,-1460662.513
2384,-981156.029
2385,-2812085.621
2386,-3037218.543
2387,-3188785.614
2388,-3233547.673
2389,-2943503.763
2390,-3509206.161
2391,-3632208.770
2392,-3678422.834
2393,-3583027.869
2394,-3442150.338
2395,-1505325.953
2396,-1144189.779
2397,-0.000
2398,-124450.127
2399,-253721.924
2400,-270786.004
2401,-210822.943
2402,-185197.953
2403,-175216.765
2404,-179299.409
2405,-184001.012
2406,-180881.257
2407,-1241932.772
2408,-1026590.114
2409,-2855460.553
2410,-3094254.916
2411,-3223579.811
2412,-3211686.046
2413,-2841038.612
2414,-3286651.961
2415,-3365306.989
2416,-3390723.371
2417,-3346254.014
2418,-3386714.774
2419,-1557560.455
2420,-1063500.785
2421,-0.000
2422,-86210.737
2423,-151380.889
2424,-83102.841
2425,-0.000
2426,-0.000
2427,-0.000
2428,-0.000
2429,-0.000
2430,-0.000
2431,-752205.003
2432,-688166.546
2433,-1984037.866
2434,-2172686.227
2435,-2332836.293
2436,-2329652.115
2437,-2041311.304
2438,-2177420.454
2439,-2167728.556
2440,-2080423.052
2441,-2167710.271
2442,-2191981.329
2443,-1014574.037
2444,-669482.896
2445,-0.000
2446,-0.000
2447,-0.000
2448,-0.000
2449,-0.000
2450,-0.000
2451,-0.000
2452,-0.000
2453,-0.000
2454,-0.000
2455,-1079800.186
2456,-623970.771
2457,-1775907.984
2458,-1948686.015
2459,-2094856.965
2460,-2243870.871
2461,-2160620.159
2462,-2542655.588
2463,-2674673.520
2464,-2608217.638
2465,-2491228.779
2466,-2430452.563
2467,-1098312.154
2468,-792672.174
2469,-0.000
2470,-0.000
2471,-0.000
2472,-0.000
2473,-0.000
2474,-0.000
2475,-0.000
2476,-0.000
2477,-0.000
2478,-0.000
2479,-0.000
2480,-2413.791
2481,-1437413.943
2482,-1467092.662
2483,-1637856.667
2484,-1620010.970
2485,-1728596.382
2486,-1652878.031
2487,-1475657.229
2488,-1533218.551
2489,-1532106.236
2490,-1398549.647
2491,-80724.002
2492,-66355.342
2493,-65952.412
2494,-58286.283
2495,-44046.851
2496,-41393.141
2497,-0.000
2498,-0.000
2499,-0.000
2500,-0.000
2501,-0.000
2502,-0.000
2503,-0.000
2504,-0.000
2505,-172586.260
2506,-524693.183
2507,-784822.784
2508,-795332.253
2509,-774073.830
2510,-925099.759
2511,-943046.722
2512,-989124.758
2513,-971165.167
2514,-744263.628
2515,-296020.221
2516,-10197.479
2517,-0.000
2518,-0.000
2519,-0.000
2520,-0.000
2521,-0.000
2522,-0.000
2523,-0.000
2524,-0.000
2525,-0.000
2526,-0.000
2527,-555334.353
2528,-573360.792
2529,-1825126.491
2530,-2130442.530
2531,-2304496.246
2532,-2217026.745
2533,-1941516.168
2534,-2102719.560
2535,-1969000.887
2536,-2186985.806
2537,-2279153.388
2538,-2276221.131
2539,-971837.688
2540,-680561.772
2541,-0.000
2542,-0.000
2543,-0.000
2544,-0.000
2545,-0.000
2546,-0.000
2547,-0.000
2548,-0.000
2549,-0.000
2550,-0.000
2551,-503250.988
2552,-596302.323
2553,-1928061.603
2554,-2195085.297
2555,-2425493.396
2556,-2479146.525
2557,-2264602.371
2558,-2619727.514
2559,-2712050.553
2560,-2716710.340
2561,-2624245.280
2562,-2514027.457
2563,-1198668.449
2564,-768983.714
2565,-0.000
2566,-0.000
2567,-0.000
2568,-464.437
2569,-0.000
2570,-0.000
2571,-0.000
2572,-0.000
2573,-0.000
2574,-0.000
2575,-1096208.360
2576,-827624.510
2577,-2347461.104
2578,-2535817.081
2579,-2660137.001
2580,-2702322.971
2581,-2390714.751
2582,-2803192.289
2583,-2862761.893
2584,-2647214.601
2585,-2563848.784
2586,-2381040.799
2587,-1045693.688
2588,-913125.137
2589,-0.000
2590,-0.000
2591,-24249.578
2592,-54107.366
2593,-0.000
2594,-0.000
2595,-0.000
2596,-0.000
2597,-0.000
2598,-0.000
2599,-1288452.777
2600,-837549.303
2601,-2393130.530
2602,-2659812.576
2603,-2837466.156
2604,-2923431.052
2605,-2598453.593
2606,-2958696.085
2607,-3049919.457
2608,-2839925.391
2609,-2813057.312
2610,-2763328.348
2611,-1105387.124
2612,-810731.800
2613,-0.000
2614,-0.000
2615,-0.000
2616,-0.000
2617,-0.000
2618,-0.000
2619,-0.000
2620,-0.000
2621,-0.000
2622,-248.234
2623,-1415231.887
2624,-918208.447
2625,-2585531.631
2626,-2584226.557
2627,-2642030.982
2628,-2775121.011
2629,-2601810.552
2630,-3080848.858
2631,-3114457.929
2632,-3094550.006
2633,-3093506.396
2634,-3060429.793
2635,-1305359.789
2636,-952165.852
2637,-0.000
2638,-0.000
2639,-51142.322
2640,-65555.299
2641,-0.000
2642,-0.000
2643,-0.000
2644,-17697.402
2645,-43663.803
2646,-68256.934
2647,-97125.953
2648,-273257.491
2649,-2139829.942
2650,-2041152.688
2651,-2095564.566
2652,-2112475.608
2653,-2112102.467
2654,-2074940.876
2655,-2160522.427
2656,-2207968.070
2657,-2181123.987
2658,-2156263.584
2659,-378987.143
2660,-257227.580
2661,-246459.235
2662,-243211.314
2663,-245345.809
2664,-245659.324
2665,-176464.644
2666,-158966.075
2667,-151755.805
2668,-139744.801
2669,-122777.019
2670,-106626.111
2671,-127032.537
2672,-372299.600
2673,-811891.308
2674,-1039803.013
2675,-1064788.687
2676,-995619.026
2677,-1055473.670
2678,-1191804.844
2679,-1337898.280
2680,-1406815.983
2681,-1336153.874
2682,-1211344.118
2683,-661473.300
2684,-236126.139
2685,-217736.996
2686,-205798.140
2687,-189843.276
2688,-173980.618
2689,-162317.678
2690,-148700.272
2691,-137539.134
2692,-127632.721
2693,-119428.589
2694,-118510.423
2695,-1608837.098
2696,-1051865.117
2697,-2939805.007
2698,-3222762.226
2699,-3422388.847
2700,-3518089.581
2701,-3109728.178
2702,-3720870.975
2703,-3781065.484
2704,-3784896.971
2705,-3679082.052
2706,-3549901.093
2707,-1624803.455
2708,-1211701.193
2709,-0.000
2710,-196448.210
2711,-307115.306
2712,-320938.309
2713,-262854.317
2714,-239307.346
2715,-212183.019
2716,-190768.527
2717,-175324.531
2718,-155482.172
2719,-1221135.357
2720,-1111019.294
2721,-2982525.136
2722,-3170161.395
2723,-3281416.983
2724,-3287905.843
2725,-2891557.404
2726,-3464948.825
2727,-3604606.526
2728,-3640230.356
2729,-3632351.560
2730,-3580866.432
2731,-1707485.182
2732,-1178310.097
2733,-0.000
2734,-168298.536
2735,-275816.968
2736,-291118.378
2737,-234742.314
2738,-218563.859
2739,-220586.302
2740,-233801.232
2741,-235868.153
2742,-220882.642
2743,-1294604.275
2744,-1156830.055
2745,-3118944.632
2746,-3308430.623
2747,-3355758.922
2748,-3366670.579
2749,-2988485.395
2750,-3574553.017
2751,-3752127.774
2752,-3872556.020
2753,-3949559.580
2754,-3866849.035
2755,-1830738.840
2756,-1345257.266
2757,-26268.278
2758,-331107.021
2759,-357886.266
2760,-350049.854
2761,-270952.074
2762,-233440.586
2763,-208675.023
2764,-210557.153
2765,-214898.319
2766,-219114.132
2767,-1365265.493
2768,-1211233.791
2769,-3262640.907
2770,-3467673.450
2771,-3497783.198
2772,-3372664.692
2773,-2886818.386
2774,-3184448.912
2775,-3136137.521
2776,-3464262.345
2777,-3450621.738
2778,-3494604.538
2779,-1693461.452
2780,-1262210.839
2781,-0.000
2782,-194202.442
2783,-287274.027
2784,-278002.326
2785,-205212.786
2786,-179061.763
2787,-153458.457
2788,-138065.774
2789,-127105.912
2790,-110150.919
2791,-1490743.345
2792,-971712.096
2793,-2584682.351
2794,-2805538.499
2795,-2833354.714
2796,-2863322.608
2797,-2505885.149
2798,-2939839.489
2799,-3087153.960
2800,-2751830.927
2801,-2504334.537
2802,-2405351.231
2803,-1042168.771
2804,-898254.279
2805,-0.000
2806,-0.000
2807,-19188.503
2808,-108150.427
2809,-63682.860
2810,-72534.015
2811,-81383.135
2812,-77157.829
2813,-71948.494
2814,-56185.329
2815,-51124.603
2816,-143232.214
2817,-1701107.342
2818,-1655589.676
2819,-1773852.026
2820,-1818696.278
2821,-1831337.654
2822,-1984462.520
2823,-2116918.911
2824,-2167138.446
2825,-2107766.707
2826,-1999913.764
2827,-344368.051
2828,-243074.521
2829,-238230.213
2830,-240920.259
2831,-233275.072
2832,-230107.111
2833,-168603.211
2834,-144774.225
2835,-132162.174
2836,-125971.627
2837,-118628.966
2838,-109090.386
2839,-144289.002
2840,-392684.293
2841,-751488.998
2842,-970482.095
2843,-998051.815
2844,-978718.957
2845,-997651.398
2846,-1152391.641
2847,-1339519.787
2848,-1380946.589
2849,-1359803.931
2850,-1294023.425
2851,-730793.012
2852,-247654.063
2853,-233793.349
2854,-237457.189
2855,-230132.315
2856,-220516.016
2857,-215979.281
2858,-210413.395
2859,-207644.065
2860,-211761.277
2861,-217432.012
2862,-217866.070
2863,-1300698.733
2864,-967698.829
2865,-2525519.012
2866,-2588513.817
2867,-2588811.296
2868,-2675566.236
2869,-2531186.297
2870,-3177242.329
2871,-3387030.635
2872,-3523039.195
2873,-3436156.616
2874,-3330743.388
2875,-1514984.206
2876,-1120503.910
2877,-0.000
2878,-111385.277
2879,-215080.921
2880,-213034.547
2881,-147651.526
2882,-118401.447
2883,-90844.863
2884,-73097.315
2885,-38163.196
2886,-1876.801
2887,-1340091.710
2888,-905456.303
2889,-2209545.053
2890,-2205446.850
2891,-2260075.724
2892,-2288817.734
2893,-2132961.138
2894,-2462529.021
2895,-2624522.640
2896,-2711070.578
2897,-2530695.674
2898,-2297870.982
2899,-1093821.599
2900,-894681.757
2901,-0.000
2902,-40861.568
2903,-128230.965
2904,-138689.033
2905,-74236.839
2906,-31813.325
2907,-9156.135
2908,-1383.570
2909,-0.000
2910,-0.000
2911,-785719.729
2912,-682890.945
2913,-1896256.606
2914,-2024125.541
2915,-2178914.013
2916,-2216568.257
2917,-1997475.649
2918,-2291306.661
2919,-2314880.392
2920,-2292363.614
2921,-2053793.249
2922,-1897390.823
2923,-850386.402
2924,-707706.683
2925,-0.000
2926,-0.000
2927,-0.000
2928,-0.000
2929,-0.000
2930,-0.000
2931,-0.000
2932,-0.000
2933,-0.000
2934,-0.000
2935,-451104.808
2936,-423858.577
2937,-1319139.645
2938,-1590859.753
2939,-1805699.871
2940,-2004497.738
2941,-2015387.172
2942,-2323425.813
2943,-2439946.315
2944,-2235482.635
2945,-2120617.825
2946,-2125529.378
2947,-1117506.007
2948,-623326.424
2949,-0.000
2950,-0.000
2951,-0.000
2952,-249.403
2953,-2016.059
2954,-0.000
2955,-0.000
2956,-0.000
2957,-0.000
2958,-0.000
2959,-866094.395
2960,-680982.986
2961,-1804092.646
2962,-2015813.351
2963,-2163896.614
2964,-2272013.756
2965,-2185817.823
2966,-2356818.670
2967,-2336206.473
2968,-2227005.592
2969,-2226401.610
2970,-1795466.968
2971,-769657.653
2972,-638302.891
2973,-0.000
2974,-0.000
2975,-0.000
2976,-0.000
2977,-0.000
2978,-0.000
2979,-0.000
2980,-0.000
2981,-0.000
2982,-0.000
2983,-0.000
2984,-0.000
2985,-1241173.159
2986,-1458788.178
2987,-1443212.448
2988,-1398247.220
2989,-1410778.766
2990,-1575084.897
2991,-1585043.465
2992,-1562546.268
2993,-1384039.325
2994,-1423665.211
2995,-101354.500
2996,-97607.690
2997,-99824.201
2998,-15620.900
2999,-58319.498
3000,-127186.274
3001,-61640.763
3002,-34813.422
3003,-16461.546
3004,-7424.305
3005,-2296.257
3006,-0.000
3007,-0.000
3008,-111637.471
3009,-386857.998
3010,-680222.652
3011,-758464.483
3012,-724820.408
3013,-752679.409
3014,-816303.590
3015,-768763.240
3016,-656507.682
3017,-522681.855
3018,-313366.856
3019,-205773.170
3020,-9439.349
3021,-0.000
3022,-0.000
3023,-0.000
3024,-0.000
3025,-0.000
3026,-0.000
3027,-0.000
3028,-0.000
3029,-0.000
3030,-0.000
3031,-334443.622
3032,-446611.970
3033,-1434743.999
3034,-1592101.394
3035,-1625698.122
3036,-1784141.691
3037,-1814301.684
3038,-2048150.564
3039,-2074934.270
3040,-1951068.286
3041,-1858344.193
3042,-1788395.564
3043,-733015.016
3044,-549374.549
3045,-0.000
3046,-0.000
3047,-0.000
3048,-0.000
3049,-0.000
3050,-0.000
3051,-0.000
3052,-0.000
3053,-0.000
3054,-0.000
3055,-436332.867
3056,-480915.023
3057,-1557278.109
3058,-1726315.024
3059,-1785285.355
3060,-1789604.674
3061,-1760008.476
3062,-1976698.785
3063,-2050268.563
3064,-1655553.407
3065,-1561791.848
3066,-1511130.672
3067,-649330.431
3068,-562568.177
3069,-0.000
3070,-0.000
3071,-0.000
3072,-0.000
3073,-0.000
3074,-0.000
3075,-0.000
3076,-0.000
3077,-0.000
3078,-0.000
3079,-195654.362
3080,-401371.620
3081,-1508313.690
3082,-1886543.561
3083,-1888888.471
3084,-1962982.359
3085,-1874755.045
3086,-2161903.201
3087,-2272342.657
3088,-2506293.369
3089,-2623217.194
3090,-2668366.478
3091,-1285865.014
3092,-850529.374
3093,-0.000
3094,-0.000
3095,-97001.176
3096,-133662.536
3097,-82720.592
3098,-66988.378
3099,-61395.819
3100,-61067.091
3101,-55820.805
3102,-47104.433
3103,-1329799.714
3104,-891568.767
3105,-2409166.065
3106,-2588070.095
3107,-2717276.259
3108,-2708835.737
3109,-2425164.416
3110,-2839995.705
3111,-2946442.035
3112,-3098507.476
3113,-3162182.133
3114,-3260647.939
3115,-1663617.382
3116,-863954.597
3117,-0.000
3118,-0.000
3119,-80078.075
3120,-111793.379
3121,-31211.544
3122,-6202.844
3123,-142.333
3124,-0.000
3125,-0.000
3126,-0.000
3127,-1277527.695
3128,-933515.374
3129,-2446103.054
3130,-2614669.933
3131,-2688898.421
3132,-2705684.674
3133,-2423056.321
3134,-2814505.217
3135,-2967627.593
3136,-3071524.498
3137,-3172358.221
3138,-3280827.391
3139,-1714434.644
3140,-867163.493
3141,-0.000
3142,-0.000
3143,-109075.024
3144,-117764.138
3145,-55174.727
3146,-13689.144
3147,-0.000
3148,-0.000
3149,-0.000
3150,-0.000
3151,-0.000
3152,-339950.107
3153,-1966272.727
3154,-1707115.739
3155,-1706319.354
3156,-1679046.367
3157,-1689182.665
3158,-1862521.323
3159,-2046622.044
3160,-2231044.762
3161,-2379613.073
3162,-2505893.597
3163,-618460.486
3164,-207947.643
3165,-188437.937
3166,-193931.317
3167,-199596.702
3168,-205471.088
3169,-155890.341
3170,-141931.784
3171,-133025.553
3172,-124348.874
3173,-118770.526
3174,-122368.616
3175,-151861.661
3176,-280263.305
3177,-533367.275
3178,-664104.875
3179,-800587.456
3180,-914434.784
3181,-937651.137
3182,-1115417.535
3183,-1252503.786
3184,-1348890.620
3185,-1396145.442
3186,-1521585.673
3187,-906429.546
3188,-203977.341
3189,-178157.143
3190,-177343.833
3191,-172091.003
3192,-162508.208
3193,-167007.524
3194,-165606.585
3195,-171294.475
3196,-168692.180
3197,-145330.633
3198,-138232.043
3199,-1248728.203
3200,-1168459.822
3201,-3022396.744
3202,-3216006.032
3203,-3251128.230
3204,-3264883.283
3205,-2877406.292
3206,-3528558.914
3207,-3789901.828
3208,-3976436.336
3209,-4132261.042
3210,-4237637.718
3211,-1970837.768
3212,-1223283.388
3213,-0.000
3214,-195088.962
3215,-294781.303
3216,-304922.172
3217,-242977.160
3218,-227110.191
3219,-221971.164
3220,-217932.617
3221,-203080.890
3222,-194131.773
3223,-1339430.385
3224,-1284255.220
3225,-3309597.681
3226,-3469854.137
3227,-3591243.991
3228,-3599198.093
3229,-3143531.598
3230,-3766226.591
3231,-3912318.906
3232,-3926176.189
3233,-3882540.027
3234,-3830801.925
3235,-1751435.569
3236,-1316873.380
3237,-0.000
3238,-318169.579
3239,-385267.356
3240,-423033.067
3241,-360715.314
3242,-339772.064
3243,-331723.405
3244,-326556.909
3245,-326753.741
3246,-320835.477
3247,-1485651.472
3248,-1427081.368
3249,-3616751.633
3250,-3693105.350
3251,-3810059.128
3252,-3834074.265
3253,-3348633.585
3254,-4093267.647
3255,-4256505.292
3256,-4343555.760
3257,-4323627.517
3258,-4218441.879
3259,-1951064.576
3260,-1448361.112
3261,-88123.563
3262,-423644.043
3263,-466806.701
3264,-473128.815
3265,-409538.074
3266,-393746.106
3267,-384200.034
3268,-377046.501
3269,-370782.031
3270,-363364.856
3271,-1568539.581
3272,-1449680.371
3273,-3635650.249
3274,-3765293.696
3275,-3828309.957
3276,-3780493.553
3277,-3253437.708
3278,-3977029.415
3279,-4194268.411
3280,-4303530.241
3281,-4311707.579
3282,-4325424.368
3283,-2080113.253
3284,-1414396.495
3285,-77794.781
3286,-422605.923
3287,-481344.371
3288,-501650.921
3289,-445846.057
3290,-440475.269
3291,-434165.524
3292,-432973.508
3293,-434477.027
3294,-434167.360
3295,-1657883.275
3296,-1488874.306
3297,-3850750.135
3298,-4001139.900
3299,-4063459.043
3300,-4008329.634
3301,-3420209.552
3302,-4095196.018
3303,-4249280.835
3304,-4398063.525
3305,-4466481.303
3306,-4468522.299
3307,-2081197.825
3308,-1483300.022
3309,-124292.994
3310,-455873.082
3311,-509062.564
3312,-517503.244
3313,-458825.108
3314,-447311.525
3315,-445925.640
3316,-443652.067
3317,-435278.041
3318,-426477.283
3319,-491387.686
3320,-794593.448
3321,-2812458.070
3322,-2509769.836
3323,-2457941.138
3324,-2418533.016
3325,-2427467.688
3326,-2597586.680
3327,-2758132.601
3328,-2839066.666
3329,-2946017.861
3330,-3009313.321
3331,-774524.024
3332,-479628.354
3333,-488851.342
3334,-504817.878
3335,-504688.667
3336,-505856.799
3337,-441442.080
3338,-427474.617
3339,-425740.527
3340,-427097.928
3341,-416450.245
3342,-397371.950
3343,-386083.790
3344,-506027.088
3345,-711466.960
3346,-1009574.231
3347,-1153092.093
3348,-1105037.550
3349,-1066065.747
3350,-1231855.992
3351,-1278331.855
3352,-1411267.152
3353,-1451240.668
3354,-1319471.524
3355,-782911.009
3356,-336445.766
3357,-319337.874
3358,-318010.814
3359,-299033.304
3360,-272427.475
3361,-264382.919
3362,-263405.091
3363,-251537.439
3364,-224553.735
3365,-128186.412
3366,-128060.905
3367,-1183790.366
3368,-956021.848
3369,-2550452.994
3370,-2697366.225
3371,-2894937.920
3372,-2897494.075
3373,-2582981.370
3374,-2941770.716
3375,-2987434.402
3376,-2972637.838
3377,-2957651.482
3378,-2972292.350
3379,-1497025.205
3380,-937710.694
3381,-0.000
3382,-85063.151
3383,-175287.931
3384,-179290.315
3385,-122909.130
3386,-105331.839
3387,-92963.127
3388,-83970.178
3389,-78631.760
3390,-71281.492
3391,-1340402.916
3392,-897588.139
3393,-2455211.406
3394,-2663298.778
3395,-2865361.433
3396,-2915445.674
3397,-2561149.330
3398,-3041089.694
3399,-3271528.624
3400,-3464559.967
3401,-3545635.624
3402,-3544662.573
3403,-1692403.461
3404,-1037892.266
3405,-0.000
3406,-106576.528
3407,-231479.882
3408,-252603.130
3409,-199890.607
3410,-190970.177
3411,-192200.670
3412,-194142.769
3413,-192552.973
3414,-186220.510
3415,-1212570.085
3416,-1111983.653
3417,-2868061.283
3418,-3025714.398
3419,-3062745.841
3420,-2989169.877
3421,-2601198.519
3422,-2991260.281
3423,-3092569.735
3424,-2962549.371
3425,-2922099.092
3426,-2986068.503
3427,-1326945.252
3428,-1083932.596
3429,-0.000
3430,-130843.709
3431,-237127.845
3432,-254016.649
3433,-197275.992
3434,-179574.242
3435,-146882.358
3436,-140878.355
3437,-154949.113
3438,-140509.219
3439,-1178648.101
3440,-1034422.021
3441,-2706859.126
3442,-2925871.189
3443,-3031039.752
3444,-3049586.991
3445,-2690893.536
3446,-3120064.468
3447,-3078733.198
3448,-3350736.624
3449,-3324883.461
3450,-3215399.648
3451,-1682601.921
3452,-1097915.571
3453,-0.000
3454,-133882.894
3455,-251879.584
3456,-276062.546
3457,-220850.180
3458,-211331.387
3459,-211365.621
3460,-183022.228
3461,-154678.422
3462,-139493.905
3463,-1191819.581
3464,-991895.378
3465,-2865368.637
3466,-3110476.652
3467,-3200040.843
3468,-3270381.676
3469,-2894994.860
3470,-3488638.295
3471,-3679801.679
3472,-3589804.244
3473,-3505468.999
3474,-3394973.595
3475,-1590870.414
3476,-1219977.606
3477,-0.000
3478,-201715.662
3479,-299973.366
3480,-310981.763
3481,-255993.708
3482,-240196.783
3483,-220514.962
3484,-188788.906
3485,-176948.073
3486,-160181.075
3487,-204704.014
3488,-343526.851
3489,-2066295.242
3490,-1959525.245
3491,-1909434.813
3492,-1892261.592
3493,-1762294.387
3494,-1983402.730
3495,-2144141.436
3496,-2027453.426
3497,-1996272.123
3498,-1997959.500
3499,-365226.038
3500,-317758.796
3501,-327613.087
3502,-341809.668
3503,-345354.208
3504,-354892.445
3505,-298560.197
3506,-277746.442
3507,-238570.299
3508,-227344.824
3509,-226985.677
3510,-231371.452
3511,-264548.538
3512,-379055.137
3513,-515744.572
3514,-560150.596
3515,-576297.789
3516,-610897.390
3517,-569074.883
3518,-587481.026
3519,-727886.757
3520,-608859.548
3521,-576652.545
3522,-601450.552
3523,-480549.841
3524,-274345.194
3525,-260433.417
3526,-256008.390
3527,-250835.884
3528,-248517.405
3529,-250169.996
3530,-244241.481
3531,-216671.750
3532,-215716.479
3533,-217346.157
3534,-205637.904
3535,-1289091.051
3536,-1090829.459
3537,-2882396.454
3538,-2963665.229
3539,-2985201.681
3540,-2971647.833
3541,-2699203.776
3542,-3376382.861
3543,-3519054.604
3544,-3411717.358
3545,-3368446.156
3546,-3321657.637
3547,-1655376.735
3548,-1208743.683
3549,-0.000
3550,-179528.888
3551,-292239.816
3552,-313024.018
3553,-249588.738
3554,-233887.958
3555,-226071.971
3556,-178741.661
3557,-157084.928
3558,-141587.497
3559,-1538259.128
3560,-978720.872
3561,-2681876.054
3562,-2869297.321
3563,-3067838.210
3564,-3060493.378
3565,-2625617.360
3566,-2966086.107
3567,-2941206.944
3568,-2899916.291
3569,-2867863.449
3570,-2737742.820
3571,-1216348.267
3572,-1013311.699
3573,-0.000
3574,-76092.865
3575,-182457.385
3576,-200098.960
3577,-144045.302
3578,-134452.574
3579,-134710.535
3580,-104792.117
3581,-105353.012
3582,-125166.675
3583,-1442540.724
3584,-892299.175
3585,-2530644.970
3586,-2722748.553
3587,-2779920.309
3588,-2764631.621
3589,-2339716.801
3590,-2647471.693
3591,-2801373.514
3592,-3030711.204
3593,-2934290.615
3594,-2899554.304
3595,-1412604.321
3596,-1107387.864
3597,-0.000
3598,-139199.441
3599,-249892.283
3600,-267933.207
3601,-223332.113
3602,-219462.522
3603,-213418.460
3604,-202208.007
3605,-190304.612
3606,-184877.469
3607,-1252251.443
3608,-1077698.865
3609,-2786897.045
3610,-2824200.153
3611,-2886467.637
3612,-2868078.349
3613,-2554505.899
3614,-2945363.510
3615,-2924445.968
3616,-2915119.418
3617,-2859947.752
3618,-2788582.911
3619,-1363890.564
3620,-1163280.553
3621,-0.000
3622,-141458.877
3623,-237105.814
3624,-244334.534
3625,-172135.741
3626,-159731.897
3627,-161832.374
3628,-161262.808
3629,-157699.042
3630,-164485.655
3631,-1350227.275
3632,-1182796.162
3633,-3162136.410
3634,-3300094.961
3635,-3449185.862
3636,-3502939.259
3637,-3011389.871
3638,-3612547.270
3639,-3790510.676
3640,-3848088.536
3641,-3746139.924
3642,-3555694.489
3643,-1646258.709
3644,-1296900.845
3645,-0.000
3646,-309433.147
3647,-360962.116
3648,-363184.904
3649,-304704.316
3650,-296039.560
3651,-293843.412
3652,-291036.818
3653,-282677.172
3654,-249711.083
3655,-320198.603
3656,-602993.971
3657,-2533385.204
3658,-2276729.567
3659,-2299419.942
3660,-2295649.704
3661,-2134826.638
3662,-2244039.644
3663,-2443592.590
3664,-2527168.563
3665,-2266856.900
3666,-2140252.074
3667,-355424.889
3668,-326533.992
3669,-315766.171
3670,-345162.122
3671,-365326.495
3672,-377303.348
3673,-312579.496
3674,-277212.107
3675,-221855.701
3676,-211146.626
3677,-208604.472
3678,-197897.922
3679,-200704.761
3680,-241848.468
3681,-288505.815
3682,-443815.155
3683,-561430.238
3684,-700734.192
3685,-712922.051
3686,-731166.704
3687,-857460.212
3688,-1317637.286
3689,-1416755.261
3690,-1630274.254
3691,-1028691.861
3692,-306889.397
3693,-287100.718
3694,-289406.189
3695,-292813.259
3696,-297987.910
3697,-304775.424
3698,-299535.387
3699,-283369.669
3700,-265642.452
3701,-250574.051
3702,-240443.693
3703,-1361620.511
3704,-1257558.326
3705,-3201806.147
3706,-3129972.783
3707,-3260255.228
3708,-3479650.409
3709,-3060395.857
3710,-3573915.619
3711,-3722746.061
3712,-3633096.392
3713,-3388284.283
3714,-3298266.316
3715,-1587478.810
3716,-1255466.335
3717,-0.000
3718,-224746.637
3719,-346674.942
3720,-381090.800
3721,-331918.297
3722,-319115.728
3723,-300397.194
3724,-282417.640
3725,-256011.412
3726,-236443.145
3727,-1386575.834
3728,-1227073.656
3729,-3454879.653
3730,-3684323.701
3731,-3766650.713
3732,-3809540.085
3733,-3296295.918
3734,-3913169.141
3735,-3975884.514
3736,-3845626.280
3737,-3782395.489
3738,-3794380.396
3739,-1869765.569
3740,-1403880.374
3741,-47213.902
3742,-382865.831
3743,-433968.276
3744,-454618.144
3745,-391989.556
3746,-387237.921
3747,-386089.902
3748,-383784.904
3749,-382208.706
3750,-377515.185
3751,-1591628.918
3752,-1409071.006
3753,-3667333.228
3754,-3843990.326
3755,-3896232.130
3756,-3897343.767
3757,-3378870.971
3758,-4033968.983
3759,-4180174.058
3760,-4325786.722
3761,-4348662.914
3762,-4466100.673
3763,-2112851.135
3764,-1457690.082
3765,-94115.587
3766,-423780.851
3767,-477315.600
3768,-491399.713
3769,-428068.149
3770,-415506.581
3771,-412574.600
3772,-408752.249
3773,-400309.815
3774,-395946.941
3775,-1587964.651
3776,-1483011.698
3777,-3736579.162
3778,-3790206.156
3779,-3780325.333
3780,-3716172.137
3781,-3190266.144
3782,-3869745.932
3783,-4091534.044
3784,-4279179.731
3785,-4413709.604
3786,-4643377.686
3787,-2364588.322
3788,-1474437.354
3789,-133218.584
3790,-442709.205
3791,-492173.053
3792,-507170.456
3793,-446224.577
3794,-430767.364
3795,-429002.699
3796,-429174.210
3797,-418623.599
3798,-411348.395
3799,-1625807.262
3800,-1511420.787
3801,-3767880.446
3802,-3878234.853
3803,-3894835.560
3804,-3778768.757
3805,-3249509.662
3806,-3941592.630
3807,-4154454.649
3808,-4273790.854
3809,-4386023.762
3810,-4476543.260
3811,-2248611.936
3812,-1477229.382
3813,-40490.343
3814,-458991.520
3815,-502691.071
3816,-519165.381
3817,-469511.502
3818,-462054.982
3819,-453627.221
3820,-447309.558
3821,-441010.341
3822,-439661.401
3823,-488350.856
3824,-766158.672
3825,-2711607.801
3826,-2464213.247
3827,-2439327.197
3828,-2448947.810
3829,-2425025.786
3830,-2578229.261
3831,-2808410.990
3832,-2963262.818
3833,-2925763.782
3834,-2992646.541
3835,-946565.228
3836,-519676.229
3837,-530621.604
3838,-551268.264
3839,-552212.627
3840,-549811.038
3841,-496843.909
3842,-489836.065
3843,-479311.336
3844,-474573.642
3845,-476707.638
3846,-479901.508
3847,-527308.810
3848,-774258.489
3849,-1029557.899
3850,-1145523.412
3851,-986917.807
3852,-947225.267
3853,-1051672.729
3854,-1151233.724
3855,-1204538.512
3856,-1331537.167
3857,-1121405.133
3858,-868211.916
3859,-719961.232
3860,-428014.769
3861,-418557.644
3862,-424483.908
3863,-437287.146
3864,-449980.516
3865,-447921.418
3866,-408603.724
3867,-386152.432
3868,-394593.577
3869,-400039.773
3870,-419398.980
3871,-1550946.941
3872,-1132082.780
3873,-3010517.504
3874,-3119580.638
3875,-3244390.559
3876,-3287342.197
3877,-2962930.174
3878,-3573597.758
3879,-3719215.824
3880,-3765704.684
3881,-3755594.403
3882,-3393012.510
3883,-1531853.879
3884,-1396556.859
3885,-38080.028
3886,-383144.570
3887,-434868.875
3888,-453166.234
3889,-392823.024
3890,-388398.525
3891,-374861.703
3892,-359263.874
3893,-348517.867
3894,-341164.985
3895,-1538571.822
3896,-1379763.977
3897,-3546286.346
3898,-3672318.842
3899,-3692787.102
3900,-3689921.468
3901,-3212532.313
3902,-3918693.071
3903,-4095090.631
3904,-4118419.836
3905,-3905770.771
3906,-3671099.131
3907,-1691912.804
3908,-1349106.077
3909,-0.000
3910,-305946.957
3911,-390485.167
3912,-407453.891
3913,-352580.931
3914,-351081.466
3915,-346218.073
3916,-345053.674
3917,-351944.378
3918,-355491.044
3919,-1581694.280
3920,-1366461.704
3921,-3511891.395
3922,-3521348.487
3923,-3717385.645
3924,-3954389.886
3925,-3512508.878
3926,-4003013.589
3927,-4099853.816
3928,-3790421.654
3929,-3661965.114
3930,-3575328.401
3931,-1647037.950
3932,-1463944.093
3933,-53795.225
3934,-346789.114
3935,-368115.546
3936,-365342.572
3937,-270853.913
3938,-241964.319
3939,-235000.339
3940,-237294.046
3941,-241312.032
3942,-243976.467
3943,-1411557.622
3944,-1241482.869
3945,-3100398.049
3946,-3029910.842
3947,-2902891.064
3948,-2923708.909
3949,-2629735.611
3950,-3235094.625
3951,-3458510.251
3952,-3660851.565
3953,-3766931.949
3954,-3848884.684
3955,-2252600.674
3956,-1213900.442
3957,-82059.039
3958,-351315.529
3959,-384412.494
3960,-387564.106
3961,-318002.315
3962,-276946.787
3963,-252043.223
3964,-265367.621
3965,-264830.962
3966,-255085.797
3967,-1361017.592
3968,-1322917.820
3969,-3153866.199
3970,-3265379.607
3971,-3291951.784
3972,-3275069.416
3973,-2822356.233
3974,-3378310.073
3975,-3618169.917
3976,-3810180.040
3977,-3915107.862
3978,-4122345.280
3979,-2390703.546
3980,-1174708.835
3981,-35947.181
3982,-322332.875
3983,-364195.061
3984,-376812.160
3985,-323475.110
3986,-305679.528
3987,-297245.773
3988,-289455.386
3989,-274054.373
3990,-268142.954
3991,-319033.112
3992,-547444.409
3993,-2295556.013
3994,-2126151.966
3995,-2113081.869
3996,-2060461.493
3997,-2029457.417
3998,-2204291.144
3999,-2388200.377
4000,-2575889.447
4001,-2642513.723
4002,-2667685.797
4003,-963497.272
4004,-402677.359
4005,-388364.320
4006,-406684.025
4007,-408426.012
4008,-407042.134
4009,-359009.405
4010,-351565.846
4011,-348972.522
4012,-354213.449
4013,-347373.141
4014,-324608.320
4015,-369341.536
4016,-620299.630
4017,-867374.086
4018,-1016754.001
4019,-986112.319
4020,-938650.728
4021,-893550.712
4022,-906562.852
4023,-879888.197
4024,-905639.407
4025,-840453.881
4026,-738064.917
4027,-664949.872
4028,-360615.939
4029,-317117.717
4030,-343572.936
4031,-346041.818
4032,-349414.779
4033,-358939.850
4034,-364948.862
4035,-357306.957
4036,-349350.142
4037,-344819.068
4038,-335135.832
4039,-1521124.921
4040,-1346290.354
4041,-3521859.692
4042,-3660125.130
4043,-3595986.573
4044,-3430229.546
4045,-3006710.137
4046,-3714680.629
4047,-3967249.907
4048,-4168438.947
4049,-4329805.292
4050,-4406611.270
4051,-2343681.794
4052,-1451900.381
4053,-93291.583
4054,-422857.988
4055,-472484.899
4056,-488555.055
4057,-429193.267
4058,-416814.034
4059,-404518.376
4060,-396644.636
4061,-391055.560
4062,-388828.479
4063,-1569057.193
4064,-1408035.386
4065,-3680615.166
4066,-3857353.148
4067,-3968025.232
4068,-3917789.583
4069,-3376872.461
4070,-4052014.079
4071,-4206301.134
4072,-4246207.444
4073,-4231028.955
4074,-4204286.033
4075,-2083755.039
4076,-1473696.159
4077,-95913.868
4078,-437550.788
4079,-489764.173
4080,-504983.774
4081,-451390.853
4082,-440238.232
4083,-435963.937
4084,-434574.069
4085,-428006.131
4086,-420298.498
4087,-1644333.938
4088,-1536167.126
4089,-3852225.902
4090,-3964206.954
4091,-4009122.846
4092,-3975028.168
4093,-3401793.961
4094,-4142878.823
4095,-4279637.661
4096,-4432168.605
4097,-4578413.933
4098,-4735360.585
4099,-2489012.801
4100,-1528407.324
4101,-48647.484
4102,-476874.608
4103,-520633.058
4104,-544618.467
4105,-494018.562
4106,-488065.728
4107,-487940.942
4108,-489588.221
4109,-485244.076
4110,-477820.613
4111,-1677613.682
4112,-1572237.474
4113,-3900609.786
4114,-4038169.688
4115,-4021698.553
4116,-4005254.381
4117,-3450298.755
4118,-4184511.302
4119,-4407032.349
4120,-4584143.523
4121,-4748003.476
4122,-4846454.803
4123,-2497135.023
4124,-1563577.733
4125,-67279.273
4126,-511776.120
4127,-554825.291
4128,-570184.632
4129,-514406.103
4130,-501586.230
4131,-499465.677
4132,-502022.953
4133,-493048.586
4134,-487049.667
4135,-1691505.947
4136,-1564020.245
4137,-3943321.311
4138,-3994930.181
4139,-4043793.777
4140,-3981903.036
4141,-3402055.010
4142,-4143806.366
4143,-4373735.684
4144,-4522865.141
4145,-4614097.289
4146,-4637287.422
4147,-2374543.047
4148,-1583030.286
4149,-64677.506
4150,-508169.681
4151,-561827.917
4152,-577131.452
4153,-515030.031
4154,-509733.616
4155,-508416.501
4156,-507571.165
4157,-505230.296
4158,-504010.012
4159,-554278.274
4160,-844763.891
4161,-2826129.914
4162,-2571207.943
4163,-2516135.089
4164,-2448027.395
4165,-2443101.488
4166,-2662596.270
4167,-2801828.851
4168,-2740475.380
4169,-2534773.700
4170,-2299585.588
4171,-460575.448
4172,-517492.241
4173,-529859.783
4174,-539217.531
4175,-550291.073
4176,-557040.632
4177,-490268.928
4178,-484280.456
4179,-486474.905
4180,-487237.235
4181,-486818.502
4182,-486820.257
4183,-500926.595
4184,-692960.355
4185,-991070.903
4186,-1103439.747
4187,-1073842.765
4188,-1086378.099
4189,-1067393.248
4190,-1013950.669
4191,-945571.038
4192,-970191.755
4193,-856048.287
4194,-806373.012
4195,-768733.846
4196,-409866.439
4197,-392863.183
4198,-398833.683
4199,-402402.713
4200,-403465.486
4201,-399297.092
4202,-398212.900
4203,-408258.524
4204,-395353.018
4205,-377307.311
4206,-369134.523
4207,-1515490.213
4208,-1290788.129
4209,-3362312.721
4210,-3421947.558
4211,-3433162.027
4212,-3606399.605
4213,-3090059.456
4214,-3722188.235
4215,-3814202.939
4216,-3866874.962
4217,-3865145.504
4218,-3878558.864
4219,-2033910.070
4220,-1450530.610
4221,-99631.469
4222,-436436.410
4223,-485104.913
4224,-492799.122
4225,-433736.100
4226,-403513.507
4227,-339131.013
4228,-335355.559
4229,-310532.275
4230,-283128.765
4231,-1373641.901
4232,-1122206.654
4233,-3075782.865
4234,-3375468.617
4235,-3482223.944
4236,-3626015.577
4237,-3164730.846
4238,-3630882.583
4239,-3653385.851
4240,-3887804.609
4241,-4023520.389
4242,-4030309.160
4243,-2117687.170
4244,-1451897.241
4245,-68612.486
4246,-413938.788
4247,-482677.725
4248,-502056.638
4249,-434522.680
4250,-416746.207
4251,-402758.727
4252,-402412.133
4253,-407076.449
4254,-408440.830
4255,-1626806.776
4256,-1545328.625
4257,-3945484.999
4258,-4030564.388
4259,-3974348.571
4260,-3980578.142
4261,-3374405.323
4262,-4032918.568
4263,-4234696.065
4264,-4358878.960
4265,-4416289.447
4266,-4395997.371
4267,-2248791.596
4268,-1522603.476
4269,-49838.939
4270,-475378.437
4271,-523805.407
4272,-552797.879
4273,-503461.226
4274,-496179.666
4275,-483495.608
4276,-473557.948
4277,-467151.619
4278,-461198.564
4279,-1664436.789
4280,-1570174.475
4281,-4066999.203
4282,-4190456.187
4283,-4188866.236
4284,-4111228.414
4285,-3560420.342
4286,-4128558.688
4287,-4245877.506
4288,-4403433.774
4289,-4532366.513
4290,-4633956.145
4291,-2326814.998
4292,-1598591.055
4293,-77373.387
4294,-534129.920
4295,-587238.463
4296,-609057.509
4297,-545148.689
4298,-530906.978
4299,-521523.657
4300,-526559.787
4301,-529341.701
4302,-519763.012
4303,-1605366.423
4304,-1327732.487
4305,-3613267.085
4306,-3848283.000
4307,-4015513.830
4308,-3990995.623
4309,-3450434.143
4310,-4096068.988
4311,-3959994.441
4312,-4158824.861
4313,-4460829.843
4314,-4352464.831
4315,-2099596.945
4316,-1581285.243
4317,-71891.180
4318,-520942.277
4319,-558545.823
4320,-570772.711
4321,-503890.137
4322,-468662.278
4323,-456420.679
4324,-454794.147
4325,-424807.699
4326,-397682.999
4327,-448905.714
4328,-729176.063
4329,-2822671.814
4330,-2522665.051
4331,-2546690.312
4332,-2451183.444
4333,-2417788.074
4334,-2564656.640
4335,-2760110.440
4336,-2734375.291
4337,-2696193.220
4338,-2679032.098
4339,-747734.512
4340,-419183.616
4341,-445825.367
4342,-466783.034
4343,-476650.590
4344,-480447.380
4345,-422375.175
4346,-403250.521
4347,-386632.542
4348,-386601.210
4349,-370762.995
4350,-349461.062
4351,-365434.998
4352,-594422.678
4353,-939394.953
4354,-1170957.384
4355,-1142381.577
4356,-1077033.225
4357,-1029558.007
4358,-1187891.364
4359,-1348041.096
4360,-1484877.059
4361,-1753110.393
4362,-1884294.926
4363,-1301068.540
4364,-474343.326
4365,-434145.177
4366,-415318.404
4367,-406129.151
4368,-394896.041
4369,-388857.055
4370,-368929.380
4371,-354060.736
4372,-372923.414
4373,-389424.646
4374,-400861.884
4375,-1589884.569
4376,-1437780.287
4377,-3715445.581
4378,-3818339.944
4379,-3820175.230
4380,-3826335.389
4381,-3296444.131
4382,-3962972.437
4383,-4013699.328
4384,-4063604.898
4385,-3920220.932
4386,-3880034.223
4387,-1871792.308
4388,-1333505.855
4389,-63743.423
4390,-399251.645
4391,-394777.878
4392,-383976.960
4393,-321943.727
4394,-305120.740
4395,-303944.853
4396,-308126.713
4397,-301405.945
4398,-285923.987
4399,-1393002.803
4400,-1185034.480
4401,-3231485.355
4402,-3362215.474
4403,-3465306.575
4404,-3573298.786
4405,-3091875.251
4406,-3667519.875
4407,-3835558.483
4408,-3996367.574
4409,-3899074.956
4410,-3889392.423
4411,-1851958.286
4412,-1365571.075
4413,-38491.790
4414,-365333.575
4415,-430773.095
4416,-469456.029
4417,-415629.266
4418,-404986.482
4419,-391764.438
4420,-377320.775
4421,-340759.994
4422,-327549.345
4423,-1515290.612
4424,-1344533.181
4425,-3629476.476
4426,-3784769.235
4427,-3888205.363
4428,-3935553.782
4429,-3384823.242
4430,-4149730.239
4431,-4277853.515
4432,-4267383.705
4433,-4351337.663
4434,-4271372.077
4435,-2056888.677
4436,-1446826.585
4437,-113604.591
4438,-436683.538
4439,-487169.635
4440,-498058.424
4441,-436508.705
4442,-416079.500
4443,-405407.531
4444,-397374.659
4445,-379987.826
4446,-360191.571
4447,-1524655.291
4448,-1391216.911
4449,-3577055.997
4450,-3751358.980
4451,-3847465.662
4452,-3868887.659
4453,-3358464.039
4454,-4077678.411
4455,-4245399.230
4456,-4342274.645
4457,-4433148.727
4458,-4499577.372
4459,-2386018.887
4460,-1460550.143
4461,-45148.023
4462,-461028.492
4463,-506981.055
4464,-520924.012
4465,-469454.856
4466,-465842.046
4467,-467731.385
4468,-465606.815
4469,-458562.454
4470,-463804.176
4471,-1642998.066
4472,-1509871.850
4473,-3781283.356
4474,-3840319.436
4475,-3894914.925
4476,-3871464.088
4477,-3351945.040
4478,-4099784.198
4479,-4325888.307
4480,-4483358.733
4481,-4589705.065
4482,-4616565.631
4483,-2287795.319
4484,-1560686.935
4485,-75049.086
4486,-511382.338
4487,-546467.406
4488,-558441.822
4489,-506328.525
4490,-502124.483
4491,-499448.573
4492,-497721.580
4493,-498103.479
4494,-497652.633
4495,-521684.923
4496,-735705.968
4497,-2716223.484
4498,-2488799.765
4499,-2466768.295
4500,-2420243.196
4501,-2399983.270
4502,-2463737.574
4503,-2618612.951
4504,-2775830.947
4505,-2853825.368
4506,-2871361.144
4507,-905883.048
4508,-526569.867
4509,-534492.603
4510,-552479.022
4511,-567310.735
4512,-570426.978
4513,-511323.235
4514,-505433.398
4515,-503027.418
4516,-508113.875
4517,-510250.023
4518,-505505.603
4519,-528841.483
4520,-713504.565
4521,-1036824.675
4522,-1223299.653
4523,-1224703.021
4524,-1116891.745
4525,-973994.457
4526,-1163901.095
4527,-1360130.291
4528,-1547092.450
4529,-1748404.748
4530,-1903614.634
4531,-1402712.109
4532,-480675.222
4533,-457813.792
4534,-481701.162
4535,-497768.907
4536,-510571.998
4537,-521718.956
4538,-516400.694
4539,-508363.219
4540,-508376.453
4541,-504881.690
4542,-499684.387
4543,-1652481.323
4544,-1485326.388
4545,-3844624.938
4546,-3971886.427
4547,-4045358.747
4548,-3987207.052
4549,-3382359.938
4550,-4096554.569
4551,-4212030.499
4552,-4307011.641
4553,-4323576.578
4554,-4309591.759
4555,-2214961.205
4556,-1564035.999
4557,-61029.607
4558,-501150.443
4559,-558709.710
4560,-583381.693
4561,-513806.888
4562,-495479.981
4563,-484676.717
4564,-486541.744
4565,-489949.259
4566,-477004.695
4567,-1544896.865
4568,-1205494.715
4569,-3175658.284
4570,-3268609.029
4571,-3414707.875
4572,-3612866.563
4573,-3075041.204
4574,-3555127.005
4575,-3618986.823
4576,-3577029.105
4577,-3442229.447
4578,-3415839.145
4579,-1594337.050
4580,-1382187.379
4581,-41424.794
4582,-380020.907
4583,-423738.318
4584,-430183.437
4585,-358916.429
4586,-325021.482
4587,-347795.933
4588,-353412.056
4589,-316070.648
4590,-271873.379
4591,-1418142.247
4592,-1240972.681
4593,-3325849.587
4594,-3584520.038
4595,-3849015.370
4596,-3856935.905
4597,-3284079.834
4598,-3755918.171
4599,-3839204.617
4600,-3937171.867
4601,-3799250.416
4602,-3688978.414
4603,-1828521.985
4604,-1345268.663
4605,-37609.024
4606,-384403.171
4607,-445350.634
4608,-455642.852
4609,-401728.358
4610,-403314.950
4611,-401677.029
4612,-402926.151
4613,-410398.324
4614,-415784.241
4615,-1596503.543
4616,-1361814.153
4617,-3669516.262
4618,-3868954.146
4619,-3906250.835
4620,-3939599.353
4621,-3351179.573
4622,-4063596.860
4623,-4273494.853
4624,-4417661.996
4625,-4535742.350
4626,-4630863.180
4627,-2303233.929
4628,-1548992.476
4629,-54347.746
4630,-489174.369
4631,-533550.332
4632,-547608.143
4633,-486147.160
4634,-477839.257
4635,-478564.610
4636,-482759.820
4637,-483139.353
4638,-475750.442
4639,-1645078.403
4640,-1513942.436
4641,-3771127.982
4642,-3875861.006
4643,-3894602.584
4644,-3828134.482
4645,-3262601.170
4646,-3963836.241
4647,-4196122.251
4648,-4335865.668
4649,-4534821.044
4650,-4694131.372
4651,-2492246.804
4652,-1562370.604
4653,-63508.102
4654,-502078.975
4655,-545231.397
4656,-563023.085
4657,-508106.977
4658,-503715.473
4659,-507174.008
4660,-506166.422
4661,-499244.523
4662,-491003.377
4663,-531289.898
4664,-810407.386
4665,-2870692.205
4666,-2564156.563
4667,-2553059.708
4668,-2470753.919
4669,-2379262.755
4670,-2431787.640
4671,-2678139.224
4672,-2852461.343
4673,-2921886.482
4674,-2960599.816
4675,-998965.361
4676,-522827.784
4677,-526806.150
4678,-542330.237
4679,-547269.427
4680,-549514.867
4681,-483108.293
4682,-471316.205
4683,-471994.636
4684,-475669.043
4685,-470207.209
4686,-459371.351
4687,-522590.164
4688,-834050.210
4689,-1151912.353
4690,-1238657.142
4691,-1188826.468
4692,-1098493.471
4693,-1036679.001
4694,-1176185.053
4695,-1443050.249
4696,-1661775.818
4697,-1837452.057
4698,-1914620.377
4699,-1455442.540
4700,-481269.309
4701,-443319.903
4702,-464555.646
4703,-474208.436
4704,-476302.021
4705,-474646.941
4706,-461486.770
4707,-449015.648
4708,-439767.296
4709,-424906.511
4710,-407425.382
4711,-1612054.906
4712,-1505838.520
4713,-3822667.020
4714,-3926949.016
4715,-3926622.693
4716,-3882774.862
4717,-3314932.650
4718,-4002284.914
4719,-4166634.312
4720,-4343495.760
4721,-4515279.331
4722,-4620728.842
4723,-2605337.591
4724,-1490970.194
4725,-61370.759
4726,-473420.232
4727,-502869.432
4728,-505421.695
4729,-445737.927
4730,-436063.470
4731,-431318.366
4732,-425552.570
4733,-410064.187
4734,-402420.642
4735,-1601795.422
4736,-1493871.494
4737,-3763639.016
4738,-3853157.866
4739,-3928603.019
4740,-3940588.982
4741,-3417080.159
4742,-4198578.556
4743,-4465898.205
4744,-4604098.118
4745,-4753918.336
4746,-4811157.337
4747,-2445180.156
4748,-1687429.070
4749,-132796.530
4750,-582641.151
4751,-622003.558
4752,-623310.803
4753,-558575.917
4754,-546054.596
4755,-543015.726
4756,-543559.299
4757,-532128.920
4758,-514449.562
4759,-1717275.742
4760,-1581580.112
4761,-4060417.964
4762,-4219006.381
4763,-4277365.501
4764,-4316515.051
4765,-3702231.965
4766,-4494537.289
4767,-4677798.931
4768,-4755248.718
4769,-4800966.331
4770,-4653212.413
4771,-2511641.280
4772,-1616460.856
4773,-79439.364
4774,-509335.627
4775,-534807.284
4776,-544015.957
4777,-484104.032
4778,-463382.197
4779,-447899.636
4780,-444744.637
4781,-435208.000
4782,-414123.876
4783,-1675404.841
4784,-1629696.944
4785,-4176337.882
4786,-4298548.686
4787,-4184708.156
4788,-4248522.743
4789,-3733945.158
4790,-4342853.341
4791,-4282436.505
4792,-4126809.429
4793,-3821268.486
4794,-3663086.014
4795,-1691210.952
4796,-1543289.845
4797,-117443.539
4798,-460340.892
4799,-514898.209
4800,-529009.647
4801,-470902.452
4802,-469514.934
4803,-471029.266
4804,-467805.004
4805,-473151.332
4806,-476615.193
4807,-1696988.935
4808,-1422574.864
4809,-3815490.375
4810,-3960894.753
4811,-4120266.766
4812,-4144078.929
4813,-3526388.815
4814,-4076543.395
4815,-4084232.765
4816,-4132115.005
4817,-3987343.406
4818,-3916532.910
4819,-1936649.293
4820,-1444494.066
4821,-78938.276
4822,-416454.100
4823,-467338.418
4824,-479817.501
4825,-416298.247
4826,-409492.421
4827,-410323.357
4828,-415927.974
4829,-421330.762
4830,-417233.811
4831,-446211.740
4832,-631553.434
4833,-2429385.692
4834,-2283961.233
4835,-2424571.463
4836,-2413996.198
4837,-2395070.018
4838,-2481954.057
4839,-2644549.602
4840,-2769585.602
4841,-2781930.893
4842,-2647441.605
4843,-685510.138
4844,-447883.931
4845,-459290.168
4846,-470312.577
4847,-475591.084
4848,-482622.287
4849,-426268.645
4850,-415794.397
4851,-406074.594
4852,-384756.380
4853,-370863.358
4854,-375656.356
4855,-365515.538
4856,-525395.221
4857,-841434.288
4858,-1061559.510
4859,-897308.791
4860,-903693.536
4861,-897946.276
4862,-1067483.420
4863,-1209371.962
4864,-1320589.895
4865,-1256952.752
4866,-981890.124
4867,-653321.437
4868,-322052.261
4869,-330035.540
4870,-337375.426
4871,-338660.407
4872,-344294.533
4873,-351522.160
4874,-346353.170
4875,-295307.963
4876,-294204.938
4877,-300520.910
4878,-295955.270
4879,-1397739.116
4880,-1224247.124
4881,-3302380.518
4882,-3567645.252
4883,-3671230.976
4884,-3749509.309
4885,-3160406.938
4886,-3635654.633
4887,-3819756.269
4888,-3982979.603
4889,-4100999.764
4890,-4180316.992
4891,-2144439.710
4892,-1391802.460
4893,-86434.381
4894,-416943.562
4895,-466646.320
4896,-482375.490
4897,-425070.522
4898,-408575.668
4899,-401884.678
4900,-397419.233
4901,-351240.021
4902,-289733.296
4903,-1353883.532
4904,-1236131.271
4905,-3309130.850
4906,-3558168.692
4907,-3707928.336
4908,-3711490.758
4909,-3155877.519
4910,-3614561.678
4911,-3769416.246
4912,-4001728.110
4913,-4035280.193
4914,-3973202.157
4915,-2041738.010
4916,-1484917.465
4917,-30670.325
4918,-445562.910
4919,-490726.724
4920,-505374.352
4921,-434678.777
4922,-403612.157
4923,-392663.860
4924,-382921.745
4925,-373847.812
4926,-371554.546
4927,-1525665.246
4928,-1393487.644
4929,-3675849.921
4930,-3832979.918
4931,-3955399.421
4932,-3966359.892
4933,-3406045.830
4934,-4011342.082
4935,-4071841.755
4936,-4196823.293
4937,-4352226.121
4938,-4496568.769
4939,-2440251.972
4940,-1503378.638
4941,-60234.659
4942,-481627.362
4943,-519120.561
4944,-529488.442
4945,-472488.618
4946,-461128.028
4947,-457414.844
4948,-451267.357
4949,-431193.934
4950,-419507.626
4951,-1578602.134
4952,-1441286.648
4953,-3686449.279
4954,-3816562.986
4955,-3852528.951
4956,-3838949.547
4957,-3283717.214
4958,-3942156.665
4959,-4114491.711
4960,-4282354.117
4961,-4416732.057
4962,-4514383.662
4963,-2377512.789
4964,-1522403.895
4965,-80245.687
4966,-509762.328
4967,-545196.327
4968,-563430.371
4969,-508164.589
4970,-499105.433
4971,-492836.147
4972,-490109.429
4973,-484350.661
4974,-477383.463
4975,-1641096.497
4976,-1450807.515
4977,-3743161.905
4978,-3922621.829
4979,-3954264.619
4980,-3972281.521
4981,-3409464.015
4982,-4074356.123
4983,-4241009.287
4984,-4378532.877
4985,-4356993.296
4986,-4381735.621
4987,-2239351.891
4988,-1533626.504
4989,-79647.712
4990,-508406.294
4991,-542971.770
4992,-552617.702
4993,-496636.540
4994,-481382.265
4995,-472048.475
4996,-475584.497
4997,-471946.637
4998,-442438.832
4999,-392197.189
5000,-503515.906
5001,-2462096.999
5002,-2270987.180
5003,-2183067.967
5004,-2087483.802
5005,-2103598.439
5006,-2309965.824
5007,-2486994.991
5008,-2526675.449
5009,-2594185.589
5010,-2702906.537
5011,-917017.905
5012,-429725.080
5013,-423622.172
5014,-442400.963
5015,-449000.849
5016,-444794.376
5017,-374702.569
5018,-342494.743
5019,-318396.724
5020,-317851.849
5021,-298335.553
5022,-285632.924
5023,-334951.566
5024,-544472.297
5025,-844138.550
5026,-1032534.557
5027,-1040733.271
5028,-1012855.476
5029,-970706.533
5030,-1037615.193
5031,-1023756.706
5032,-1104951.578
5033,-1371151.548
5034,-1219350.399
5035,-863932.591
5036,-324151.397
5037,-307189.380
5038,-320407.062
5039,-340998.681
5040,-358349.245
5041,-365286.313
5042,-352277.928
5043,-342370.959
5044,-342688.880
5045,-337008.666
5046,-328125.362
5047,-1459049.268
5048,-1210005.895
5049,-3289460.251
5050,-3516704.697
5051,-3595552.801
5052,-3547337.480
5053,-2940488.718
5054,-3489756.291
5055,-3711814.649
5056,-3883180.219
5057,-3972123.578
5058,-4065348.240
5059,-2062822.917
5060,-1319437.021
5061,-8866.745
5062,-306439.937
5063,-344951.062
5064,-393006.442
5065,-353162.086
5066,-352237.588
5067,-340624.207
5068,-319372.163
5069,-311431.475
5070,-298937.537
5071,-1325068.284
5072,-1064758.584
5073,-2738912.134
5074,-2750530.957
5075,-2855610.606
5076,-3110198.931
5077,-2759974.215
5078,-3230104.605
5079,-3342704.890
5080,-3157562.004
5081,-2968659.283
5082,-2858507.498
5083,-1295700.376
5084,-1218599.329
5085,-0.000
5086,-159988.522
5087,-292028.113
5088,-333052.317
5089,-274646.772
5090,-247795.971
5091,-227238.185
5092,-227544.546
5093,-239663.449
5094,-237992.864
5095,-1357542.163
5096,-1074938.252
5097,-2868415.293
5098,-2902335.537
5099,-2961990.740
5100,-3091668.944
5101,-2737283.318
5102,-3262284.578
5103,-3253294.461
5104,-3171919.399
5105,-3170726.973
5106,-3125526.958
5107,-1411437.609
5108,-1231006.339
5109,-0.000
5110,-178861.337
5111,-295470.822
5112,-316497.191
5113,-267467.199
5114,-251967.151
5115,-245032.322
5116,-231696.114
5117,-229519.941
5118,-236629.184
5119,-1350586.023
5120,-1086563.743
5121,-3065643.821
5122,-3235436.020
5123,-3350565.829
5124,-3380561.091
5125,-2962690.885
5126,-3534794.634
5127,-3620709.267
5128,-3524938.167
5129,-3420740.242
5130,-3364109.256
5131,-1659426.835
5132,-1326936.660
5133,-53138.205
5134,-357993.752
5135,-388943.231
5136,-394193.520
5137,-327080.324
5138,-314411.363
5139,-312916.796
5140,-306741.705
5141,-285461.006
5142,-271843.832
5143,-1335318.431
5144,-1115597.413
5145,-3041229.363
5146,-3302757.172
5147,-3421183.411
5148,-3433063.475
5149,-3016723.335
5150,-3599387.051
5151,-3640126.518
5152,-3188427.483
5153,-3045295.304
5154,-2979060.326
5155,-1379326.073
5156,-1238123.898
5157,-0.000
5158,-256998.242
5159,-339494.004
5160,-348459.798
5161,-252316.406
5162,-235545.826
5163,-227530.781
5164,-245335.170
5165,-253221.079
5166,-248663.299
5167,-301697.604
5168,-488853.856
5169,-2423006.384
5170,-2072564.760
5171,-2114757.615
5172,-2206039.053
5173,-2220725.569
5174,-2304149.638
5175,-2377125.346
5176,-2420988.379
5177,-2451214.326
5178,-2408240.795
5179,-680357.896
5180,-408621.672
5181,-407922.087
5182,-420102.135
5183,-420272.876
5184,-416870.595
5185,-355444.042
5186,-350476.524
5187,-346916.521
5188,-341320.669
5189,-328375.442
5190,-320980.711
5191,-363163.506
5192,-615170.079
5193,-964334.771
5194,-1072025.075
5195,-1096752.661
5196,-1066243.104
5197,-1053123.413
5198,-1196370.906
5199,-1413918.840
5200,-1589663.403
5201,-1731821.633
5202,-1818163.227
5203,-1352115.352
5204,-414802.457
5205,-393906.700
5206,-419134.954
5207,-439210.311
5208,-450640.667
5209,-453317.502
5210,-442580.546
5211,-436136.732
5212,-436611.721
5213,-429040.526
5214,-415416.992
5215,-1554910.615
5216,-1390173.471
5217,-3605841.038
5218,-3732542.530
5219,-3726490.471
5220,-3712709.251
5221,-3177027.533
5222,-3830252.548
5223,-4022111.362
5224,-4184389.176
5225,-4345049.739
5226,-4187461.792
5227,-2088817.354
5228,-1418694.253
5229,-116085.022
5230,-414098.774
5231,-450175.935
5232,-447426.310
5233,-382666.584
5234,-369308.051
5235,-359693.654
5236,-357672.802
5237,-351502.507
5238,-336027.537
5239,-1501963.843
5240,-1352269.048
5241,-3505627.664
5242,-3602698.254
5243,-3578354.070
5244,-3488394.814
5245,-2999494.694
5246,-3584971.157
5247,-3748723.363
5248,-3927759.136
5249,-4113844.677
5250,-4280532.064
5251,-2349317.356
5252,-1357555.071
5253,-30427.506
5254,-408842.967
5255,-442473.238
5256,-454690.056
5257,-406392.620
5258,-377777.123
5259,-366626.204
5260,-366494.385
5261,-349153.026
5262,-340217.022
5263,-1427668.950
5264,-1311806.108
5265,-3448174.509
5266,-3585813.533
5267,-3689970.731
5268,-3782948.675
5269,-3352686.573
5270,-4166684.769
5271,-4444902.611
5272,-4628537.087
5273,-4739299.519
5274,-4897942.509
5275,-2578188.961
5276,-1672774.161
5277,-129528.815
5278,-565221.069
5279,-586590.078
5280,-591951.853
5281,-538847.728
5282,-526615.022
5283,-515327.433
5284,-509286.711
5285,-501485.378
5286,-498755.466
5287,-1686421.312
5288,-1501746.798
5289,-3882564.605
5290,-4070913.800
5291,-4243547.941
5292,-4280706.228
5293,-3703281.125
5294,-4490814.381
5295,-4630966.104
5296,-4744529.363
5297,-4792408.192
5298,-4919658.520
5299,-2426208.210
5300,-1777820.244
5301,-176065.329
5302,-625188.162
5303,-671630.830
5304,-679101.034
5305,-619868.470
5306,-606127.682
5307,-596460.854
5308,-584512.928
5309,-553707.018
5310,-519028.817
5311,-1707338.161
5312,-1533810.293
5313,-4017174.106
5314,-4228447.270
5315,-4339891.703
5316,-4375227.125
5317,-3755134.441
5318,-4508830.854
5319,-4617916.142
5320,-4624941.308
5321,-4772782.866
5322,-4785037.970
5323,-2284604.537
5324,-1619275.251
5325,-83755.517
5326,-541099.908
5327,-586033.531
5328,-606854.484
5329,-554510.277
5330,-552162.843
5331,-546450.790
5332,-540586.196
5333,-540121.827
5334,-537664.259
5335,-529955.950
5336,-689288.045
5337,-2783996.196
5338,-2588184.150
5339,-2593802.051
5340,-2589545.519
5341,-2624296.009
5342,-2786523.232
5343,-2921717.337
5344,-3017424.799
5345,-3072434.561
5346,-3188366.114
5347,-915455.602
5348,-568214.195
5349,-589286.021
5350,-613221.823
5351,-610552.132
5352,-599237.318
5353,-533790.906
5354,-521208.321
5355,-488150.882
5356,-453385.631
5357,-468415.485
5358,-463856.304
5359,-447420.968
5360,-530992.193
5361,-744044.617
5362,-884879.422
5363,-900530.982
5364,-1103962.500
5365,-1230347.702
5366,-1395067.059
5367,-1550117.378
5368,-1630697.410
5369,-1646910.577
5370,-1551082.982
5371,-955134.390
5372,-451435.918
5373,-462116.265
5374,-482952.135
5375,-493767.582
5376,-501280.339
5377,-492401.565
5378,-467750.612
5379,-457341.751
5380,-462126.571
5381,-451305.022
5382,-444895.525
5383,-1562034.120
5384,-1300106.700
5385,-3508059.446
5386,-3717368.853
5387,-3869276.188
5388,-3946115.022
5389,-3478452.968
5390,-4258712.378
5391,-4404350.959
5392,-4467564.324
5393,-4439649.638
5394,-4282434.918
5395,-1963147.108
5396,-1556667.678
5397,-59184.049
5398,-514521.390
5399,-553694.349
5400,-562732.811
5401,-504470.346
5402,-488547.293
5403,-482366.795
5404,-478989.061
5405,-459077.996
5406,-390560.561
5407,-1497527.703
5408,-1277002.426
5409,-3514962.559
5410,-3902392.291
5411,-4118665.109
5412,-4159100.694
5413,-3530873.418
5414,-4364569.415
5415,-4606653.274
5416,-4683438.963
5417,-4567958.244
5418,-4569059.008
5419,-2191042.923
5420,-1575680.816
5421,-75740.350
5422,-527981.053
5423,-570713.213
5424,-581469.162
5425,-523749.978
5426,-479636.219
5427,-454872.042
5428,-457305.780
5429,-451524.452
5430,-435746.594
5431,-1621758.442
5432,-1411982.620
5433,-3734229.468
5434,-3978611.780
5435,-4099150.504
5436,-4130601.128
5437,-3597548.451
5438,-4360406.993
5439,-4304089.955
5440,-4414345.011
5441,-4485130.251
5442,-4433977.290
5443,-1969227.615
5444,-1441437.966
5445,-103376.028
5446,-440184.137
5447,-507132.275
5448,-525934.407
5449,-453270.644
5450,-443639.065
5451,-440736.579
5452,-431242.771
5453,-416745.238
5454,-393752.207
5455,-1545876.465
5456,-1298262.922
5457,-3296321.951
5458,-3312981.476
5459,-3417102.946
5460,-3570527.893
5461,-3224451.991
5462,-4150804.027
5463,-4356836.069
5464,-4234635.463
5465,-4064091.090
5466,-3951425.384
5467,-1850223.710
5468,-1452024.102
5469,-81287.068
5470,-419769.202
5471,-470389.493
5472,-481268.624
5473,-416569.877
5474,-415095.717
5475,-408643.265
5476,-382865.764
5477,-370049.056
5478,-353635.958
5479,-1493107.215
5480,-1169512.586
5481,-3071754.035
5482,-3116426.204
5483,-3191603.666
5484,-3332468.168
5485,-2798245.282
5486,-3395554.753
5487,-3607227.613
5488,-3792236.368
5489,-3519267.825
5490,-3381722.168
5491,-1597311.167
5492,-1359392.841
5493,-40801.406
5494,-369883.743
5495,-418633.273
5496,-411064.556
5497,-364198.400
5498,-374317.005
5499,-380998.668
5500,-379621.706
5501,-365441.687
5502,-362750.837
5503,-361842.085
5504,-422171.520
5505,-2202137.953
5506,-2029880.332
5507,-2134548.241
5508,-2082417.840
5509,-1976513.682
5510,-1956360.170
5511,-1929521.842
5512,-1906674.699
5513,-1795868.427
5514,-1740752.065
5515,-129443.238
5516,-326274.991
5517,-409729.998
5518,-441341.900
5519,-447347.142
5520,-450640.243
5521,-392005.355
5522,-339794.429
5523,-307743.908
5524,-312063.422
5525,-305041.502
5526,-293033.121
5527,-331108.012
5528,-454021.938
5529,-707852.981
5530,-993114.237
5531,-918134.297
5532,-935567.284
5533,-1044365.280
5534,-1135934.739
5535,-949966.659
5536,-1080546.860
5537,-1102285.232
5538,-1173068.624
5539,-808537.553
5540,-362276.763
5541,-361291.212
5542,-369765.630
5543,-367745.730
5544,-369581.313
5545,-369521.102
5546,-358320.782
5547,-349031.884
5548,-342620.596
5549,-334204.104
5550,-318080.298
5551,-1392575.804
5552,-1175212.359
5553,-3275042.731
5554,-3563252.326
5555,-3662511.812
5556,-3699125.100
5557,-3278201.214
5558,-3880425.891
5559,-3926081.007
5560,-3952072.611
5561,-3913436.572
5562,-3775724.737
5563,-1754797.964
5564,-1317726.394
5565,-75771.765
5566,-393073.022
5567,-423397.962
5568,-430671.553
5569,-383691.311
5570,-376576.161
5571,-375016.312
5572,-368084.115
5573,-347906.136
5574,-333330.800
5575,-1443476.796
5576,-1261577.398
5577,-3417960.987
5578,-3570821.331
5579,-3623710.190
5580,-3595200.475
5581,-3134266.224
5582,-3721761.530
5583,-3928404.472
5584,-4069609.764
5585,-4086041.827
5586,-4153371.891
5587,-2068274.184
5588,-1331108.457
5589,-110200.002
5590,-406085.599
5591,-446981.440
5592,-450065.919
5593,-385845.794
5594,-368993.403
5595,-352639.088
5596,-344127.176
5597,-334967.620
5598,-324241.775
5599,-1414560.531
5600,-1307164.312
5601,-3537513.682
5602,-3686235.548
5603,-3742167.460
5604,-3726674.696
5605,-3276842.818
5606,-3952612.237
5607,-4139354.487
5608,-4253238.114
5609,-4313489.562
5610,-4264657.755
5611,-2122668.731
5612,-1392040.080
5613,-133398.434
5614,-432699.852
5615,-474068.150
5616,-473002.017
5617,-417544.124
5618,-406074.412
5619,-393997.105
5620,-388377.684
5621,-377844.055
5622,-372665.872
5623,-1440868.460
5624,-1160103.466
5625,-3152546.214
5626,-3379458.424
5627,-3519402.679
5628,-3706043.971
5629,-3268063.768
5630,-3854831.044
5631,-3776454.883
5632,-3884957.401
5633,-3978936.621
5634,-3960666.479
5635,-2047256.972
5636,-1380276.521
5637,-83340.187
5638,-398419.963
5639,-440127.505
5640,-442899.466
5641,-381219.222
5642,-367360.351
5643,-360882.463
5644,-357536.512
5645,-347807.498
5646,-343189.062
5647,-1514008.420
5648,-1349643.143
5649,-3643419.259
5650,-3829705.868
5651,-4021972.867
5652,-4105195.755
5653,-3573524.223
5654,-4332289.809
5655,-4545977.140
5656,-4706752.071
5657,-4764740.024
5658,-4835507.391
5659,-2370952.938
5660,-1746347.568
5661,-198341.433
5662,-635369.469
5663,-676107.530
5664,-683345.430
5665,-570013.277
5666,-501394.500
5667,-494318.280
5668,-496459.601
5669,-480779.895
5670,-464269.900
5671,-432522.276
5672,-458464.406
5673,-2202598.282
5674,-2033487.659
5675,-1974544.100
5676,-2006950.169
5677,-2035753.943
5678,-2028476.396
5679,-1981883.146
5680,-1965665.254
5681,-1937320.852
5682,-1944713.728
5683,-174471.348
5684,-382700.614
5685,-461158.467
5686,-490758.855
5687,-509827.302
5688,-512554.133
5689,-407681.801
5690,-331855.616
5691,-284952.244
5692,-256252.313
5693,-249136.308
5694,-267189.081
5695,-312777.325
5696,-370131.602
5697,-560852.447
5698,-837531.772
5699,-1123746.552
5700,-1146425.612
5701,-1072863.302
5702,-1204681.329
5703,-1141821.232
5704,-1138599.785
5705,-1134207.769
5706,-1304290.991
5707,-934286.492
5708,-365815.322
5709,-353490.700
5710,-361310.928
5711,-370092.284
5712,-372627.746
5713,-376318.491
5714,-380089.265
5715,-375754.896
5716,-373563.999
5717,-376476.263
5718,-374615.553
5719,-1532446.054
5720,-1292326.078
5721,-3530293.453
5722,-3735864.902
5723,-3883864.562
5724,-3983383.381
5725,-3452619.979
5726,-4086569.156
5727,-4149484.055
5728,-4238000.847
5729,-4293350.988
5730,-4277065.521
5731,-2176173.564
5732,-1456307.702
5733,-27759.422
5734,-437200.713
5735,-478565.420
5736,-490953.210
5737,-426923.173
5738,-401585.138
5739,-380519.039
5740,-371974.271
5741,-365220.443
5742,-353275.343
5743,-1544824.764
5744,-1365666.147
5745,-3616585.195
5746,-3774199.429
5747,-3908030.762
5748,-3959213.540
5749,-3445485.695
5750,-4143124.258
5751,-4311272.574
5752,-4438718.129
5753,-4512561.542
5754,-4448981.999
5755,-2238370.597
5756,-1585763.325
5757,-88939.770
5758,-524970.610
5759,-547481.443
5760,-547532.474
5761,-489602.822
5762,-465575.564
5763,-436825.028
5764,-440173.614
5765,-442629.683
5766,-442126.218
5767,-1564384.073
5768,-1347380.593
5769,-3389718.844
5770,-3452633.226
5771,-3655697.905
5772,-3867077.354
5773,-3445016.796
5774,-4138395.093
5775,-4234725.263
5776,-3777159.321
5777,-3638004.080
5778,-3534759.564
5779,-1548012.064
5780,-1308317.730
5781,-50651.088
5782,-374923.466
5783,-417790.666
5784,-417634.887
5785,-317829.057
5786,-286233.154
5787,-282296.475
5788,-303921.664
5789,-293810.541
5790,-270316.812
5791,-1331892.410
5792,-1083642.310
5793,-2930113.909
5794,-3201981.232
5795,-3506864.696
5796,-3638314.681
5797,-3167566.944
5798,-3754328.418
5799,-3588359.805
5800,-3750092.226
5801,-3686705.708
5802,-3494373.060
5803,-1495977.901
5804,-1304477.081
5805,-0.000
5806,-265198.564
5807,-327665.720
5808,-337798.413
5809,-272449.199
5810,-254283.250
5811,-233940.935
5812,-247444.580
5813,-258546.110
5814,-256391.256
5815,-1306250.319
5816,-994135.020
5817,-2808198.562
5818,-3096035.078
5819,-3409918.988
5820,-3571792.927
5821,-3065541.540
5822,-3628074.822
5823,-3734729.391
5824,-3461231.495
5825,-3332526.822
5826,-3185846.237
5827,-1454721.059
5828,-1282459.117
5829,-0.000
5830,-194081.119
5831,-291852.090
5832,-314787.593
5833,-265918.354
5834,-261242.544
5835,-265737.737
5836,-244455.746
5837,-212538.357
5838,-210934.335
5839,-224761.536
5840,-311610.829
5841,-2133312.700
5842,-2049974.623
5843,-2173348.874
5844,-2149756.934
5845,-2160912.111
5846,-2176602.787
5847,-2212443.550
5848,-2174369.953
5849,-2090600.846
5850,-2015562.065
5851,-217590.574
5852,-240095.105
5853,-249259.015
5854,-263216.365
5855,-310447.253
5856,-329311.936
5857,-237998.217
5858,-225400.944
5859,-223760.865
5860,-221244.421
5861,-208636.074
5862,-199189.921
5863,-219449.709
5864,-290962.494
5865,-458225.762
5866,-827170.802
5867,-1104530.315
5868,-925216.283
5869,-851871.065
5870,-817420.432
5871,-934206.250
5872,-983302.971
5873,-903561.285
5874,-775873.248
5875,-478605.261
5876,-280421.191
5877,-232571.148
5878,-225718.452
5879,-246037.255
5880,-275720.163
5881,-287568.699
5882,-270466.276
5883,-251900.538
5884,-252879.064
5885,-240625.436
5886,-235963.705
5887,-1326201.958
5888,-1122861.863
5889,-3137636.938
5890,-3266364.935
5891,-3405765.475
5892,-3505518.316
5893,-2847861.748
5894,-3578008.547
5895,-3774575.173
5896,-3871911.132
5897,-3768084.228
5898,-3509111.239
5899,-1468251.594
5900,-1256035.372
5901,-0.000
5902,-228368.627
5903,-305199.702
5904,-322752.732
5905,-303674.889
5906,-257736.647
5907,-255061.408
5908,-219624.930
5909,-195687.110
5910,-193201.810
5911,-1271683.876
5912,-1037704.219
5913,-2961622.318
5914,-3222698.630
5915,-3328943.497
5916,-3352942.498
5917,-2867875.281
5918,-3265160.712
5919,-3380947.449
5920,-3323363.667
5921,-3347972.732
5922,-3271628.573
5923,-1379552.447
5924,-1182131.934
5925,-0.000
5926,-190522.271
5927,-299338.941
5928,-315432.864
5929,-266401.568
5930,-255225.216
5931,-206057.303
5932,-191388.800
5933,-189400.561
5934,-197502.042
5935,-1346178.775
5936,-1095201.444
5937,-2985170.623
5938,-3148752.865
5939,-3471687.449
5940,-3540584.143
5941,-3092909.616
5942,-3661030.274
5943,-3769695.556
5944,-3766352.478
5945,-3696885.562
5946,-3419434.229
5947,-1459816.148
5948,-1252530.210
5949,-0.000
5950,-296144.931
5951,-357475.029
5952,-373869.732
5953,-312204.672
5954,-289855.032
5955,-275542.911
5956,-267226.907
5957,-263914.819
5958,-265986.838
5959,-1349191.042
5960,-1166385.651
5961,-3250466.450
5962,-3503035.888
5963,-3726763.624
5964,-3785926.716
5965,-3351481.093
5966,-4049025.178
5967,-4198385.483
5968,-4244059.847
5969,-4117243.127
5970,-3867796.144
5971,-1717405.481
5972,-1389375.823
5973,-92003.031
5974,-413021.920
5975,-453651.108
5976,-459161.817
5977,-392761.762
5978,-371349.701
5979,-359301.731
5980,-350090.863
5981,-340376.427
5982,-343109.511
5983,-1456206.454
5984,-1203438.118
5985,-3332505.286
5986,-3640344.269
5987,-3867801.599
5988,-3992609.787
5989,-3569258.405
5990,-4289352.442
5991,-4456195.668
5992,-4539090.607
5993,-4580952.943
5994,-4291680.474
5995,-1756455.188
5996,-1527760.995
5997,-42421.316
5998,-472681.386
5999,-505093.678
6000,-510497.307
6001,-450127.963
6002,-437812.410
6003,-425746.020
6004,-415454.068
6005,-402271.494
6006,-392715.489
6007,-433387.484
6008,-591234.993
6009,-2721894.268
6010,-2623517.264
6011,-2736418.373
6012,-2731003.793
6013,-2754164.712
6014,-2950135.494
6015,-3055091.665
6016,-3033747.287
6017,-2955140.047
6018,-2834129.784
6019,-507997.185
6020,-503187.997
6021,-526603.016
6022,-539368.148
6023,-534138.965
6024,-524532.260
6025,-454145.661
6026,-427630.826
6027,-421128.163
6028,-415955.000
6029,-397101.152
6030,-385883.722
6031,-417753.652
6032,-574569.082
6033,-938163.291
6034,-1204801.387
6035,-1333204.987
6036,-1319694.498
6037,-1414775.511
6038,-1580753.025
6039,-1735466.588
6040,-1674370.045
6041,-1622561.409
6042,-1448503.420
6043,-736649.870
6044,-415405.691
6045,-434577.296
6046,-455988.369
6047,-457814.026
6048,-458376.105
6049,-455055.196
6050,-445474.973
6051,-435615.470
6052,-420907.592
6053,-409494.178
6054,-397008.270
6055,-1501027.449
6056,-1274595.340
6057,-3463288.287
6058,-3701495.336
6059,-3826875.642
6060,-3858346.301
6061,-3416352.832
6062,-4087179.084
6063,-4212737.818
6064,-4323969.338
6065,-4286724.792
6066,-4147010.025
6067,-1803735.540
6068,-1482474.620
6069,-54652.206
6070,-476732.022
6071,-508100.156
6072,-508947.248
6073,-440378.782
6074,-427690.675
6075,-414674.558
6076,-408319.659
6077,-391733.125
6078,-371835.673
6079,-1501009.964
6080,-1279285.919
6081,-3454088.478
6082,-3723561.660
6083,-3864606.089
6084,-3851864.088
6085,-3384540.656
6086,-4016976.608
6087,-4167835.230
6088,-4187543.175
6089,-4140901.850
6090,-4010726.042
6091,-1708611.715
6092,-1389173.008
6093,-48605.747
6094,-449555.143
6095,-475006.568
6096,-477199.587
6097,-419356.497
6098,-399401.204
6099,-384062.870
6100,-375899.103
6101,-364204.235
6102,-358541.710
6103,-1486414.847
6104,-1305896.159
6105,-3546409.232
6106,-3747415.577
6107,-3857789.722
6108,-3852125.585
6109,-3409269.650
6110,-4049234.268
6111,-4178072.088
6112,-4206156.212
6113,-4182717.912
6114,-4124662.091
6115,-1749146.390
6116,-1435670.205
6117,-55870.581
6118,-474666.210
6119,-503960.366
6120,-513640.772
6121,-458457.626
6122,-437739.099
6123,-432212.260
6124,-438551.035
6125,-430123.481
6126,-414803.750
6127,-1513596.157
6128,-1318064.088
6129,-3551142.770
6130,-3790626.886
6131,-3966001.840
6132,-4031196.309
6133,-3533396.276
6134,-4253365.433
6135,-4432211.398
6136,-4498098.434
6137,-4418599.343
6138,-4141276.138
6139,-1748168.849
6140,-1425670.732
6141,-52743.920
6142,-458531.281
6143,-491653.203
6144,-502346.195
6145,-448292.043
6146,-437258.578
6147,-428579.480
6148,-427699.266
6149,-425993.598
6150,-414390.217
6151,-1514918.040
6152,-1308364.137
6153,-3496651.891
6154,-3677727.610
6155,-3862007.762
6156,-3965944.055
6157,-3512546.181
6158,-4097416.110
6159,-4220549.937
6160,-4249292.263
6161,-4204020.055
6162,-3983268.406
6163,-1709332.148
6164,-1433232.084
6165,-38395.271
6166,-449755.499
6167,-467658.208
6168,-458893.260
6169,-387287.014
6170,-372800.528
6171,-370697.632
6172,-366017.542
6173,-346032.812
6174,-317879.917
6175,-348496.988
6176,-499600.290
6177,-2355104.126
6178,-2255706.954
6179,-2396896.128
6180,-2423731.482
6181,-2467780.892
6182,-2576914.895
6183,-2650277.046
6184,-2774186.780
6185,-2774915.599
6186,-2628591.233
6187,-482204.787
6188,-434470.069
6189,-444998.396
6190,-449103.450
6191,-447808.698
6192,-437623.532
6193,-379173.702
6194,-365310.075
6195,-344145.099
6196,-337349.221
6197,-338900.317
6198,-336415.723
6199,-350912.113
6200,-496898.346
6201,-865440.175
6202,-1111094.081
6203,-1173992.117
6204,-1269189.654
6205,-1362979.873
6206,-1480133.947
6207,-1471610.037
6208,-1523763.600
6209,-1502315.196
6210,-1285752.187
6211,-667022.657
6212,-382035.642
6213,-360280.205
6214,-376890.311
6215,-383160.957
6216,-379413.574
6217,-376284.012
6218,-372043.944
6219,-374674.632
6220,-370000.030
6221,-344110.769
6222,-332961.477
6223,-1405457.234
6224,-1165977.654
6225,-3146144.040
6226,-3439989.122
6227,-3606416.553
6228,-3641214.189
6229,-3241607.468
6230,-3817918.631
6231,-3951261.764
6232,-3992052.583
6233,-3920393.971
6234,-3635336.336
6235,-1520711.535
6236,-1265529.061
6237,-56873.445
6238,-371972.318
6239,-402122.483
6240,-401426.989
6241,-350936.453
6242,-347331.754
6243,-352008.500
6244,-351220.241
6245,-335343.517
6246,-327428.421
6247,-1357054.168
6248,-1121978.502
6249,-3024329.326
6250,-3336087.231
6251,-3466174.886
6252,-3490687.164
6253,-3199550.654
6254,-3763647.918
6255,-3924343.845
6256,-3893355.995
6257,-3817237.520
6258,-3573930.651
6259,-1387303.297
6260,-1299716.377
6261,-104363.947
6262,-406982.618
6263,-440825.833
6264,-432000.905
6265,-361848.627
6266,-339959.615
6267,-341020.969
6268,-344774.657
6269,-323130.460
6270,-302845.106
6271,-1242400.341
6272,-1058507.849
6273,-2903668.997
6274,-3156373.912
6275,-3177283.683
6276,-3215833.456
6277,-3190392.556
6278,-3639993.394
6279,-3729630.523
6280,-3767447.395
6281,-3759043.285
6282,-3502543.056
6283,-1302178.313
6284,-1140441.426
6285,-70147.261
6286,-310689.663
6287,-343571.311
6288,-349764.122
6289,-300555.909
6290,-283232.431
6291,-272823.954
6292,-265821.631
6293,-260815.772
6294,-248502.688
6295,-1205122.741
6296,-1091182.257
6297,-2696380.287
6298,-2831018.974
6299,-2984253.629
6300,-2843035.542
6301,-2669255.322
6302,-3100777.361
6303,-3282461.890
6304,-3376057.214
6305,-3372157.898
6306,-3164957.778
6307,-1161690.018
6308,-1054727.400
6309,-49367.703
6310,-280586.515
6311,-276534.608
6312,-258711.085
6313,-212914.808
6314,-197850.217
6315,-180680.055
6316,-167276.478
6317,-146432.753
6318,-119608.382
6319,-888675.154
6320,-807138.412
6321,-2140081.842
6322,-2408532.123
6323,-2572009.715
6324,-2649246.434
6325,-2532139.884
6326,-3021201.975
6327,-3268570.990
6328,-3383776.086
6329,-3426333.902
6330,-3230499.751
6331,-1200758.721
6332,-1084477.678
6333,-43574.657
6334,-281533.081
6335,-281740.886
6336,-275198.559
6337,-227967.094
6338,-196483.466
6339,-168939.952
6340,-149802.908
6341,-118911.105
6342,-93077.542
6343,-102684.445
6344,-239989.977
6345,-1493356.013
6346,-1500611.917
6347,-1636784.298
6348,-1717262.063
6349,-1813760.324
6350,-2024296.043
6351,-2214694.868
6352,-2286261.526
6353,-2276778.925
6354,-2054935.805
6355,-108064.044
6356,-253103.333
6357,-270096.394
6358,-277635.725
6359,-267528.179
6360,-251633.969
6361,-189830.966
6362,-158764.098
6363,-137491.980
6364,-126510.164
6365,-113005.287
6366,-95497.314
6367,-105496.221
6368,-238787.783
6369,-624111.980
6370,-876530.821
6371,-952745.433
6372,-1054830.460
6373,-1107920.505
6374,-1211094.476
6375,-1304110.153
6376,-1262856.845
6377,-992754.100
6378,-830448.555
6379,-331982.681
6380,-242643.183
6381,-230121.951
6382,-239640.438
6383,-236473.612
6384,-231902.126
6385,-237768.561
6386,-229820.580
6387,-219181.815
6388,-207047.680
6389,-187825.334
6390,-174692.073
6391,-1079390.430
6392,-926926.239
6393,-2542646.395
6394,-2644990.629
6395,-2740111.269
6396,-3015671.064
6397,-3024449.026
6398,-3480508.248
6399,-3659286.038
6400,-3707860.897
6401,-3548049.757
6402,-3130828.801
6403,-1122836.394
6404,-935104.384
6405,-0.000
6406,-150725.328
6407,-224007.105
6408,-230591.975
6409,-194741.270
6410,-178436.745
6411,-156081.272
6412,-147193.165
6413,-140716.526
6414,-133814.725
6415,-1043826.755
6416,-917409.326
6417,-2552640.666
6418,-2790168.725
6419,-3003242.306
6420,-3112237.462
6421,-3075820.799
6422,-3480780.334
6423,-3619659.591
6424,-3490147.354
6425,-3457041.654
6426,-3166188.977
6427,-1110768.034
6428,-947638.410
6429,-0.000
6430,-155939.019
6431,-231012.983
6432,-227165.744
6433,-178499.627
6434,-161658.445
6435,-147627.500
6436,-144662.541
6437,-134980.622
6438,-127269.971
6439,-1034220.485
6440,-897109.100
6441,-2556758.300
6442,-2855730.058
6443,-3019455.804
6444,-3087783.586
6445,-3040293.536
6446,-3470722.496
6447,-3654481.823
6448,-3655616.120
6449,-3507507.183
6450,-3036588.302
6451,-1107206.214
6452,-949987.653
6453,-0.000
6454,-160692.929
6455,-230985.114
6456,-234257.897
6457,-186454.414
6458,-167627.480
6459,-154513.534
6460,-151598.477
6461,-144425.745
6462,-139906.847
6463,-1055026.092
6464,-936406.735
6465,-2635143.324
6466,-2893095.304
6467,-3079609.062
6468,-3143367.516
6469,-3079710.017
6470,-3523157.915
6471,-3753334.325
6472,-3751717.664
6473,-3669767.495
6474,-3326977.209
6475,-1147522.529
6476,-965368.730
6477,-0.000
6478,-176463.364
6479,-255337.830
6480,-260721.294
6481,-212363.010
6482,-191402.457
6483,-174658.077
6484,-164253.795
6485,-152853.727
6486,-147387.597
6487,-1116585.282
6488,-991398.753
6489,-2845583.158
6490,-3101727.263
6491,-3256650.384
6492,-3231018.170
6493,-3150068.316
6494,-3565775.070
6495,-3630118.669
6496,-3677498.881
6497,-3694508.406
6498,-3380592.994
6499,-1163480.433
6500,-991821.266
6501,-0.000
6502,-227487.115
6503,-284560.703
6504,-290244.591
6505,-241360.422
6506,-216505.723
6507,-209762.541
6508,-216396.186
6509,-200384.594
6510,-180245.673
6511,-202778.387
6512,-352079.769
6513,-2200256.039
6514,-2176947.078
6515,-2304202.748
6516,-2429664.478
6517,-2569062.529
6518,-2734015.160
6519,-2757607.351
6520,-2776720.223
6521,-2749884.207
6522,-2480183.964
6523,-288690.208
6524,-381353.938
6525,-378040.348
6526,-395547.044
6527,-385856.045
6528,-370488.972
6529,-322734.604
6530,-310626.597
6531,-291445.668
6532,-270601.232
6533,-248662.927
6534,-235809.637
6535,-275904.182
6536,-454530.842
6537,-900127.438
6538,-1192031.016
6539,-1424410.286
6540,-1444169.877
6541,-1401846.498
6542,-1546569.829
6543,-1688025.644
6544,-1724871.569
6545,-1704268.349
6546,-1446725.842
6547,-502182.346
6548,-401304.927
6549,-368056.040
6550,-368302.584
6551,-358684.808
6552,-349911.000
6553,-352088.471
6554,-339089.767
6555,-327720.320
6556,-326557.361
6557,-320836.446
6558,-313429.362
6559,-1336452.790
6560,-1193932.026
6561,-3266038.273
6562,-3458554.192
6563,-3528470.335
6564,-3629637.348
6565,-3513785.551
6566,-4028877.725
6567,-4194563.357
6568,-4234848.880
6569,-4147144.801
6570,-3667870.933
6571,-1349980.865
6572,-1264929.275
6573,-82920.995
6574,-376532.412
6575,-407591.904
6576,-406700.345
6577,-354529.924
6578,-337245.867
6579,-326334.415
6580,-323095.457
6581,-320296.977
6582,-317767.618
6583,-1385358.951
6584,-1229347.254
6585,-3363564.007
6586,-3572750.710
6587,-3685478.708
6588,-3681670.605
6589,-3390519.270
6590,-3883390.385
6591,-4116825.461
6592,-4138490.500
6593,-4031717.465
6594,-3706502.423
6595,-1364320.560
6596,-1274875.144
6597,-58838.376
6598,-357049.164
6599,-376968.975
6600,-372829.436
6601,-314699.522
6602,-299632.544
6603,-292887.866
6604,-288365.653
6605,-278003.189
6606,-272143.684
6607,-1278291.278
6608,-1113929.184
6609,-3065316.692
6610,-3319634.419
6611,-3434298.668
6612,-3473675.101
6613,-3287570.155
6614,-3765716.482
6615,-3975225.475
6616,-4010426.031
6617,-3937633.495
6618,-3540460.587
6619,-1266973.298
6620,-1162618.189
6621,-35355.809
6622,-314177.059
6623,-338239.356
6624,-334513.951
6625,-274425.516
6626,-242208.624
6627,-221078.098
6628,-210286.970
6629,-194834.181
6630,-178513.913
6631,-1173504.619
6632,-1017014.838
6633,-2909969.750
6634,-3188944.390
6635,-3296825.455
6636,-3325936.466
6637,-3246449.785
6638,-3722540.115
6639,-3917012.854
6640,-3924451.316
6641,-3848294.232
6642,-3451372.981
6643,-1230008.090
6644,-1119713.868
6645,-29064.157
6646,-301666.431
6647,-330022.128
6648,-327678.555
6649,-261342.128
6650,-236065.706
6651,-222951.274
6652,-212293.111
6653,-196466.044
6654,-191671.910
6655,-1183983.673
6656,-1054871.359
6657,-3026851.315
6658,-3350914.973
6659,-3527959.109
6660,-3554594.007
6661,-3329553.086
6662,-3771390.933
6663,-3955905.736
6664,-4023524.870
6665,-3971371.902
6666,-3570677.261
6667,-1311211.102
6668,-1153734.810
6669,-90231.535
6670,-351973.203
6671,-384744.380
6672,-383609.062
6673,-332875.833
6674,-323293.506
6675,-319779.285
6676,-324516.336
6677,-325107.320
6678,-317474.082
6679,-323381.523
6680,-436538.140
6681,-2200136.387
6682,-1961076.581
6683,-1870346.625
6684,-1929775.189
6685,-1983414.585
6686,-1971937.125
6687,-1774304.135
6688,-1552149.946
6689,-1452109.814
6690,-1484365.197
6691,-0.000
6692,-140826.356
6693,-193325.455
6694,-198621.588
6695,-212977.959
6696,-219944.607
6697,-133422.406
6698,-119148.717
6699,-94910.957
6700,-79419.183
6701,-63871.752
6702,-49484.372
6703,-83530.935
6704,-174269.335
6705,-399426.177
6706,-722091.560
6707,-1148683.654
6708,-1084609.829
6709,-1040146.878
6710,-1362204.775
6711,-1455155.515
6712,-1517892.593
6713,-1412385.162
6714,-1133146.539
6715,-316724.475
6716,-260559.211
6717,-265564.816
6718,-276300.778
6719,-279373.250
6720,-271958.452
6721,-267211.538
6722,-261038.500
6723,-251898.725
6724,-250697.044
6725,-250381.943
6726,-239554.113
6727,-1227710.180
6728,-1037054.529
6729,-2925151.264
6730,-3268125.358
6731,-3564519.791
6732,-3716028.633
6733,-3369494.103
6734,-3988655.465
6735,-4079193.529
6736,-4083945.508
6737,-4006195.329
6738,-3442853.750
6739,-1281978.526
6740,-1211481.401
6741,-0.000
6742,-304485.391
6743,-354632.763
6744,-361694.132
6745,-298265.260
6746,-274951.680
6747,-262079.420
6748,-257689.883
6749,-252707.452
6750,-241603.623
6751,-1167702.083
6752,-1017084.862
6753,-2922155.242
6754,-3147929.920
6755,-3354227.906
6756,-3440938.165
6757,-3217057.196
6758,-3626487.384
6759,-3821313.668
6760,-3772170.906
6761,-3821055.028
6762,-3275395.383
6763,-1233165.660
6764,-1169484.088
6765,-0.000
6766,-256067.360
6767,-318794.949
6768,-329033.013
6769,-271760.096
6770,-250532.109
6771,-233525.433
6772,-226347.495
6773,-214797.202
6774,-203959.368
6775,-1187697.929
6776,-985602.010
6777,-2869350.354
6778,-3257092.450
6779,-3436077.761
6780,-3555247.913
6781,-3297789.717
6782,-3830659.816
6783,-3973616.808
6784,-3888912.602
6785,-3853770.121
6786,-3272293.767
6787,-1218571.457
6788,-1141981.899
6789,-0.000
6790,-230168.125
6791,-296622.689
6792,-299131.264
6793,-235179.394
6794,-222887.965
6795,-216793.783
6796,-206529.833
6797,-201292.517
6798,-200636.516
6799,-1243101.932
6800,-1066024.991
6801,-3048089.476
6802,-3395091.113
6803,-3641533.183
6804,-3723297.836
6805,-3458077.984
6806,-3999761.801
6807,-4188728.536
6808,-4234045.899
6809,-4089230.859
6810,-3435743.463
6811,-1309164.702
6812,-1251684.447
6813,-50073.542
6814,-344730.399
6815,-371645.493
6816,-371757.078
6817,-312016.061
6818,-298247.354
6819,-291835.855
6820,-291779.930
6821,-289167.010
6822,-285381.089
6823,-1301002.502
6824,-1110304.892
6825,-3157329.052
6826,-3554300.233
6827,-3777149.338
6828,-3869509.486
6829,-3549931.035
6830,-4195530.612
6831,-4290540.071
6832,-4261300.672
6833,-4265995.809
6834,-3649327.833
6835,-1403518.010
6836,-1338457.262
6837,-71866.905
6838,-394917.693
6839,-426414.193
6840,-383538.029
6841,-302928.494
6842,-290675.312
6843,-232035.890
6844,-183737.126
6845,-152573.667
6846,-131554.191
6847,-185270.595
6848,-276814.278
6849,-2037691.581
6850,-1965761.723
6851,-2051307.087
6852,-2089536.175
6853,-2192110.446
6854,-2323791.779
6855,-2432692.782
6856,-2310493.466
6857,-2261405.991
6858,-1947827.034
6859,-109864.836
6860,-295288.952
6861,-307985.886
6862,-311912.074
6863,-307378.840
6864,-294339.316
6865,-225479.074
6866,-200874.988
6867,-188475.949
6868,-178260.550
6869,-175767.792
6870,-162154.105
6871,-164724.467
6872,-180820.410
6873,-288685.366
6874,-454336.025
6875,-668228.361
6876,-1059146.316
6877,-1032119.360
6878,-1315535.421
6879,-1456759.915
6880,-1450213.887
6881,-1106603.040
6882,-619171.130
6883,-201817.178
6884,-163128.632
6885,-151059.216
6886,-156530.472
6887,-151118.567
6888,-143063.153
6889,-144756.931
6890,-154610.188
6891,-153422.297
6892,-142138.473
6893,-126062.495
6894,-113907.496
6895,-1294416.802
6896,-814010.662
6897,-2244530.776
6898,-2566080.972
6899,-2938922.432
6900,-3120100.308
6901,-2902342.746
6902,-3295751.607
6903,-3393007.898
6904,-3447331.901
6905,-3395150.721
6906,-2758039.939
6907,-1025735.930
6908,-918651.393
6909,-0.000
6910,-132458.894
6911,-220462.735
6912,-226308.286
6913,-174417.259
6914,-156733.224
6915,-137803.093
6916,-114209.727
6917,-87757.249
6918,-65799.122
6919,-1127727.162
6920,-728691.298
6921,-2074650.279
6922,-2509885.281
6923,-2861399.580
6924,-2982364.517
6925,-2774538.679
6926,-3184342.971
6927,-3285905.908
6928,-3269369.116
6929,-3132409.884
6930,-2484349.040
6931,-931299.253
6932,-814971.297
6933,-0.000
6934,-66774.439
6935,-148688.631
6936,-158801.350
6937,-109842.901
6938,-100007.876
6939,-91696.276
6940,-77022.146
6941,-53307.923
6942,-36900.932
6943,-1178664.374
6944,-785905.395
6945,-2226659.893
6946,-2495955.766
6947,-2806512.077
6948,-2994659.528
6949,-2765730.207
6950,-3168207.357
6951,-3300690.778
6952,-3330171.044
6953,-3291434.315
6954,-2658900.954
6955,-967572.546
6956,-852143.657
6957,-0.000
6958,-93692.057
6959,-180706.198
6960,-198025.315
6961,-151117.664
6962,-128639.505
6963,-119680.744
6964,-114332.031
6965,-103277.998
6966,-84682.462
6967,-1186285.890
6968,-713521.603
6969,-1958150.522
6970,-2353817.037
6971,-2806496.195
6972,-2896105.267
6973,-2730285.794
6974,-3147221.086
6975,-3293738.688
6976,-3330208.578
6977,-3292796.678
6978,-2659724.879
6979,-992256.749
6980,-875409.195
6981,-0.000
6982,-63853.041
6983,-154269.208
6984,-168720.727
6985,-120426.147
6986,-101352.927
6987,-89858.266
6988,-85648.095
6989,-75274.403
6990,-55840.456
6991,-1177804.888
6992,-751664.621
6993,-2169937.388
6994,-2453184.968
6995,-2745085.238
6996,-2957808.014
6997,-3051702.079
6998,-3400962.550
6999,-3498980.479
7000,-3546037.431
7001,-3527826.112
7002,-2732236.119
7003,-949651.558
7004,-830416.848
7005,-0.000
7006,-72444.811
7007,-161501.043
7008,-174388.103
7009,-120661.695
7010,-106766.558
7011,-105163.370
7012,-105273.755
7013,-92030.282
7014,-79329.104
7015,-82573.977
7016,-186059.575
7017,-1734084.910
7018,-1736723.775
7019,-2065312.058
7020,-2223382.217
7021,-2206389.547
7022,-2288377.704
7023,-2416417.374
7024,-2427838.770
7025,-2360343.797
7026,-1726838.259
7027,-0.000
7028,-71895.028
7029,-110742.399
7030,-119366.684
7031,-112453.237
7032,-104588.724
7033,-45646.589
7034,-14979.322
7035,-1099.963
7036,-0.000
7037,-0.000
7038,-0.000
7039,-0.000
7040,-65150.299
7041,-596923.573
7042,-1017794.870
7043,-1311597.398
7044,-1314043.437
7045,-1314817.574
7046,-1451869.260
7047,-1529652.726
7048,-1507174.149
7049,-1416441.410
7050,-831940.371
7051,-137995.050
7052,-62414.235
7053,-38260.943
7054,-30837.230
7055,-15589.780
7056,-4200.198
7057,-2518.021
7058,-0.000
7059,-0.000
7060,-0.000
7061,-0.000
7062,-0.000
7063,-852570.345
7064,-626473.912
7065,-1918026.007
7066,-2367453.995
7067,-2779312.138
7068,-2973013.230
7069,-2791579.008
7070,-3100408.708
7071,-3180999.823
7072,-3119333.417
7073,-3024600.530
7074,-2380930.139
7075,-821475.317
7076,-706004.235
7077,-0.000
7078,-0.000
7079,-24672.354
7080,-69648.603
7081,-33722.379
7082,-20572.809
7083,-11264.471
7084,-9908.115
7085,-3967.037
7086,-0.000
7087,-998094.722
7088,-667469.538
7089,-2080941.934
7090,-2458369.291
7091,-2808528.460
7092,-3038381.452
7093,-2991297.965
7094,-3329481.176
7095,-3480766.505
7096,-3467146.897
7097,-3334217.884
7098,-2638283.270
7099,-914425.777
7100,-802493.002
7101,-0.000
7102,-50239.422
7103,-153845.929
7104,-173666.872
7105,-126752.535
7106,-110590.972
7107,-98947.210
7108,-94810.334
7109,-89248.940
7110,-73408.958
7111,-1218280.192
7112,-754638.205
7113,-2127358.137
7114,-2401514.182
7115,-2530953.944
7116,-2795028.459
7117,-2922517.681
7118,-3374307.663
7119,-3550583.181
7120,-3484435.294
7121,-3376115.959
7122,-2655058.630
7123,-954579.447
7124,-858978.506
7125,-0.000
7126,-95421.835
7127,-192989.867
7128,-208338.441
7129,-151205.105
7130,-125961.098
7131,-109264.280
7132,-99776.737
7133,-92908.961
7134,-80486.366
7135,-1239927.190
7136,-786481.390
7137,-2326439.536
7138,-2674369.213
7139,-2909504.350
7140,-3042019.450
7141,-2949328.272
7142,-3288211.778
7143,-3485909.876
7144,-3530235.133
7145,-3389130.556
7146,-2712724.945
7147,-968062.285
7148,-898540.773
7149,-0.000
7150,-87225.772
7151,-182890.013
7152,-193588.722
7153,-142019.318
7154,-125898.186
7155,-111896.343
7156,-102411.723
7157,-102576.168
7158,-100731.514
7159,-1280036.263
7160,-813134.434
7161,-2381186.922
7162,-2753513.595
7163,-2994670.200
7164,-3096388.096
7165,-3072403.984
7166,-3331173.549
7167,-3310691.976
7168,-3285705.486
7169,-2961932.822
7170,-2531342.188
7171,-943068.566
7172,-873039.545
7173,-0.000
7174,-60873.117
7175,-154536.914
7176,-165637.589
7177,-114166.343
7178,-89991.847
7179,-70259.780
7180,-55685.764
7181,-27855.417
7182,-5513.181
7183,-143.259
7184,-94009.789
7185,-1615602.696
7186,-1729895.576
7187,-2010391.557
7188,-2173399.585
7189,-2200070.122
7190,-2348039.911
7191,-2472717.544
7192,-2503448.658
7193,-2279097.798
7194,-1887590.054
7195,-0.000
7196,-140956.566
7197,-166801.941
7198,-182070.003
7199,-189085.318
7200,-183875.749
7201,-122708.070
7202,-99816.926
7203,-87531.459
7204,-64517.938
7205,-40719.640
7206,-37793.902
7207,-43193.180
7208,-146762.035
7209,-560104.297
7210,-996518.640
7211,-1288256.485
7212,-1402506.904
7213,-1404226.522
7214,-1562048.897
7215,-1502352.931
7216,-1378803.478
7217,-1046304.475
7218,-442639.742
7219,-130120.253
7220,-48109.934
7221,-4532.604
7222,-0.000
7223,-0.000
7224,-0.000
7225,-0.000
7226,-0.000
7227,-0.000
7228,-0.000
7229,-0.000
7230,-0.000
7231,-186439.922
7232,-311036.378
7233,-1339381.342
7234,-1944269.294
7235,-2176256.273
7236,-2385761.175
7237,-2399084.517
7238,-2715578.726
7239,-2630609.757
7240,-2308486.365
7241,-2023789.673
7242,-1697614.133
7243,-794777.276
7244,-687124.460
7245,-0.000
7246,-0.000
7247,-6468.260
7248,-18751.741
7249,-0.000
7250,-0.000
7251,-0.000
7252,-0.000
7253,-0.000
7254,-0.000
7255,-345945.583
7256,-394773.819
7257,-1422186.015
7258,-1778685.383
7259,-2094150.587
7260,-2344755.175
7261,-2347042.056
7262,-2703878.220
7263,-2814048.755
7264,-2666227.157
7265,-2425360.238
7266,-1873457.331
7267,-783440.558
7268,-739392.219
7269,-0.000
7270,-0.000
7271,-86253.386
7272,-45360.643
7273,-0.000
7274,-0.000
7275,-0.000
7276,-0.000
7277,-0.000
7278,-0.000
7279,-631940.265
7280,-525990.080
7281,-1376548.431
7282,-1785183.206
7283,-2153382.610
7284,-2382562.423
7285,-2211978.734
7286,-2534571.103
7287,-2696396.616
7288,-2794823.099
7289,-2613783.211
7290,-2013673.231
7291,-861190.716
7292,-752557.414
7293,-0.000
7294,-0.000
7295,-106224.466
7296,-133164.375
7297,-87436.860
7298,-65661.825
7299,-51319.341
7300,-51242.721
7301,-38667.378
7302,-17536.227
7303,-1234713.137
7304,-735833.152
7305,-2132352.477
7306,-2449771.155
7307,-2733279.684
7308,-3131888.941
7309,-3206160.449
7310,-3577237.623
7311,-3721730.481
7312,-3703282.739
7313,-3375944.131
7314,-2323069.905
7315,-932903.710
7316,-881556.887
7317,-0.000
7318,-49192.620
7319,-148291.748
7320,-161177.444
7321,-100833.462
7322,-71935.002
7323,-50843.049
7324,-37561.013
7325,-13993.172
7326,-2036.738
7327,-1131456.740
7328,-708113.681
7329,-2091515.589
7330,-2522017.753
7331,-2961970.251
7332,-3120296.838
7333,-2894484.187
7334,-3322386.131
7335,-3478161.613
7336,-3491153.241
7337,-3270440.366
7338,-2250203.447
7339,-872936.405
7340,-768010.442
7341,-0.000
7342,-0.000
7343,-104917.044
7344,-116528.132
7345,-54767.747
7346,-21144.935
7347,-4280.311
7348,-0.000
7349,-0.000
7350,-0.000
7351,-0.000
7352,-81876.183
7353,-1943673.158
7354,-1951387.861
7355,-2261502.407
7356,-2298524.962
7357,-2293331.635
7358,-2450692.838
7359,-2564292.396
7360,-2560813.975
7361,-2346639.089
7362,-1522114.507
7363,-0.000
7364,-131492.911
7365,-149506.226
7366,-160345.074
7367,-161552.858
7368,-155590.528
7369,-100424.106
7370,-73776.013
7371,-42303.785
7372,-21717.382
7373,-2431.019
7374,-0.000
7375,-0.000
7376,-2436.500
7377,-431919.915
7378,-908035.989
7379,-1090859.692
7380,-1162773.362
7381,-1272674.013
7382,-1449786.504
7383,-1575761.906
7384,-1609363.152
7385,-1344941.666
7386,-578520.726
7387,-150019.878
7388,-89003.172
7389,-61748.155
7390,-41374.241
7391,-21130.678
7392,-5258.830
7393,-0.000
7394,-0.000
7395,-0.000
7396,-0.000
7397,-0.000
7398,-0.000
7399,-371311.805
7400,-417635.621
7401,-1492275.832
7402,-1897118.247
7403,-2144896.017
7404,-2282593.693
7405,-2321151.484
7406,-2613468.164
7407,-2759663.106
7408,-2807171.602
7409,-2535507.934
7410,-1740121.847
7411,-674559.467
7412,-619840.493
7413,-0.000
7414,-0.000
7415,-0.000
7416,-0.000
7417,-0.000
7418,-0.000
7419,-0.000
7420,-0.000
7421,-0.000
7422,-0.000
7423,-414660.346
7424,-436726.621
7425,-1544988.944
7426,-2134239.698
7427,-2296576.015
7428,-2374949.183
7429,-2362322.108
7430,-2647193.695
7431,-2817111.826
7432,-2876702.586
7433,-2641398.989
7434,-1835940.165
7435,-693807.251
7436,-618887.340
7437,-0.000
7438,-0.000
7439,-0.000
7440,-0.000
7441,-0.000
7442,-0.000
7443,-0.000
7444,-0.000
7445,-0.000
7446,-0.000
7447,-381946.068
7448,-423256.582
7449,-1507615.111
7450,-1991322.559
7451,-2111142.404
7452,-2251705.893
7453,-2291976.570
7454,-2586405.548
7455,-2748158.022
7456,-2799125.390
7457,-2556604.311
7458,-1760592.611
7459,-665853.037
7460,-579133.591
7461,-0.000
7462,-0.000
7463,-0.000
7464,-0.000
7465,-0.000
7466,-0.000
7467,-0.000
7468,-0.000
7469,-0.000
7470,-0.000
7471,-214145.664
7472,-283551.912
7473,-1168214.713
7474,-1643386.486
7475,-1964454.048
7476,-2152778.815
7477,-2232043.518
7478,-2551578.602
7479,-2739273.716
7480,-2790614.161
7481,-2498287.592
7482,-1702794.213
7483,-648070.383
7484,-570592.106
7485,-0.000
7486,-0.000
7487,-0.000
7488,-0.000
7489,-0.000
7490,-0.000
7491,-0.000
7492,-0.000
7493,-0.000
7494,-0.000
7495,-220807.690
7496,-310927.877
7497,-1350388.593
7498,-1783864.810
7499,-2086673.333
7500,-2242252.588
7501,-2250085.405
7502,-2560592.944
7503,-2717603.784
7504,-2769938.679
7505,-2518582.000
7506,-1736745.807
7507,-615774.049
7508,-534214.557
7509,-0.000
7510,-0.000
7511,-0.000
7512,-0.000
7513,-0.000
7514,-0.000
7515,-0.000
7516,-0.000
7517,-0.000
7518,-0.000
7519,-0.000
7520,-0.000
7521,-806994.121
7522,-1476250.177
7523,-1672963.824
7524,-1714472.333
7525,-1801414.751
7526,-1960513.180
7527,-2081598.464
7528,-2117785.006
7529,-1848210.865
7530,-1085721.773
7531,-0.000
7532,-0.000
7533,-0.000
7534,-0.000
7535,-0.000
7536,-0.000
7537,-0.000
7538,-0.000
7539,-0.000
7540,-0.000
7541,-0.000
7542,-0.000
7543,-0.000
7544,-0.000
7545,-0.000
7546,-751165.983
7547,-1208749.699
7548,-1216739.306
7549,-1255092.358
7550,-1398382.613
7551,-1498939.653
7552,-1512538.313
7553,-1220316.464
7554,-485703.263
7555,-16091.524
7556,-0.000
7557,-0.000
7558,-0.000
7559,-0.000
7560,-0.000
7561,-0.000
7562,-0.000
7563,-0.000
7564,-0.000
7565,-0.000
7566,-0.000
7567,-502045.144
7568,-523488.164
7569,-1765086.976
7570,-2179766.090
7571,-2476546.821
7572,-2609868.211
7573,-2591422.586
7574,-2648634.180
7575,-2703166.603
7576,-2613928.781
7577,-2468319.759
7578,-2049904.587
7579,-760175.189
7580,-669053.513
7581,-0.000
7582,-0.000
7583,-0.000
7584,-0.000
7585,-0.000
7586,-0.000
7587,-0.000
7588,-0.000
7589,-0.000
7590,-0.000
7591,-475096.362
7592,-508043.393
7593,-1796730.554
7594,-2213642.934
7595,-2681742.525
7596,-2926963.395
7597,-2776073.080
7598,-3155766.535
7599,-3280245.140
7600,-3218883.168
7601,-2971183.893
7602,-2037142.091
7603,-762429.841
7604,-658406.502
7605,-0.000
7606,-0.000
7607,-0.000
7608,-4757.861
7609,-2791.839
7610,-0.000
7611,-0.000
7612,-0.000
7613,-0.000
7614,-0.000
7615,-277356.253
7616,-314134.620
7617,-1319462.371
7618,-1808578.703
7619,-2119272.586
7620,-2281187.263
7621,-2312176.914
7622,-2648734.656
7623,-2799272.479
7624,-2757970.578
7625,-2501350.069
7626,-1822377.194
7627,-682977.702
7628,-582543.003
7629,-0.000
7630,-0.000
7631,-0.000
7632,-0.000
7633,-0.000
7634,-0.000
7635,-0.000
7636,-0.000
7637,-0.000
7638,-0.000
7639,-250719.358
7640,-323903.717
7641,-1338375.815
7642,-2001983.832
7643,-2277989.631
7644,-2369114.644
7645,-2343996.630
7646,-2650707.811
7647,-2782911.446
7648,-2803237.263
7649,-2501145.614
7650,-1713901.569
7651,-580323.388
7652,-478715.622
7653,-0.000
7654,-0.000
7655,-0.000
7656,-0.000
7657,-0.000
7658,-0.000
7659,-0.000
7660,-0.000
7661,-0.000
7662,-0.000
7663,-215354.951
7664,-368751.409
7665,-1525584.913
7666,-1940536.440
7667,-2452757.747
7668,-2684381.193
7669,-2560144.739
7670,-2916800.072
7671,-3029742.656
7672,-3070625.257
7673,-2763990.365
7674,-1872888.464
7675,-613423.060
7676,-479131.740
7677,-0.000
7678,-0.000
7679,-0.000
7680,-0.000
7681,-0.000
7682,-0.000
7683,-0.000
7684,-0.000
7685,-0.000
7686,-0.000
7687,-0.000
7688,-0.000
7689,-1089471.780
7690,-1634272.803
7691,-2044670.508
7692,-2298856.526
7693,-2297471.593
7694,-2432219.064
7695,-2577347.653
7696,-2635009.900
7697,-2287376.483
7698,-1144786.020
7699,-0.000
7700,-0.000
7701,-0.000
7702,-0.000
7703,-0.000
7704,-0.000
7705,-0.000
7706,-0.000
7707,-0.000
7708,-0.000
7709,-0.000
7710,-0.000
7711,-0.000
7712,-0.000
7713,-0.000
7714,-883708.017
7715,-1392507.944
7716,-1578221.929
7717,-1526017.075
7718,-1633774.966
7719,-1731651.927
7720,-1755924.769
7721,-1402721.717
7722,-431571.076
7723,-94277.376
7724,-3278.297
7725,-0.000
7726,-0.000
7727,-0.000
7728,-0.000
7729,-0.000
7730,-0.000
7731,-0.000
7732,-0.000
7733,-0.000
7734,-0.000
7735,-0.000
7736,-0.000
7737,-478303.037
7738,-1146696.631
7739,-1527574.535
7740,-1771257.783
7741,-1940157.988
7742,-2228296.298
7743,-2422025.306
7744,-2440820.085
7745,-2168736.633
7746,-1235760.075
7747,-467116.281
7748,-389137.353
7749,-0.000
7750,-0.000
7751,-0.000
7752,-0.000
7753,-0.000
7754,-0.000
7755,-0.000
7756,-0.000
7757,-0.000
7758,-0.000
7759,-0.000
7760,-0.000
7761,-785668.043
7762,-1343142.582
7763,-1686333.974
7764,-1894288.632
7765,-1992957.013
7766,-2213818.529
7767,-2402649.515
7768,-2454290.753
7769,-2142729.715
7770,-1184549.657
7771,-465526.204
7772,-412356.590
7773,-0.000
7774,-0.000
7775,-0.000
7776,-0.000
7777,-0.000
7778,-0.000
7779,-0.000
7780,-0.000
7781,-0.000
7782,-0.000
7783,-0.000
7784,-106710.518
7785,-1138911.652
7786,-1644190.643
7787,-1831746.769
7788,-1966338.033
7789,-2066966.771
7790,-2315860.591
7791,-2500212.362
7792,-2581851.182
7793,-2279970.141
7794,-1309154.553
7795,-527468.981
7796,-461600.272
7797,-0.000
7798,-0.000
7799,-0.000
7800,-0.000
7801,-0.000
7802,-0.000
7803,-0.000
7804,-0.000
7805,-0.000
7806,-0.000
7807,-0.000
7808,-137432.442
7809,-1157450.195
7810,-1624846.088
7811,-1949068.778
7812,-2166718.667
7813,-2248298.946
7814,-2565993.406
7815,-2762777.944
7816,-2815110.511
7817,-2511501.611
7818,-1488229.021
7819,-567212.825
7820,-487122.036
7821,-0.000
7822,-0.000
7823,-0.000
7824,-0.000
7825,-0.000
7826,-0.000
7827,-0.000
7828,-0.000
7829,-0.000
7830,-0.000
7831,-155181.406
7832,-343499.885
7833,-1530140.165
7834,-2004851.960
7835,-2602821.751
7836,-2950847.818
7837,-2798764.047
7838,-3160715.557
7839,-3295272.866
7840,-3344816.992
7841,-2977537.448
7842,-1778832.846
7843,-682084.605
7844,-586933.301
7845,-0.000
7846,-0.000
7847,-0.000
7848,-0.000
7849,-0.000
7850,-0.000
7851,-0.000
7852,-0.000
7853,-0.000
7854,-0.000
7855,-0.000
7856,-0.000
7857,-807807.835
7858,-1374534.055
7859,-1818818.606
7860,-2237381.806
7861,-2282638.362
7862,-2418270.187
7863,-2535561.771
7864,-2560869.450
7865,-2203422.027
7866,-1136845.567
7867,-0.000
7868,-0.000
7869,-0.000
7870,-0.000
7871,-0.000
7872,-0.000
7873,-0.000
7874,-0.000
7875,-0.000
7876,-0.000
7877,-0.000
7878,-0.000
7879,-0.000
7880,-0.000
7881,-0.000
7882,-238393.330
7883,-681736.137
7884,-1123414.656
7885,-1423893.058
7886,-1417897.006
7887,-1300488.036
7888,-1631610.071
7889,-1307244.554
7890,-339121.884
7891,-33971.641
7892,-0.000
7893,-0.000
7894,-0.000
7895,-0.000
7896,-0.000
7897,-0.000
7898,-0.000
7899,-0.000
7900,-0.000
7901,-0.000
7902,-0.000
7903,-174879.787
7904,-216757.621
7905,-945827.997
7906,-1287864.899
7907,-1485774.604
7908,-1702501.409
7909,-1727613.474
7910,-2054598.041
7911,-2225099.528
7912,-2576317.861
7913,-2455883.002
7914,-1537379.410
7915,-606061.549
7916,-504498.489
7917,-0.000
7918,-0.000
7919,-0.000
7920,-0.000
7921,-0.000
7922,-0.000
7923,-0.000
7924,-0.000
7925,-0.000
7926,-0.000
7927,-255391.928
7928,-319335.003
7929,-1365213.297
7930,-1985282.204
7931,-2441691.841
7932,-2546550.496
7933,-2481584.479
7934,-2835133.647
7935,-3055074.317
7936,-3108825.062
7937,-2758638.026
7938,-1650957.126
7939,-618113.635
7940,-513546.687
7941,-0.000
7942,-0.000
7943,-0.000
7944,-0.000
7945,-0.000
7946,-0.000
7947,-0.000
7948,-0.000
7949,-0.000
7950,-0.000
7951,-0.000
7952,-0.000
7953,-334597.653
7954,-927595.685
7955,-1334727.493
7956,-1567540.879
7957,-1754218.852
7958,-1946486.309
7959,-2126916.264
7960,-2217929.139
7961,-1915697.814
7962,-996301.970
7963,-328779.048
7964,-222389.377
7965,-0.000
7966,-0.000
7967,-0.000
7968,-0.000
7969,-0.000
7970,-0.000
7971,-0.000
7972,-0.000
7973,-0.000
7974,-0.000
7975,-0.000
7976,-0.000
7977,-234416.111
7978,-971572.367
7979,-1409999.584
7980,-1632886.427
7981,-1800821.392
7982,-2021109.335
7983,-2143708.326
7984,-2249321.542
7985,-1950782.850
7986,-1018180.657
7987,-328728.730
7988,-266616.608
7989,-0.000
7990,-0.000
7991,-0.000
7992,-0.000
7993,-0.000
7994,-0.000
7995,-0.000
7996,-0.000
7997,-0.000
7998,-0.000
7999,-0.000
8000,-0.000
8001,-613656.030
8002,-1365713.876
8003,-1679263.224
8004,-1850542.034
8005,-1952877.239
8006,-2186463.054
8007,-2389276.590
8008,-2476090.897
8009,-2178886.203
8010,-1194703.128
8011,-408885.355
8012,-326327.321
8013,-0.000
8014,-0.000
8015,-0.000
8016,-0.000
8017,-0.000
8018,-0.000
8019,-0.000
8020,-0.000
8021,-0.000
8022,-0.000
8023,-0.000
8024,-0.000
8025,-248744.763
8026,-1190808.966
8027,-1547411.882
8028,-1646616.076
8029,-1780140.775
8030,-1975142.320
8031,-2109258.785
8032,-2205126.191
8033,-1877606.301
8034,-905631.379
8035,-0.000
8036,-0.000
8037,-0.000
8038,-0.000
8039,-0.000
8040,-0.000
8041,-0.000
8042,-0.000
8043,-0.000
8044,-0.000
8045,-0.000
8046,-0.000
8047,-0.000
8048,-0.000
8049,-0.000
8050,-0.000
8051,-158840.871
8052,-601324.057
8053,-775612.522
8054,-988968.121
8055,-1158577.843
8056,-1210617.866
8057,-916194.089
8058,-130473.688
8059,-0.000
8060,-0.000
8061,-0.000
8062,-0.000
8063,-0.000
8064,-0.000
8065,-0.000
8066,-0.000
8067,-0.000
8068,-0.000
8069,-0.000
8070,-0.000
8071,-0.000
8072,-0.000
8073,-0.000
8074,-385446.075
8075,-923749.072
8076,-1193572.328
8077,-1437872.242
8078,-1618812.950
8079,-1805329.284
8080,-1887746.957
8081,-1585299.612
8082,-663341.086
8083,-133067.551
8084,-51198.295
8085,-0.000
8086,-0.000
8087,-0.000
8088,-0.000
8089,-0.000
8090,-0.000
8091,-0.000
8092,-0.000
8093,-0.000
8094,-0.000
8095,-0.000
8096,-0.000
8097,-0.000
8098,-386166.808
8099,-939391.193
8100,-1139185.461
8101,-1399457.001
8102,-1624507.188
8103,-1746633.594
8104,-1813708.303
8105,-1553054.885
8106,-766238.584
8107,-251835.489
8108,-199148.755
8109,-0.000
8110,-0.000
8111,-0.000
8112,-0.000
8113,-0.000
8114,-0.000
8115,-0.000
8116,-0.000
8117,-0.000
8118,-0.000
8119,-0.000
8120,-0.000
8121,-0.000
8122,-163673.177
8123,-223340.151
8124,-292727.273
8125,-353490.203
8126,-243766.816
8127,-270836.251
8128,-298406.338
8129,-240606.559
8130,-76450.125
8131,-5193.284
8132,-0.000
8133,-0.000
8134,-0.000
8135,-0.000
8136,-0.000
8137,-0.000
8138,-0.000
8139,-0.000
8140,-0.000
8141,-0.000
8142,-0.000
8143,-0.000
8144,-0.000
8145,-0.000
8146,-34091.956
8147,-277826.620
8148,-546927.292
8149,-874891.840
8150,-1057589.682
8151,-1354901.157
8152,-1579984.377
8153,-1505171.628
8154,-674646.265
8155,-135689.947
8156,-44168.311
8157,-0.000
8158,-0.000
8159,-0.000
8160,-0.000
8161,-0.000
8162,-0.000
8163,-0.000
8164,-0.000
8165,-0.000
8166,-0.000
8167,-0.000
8168,-0.000
8169,-0.000
8170,-340617.054
8171,-939445.188
8172,-1241450.587
8173,-1496804.662
8174,-1707802.076
8175,-1928990.386
8176,-2035059.032
8177,-1741819.170
8178,-776478.697
8179,-151977.757
8180,-60350.423
8181,-0.000
8182,-0.000
8183,-0.000
8184,-0.000
8185,-0.000
8186,-0.000
8187,-0.000
8188,-0.000
8189,-0.000
8190,-0.000
8191,-0.000
8192,-0.000
8193,-0.000
8194,-113059.736
8195,-773527.279
8196,-1037766.945
8197,-1194150.757
8198,-1405945.304
8199,-1582065.704
8200,-1663022.240
8201,-1357284.307
8202,-408183.448
8203,-0.000
8204,-0.000
8205,-0.000
8206,-0.000
8207,-0.000
8208,-0.000
8209,-0.000
8210,-0.000
8211,-0.000
8212,-0.000
8213,-0.000
8214,-0.000
8215,-0.000
8216,-0.000
8217,-0.000
8218,-0.000
8219,-209564.737
8220,-707484.761
8221,-888512.103
8222,-1048153.224
8223,-1156177.629
8224,-1092063.276
8225,-902420.431
8226,-158545.961
8227,-0.000
8228,-0.000
8229,-0.000
8230,-0.000
8231,-0.000
8232,-0.000
8233,-0.000
8234,-0.000
8235,-0.000
8236,-0.000
8237,-0.000
8238,-0.000
8239,-0.000
8240,-0.000
8241,-138682.790
8242,-998533.567
8243,-1346727.500
8244,-1535346.281
8245,-1678917.077
8246,-1720736.706
8247,-1833894.976
8248,-1880544.983
8249,-1592807.945
8250,-821161.941
8251,-220756.864
8252,-107809.635
8253,-0.000
8254,-0.000
8255,-0.000
8256,-0.000
8257,-0.000
8258,-0.000
8259,-0.000
8260,-0.000
8261,-0.000
8262,-0.000
8263,-0.000
8264,-0.000
8265,-187364.337
8266,-1140178.874
8267,-1392694.315
8268,-1626908.270
8269,-1794600.613
8270,-2027142.247
8271,-2205131.582
8272,-2250662.199
8273,-1906625.855
8274,-915150.839
8275,-272523.364
8276,-206724.445
8277,-0.000
8278,-0.000
8279,-0.000
8280,-0.000
8281,-0.000
8282,-0.000
8283,-0.000
8284,-0.000
8285,-0.000
8286,-0.000
8287,-0.000
8288,-0.000
8289,-330464.321
8290,-1031288.952
8291,-1379323.476
8292,-1606308.005
8293,-1736142.362
8294,-2001560.525
8295,-2192580.124
8296,-1978773.814
8297,-1673629.471
8298,-1016864.327
8299,-356486.752
8300,-281910.476
8301,-0.000
8302,-0.000
8303,-0.000
8304,-0.000
8305,-0.000
8306,-0.000
8307,-0.000
8308,-0.000
8309,-0.000
8310,-0.000
8311,-0.000
8312,-0.000
8313,-566967.078
8314,-1168340.766
8315,-1562498.237
8316,-1882548.153
8317,-1997522.417
8318,-2274477.101
8319,-2480786.650
8320,-2544216.380
8321,-2244203.014
8322,-1248694.404
8323,-354570.058
8324,-221651.734
8325,-0.000
8326,-0.000
8327,-0.000
8328,-0.000
8329,-0.000
8330,-0.000
8331,-0.000
8332,-0.000
8333,-0.000
8334,-0.000
8335,-0.000
8336,-0.000
8337,-558628.441
8338,-1447768.235
8339,-1848017.464
8340,-2012419.817
8341,-2064637.459
8342,-2279197.979
8343,-2440275.269
8344,-2504309.839
8345,-2188037.333
8346,-1190149.597
8347,-335747.587
8348,-214647.505
8349,-0.000
8350,-0.000
8351,-0.000
8352,-0.000
8353,-0.000
8354,-0.000
8355,-0.000
8356,-0.000
8357,-0.000
8358,-0.000
8359,-0.000
8360,-0.000
8361,-0.000
8362,-532989.351
8363,-1045360.366
8364,-1320805.420
8365,-1488941.615
8366,-1517295.578
8367,-1451008.549
8368,-1456462.629
8369,-1293695.663
8370,-676387.632
8371,-0.000
8372,-0.000
8373,-0.000
8374,-0.000
8375,-0.000
8376,-0.000
8377,-0.000
8378,-0.000
8379,-0.000
8380,-0.000
8381,-0.000
8382,-0.000
8383,-0.000
8384,-0.000
8385,-0.000
8386,-0.000
8387,-715894.874
8388,-1136152.298
8389,-1277027.994
8390,-1333920.531
8391,-1402073.013
8392,-1448680.861
8393,-1200838.057
8394,-269113.706
8395,-0.000
8396,-0.000
8397,-0.000
8398,-0.000
8399,-0.000
8400,-0.000
8401,-0.000
8402,-0.000
8403,-0.000
8404,-0.000
8405,-0.000
8406,-0.000
8407,-221642.929
8408,-322978.386
8409,-1170600.745
8410,-1426467.316
8411,-1812915.169
8412,-2200074.436
8413,-2409597.913
8414,-2696486.046
8415,-2729593.858
8416,-2594176.087
8417,-2290254.951
8418,-1593734.020
8419,-622065.154
8420,-547471.232
8421,-0.000
8422,-0.000
8423,-0.000
8424,-0.000
8425,-0.000
8426,-0.000
8427,-0.000
8428,-0.000
8429,-0.000
8430,-0.000
8431,-11688.639
8432,-299978.898
8433,-1484540.597
8434,-2041609.497
8435,-2481987.167
8436,-2866994.126
8437,-3017336.040
8438,-3287035.103
8439,-3297324.785
8440,-3258081.612
8441,-2869743.419
8442,-1722982.423
8443,-630404.150
8444,-538798.102
8445,-0.000
8446,-0.000
8447,-0.000
8448,-0.000
8449,-0.000
8450,-0.000
8451,-0.000
8452,-0.000
8453,-0.000
8454,-0.000
8455,-0.000
8456,-212190.487
8457,-1009451.691
8458,-1302123.145
8459,-1601866.857
8460,-1874864.870
8461,-2148129.154
8462,-2175522.810
8463,-2368566.587
8464,-2244690.151
8465,-2012486.298
8466,-1294252.150
8467,-408613.048
8468,-221461.760
8469,-0.000
8470,-0.000
8471,-0.000
8472,-0.000
8473,-0.000
8474,-0.000
8475,-0.000
8476,-0.000
8477,-0.000
8478,-0.000
8479,-0.000
8480,-0.000
8481,-40112.779
8482,-755373.224
8483,-1267523.902
8484,-1554061.698
8485,-1705117.843
8486,-1940712.193
8487,-2132959.723
8488,-2289846.922
8489,-1909856.923
8490,-1089500.511
8491,-362502.368
8492,-271899.172
8493,-0.000
8494,-0.000
8495,-0.000
8496,-0.000
8497,-0.000
8498,-0.000
8499,-0.000
8500,-0.000
8501,-0.000
8502,-0.000
8503,-0.000
8504,-0.000
8505,-257198.019
8506,-736321.445
8507,-1141995.939
8508,-1507469.720
8509,-1593165.514
8510,-1861476.562
8511,-2110366.460
8512,-2373099.821
8513,-2120834.849
8514,-1252647.927
8515,-397318.408
8516,-287320.525
8517,-0.000
8518,-0.000
8519,-0.000
8520,-0.000
8521,-0.000
8522,-0.000
8523,-0.000
8524,-0.000
8525,-0.000
8526,-0.000
8527,-0.000
8528,-0.000
8529,-70203.324
8530,-694137.465
8531,-1129548.999
8532,-1426187.610
8533,-1580256.238
8534,-1826180.190
8535,-2040795.702
8536,-2180530.726
8537,-1891211.512
8538,-893342.476
8539,-0.000
8540,-0.000
8541,-0.000
8542,-0.000
8543,-0.000
8544,-0.000
8545,-0.000
8546,-0.000
8547,-0.000
8548,-0.000
8549,-0.000
8550,-0.000
8551,-0.000
8552,-0.000
8553,-0.000
8554,-0.000
8555,-0.000
8556,-616712.869
8557,-1011617.071
8558,-1038401.125
8559,-982381.590
8560,-680194.131
8561,-464209.907
8562,-135660.304
8563,-0.000
8564,-0.000
8565,-0.000
8566,-0.000
8567,-0.000
8568,-0.000
8569,-0.000
8570,-0.000
8571,-0.000
8572,-0.000
8573,-0.000
8574,-0.000
8575,-0.000
8576,-141202.338
8577,-904228.874
8578,-1210247.919
8579,-1602039.756
8580,-1997644.763
8581,-2197654.315
8582,-2451706.417
8583,-2699257.203
8584,-2902747.190
8585,-2593988.962
8586,-1397101.082
8587,-423272.951
8588,-322473.297
8589,-0.000
8590,-0.000
8591,-0.000
8592,-0.000
8593,-0.000
8594,-0.000
8595,-0.000
8596,-0.000
8597,-0.000
8598,-0.000
8599,-0.000
8600,-0.000
8601,-829348.899
8602,-1195249.818
8603,-1482519.942
8604,-1871753.103
8605,-2158062.755
8606,-2351192.674
8607,-2593587.746
8608,-2586586.609
8609,-2294436.377
8610,-1262686.121
8611,-389796.214
8612,-282394.960
8613,-0.000
8614,-0.000
8615,-0.000
8616,-0.000
8617,-0.000
8618,-0.000
8619,-0.000
8620,-0.000
8621,-0.000
8622,-0.000
8623,-0.000
8624,-0.000
8625,-819139.304
8626,-1495468.317
8627,-2164756.809
8628,-2602113.967
8629,-2480734.005
8630,-2756898.100
8631,-2843034.241
8632,-2743213.621
8633,-2536126.699
8634,-1484779.027
8635,-509486.409
8636,-358307.964
8637,-0.000
8638,-0.000
8639,-0.000
8640,-0.000
8641,-0.000
8642,-0.000
8643,-0.000
8644,-0.000
8645,-0.000
8646,-0.000
8647,-0.000
8648,-0.000
8649,-0.000
8650,-382549.881
8651,-907744.951
8652,-1194252.068
8653,-1447129.708
8654,-1645773.140
8655,-1869408.026
8656,-1979523.363
8657,-1742397.306
8658,-931002.791
8659,-212137.810
8660,-135179.444
8661,-0.000
8662,-0.000
8663,-0.000
8664,-0.000
8665,-0.000
8666,-0.000
8667,-0.000
8668,-0.000
8669,-0.000
8670,-0.000
8671,-0.000
8672,-0.000
8673,-108339.390
8674,-908140.962
8675,-1341098.352
8676,-1555565.697
8677,-1651498.904
8678,-1805264.778
8679,-1895345.277
8680,-2055029.434
8681,-1782200.952
8682,-1053658.209
8683,-233115.945
8684,-143310.205
8685,-0.000
8686,-0.000
8687,-0.000
8688,-0.000
8689,-0.000
8690,-0.000
8691,-0.000
8692,-0.000
8693,-0.000
8694,-0.000
8695,-0.000
8696,-0.000
8697,-0.000
8698,-193003.850
8699,-316080.641
8700,-569425.443
8701,-390816.365
8702,-445137.575
8703,-489180.034
8704,-386726.411
8705,-297795.487
8706,-148565.915
8707,-0.000
8708,-0.000
8709,-0.000
8710,-0.000
8711,-0.000
8712,-0.000
8713,-0.000
8714,-0.000
8715,-0.000
8716,-0.000
8717,-0.000
8718,-0.000
8719,-0.000
8720,-0.000
8721,-0.000
8722,-0.000
8723,-0.000
8724,-0.000
8725,-0.000
8726,-0.000
8727,-0.000
8728,-0.000
8729,-9276.695
8730,-0.000
8731,-0.000
8732,-0.000
8733,-0.000
8734,-0.000
8735,-0.000
8736,-0.000
8737,-0.000
8738,-0.000
8739,-0.000
8740,-0.000
8741,-0.000
8742,-0.000
8743,-0.000
8744,-0.000
8745,-750880.102
8746,-972043.938
8747,-1259736.970
8748,-1419476.688
8749,-1541109.031
8750,-1886176.365
8751,-1882494.857
8752,-1525730.736
8753,-1404071.318
8754,-1035505.051
8755,-345636.601
8756,-244403.735
8757,-0.000
8758,-0.000
8759,-0.000
8760,-0.000
