Hour,CoolingLoad_W
1,-0.000
2,-0.000
3,-0.000
4,-0.000
5,-0.000
6,-0.000
7,-0.000
8,-0.000
9,-172209.937
10,-1010399.780
11,-1444774.070
12,-1594389.686
13,-1667272.857
14,-1883440.310
15,-2018698.994
16,-1947255.588
17,-1862782.701
18,-1299993.388
19,-286797.581
20,-148941.595
21,-0.000
22,-0.000
23,-0.000
24,-0.000
25,-0.000
26,-0.000
27,-0.000
28,-0.000
29,-0.000
30,-0.000
31,-0.000
32,-0.000
33,-43186.002
34,-839659.925
35,-1296218.078
36,-1558208.615
37,-1744070.223
38,-1971357.993
39,-2217502.546
40,-2316633.910
41,-2084399.439
42,-1442416.835
43,-314099.856
44,-198229.953
45,-0.000
46,-0.000
47,-0.000
48,-0.000
49,-0.000
50,-0.000
51,-0.000
52,-0.000
53,-0.000
54,-0.000
55,-0.000
56,-0.000
57,-246871.263
58,-1062652.573
59,-1733220.978
60,-1905541.828
61,-1955804.711
62,-2227715.903
63,-2403564.278
64,-2449723.290
65,-2242320.807
66,-1542269.624
67,-320778.576
68,-183663.468
69,-0.000
70,-0.000
71,-0.000
72,-0.000
73,-0.000
74,-0.000
75,-0.000
76,-0.000
77,-0.000
78,-0.000
79,-0.000
80,-0.000
81,-295469.596
82,-1115640.827
83,-1754766.869
84,-1939251.874
85,-1976198.539
86,-2223688.195
87,-2463718.351
88,-2540580.322
89,-2291607.308
90,-1640114.330
91,-384799.247
92,-252471.775
93,-0.000
94,-0.000
95,-0.000
96,-0.000
97,-0.000
98,-0.000
99,-0.000
100,-0.000
101,-0.000
102,-0.000
103,-0.000
104,-0.000
105,-651252.262
106,-1003308.474
107,-1480650.076
108,-2145284.331
109,-2251258.271
110,-2579056.795
111,-2750295.998
112,-2869258.826
113,-2791883.151
114,-1884564.830
115,-480802.628
116,-336771.964
117,-0.000
118,-0.000
119,-0.000
120,-0.000
121,-0.000
122,-0.000
123,-0.000
124,-0.000
125,-0.000
126,-0.000
127,-0.000
128,-0.000
129,-0.000
130,-766138.967
131,-1334208.643
132,-1489509.188
133,-1620015.032
134,-1839001.368
135,-1945040.085
136,-1800860.650
137,-1816780.595
138,-1173060.407
139,-0.000
140,-0.000
141,-0.000
142,-0.000
143,-0.000
144,-0.000
145,-0.000
146,-0.000
147,-0.000
148,-0.000
149,-0.000
150,-0.000
151,-0.000
152,-0.000
153,-0.000
154,-0.000
155,-401031.960
156,-898052.540
157,-989553.905
158,-1116713.876
159,-1229072.953
160,-1267758.262
161,-1227600.505
162,-500497.492
163,-0.000
164,-0.000
165,-0.000
166,-0.000
167,-0.000
168,-0.000
169,-0.000
170,-0.000
171,-0.000
172,-0.000
173,-0.000
174,-0.000
175,-0.000
176,-0.000
177,-0.000
178,-771914.657
179,-1280848.807
180,-1549813.803
181,-1707115.260
182,-1917524.877
183,-2116185.761
184,-2179605.178
185,-2148419.875
186,-1278660.313
187,-225107.874
188,-91631.252
189,-0.000
190,-0.000
191,-0.000
192,-0.000
193,-0.000
194,-0.000
195,-0.000
196,-0.000
197,-0.000
198,-0.000
199,-0.000
200,-0.000
201,-206375.937
202,-947776.384
203,-1395290.105
204,-1368000.000
205,-1336199.334
206,-1430015.618
207,-1667137.607
208,-2157069.237
209,-2099005.239
210,-1255586.571
211,-277694.428
212,-195773.621
213,-0.000
214,-0.000
215,-0.000
216,-0.000
217,-0.000
218,-0.000
219,-0.000
220,-0.000
221,-0.000
222,-0.000
223,-0.000
224,-0.000
225,-104991.701
226,-871666.675
227,-1290581.245
228,-1523746.894
229,-1572288.755
230,-1773863.004
231,-1922743.131
232,-2040228.034
233,-2010268.196
234,-1378495.297
235,-312630.132
236,-194081.891
237,-0.000
238,-0.000
239,-0.000
240,-0.000
241,-0.000
242,-0.000
243,-0.000
244,-0.000
245,-0.000
246,-0.000
247,-0.000
248,-0.000
249,-0.000
250,-97758.526
251,-747191.531
252,-1009120.289
253,-1276047.285
254,-1421173.291
255,-1610975.154
256,-1733003.540
257,-1712022.513
258,-911332.761
259,-87653.943
260,-1896.412
261,-0.000
262,-0.000
263,-0.000
264,-0.000
265,-0.000
266,-0.000
267,-0.000
268,-0.000
269,-0.000
270,-0.000
271,-0.000
272,-0.000
273,-0.000
274,-159237.581
275,-579389.354
276,-781308.409
277,-900793.475
278,-1096435.436
279,-1233686.111
280,-996493.228
281,-850475.151
282,-554161.307
283,-122580.090
284,-53240.616
285,-0.000
286,-0.000
287,-0.000
288,-0.000
289,-0.000
290,-0.000
291,-0.000
292,-0.000
293,-0.000
294,-0.000
295,-0.000
296,-0.000
297,-0.000
298,-0.000
299,-391975.504
300,-889806.821
301,-1032832.929
302,-1178622.718
303,-1224630.070
304,-941483.916
305,-900293.293
306,-529885.129
307,-0.000
308,-0.000
309,-0.000
310,-0.000
311,-0.000
312,-0.000
313,-0.000
314,-0.000
315,-0.000
316,-0.000
317,-0.000
318,-0.000
319,-0.000
320,-0.000
321,-0.000
322,-0.000
323,-0.000
324,-0.000
325,-201442.360
326,-431208.705
327,-348950.842
328,-230272.182
329,-208884.207
330,-86447.404
331,-0.000
332,-0.000
333,-0.000
334,-0.000
335,-0.000
336,-0.000
337,-0.000
338,-0.000
339,-0.000
340,-0.000
341,-0.000
342,-0.000
343,-0.000
344,-0.000
345,-179425.585
346,-937332.097
347,-1356425.458
348,-1645747.144
349,-1792551.960
350,-1975470.970
351,-2211491.734
352,-2303946.825
353,-2137572.926
354,-1402652.165
355,-302070.832
356,-176304.545
357,-0.000
358,-0.000
359,-0.000
360,-0.000
361,-0.000
362,-0.000
363,-0.000
364,-0.000
365,-0.000
366,-0.000
367,-0.000
368,-0.000
369,-322904.132
370,-1189980.763
371,-1686960.461
372,-1860012.682
373,-1870269.543
374,-2222315.649
375,-2367535.180
376,-2395124.832
377,-2390864.658
378,-1646185.671
379,-380708.541
380,-247976.439
381,-0.000
382,-0.000
383,-0.000
384,-0.000
385,-0.000
386,-0.000
387,-0.000
388,-0.000
389,-0.000
390,-0.000
391,-0.000
392,-0.000
393,-310021.476
394,-1029484.231
395,-1420595.955
396,-1642908.106
397,-1643723.343
398,-1799092.047
399,-1869535.036
400,-1898401.179
401,-1981508.915
402,-1356227.555
403,-355008.450
404,-254815.329
405,-0.000
406,-0.000
407,-0.000
408,-0.000
409,-0.000
410,-0.000
411,-0.000
412,-0.000
413,-0.000
414,-0.000
415,-0.000
416,-0.000
417,-0.000
418,-351620.549
419,-734689.337
420,-1068879.526
421,-1511411.292
422,-1793535.841
423,-1837508.619
424,-1396714.135
425,-1302419.593
426,-972485.777
427,-223367.751
428,-126143.557
429,-0.000
430,-0.000
431,-0.000
432,-0.000
433,-0.000
434,-0.000
435,-0.000
436,-0.000
437,-0.000
438,-0.000
439,-0.000
440,-0.000
441,-0.000
442,-538187.983
443,-1185704.146
444,-1466731.382
445,-1674167.476
446,-1847478.995
447,-2003341.664
448,-2047779.983
449,-1997733.459
450,-1199995.437
451,-194550.043
452,-86895.401
453,-0.000
454,-0.000
455,-0.000
456,-0.000
457,-0.000
458,-0.000
459,-0.000
460,-0.000
461,-0.000
462,-0.000
463,-0.000
464,-0.000
465,-0.000
466,-124523.965
467,-976337.804
468,-1159402.224
469,-1214639.729
470,-1400417.028
471,-1421578.725
472,-1388998.677
473,-1183004.404
474,-708772.366
475,-0.000
476,-0.000
477,-0.000
478,-0.000
479,-0.000
480,-0.000
481,-0.000
482,-0.000
483,-0.000
484,-0.000
485,-0.000
486,-0.000
487,-0.000
488,-0.000
489,-0.000
490,-0.000
491,-28434.444
492,-662318.388
493,-764674.395
494,-943004.180
495,-965825.695
496,-601625.897
497,-526520.735
498,-263648.460
499,-0.000
500,-0.000
501,-0.000
502,-0.000
503,-0.000
504,-0.000
505,-0.000
506,-0.000
507,-0.000
508,-0.000
509,-0.000
510,-0.000
511,-0.000
512,-0.000
513,-162118.797
514,-650675.562
515,-817714.015
516,-1021341.928
517,-1025626.725
518,-1005940.525
519,-1129783.952
520,-1129284.385
521,-1028312.031
522,-920354.242
523,-282060.391
524,-190577.126
525,-0.000
526,-0.000
527,-0.000
528,-0.000
529,-0.000
530,-0.000
531,-0.000
532,-0.000
533,-0.000
534,-0.000
535,-0.000
536,-0.000
537,-781524.297
538,-1290292.556
539,-1711498.565
540,-1915274.403
541,-2033719.179
542,-2185435.485
543,-2137216.268
544,-1699761.488
545,-1195106.594
546,-1094507.868
547,-421566.428
548,-347193.972
549,-0.000
550,-0.000
551,-0.000
552,-0.000
553,-0.000
554,-0.000
555,-0.000
556,-0.000
557,-0.000
558,-0.000
559,-0.000
560,-56063.160
561,-868922.360
562,-1016017.890
563,-1195354.823
564,-1425326.879
565,-1689165.597
566,-1654639.023
567,-1984869.062
568,-2121726.275
569,-1934336.122
570,-1494307.884
571,-427101.750
572,-329635.658
573,-0.000
574,-0.000
575,-0.000
576,-0.000
577,-0.000
578,-0.000
579,-0.000
580,-0.000
581,-0.000
582,-0.000
583,-0.000
584,-0.000
585,-386481.322
586,-1073198.088
587,-1588311.915
588,-1889873.050
589,-1911482.933
590,-2126028.992
591,-2240937.627
592,-2234188.059
593,-2230156.156
594,-1796726.607
595,-396953.491
596,-256035.935
597,-0.000
598,-0.000
599,-0.000
600,-0.000
601,-0.000
602,-0.000
603,-0.000
604,-0.000
605,-0.000
606,-0.000
607,-0.000
608,-0.000
609,-443070.107
610,-813809.974
611,-1194497.573
612,-1426505.529
613,-1717667.321
614,-1836370.195
615,-1947627.751
616,-2091191.512
617,-2036489.013
618,-1509129.846
619,-420430.620
620,-303883.422
621,-0.000
622,-0.000
623,-0.000
624,-0.000
625,-0.000
626,-0.000
627,-0.000
628,-0.000
629,-0.000
630,-0.000
631,-0.000
632,-0.000
633,-57607.997
634,-936232.265
635,-1408288.399
636,-1734329.312
637,-1780765.902
638,-1922592.530
639,-2058135.607
640,-1983766.219
641,-1955730.280
642,-1537617.972
643,-0.000
644,-0.000
645,-0.000
646,-0.000
647,-0.000
648,-0.000
649,-0.000
650,-0.000
651,-0.000
652,-0.000
653,-0.000
654,-0.000
655,-0.000
656,-0.000
657,-0.000
658,-0.000
659,-258604.589
660,-714800.266
661,-997154.854
662,-1087544.129
663,-1003945.805
664,-626452.709
665,-369771.364
666,-204927.709
667,-0.000
668,-0.000
669,-0.000
670,-0.000
671,-0.000
672,-0.000
673,-0.000
674,-0.000
675,-0.000
676,-0.000
677,-0.000
678,-0.000
679,-0.000
680,-0.000
681,-305991.578
682,-1030280.383
683,-1473464.495
684,-1722473.030
685,-1855414.767
686,-2089116.673
687,-2280201.162
688,-2360623.540
689,-2324869.939
690,-1720036.412
691,-365253.541
692,-230960.383
693,-0.000
694,-0.000
695,-0.000
696,-0.000
697,-0.000
698,-0.000
699,-0.000
700,-0.000
701,-0.000
702,-0.000
703,-0.000
704,-0.000
705,-0.000
706,-0.000
707,-542863.351
708,-852259.035
709,-1141533.764
710,-1282649.424
711,-1500041.996
712,-1482235.959
713,-1297356.139
714,-938134.790
715,-86665.087
716,-0.000
717,-0.000
718,-0.000
719,-0.000
720,-0.000
721,-0.000
722,-0.000
723,-0.000
724,-0.000
725,-0.000
726,-0.000
727,-0.000
728,-0.000
729,-0.000
730,-0.000
731,-172772.068
732,-392005.168
733,-573455.420
734,-533366.707
735,-546495.538
736,-268277.845
737,-162089.855
738,-56677.860
739,-0.000
740,-0.000
741,-0.000
742,-0.000
743,-0.000
744,-0.000
745,-0.000
746,-0.000
747,-0.000
748,-0.000
749,-0.000
750,-0.000
751,-0.000
752,-0.000
753,-0.000
754,-0.000
755,-0.000
756,-140780.704
757,-510780.603
758,-456606.990
759,-497843.586
760,-451338.288
761,-449886.882
762,-328792.071
763,-10894.572
764,-0.000
765,-0.000
766,-0.000
767,-0.000
768,-0.000
769,-0.000
770,-0.000
771,-0.000
772,-0.000
773,-0.000
774,-0.000
775,-0.000
776,-0.000
777,-0.000
778,-0.000
779,-316071.144
780,-601282.849
781,-802046.805
782,-767830.481
783,-688115.274
784,-834535.106
785,-632282.054
786,-378884.371
787,-22839.740
788,-0.000
789,-0.000
790,-0.000
791,-0.000
792,-0.000
793,-0.000
794,-0.000
795,-0.000
796,-0.000
797,-0.000
798,-0.000
799,-0.000
800,-0.000
801,-0.000
802,-0.000
803,-0.000
804,-0.000
805,-0.000
806,-176226.686
807,-287831.085
808,-98338.823
809,-61876.089
810,-3688.324
811,-0.000
812,-0.000
813,-0.000
814,-0.000
815,-0.000
816,-0.000
817,-0.000
818,-0.000
819,-0.000
820,-0.000
821,-0.000
822,-0.000
823,-0.000
824,-0.000
825,-0.000
826,-0.000
827,-0.000
828,-0.000
829,-181169.444
830,-680625.025
831,-925704.965
832,-1009374.742
833,-986823.405
834,-537535.457
835,-0.000
836,-0.000
837,-0.000
838,-0.000
839,-0.000
840,-0.000
841,-0.000
842,-0.000
843,-0.000
844,-0.000
845,-0.000
846,-0.000
847,-0.000
848,-0.000
849,-0.000
850,-0.000
851,-267552.035
852,-606719.972
853,-849095.991
854,-1070422.375
855,-1274624.254
856,-1041758.402
857,-729023.672
858,-468303.097
859,-62743.806
860,-1641.742
861,-0.000
862,-0.000
863,-0.000
864,-0.000
865,-0.000
866,-0.000
867,-0.000
868,-0.000
869,-0.000
870,-0.000
871,-0.000
872,-0.000
873,-0.000
874,-270866.706
875,-801298.255
876,-1064369.764
877,-1232772.458
878,-1313759.154
879,-1397884.008
880,-1462047.549
881,-1353495.646
882,-933927.911
883,-188910.371
884,-89842.014
885,-0.000
886,-0.000
887,-0.000
888,-0.000
889,-0.000
890,-0.000
891,-0.000
892,-0.000
893,-0.000
894,-0.000
895,-0.000
896,-0.000
897,-197128.339
898,-672502.454
899,-978972.218
900,-1231281.288
901,-1516299.561
902,-1817130.275
903,-2118262.279
904,-1840394.205
905,-1213234.551
906,-1096340.205
907,-300190.264
908,-148467.103
909,-0.000
910,-0.000
911,-0.000
912,-0.000
913,-0.000
914,-0.000
915,-0.000
916,-0.000
917,-0.000
918,-0.000
919,-0.000
920,-0.000
921,-0.000
922,-217515.151
923,-678911.568
924,-860097.313
925,-1116798.771
926,-1325196.742
927,-1549372.145
928,-1539950.668
929,-1358414.002
930,-1011738.583
931,-221922.455
932,-121441.365
933,-0.000
934,-0.000
935,-0.000
936,-0.000
937,-0.000
938,-0.000
939,-0.000
940,-0.000
941,-0.000
942,-0.000
943,-0.000
944,-0.000
945,-0.000
946,-180656.009
947,-620846.124
948,-909155.330
949,-1007528.932
950,-1109184.144
951,-1048244.606
952,-1001451.931
953,-1050683.168
954,-902107.778
955,-176732.435
956,-41874.873
957,-0.000
958,-0.000
959,-0.000
960,-0.000
961,-0.000
962,-0.000
963,-0.000
964,-0.000
965,-0.000
966,-0.000
967,-0.000
968,-0.000
969,-0.000
970,-76045.605
971,-888079.744
972,-1132990.884
973,-1272681.830
974,-1415795.641
975,-1476498.897
976,-1169212.000
977,-889728.374
978,-790093.175
979,-0.000
980,-0.000
981,-0.000
982,-0.000
983,-0.000
984,-0.000
985,-0.000
986,-0.000
987,-0.000
988,-0.000
989,-0.000
990,-0.000
991,-0.000
992,-0.000
993,-0.000
994,-0.000
995,-270615.122
996,-798511.222
997,-916964.150
998,-1036310.479
999,-1132123.740
1000,-1051357.074
1001,-924399.224
1002,-627885.685
1003,-1831.843
1004,-0.000
1005,-0.000
1006,-0.000
1007,-0.000
1008,-0.000
1009,-0.000
1010,-0.000
1011,-0.000
1012,-0.000
1013,-0.000
1014,-0.000
1015,-0.000
1016,-0.000
1017,-561943.053
1018,-1067737.122
1019,-1534042.887
1020,-1780902.274
1021,-1957750.804
1022,-2226731.474
1023,-2382741.584
1024,-2429662.243
1025,-2313693.373
1026,-1911529.371
1027,-417133.237
1028,-236963.971
1029,-0.000
1030,-0.000
1031,-0.000
1032,-0.000
1033,-0.000
1034,-0.000
1035,-0.000
1036,-0.000
1037,-0.000
1038,-0.000
1039,-0.000
1040,-0.000
1041,-374528.019
1042,-722977.456
1043,-853234.692
1044,-817695.262
1045,-890643.979
1046,-762490.623
1047,-709848.447
1048,-633939.757
1049,-539320.715
1050,-453401.572
1051,-97105.858
1052,-2108.614
1053,-0.000
1054,-0.000
1055,-0.000
1056,-0.000
1057,-0.000
1058,-0.000
1059,-0.000
1060,-0.000
1061,-0.000
1062,-0.000
1063,-0.000
1064,-0.000
1065,-0.000
1066,-19334.166
1067,-669724.972
1068,-1024999.055
1069,-1307364.003
1070,-1528100.432
1071,-1776148.177
1072,-1914936.727
1073,-1927608.106
1074,-1543373.456
1075,-263739.698
1076,-113454.723
1077,-0.000
1078,-0.000
1079,-0.000
1080,-0.000
1081,-0.000
1082,-0.000
1083,-0.000
1084,-0.000
1085,-0.000
1086,-0.000
1087,-0.000
1088,-0.000
1089,-90547.321
1090,-887485.660
1091,-1342905.645
1092,-1589980.415
1093,-1688981.424
1094,-1894582.383
1095,-2052771.422
1096,-2040368.257
1097,-1995031.929
1098,-1621723.159
1099,-338927.046
1100,-168502.478
1101,-0.000
1102,-0.000
1103,-0.000
1104,-0.000
1105,-0.000
1106,-0.000
1107,-0.000
1108,-0.000
1109,-0.000
1110,-0.000
1111,-0.000
1112,-0.000
1113,-78806.295
1114,-799111.590
1115,-1231688.619
1116,-1444728.902
1117,-1460563.814
1118,-1651081.099
1119,-1732703.048
1120,-1689815.323
1121,-1574155.375
1122,-1285678.465
1123,-335307.851
1124,-185623.754
1125,-0.000
1126,-0.000
1127,-0.000
1128,-0.000
1129,-0.000
1130,-0.000
1131,-0.000
1132,-0.000
1133,-0.000
1134,-0.000
1135,-0.000
1136,-0.000
1137,-0.000
1138,-0.000
1139,-142293.578
1140,-296702.956
1141,-319937.592
1142,-338528.539
1143,-279813.775
1144,-365161.902
1145,-328492.805
1146,-296823.691
1147,-0.000
1148,-0.000
1149,-0.000
1150,-0.000
1151,-0.000
1152,-0.000
1153,-0.000
1154,-0.000
1155,-0.000
1156,-0.000
1157,-0.000
1158,-0.000
1159,-0.000
1160,-0.000
1161,-0.000
1162,-0.000
1163,-0.000
1164,-0.000
1165,-309907.878
1166,-592724.851
1167,-522310.670
1168,-396766.919
1169,-474210.398
1170,-248662.622
1171,-0.000
1172,-0.000
1173,-0.000
1174,-0.000
1175,-0.000
1176,-0.000
1177,-0.000
1178,-0.000
1179,-0.000
1180,-0.000
1181,-0.000
1182,-0.000
1183,-0.000
1184,-0.000
1185,-0.000
1186,-0.000
1187,-0.000
1188,-0.000
1189,-106120.480
1190,-113273.888
1191,-59109.000
1192,-0.000
1193,-0.000
1194,-0.000
1195,-0.000
1196,-0.000
1197,-0.000
1198,-0.000
1199,-0.000
1200,-0.000
1201,-0.000
1202,-0.000
1203,-0.000
1204,-0.000
1205,-0.000
1206,-0.000
1207,-0.000
1208,-0.000
1209,-0.000
1210,-0.000
1211,-0.000
1212,-0.000
1213,-0.000
1214,-0.000
1215,-0.000
1216,-0.000
1217,-0.000
1218,-0.000
1219,-0.000
1220,-0.000
1221,-0.000
1222,-0.000
1223,-0.000
1224,-0.000
1225,-0.000
1226,-0.000
1227,-0.000
1228,-0.000
1229,-0.000
1230,-0.000
1231,-0.000
1232,-0.000
1233,-0.000
1234,-0.000
1235,-0.000
1236,-0.000
1237,-0.000
1238,-0.000
1239,-0.000
1240,-0.000
1241,-0.000
1242,-0.000
1243,-0.000
1244,-0.000
1245,-0.000
1246,-0.000
1247,-0.000
1248,-0.000
1249,-0.000
1250,-0.000
1251,-0.000
1252,-0.000
1253,-0.000
1254,-0.000
1255,-0.000
1256,-0.000
1257,-0.000
1258,-0.000
1259,-0.000
1260,-0.000
1261,-0.000
1262,-0.000
1263,-0.000
1264,-0.000
1265,-0.000
1266,-0.000
1267,-0.000
1268,-0.000
1269,-0.000
1270,-0.000
1271,-0.000
1272,-0.000
1273,-0.000
1274,-0.000
1275,-0.000
1276,-0.000
1277,-0.000
1278,-0.000
1279,-0.000
1280,-0.000
1281,-0.000
1282,-0.000
1283,-0.000
1284,-0.000
1285,-0.000
1286,-9568.882
1287,-250242.166
1288,-660941.470
1289,-692827.243
1290,-588154.507
1291,-24124.387
1292,-0.000
1293,-0.000
1294,-0.000
1295,-0.000
1296,-0.000
1297,-0.000
1298,-0.000
1299,-0.000
1300,-0.000
1301,-0.000
1302,-0.000
1303,-0.000
1304,-0.000
1305,-0.000
1306,-0.000
1307,-0.000
1308,-232869.570
1309,-583517.106
1310,-814574.169
1311,-937062.410
1312,-967866.197
1313,-940761.729
1314,-737972.385
1315,-0.000
1316,-0.000
1317,-0.000
1318,-0.000
1319,-0.000
1320,-0.000
1321,-0.000
1322,-0.000
1323,-0.000
1324,-0.000
1325,-0.000
1326,-0.000
1327,-0.000
1328,-0.000
1329,-0.000
1330,-0.000
1331,-0.000
1332,-0.000
1333,-417980.345
1334,-639669.574
1335,-889288.281
1336,-968332.583
1337,-902169.216
1338,-649950.799
1339,-0.000
1340,-0.000
1341,-0.000
1342,-0.000
1343,-0.000
1344,-0.000
1345,-0.000
1346,-0.000
1347,-0.000
1348,-0.000
1349,-0.000
1350,-0.000
1351,-0.000
1352,-0.000
1353,-0.000
1354,-834975.222
1355,-1377547.785
1356,-1575156.093
1357,-1670411.870
1358,-1891911.744
1359,-2103099.659
1360,-2202972.751
1361,-2201497.440
1362,-1827860.524
1363,-356903.590
1364,-146205.337
1365,-0.000
1366,-0.000
1367,-0.000
1368,-0.000
1369,-0.000
1370,-0.000
1371,-0.000
1372,-0.000
1373,-0.000
1374,-0.000
1375,-0.000
1376,-0.000
1377,-64369.188
1378,-1060523.789
1379,-1802723.561
1380,-2052248.070
1381,-1990161.594
1382,-2242240.574
1383,-2393591.902
1384,-2433099.433
1385,-2307971.597
1386,-1884223.417
1387,-393409.371
1388,-217541.689
1389,-0.000
1390,-0.000
1391,-0.000
1392,-0.000
1393,-0.000
1394,-0.000
1395,-0.000
1396,-0.000
1397,-0.000
1398,-0.000
1399,-0.000
1400,-0.000
1401,-496940.304
1402,-1018121.330
1403,-1520173.133
1404,-1825947.591
1405,-1853201.273
1406,-2167071.304
1407,-2413224.438
1408,-2389997.098
1409,-2344755.012
1410,-1937187.579
1411,-502435.191
1412,-315000.104
1413,-0.000
1414,-0.000
1415,-0.000
1416,-0.000
1417,-0.000
1418,-0.000
1419,-0.000
1420,-0.000
1421,-0.000
1422,-0.000
1423,-0.000
1424,-96747.366
1425,-856572.870
1426,-1059740.354
1427,-1331236.255
1428,-1699035.901
1429,-2004725.623
1430,-2314627.521
1431,-2550008.909
1432,-2947584.177
1433,-2993181.581
1434,-2510095.068
1435,-659988.635
1436,-469630.449
1437,-0.000
1438,-0.000
1439,-0.000
1440,-0.000
1441,-0.000
1442,-0.000
1443,-0.000
1444,-0.000
1445,-0.000
1446,-0.000
1447,-0.000
1448,-0.000
1449,-974740.269
1450,-1527954.031
1451,-1994665.165
1452,-2202671.189
1453,-2124505.875
1454,-2478699.429
1455,-2670117.728
1456,-2665908.925
1457,-2484127.918
1458,-2117968.494
1459,-716118.106
1460,-389851.929
1461,-0.000
1462,-0.000
1463,-0.000
1464,-0.000
1465,-0.000
1466,-0.000
1467,-0.000
1468,-0.000
1469,-0.000
1470,-0.000
1471,-0.000
1472,-0.000
1473,-42730.828
1474,-823213.711
1475,-1280772.977
1476,-1472121.874
1477,-1463662.957
1478,-1611670.025
1479,-1762455.752
1480,-1809359.479
1481,-1730282.796
1482,-1495931.007
1483,-0.000
1484,-0.000
1485,-0.000
1486,-0.000
1487,-0.000
1488,-0.000
1489,-0.000
1490,-0.000
1491,-0.000
1492,-0.000
1493,-0.000
1494,-0.000
1495,-0.000
1496,-0.000
1497,-0.000
1498,-871.192
1499,-731649.814
1500,-989216.645
1501,-1001438.204
1502,-1100529.502
1503,-1210539.787
1504,-1262795.190
1505,-1171334.594
1506,-920373.678
1507,-195700.936
1508,-0.000
1509,-0.000
1510,-0.000
1511,-0.000
1512,-0.000
1513,-0.000
1514,-0.000
1515,-0.000
1516,-0.000
1517,-0.000
1518,-0.000
1519,-0.000
1520,-0.000
1521,-920707.494
1522,-1424760.707
1523,-1862378.292
1524,-2168624.684
1525,-2371197.358
1526,-2706959.172
1527,-2935299.064
1528,-2977709.352
1529,-2946609.469
1530,-2562313.002
1531,-858248.372
1532,-483751.784
1533,-0.000
1534,-0.000
1535,-0.000
1536,-0.000
1537,-0.000
1538,-0.000
1539,-0.000
1540,-0.000
1541,-0.000
1542,-0.000
1543,-0.000
1544,-49065.404
1545,-881376.313
1546,-1435409.130
1547,-1844216.633
1548,-1969610.700
1549,-1931295.052
1550,-2165529.772
1551,-2346952.065
1552,-2445908.375
1553,-2389680.204
1554,-2115320.826
1555,-658971.251
1556,-316089.387
1557,-0.000
1558,-0.000
1559,-0.000
1560,-0.000
1561,-0.000
1562,-0.000
1563,-0.000
1564,-0.000
1565,-0.000
1566,-0.000
1567,-0.000
1568,-0.000
1569,-628479.068
1570,-1112804.134
1571,-1455033.209
1572,-1612383.699
1573,-1793286.993
1574,-1918394.104
1575,-1885867.256
1576,-1892349.930
1577,-2161730.062
1578,-1981049.949
1579,-623024.983
1580,-269618.735
1581,-0.000
1582,-0.000
1583,-0.000
1584,-0.000
1585,-0.000
1586,-0.000
1587,-0.000
1588,-0.000
1589,-0.000
1590,-0.000
1591,-0.000
1592,-0.000
1593,-3243.440
1594,-575254.038
1595,-952837.595
1596,-1138502.984
1597,-1253124.056
1598,-1382137.374
1599,-1541051.945
1600,-1594002.955
1601,-1569222.385
1602,-1316802.529
1603,-330601.677
1604,-34511.795
1605,-0.000
1606,-0.000
1607,-0.000
1608,-0.000
1609,-0.000
1610,-0.000
1611,-0.000
1612,-0.000
1613,-0.000
1614,-0.000
1615,-0.000
1616,-0.000
1617,-42705.070
1618,-792186.214
1619,-1166012.367
1620,-1336353.305
1621,-1424106.087
1622,-1583009.236
1623,-1770238.861
1624,-1858262.004
1625,-1870089.219
1626,-1631259.751
1627,-482225.164
1628,-176398.306
1629,-0.000
1630,-0.000
1631,-0.000
1632,-0.000
1633,-0.000
1634,-0.000
1635,-0.000
1636,-0.000
1637,-0.000
1638,-0.000
1639,-0.000
1640,-0.000
1641,-0.000
1642,-715411.436
1643,-1152223.564
1644,-1277562.604
1645,-1331955.791
1646,-1501850.656
1647,-1655294.117
1648,-1696800.306
1649,-1590886.655
1650,-1377126.431
1651,-0.000
1652,-0.000
1653,-0.000
1654,-0.000
1655,-0.000
1656,-0.000
1657,-0.000
1658,-0.000
1659,-0.000
1660,-0.000
1661,-0.000
1662,-0.000
1663,-0.000
1664,-0.000
1665,-0.000
1666,-34353.992
1667,-754661.026
1668,-971330.190
1669,-937339.249
1670,-1019931.142
1671,-1120358.887
1672,-1116905.279
1673,-1039668.345
1674,-830422.581
1675,-141819.299
1676,-0.000
1677,-0.000
1678,-0.000
1679,-0.000
1680,-0.000
1681,-0.000
1682,-0.000
1683,-0.000
1684,-0.000
1685,-0.000
1686,-0.000
1687,-0.000
1688,-0.000
1689,-1135745.586
1690,-1629860.772
1691,-2071224.469
1692,-2277372.554
1693,-2104605.420
1694,-2377504.161
1695,-2507461.019
1696,-2539519.272
1697,-2518855.003
1698,-2242520.101
1699,-745332.529
1700,-413748.986
1701,-0.000
1702,-0.000
1703,-0.000
1704,-0.000
1705,-0.000
1706,-0.000
1707,-0.000
1708,-0.000
1709,-0.000
1710,-0.000
1711,-59845.899
1712,-266706.315
1713,-1273013.033
1714,-1721268.128
1715,-2156019.947
1716,-2423304.659
1717,-2452448.689
1718,-2751377.665
1719,-2975958.256
1720,-2986932.091
1721,-2936671.309
1722,-2603605.620
1723,-887998.016
1724,-524300.572
1725,-0.000
1726,-0.000
1727,-0.000
1728,-0.000
1729,-0.000
1730,-0.000
1731,-0.000
1732,-0.000
1733,-0.000
1734,-0.000
1735,-135288.578
1736,-385429.206
1737,-1707716.063
1738,-2100626.771
1739,-2389314.374
1740,-2578765.940
1741,-2630907.343
1742,-2946959.244
1743,-3183596.937
1744,-3215242.726
1745,-3157161.122
1746,-2783814.143
1747,-982603.979
1748,-602050.161
1749,-0.000
1750,-0.000
1751,-0.000
1752,-0.000
1753,-0.000
1754,-0.000
1755,-0.000
1756,-0.000
1757,-0.000
1758,-0.000
1759,-296274.349
1760,-392629.599
1761,-1509431.514
1762,-1857451.457
1763,-2214146.690
1764,-2465483.987
1765,-2569565.208
1766,-2957405.543
1767,-3201110.240
1768,-3242051.180
1769,-3098780.399
1770,-2675350.691
1771,-953680.586
1772,-619961.080
1773,-0.000
1774,-0.000
1775,-0.000
1776,-0.000
1777,-0.000
1778,-0.000
1779,-0.000
1780,-0.000
1781,-0.000
1782,-0.000
1783,-355016.372
1784,-398934.509
1785,-1422709.375
1786,-1811226.136
1787,-2178254.108
1788,-2381600.764
1789,-2399525.215
1790,-2706014.610
1791,-2872533.054
1792,-2583246.741
1793,-2353946.784
1794,-2229978.582
1795,-930223.062
1796,-575435.965
1797,-0.000
1798,-0.000
1799,-0.000
1800,-0.000
1801,-0.000
1802,-0.000
1803,-0.000
1804,-0.000
1805,-0.000
1806,-0.000
1807,-0.000
1808,-0.000
1809,-1082039.450
1810,-1454170.470
1811,-1664982.751
1812,-1790867.191
1813,-1956241.810
1814,-2191629.119
1815,-2363590.609
1816,-2354585.710
1817,-2217742.435
1818,-1849936.406
1819,-50847.145
1820,-93575.618
1821,-82036.140
1822,-59792.440
1823,-34604.484
1824,-17425.266
1825,-0.000
1826,-0.000
1827,-0.000
1828,-0.000
1829,-0.000
1830,-0.000
1831,-0.000
1832,-0.000
1833,-0.000
1834,-595861.802
1835,-998417.968
1836,-1064462.383
1837,-1282110.523
1838,-1432264.380
1839,-1439941.722
1840,-1345126.879
1841,-1341147.398
1842,-1160443.436
1843,-377073.565
1844,-92881.071
1845,-27395.042
1846,-0.000
1847,-0.000
1848,-0.000
1849,-0.000
1850,-0.000
1851,-0.000
1852,-0.000
1853,-0.000
1854,-0.000
1855,-639559.228
1856,-583501.896
1857,-1806640.280
1858,-2051387.535
1859,-2362639.837
1860,-2489577.782
1861,-2410226.688
1862,-2790280.559
1863,-3021855.233
1864,-3148945.825
1865,-3101866.956
1866,-2772179.370
1867,-1005506.805
1868,-692404.641
1869,-0.000
1870,-0.000
1871,-0.000
1872,-0.000
1873,-0.000
1874,-0.000
1875,-0.000
1876,-0.000
1877,-0.000
1878,-0.000
1879,-593208.637
1880,-572877.829
1881,-1786424.271
1882,-1927274.791
1883,-2063988.668
1884,-2009606.681
1885,-1964457.075
1886,-2237180.736
1887,-2321205.231
1888,-2173518.655
1889,-2091142.713
1890,-2006006.721
1891,-823535.261
1892,-648482.438
1893,-0.000
1894,-0.000
1895,-0.000
1896,-0.000
1897,-0.000
1898,-0.000
1899,-0.000
1900,-0.000
1901,-0.000
1902,-0.000
1903,-626929.994
1904,-594327.291
1905,-1864294.577
1906,-2171607.571
1907,-2574211.011
1908,-2807014.540
1909,-2639475.576
1910,-3079353.738
1911,-3109694.853
1912,-2952033.064
1913,-2785697.906
1914,-2587147.855
1915,-988940.646
1916,-782641.443
1917,-0.000
1918,-0.000
1919,-0.000
1920,-0.000
1921,-0.000
1922,-0.000
1923,-0.000
1924,-0.000
1925,-0.000
1926,-0.000
1927,-761006.617
1928,-687398.642
1929,-2097345.176
1930,-2418703.100
1931,-2548243.320
1932,-2777613.805
1933,-2656083.321
1934,-3041688.744
1935,-3151671.443
1936,-3181305.904
1937,-3001602.552
1938,-2716405.776
1939,-1201962.499
1940,-916136.163
1941,-0.000
1942,-0.000
1943,-0.000
1944,-0.000
1945,-0.000
1946,-0.000
1947,-0.000
1948,-0.000
1949,-0.000
1950,-0.000
1951,-0.000
1952,-0.000
1953,-118947.148
1954,-289063.975
1955,-337715.501
1956,-432300.842
1957,-599897.546
1958,-498942.891
1959,-513775.896
1960,-501862.382
1961,-392419.238
1962,-331671.192
1963,-34416.061
1964,-0.000
1965,-0.000
1966,-0.000
1967,-0.000
1968,-0.000
1969,-0.000
1970,-0.000
1971,-0.000
1972,-0.000
1973,-0.000
1974,-0.000
1975,-0.000
1976,-0.000
1977,-0.000
1978,-142669.052
1979,-638946.571
1980,-1007453.663
1981,-1086812.488
1982,-1058650.801
1983,-916254.403
1984,-618769.730
1985,-563941.705
1986,-507301.492
1987,-0.000
1988,-0.000
1989,-0.000
1990,-0.000
1991,-0.000
1992,-0.000
1993,-0.000
1994,-0.000
1995,-0.000
1996,-0.000
1997,-0.000
1998,-0.000
1999,-0.000
2000,-0.000
2001,-0.000
2002,-518673.827
2003,-846734.512
2004,-907409.307
2005,-929524.976
2006,-1110836.101
2007,-1159900.284
2008,-684408.405
2009,-703969.986
2010,-611599.252
2011,-354522.216
2012,-109702.676
2013,-80750.437
2014,-58876.288
2015,-50028.373
2016,-52579.315
2017,-53215.423
2018,-46268.902
2019,-40077.556
2020,-29875.889
2021,-6095.343
2022,-0.000
2023,-1409175.838
2024,-846525.632
2025,-2504081.663
2026,-2751668.045
2027,-2990094.926
2028,-3031543.788
2029,-2614996.271
2030,-3088342.257
2031,-3330171.086
2032,-3497894.542
2033,-3345635.832
2034,-3185143.707
2035,-1298033.190
2036,-1006793.490
2037,-0.000
2038,-0.000
2039,-145488.946
2040,-136636.475
2041,-39234.896
2042,-0.000
2043,-0.000
2044,-0.000
2045,-0.000
2046,-0.000
2047,-292675.386
2048,-354678.901
2049,-1197680.121
2050,-1527401.025
2051,-1946597.942
2052,-2125996.023
2053,-2058536.191
2054,-2087679.263
2055,-2101680.353
2056,-1915820.026
2057,-1628789.418
2058,-1533101.054
2059,-674288.013
2060,-532264.320
2061,-0.000
2062,-0.000
2063,-0.000
2064,-0.000
2065,-0.000
2066,-0.000
2067,-0.000
2068,-0.000
2069,-0.000
2070,-0.000
2071,-0.000
2072,-0.000
2073,-110135.732
2074,-532597.122
2075,-644798.727
2076,-736707.742
2077,-801287.926
2078,-888223.790
2079,-885498.611
2080,-691634.773
2081,-748262.249
2082,-760661.145
2083,-296167.587
2084,-217368.459
2085,-0.000
2086,-0.000
2087,-0.000
2088,-0.000
2089,-0.000
2090,-0.000
2091,-0.000
2092,-0.000
2093,-0.000
2094,-0.000
2095,-0.000
2096,-0.000
2097,-539738.989
2098,-975254.871
2099,-1171200.385
2100,-1248521.871
2101,-1391608.730
2102,-1459512.152
2103,-1473786.084
2104,-1492657.284
2105,-1522368.926
2106,-1510157.021
2107,-675054.857
2108,-437231.069
2109,-0.000
2110,-0.000
2111,-0.000
2112,-0.000
2113,-0.000
2114,-0.000
2115,-0.000
2116,-0.000
2117,-0.000
2118,-0.000
2119,-114461.036
2120,-359768.408
2121,-1426716.868
2122,-1688312.011
2123,-1925155.138
2124,-2135866.865
2125,-2134802.277
2126,-2374849.837
2127,-2576266.077
2128,-2735256.955
2129,-2693241.405
2130,-2441857.262
2131,-1045447.480
2132,-599900.941
2133,-0.000
2134,-0.000
2135,-0.000
2136,-0.000
2137,-0.000
2138,-0.000
2139,-0.000
2140,-0.000
2141,-0.000
2142,-0.000
2143,-0.000
2144,-0.000
2145,-1193681.183
2146,-1443620.765
2147,-1643558.902
2148,-1748065.141
2149,-1823505.194
2150,-2009082.471
2151,-2099389.812
2152,-2080869.026
2153,-2082475.448
2154,-1910050.557
2155,-142212.452
2156,-64260.552
2157,-28889.090
2158,-13662.000
2159,-2466.240
2160,-0.000
2161,-0.000
2162,-0.000
2163,-0.000
2164,-0.000
2165,-0.000
2166,-0.000
2167,-0.000
2168,-0.000
2169,-0.000
2170,-0.000
2171,-295844.615
2172,-517848.637
2173,-404904.453
2174,-345466.363
2175,-289584.130
2176,-287573.621
2177,-190761.320
2178,-7452.667
2179,-0.000
2180,-0.000
2181,-0.000
2182,-0.000
2183,-0.000
2184,-0.000
2185,-0.000
2186,-0.000
2187,-0.000
2188,-0.000
2189,-0.000
2190,-0.000
2191,-0.000
2192,-0.000
2193,-0.000
2194,-0.000
2195,-144633.487
2196,-320930.050
2197,-530394.259
2198,-452783.515
2199,-424831.230
2200,-411194.650
2201,-326373.600
2202,-262181.430
2203,-33858.122
2204,-0.000
2205,-0.000
2206,-0.000
2207,-0.000
2208,-0.000
2209,-0.000
2210,-0.000
2211,-0.000
2212,-0.000
2213,-0.000
2214,-0.000
2215,-0.000
2216,-0.000
2217,-0.000
2218,-341123.360
2219,-747294.970
2220,-1019157.282
2221,-1129743.964
2222,-1293202.598
2223,-1478920.241
2224,-1583979.226
2225,-1613369.893
2226,-1480287.736
2227,-555283.712
2228,-186179.343
2229,-0.000
2230,-0.000
2231,-0.000
2232,-0.000
2233,-0.000
2234,-0.000
2235,-0.000
2236,-0.000
2237,-0.000
2238,-0.000
2239,-0.000
2240,-0.000
2241,-413358.680
2242,-860869.930
2243,-1118913.884
2244,-1220027.032
2245,-1253740.578
2246,-1411061.258
2247,-1565459.959
2248,-1669139.950
2249,-1758728.365
2250,-1664346.310
2251,-631635.670
2252,-216939.546
2253,-0.000
2254,-0.000
2255,-0.000
2256,-0.000
2257,-0.000
2258,-0.000
2259,-0.000
2260,-0.000
2261,-0.000
2262,-0.000
2263,-0.000
2264,-0.000
2265,-840099.129
2266,-1377584.200
2267,-1583312.359
2268,-1665487.630
2269,-1636170.801
2270,-1904697.336
2271,-2122962.398
2272,-2216931.113
2273,-2227999.036
2274,-2095470.217
2275,-828465.383
2276,-384597.230
2277,-0.000
2278,-0.000
2279,-0.000
2280,-0.000
2281,-0.000
2282,-0.000
2283,-0.000
2284,-0.000
2285,-0.000
2286,-0.000
2287,-0.000
2288,-92348.174
2289,-1284474.905
2290,-1623790.371
2291,-2025274.705
2292,-2156329.506
2293,-1978654.573
2294,-2261098.255
2295,-2409745.439
2296,-2458829.380
2297,-2400832.436
2298,-2179062.543
2299,-866660.573
2300,-465110.152
2301,-0.000
2302,-0.000
2303,-0.000
2304,-0.000
2305,-0.000
2306,-0.000
2307,-0.000
2308,-0.000
2309,-0.000
2310,-0.000
2311,-0.000
2312,-0.000
2313,-673115.483
2314,-1179639.997
2315,-1473576.222
2316,-1559399.664
2317,-1530771.997
2318,-1624531.027
2319,-1750653.531
2320,-1755230.643
2321,-1670344.943
2322,-1496086.622
2323,-10747.905
2324,-0.000
2325,-0.000
2326,-0.000
2327,-0.000
2328,-0.000
2329,-0.000
2330,-0.000
2331,-0.000
2332,-0.000
2333,-0.000
2334,-0.000
2335,-0.000
2336,-0.000
2337,-0.000
2338,-484812.822
2339,-736799.794
2340,-753502.068
2341,-749704.062
2342,-864752.897
2343,-962587.730
2344,-1014193.950
2345,-980546.685
2346,-845946.539
2347,-285656.523
2348,-0.000
2349,-0.000
2350,-0.000
2351,-0.000
2352,-0.000
2353,-0.000
2354,-0.000
2355,-0.000
2356,-0.000
2357,-0.000
2358,-0.000
2359,-0.000
2360,-339575.227
2361,-1324355.699
2362,-1784090.883
2363,-2082578.590
2364,-2053358.162
2365,-1916068.476
2366,-2199730.134
2367,-2384629.182
2368,-2465630.775
2369,-2468042.889
2370,-2327414.491
2371,-938991.986
2372,-477413.846
2373,-0.000
2374,-0.000
2375,-0.000
2376,-0.000
2377,-0.000
2378,-0.000
2379,-0.000
2380,-0.000
2381,-0.000
2382,-0.000
2383,-14511.736
2384,-404709.541
2385,-1491865.434
2386,-1822277.742
2387,-2184325.947
2388,-2339985.154
2389,-2178611.537
2390,-2483683.732
2391,-2633768.973
2392,-2687813.616
2393,-2680936.091
2394,-2536612.448
2395,-1017370.558
2396,-550142.193
2397,-0.000
2398,-0.000
2399,-0.000
2400,-0.000
2401,-0.000
2402,-0.000
2403,-0.000
2404,-0.000
2405,-0.000
2406,-0.000
2407,-421689.046
2408,-611004.077
2409,-1895032.601
2410,-2114342.436
2411,-2397570.832
2412,-2531786.630
2413,-2358955.533
2414,-2700069.384
2415,-2880116.905
2416,-2890944.763
2417,-2932569.415
2418,-2833164.951
2419,-1396156.756
2420,-740874.242
2421,-0.000
2422,-0.000
2423,-0.000
2424,-0.000
2425,-0.000
2426,-0.000
2427,-0.000
2428,-0.000
2429,-0.000
2430,-0.000
2431,-540424.440
2432,-676181.891
2433,-2147299.617
2434,-2402716.760
2435,-2584446.433
2436,-2604447.607
2437,-2371911.966
2438,-2795574.211
2439,-2945212.446
2440,-3003414.093
2441,-3040345.840
2442,-3048262.185
2443,-1484754.928
2444,-859954.087
2445,-0.000
2446,-0.000
2447,-0.000
2448,-47888.482
2449,-549.836
2450,-0.000
2451,-0.000
2452,-0.000
2453,-0.000
2454,-0.000
2455,-1247078.547
2456,-842594.470
2457,-2391139.486
2458,-2593568.692
2459,-2724995.635
2460,-2652407.830
2461,-2412233.376
2462,-2770155.701
2463,-2911379.019
2464,-2955572.096
2465,-2926017.682
2466,-2889207.906
2467,-1453913.496
2468,-865199.890
2469,-0.000
2470,-0.000
2471,-66453.850
2472,-119697.347
2473,-65632.002
2474,-22925.950
2475,-0.000
2476,-0.000
2477,-0.000
2478,-0.000
2479,-0.000
2480,-0.000
2481,-1383498.388
2482,-1340495.409
2483,-1534602.291
2484,-1605927.791
2485,-1613877.956
2486,-1795595.651
2487,-1981781.164
2488,-2093159.893
2489,-2106087.793
2490,-2001579.667
2491,-391972.153
2492,-183411.360
2493,-133619.002
2494,-107311.520
2495,-83326.141
2496,-63931.785
2497,-0.000
2498,-0.000
2499,-0.000
2500,-0.000
2501,-0.000
2502,-0.000
2503,-0.000
2504,-29954.252
2505,-449662.430
2506,-661358.064
2507,-784243.186
2508,-819168.883
2509,-806133.857
2510,-896246.006
2511,-1005273.587
2512,-1090344.511
2513,-1091964.355
2514,-1015774.323
2515,-553103.492
2516,-18663.123
2517,-0.000
2518,-0.000
2519,-0.000
2520,-0.000
2521,-0.000
2522,-0.000
2523,-0.000
2524,-0.000
2525,-0.000
2526,-0.000
2527,-439964.269
2528,-459710.108
2529,-1421489.582
2530,-1655473.005
2531,-1913114.015
2532,-2013067.566
2533,-2041081.526
2534,-2327668.665
2535,-2374507.596
2536,-2247435.627
2537,-1938684.265
2538,-1577978.789
2539,-710030.057
2540,-515665.613
2541,-0.000
2542,-0.000
2543,-0.000
2544,-0.000
2545,-0.000
2546,-0.000
2547,-0.000
2548,-0.000
2549,-0.000
2550,-0.000
2551,-185743.343
2552,-153546.286
2553,-857420.267
2554,-1077860.052
2555,-1336112.197
2556,-1386770.765
2557,-1455680.236
2558,-1572703.335
2559,-1754960.877
2560,-1917965.092
2561,-1787438.369
2562,-1658313.030
2563,-838280.274
2564,-452763.925
2565,-0.000
2566,-0.000
2567,-0.000
2568,-0.000
2569,-0.000
2570,-0.000
2571,-0.000
2572,-0.000
2573,-0.000
2574,-0.000
2575,-251658.997
2576,-414750.239
2577,-1350090.364
2578,-1531932.916
2579,-1645992.001
2580,-1665818.185
2581,-1702129.986
2582,-1815933.277
2583,-1915179.447
2584,-2046638.444
2585,-1855588.098
2586,-1522979.474
2587,-700922.462
2588,-464770.678
2589,-0.000
2590,-0.000
2591,-0.000
2592,-0.000
2593,-0.000
2594,-0.000
2595,-0.000
2596,-0.000
2597,-0.000
2598,-0.000
2599,-0.000
2600,-55852.869
2601,-867481.612
2602,-1152251.733
2603,-1307799.268
2604,-1346213.825
2605,-1407821.040
2606,-1641718.571
2607,-1710702.602
2608,-1777347.424
2609,-1802698.638
2610,-1711663.227
2611,-757584.322
2612,-394051.266
2613,-0.000
2614,-0.000
2615,-0.000
2616,-0.000
2617,-0.000
2618,-0.000
2619,-0.000
2620,-0.000
2621,-0.000
2622,-0.000
2623,-160304.196
2624,-337379.468
2625,-1280117.949
2626,-1586771.801
2627,-1801785.835
2628,-1888544.006
2629,-1877459.356
2630,-2186056.584
2631,-2299826.319
2632,-2490213.756
2633,-2489457.971
2634,-2328830.168
2635,-1098254.938
2636,-551997.298
2637,-0.000
2638,-0.000
2639,-0.000
2640,-0.000
2641,-0.000
2642,-0.000
2643,-0.000
2644,-0.000
2645,-0.000
2646,-0.000
2647,-0.000
2648,-0.000
2649,-1126674.390
2650,-1322842.337
2651,-1514287.450
2652,-1588776.920
2653,-1611921.791
2654,-1773493.279
2655,-1936890.253
2656,-2066018.928
2657,-2107104.067
2658,-2032455.047
2659,-357430.754
2660,-97631.691
2661,-68642.110
2662,-49479.250
2663,-30426.831
2664,-24363.264
2665,-0.000
2666,-0.000
2667,-0.000
2668,-0.000
2669,-0.000
2670,-0.000
2671,-0.000
2672,-50276.978
2673,-543171.858
2674,-847154.499
2675,-922234.731
2676,-883060.597
2677,-943591.853
2678,-1075393.324
2679,-1153882.060
2680,-1202750.021
2681,-1243942.420
2682,-1154620.862
2683,-583762.302
2684,-125465.842
2685,-98176.418
2686,-85739.622
2687,-65037.981
2688,-52107.522
2689,-47996.294
2690,-49086.554
2691,-52818.862
2692,-40040.810
2693,-31633.098
2694,-39315.680
2695,-1473118.557
2696,-935800.391
2697,-2559061.573
2698,-2807214.211
2699,-2944789.253
2700,-2989378.755
2701,-2659337.624
2702,-3167789.163
2703,-3252644.696
2704,-3288894.996
2705,-3258635.668
2706,-3150524.792
2707,-1497822.078
2708,-995685.294
2709,-0.000
2710,-42673.185
2711,-150583.163
2712,-162623.109
2713,-94739.676
2714,-56422.271
2715,-30844.375
2716,-18018.357
2717,-2465.288
2718,-0.000
2719,-1439882.784
2720,-1004473.046
2721,-2745272.268
2722,-2966874.090
2723,-3101721.889
2724,-3107452.972
2725,-2743913.730
2726,-3278892.164
2727,-3441669.877
2728,-3509086.274
2729,-3508634.445
2730,-3529840.288
2731,-1658026.401
2732,-1121512.853
2733,-0.000
2734,-115719.936
2735,-247622.131
2736,-269437.129
2737,-213289.175
2738,-197529.041
2739,-187039.386
2740,-176419.958
2741,-163937.494
2742,-152452.204
2743,-1238323.021
2744,-1123123.763
2745,-3007665.171
2746,-3151753.606
2747,-3262850.780
2748,-3270083.517
2749,-2872011.830
2750,-3418025.558
2751,-3544807.222
2752,-3614720.647
2753,-3627980.865
2754,-3554029.862
2755,-1645320.100
2756,-1132157.708
2757,-0.000
2758,-161312.069
2759,-263602.641
2760,-269142.672
2761,-206793.184
2762,-188613.433
2763,-176332.579
2764,-178107.999
2765,-177196.783
2766,-169862.261
2767,-1260794.476
2768,-1117613.969
2769,-2983612.311
2770,-3143036.110
2771,-3257291.428
2772,-3239030.834
2773,-2855477.070
2774,-3385492.598
2775,-3556637.150
2776,-3610999.943
2777,-3614916.735
2778,-3499088.111
2779,-1643300.766
2780,-1137919.629
2781,-0.000
2782,-166855.170
2783,-271067.208
2784,-280422.864
2785,-218719.643
2786,-206322.469
2787,-199098.900
2788,-192809.834
2789,-179294.943
2790,-166830.101
2791,-1285823.063
2792,-1171344.654
2793,-3107231.558
2794,-3283544.163
2795,-3377470.365
2796,-3405312.581
2797,-3014766.530
2798,-3566109.533
2799,-3683153.896
2800,-3730748.060
2801,-3732390.291
2802,-3641805.566
2803,-1700568.527
2804,-1260787.377
2805,-0.000
2806,-277001.371
2807,-350529.511
2808,-369858.279
2809,-312252.381
2810,-291533.615
2811,-284211.461
2812,-270566.681
2813,-256152.292
2814,-249082.786
2815,-284289.112
2816,-519752.519
2817,-2441409.358
2818,-2230967.741
2819,-2243695.171
2820,-2219439.866
2821,-2233944.247
2822,-2362032.439
2823,-2474433.950
2824,-2509595.941
2825,-2561568.136
2826,-2467430.443
2827,-611575.218
2828,-335896.346
2829,-325811.043
2830,-332955.116
2831,-329236.629
2832,-330072.856
2833,-271403.644
2834,-250516.765
2835,-237458.387
2836,-239177.191
2837,-246500.031
2838,-256532.374
2839,-288614.431
2840,-491212.630
2841,-863458.767
2842,-1064632.813
2843,-1152403.604
2844,-1105481.655
2845,-1149579.532
2846,-1277586.453
2847,-1427770.165
2848,-1458928.430
2849,-1444309.578
2850,-1385814.198
2851,-814211.563
2852,-299351.187
2853,-281263.072
2854,-285540.841
2855,-283973.034
2856,-267661.530
2857,-250013.751
2858,-230562.213
2859,-213242.026
2860,-209604.320
2861,-207418.498
2862,-205476.819
2863,-1303025.669
2864,-1076092.814
2865,-2718960.545
2866,-2810025.059
2867,-2906171.149
2868,-2922539.780
2869,-2559862.702
2870,-3009412.421
2871,-3086508.887
2872,-3018521.156
2873,-2865036.394
2874,-2696014.562
2875,-1169287.671
2876,-954307.909
2877,-0.000
2878,-87252.374
2879,-192383.278
2880,-206817.578
2881,-157315.358
2882,-137499.919
2883,-132710.088
2884,-134879.661
2885,-100883.438
2886,-28725.555
2887,-1202382.759
2888,-607029.408
2889,-1655557.577
2890,-1567198.050
2891,-1461112.222
2892,-1372396.974
2893,-1168733.276
2894,-1301144.386
2895,-1227933.292
2896,-1194030.050
2897,-1138006.309
2898,-1107859.499
2899,-370908.634
2900,-215318.638
2901,-0.000
2902,-0.000
2903,-0.000
2904,-0.000
2905,-0.000
2906,-0.000
2907,-0.000
2908,-0.000
2909,-0.000
2910,-0.000
2911,-0.000
2912,-0.000
2913,-154080.899
2914,-637143.745
2915,-960990.475
2916,-1157295.124
2917,-1266474.764
2918,-1015792.026
2919,-1013830.189
2920,-1264344.004
2921,-1469801.619
2922,-1335850.169
2923,-646181.688
2924,-325069.876
2925,-0.000
2926,-0.000
2927,-0.000
2928,-0.000
2929,-0.000
2930,-0.000
2931,-0.000
2932,-0.000
2933,-0.000
2934,-0.000
2935,-0.000
2936,-343068.013
2937,-1270629.184
2938,-1615429.313
2939,-1769567.715
2940,-1710779.396
2941,-1609737.814
2942,-1901583.787
2943,-2098620.125
2944,-2229321.598
2945,-2271829.947
2946,-2070780.538
2947,-1013762.485
2948,-589986.762
2949,-0.000
2950,-0.000
2951,-0.000
2952,-0.000
2953,-0.000
2954,-0.000
2955,-0.000
2956,-0.000
2957,-0.000
2958,-0.000
2959,-456096.870
2960,-608688.130
2961,-1655017.355
2962,-1940909.694
2963,-2130301.068
2964,-2120410.352
2965,-1935081.099
2966,-2295688.924
2967,-2516618.928
2968,-2676358.627
2969,-2814619.822
2970,-2781511.393
2971,-1387746.270
2972,-682626.571
2973,-0.000
2974,-0.000
2975,-0.000
2976,-0.000
2977,-0.000
2978,-0.000
2979,-0.000
2980,-0.000
2981,-0.000
2982,-0.000
2983,-0.000
2984,-87618.033
2985,-1480799.153
2986,-1486598.345
2987,-1612995.807
2988,-1684534.322
2989,-1661687.060
2990,-1803512.858
2991,-1967057.747
2992,-2102638.903
2993,-2124102.242
2994,-2087188.572
2995,-519676.882
2996,-139508.085
2997,-105870.499
2998,-98528.776
2999,-89930.552
3000,-86767.684
3001,-9873.869
3002,-0.000
3003,-0.000
3004,-0.000
3005,-0.000
3006,-0.000
3007,-0.000
3008,-282126.365
3009,-672360.494
3010,-811537.601
3011,-827381.209
3012,-797442.672
3013,-790858.817
3014,-956684.733
3015,-1106509.033
3016,-1198116.344
3017,-1274228.053
3018,-1382363.225
3019,-790236.646
3020,-132018.797
3021,-96149.219
3022,-90622.160
3023,-82378.709
3024,-75310.384
3025,-71922.821
3026,-50816.981
3027,-34893.057
3028,-21439.999
3029,-7720.990
3030,-4736.221
3031,-1302649.800
3032,-877826.263
3033,-2360371.385
3034,-2516801.019
3035,-2617990.346
3036,-2653212.374
3037,-2381969.780
3038,-2749359.879
3039,-2757151.493
3040,-2663886.879
3041,-2493116.241
3042,-2352473.130
3043,-1020804.281
3044,-798122.364
3045,-0.000
3046,-0.000
3047,-31758.616
3048,-104041.603
3049,-49282.041
3050,-27993.867
3051,-17309.041
3052,-3575.213
3053,-0.000
3054,-0.000
3055,-1117346.804
3056,-803457.857
3057,-2091934.368
3058,-2203706.015
3059,-2274090.210
3060,-2303506.399
3061,-2155161.181
3062,-2421870.302
3063,-2543642.329
3064,-2598872.550
3065,-2553172.999
3066,-2594324.950
3067,-1399830.848
3068,-719904.124
3069,-0.000
3070,-0.000
3071,-36455.040
3072,-87045.924
3073,-29714.269
3074,-12840.839
3075,-2065.267
3076,-0.000
3077,-0.000
3078,-0.000
3079,-1119214.467
3080,-813938.891
3081,-2147267.315
3082,-2265058.549
3083,-2496165.956
3084,-2632166.825
3085,-2476744.238
3086,-2842366.803
3087,-2936453.767
3088,-3023590.473
3089,-3028928.333
3090,-2875718.016
3091,-1359154.193
3092,-900767.180
3093,-0.000
3094,-23396.621
3095,-150914.972
3096,-167388.933
3097,-111363.995
3098,-98601.574
3099,-98520.368
3100,-108423.637
3101,-110655.857
3102,-103073.095
3103,-1427393.975
3104,-938943.557
3105,-2669129.526
3106,-2826168.280
3107,-2920639.631
3108,-2965901.372
3109,-2588555.176
3110,-3068331.648
3111,-3135127.023
3112,-3326486.229
3113,-3368312.015
3114,-3171443.786
3115,-1389375.666
3116,-1074186.036
3117,-0.000
3118,-102558.276
3119,-220870.184
3120,-237210.967
3121,-175181.840
3122,-152515.905
3123,-163444.651
3124,-138200.165
3125,-108613.077
3126,-97998.544
3127,-1456437.828
3128,-962604.197
3129,-2599526.242
3130,-2831228.196
3131,-2940800.997
3132,-2750294.438
3133,-2343819.177
3134,-2759859.684
3135,-2677506.597
3136,-2592124.441
3137,-2534001.299
3138,-2677342.670
3139,-1281756.220
3140,-1060689.996
3141,-0.000
3142,-66538.954
3143,-192527.774
3144,-221327.322
3145,-141174.095
3146,-107129.948
3147,-77319.573
3148,-65201.041
3149,-56410.383
3150,-53736.977
3151,-47298.702
3152,-77285.403
3153,-1621555.098
3154,-1516607.882
3155,-1545620.674
3156,-1650555.002
3157,-1804513.075
3158,-1864947.716
3159,-1848466.686
3160,-1670741.522
3161,-1504049.908
3162,-1478406.871
3163,-0.000
3164,-184259.184
3165,-197281.842
3166,-186962.782
3167,-173519.541
3168,-168892.869
3169,-99054.166
3170,-79756.522
3171,-68612.125
3172,-58679.691
3173,-73546.879
3174,-78104.244
3175,-94794.739
3176,-164406.150
3177,-305182.832
3178,-383762.225
3179,-493105.794
3180,-389610.468
3181,-360461.466
3182,-290547.010
3183,-384351.522
3184,-725724.343
3185,-854594.717
3186,-628469.735
3187,-428658.325
3188,-166158.586
3189,-145382.324
3190,-116509.182
3191,-112141.300
3192,-129123.183
3193,-102209.144
3194,-56700.469
3195,-32886.067
3196,-14695.376
3197,-2885.027
3198,-45711.260
3199,-1544718.082
3200,-1040185.980
3201,-2591467.411
3202,-2542869.686
3203,-2664959.781
3204,-2757415.222
3205,-2469857.751
3206,-2985674.858
3207,-3110872.198
3208,-3176530.621
3209,-3120607.730
3210,-2996165.860
3211,-1341924.728
3212,-1010240.033
3213,-0.000
3214,-24435.710
3215,-157466.790
3216,-172676.116
3217,-110775.487
3218,-88085.534
3219,-70851.248
3220,-15811.483
3221,-0.000
3222,-0.000
3223,-1250334.620
3224,-798423.956
3225,-2217116.818
3226,-2336303.126
3227,-2485050.380
3228,-2494624.316
3229,-2125092.934
3230,-2327787.397
3231,-2317256.361
3232,-2363343.313
3233,-2201674.968
3234,-1988840.750
3235,-922482.437
3236,-760565.483
3237,-0.000
3238,-0.000
3239,-0.000
3240,-0.000
3241,-0.000
3242,-0.000
3243,-0.000
3244,-0.000
3245,-0.000
3246,-0.000
3247,-223469.857
3248,-356001.376
3249,-1199648.715
3250,-1316529.494
3251,-1399118.966
3252,-1484895.971
3253,-1430487.266
3254,-1568489.991
3255,-1638647.074
3256,-1532161.627
3257,-1595231.527
3258,-1426409.198
3259,-620978.526
3260,-425345.841
3261,-0.000
3262,-0.000
3263,-0.000
3264,-0.000
3265,-0.000
3266,-0.000
3267,-0.000
3268,-0.000
3269,-0.000
3270,-0.000
3271,-179454.636
3272,-481642.991
3273,-1371989.470
3274,-1663087.427
3275,-1868142.554
3276,-1907206.719
3277,-1861149.523
3278,-2196211.879
3279,-2398583.795
3280,-2541066.593
3281,-2648813.453
3282,-2730298.883
3283,-1261358.040
3284,-595203.803
3285,-0.000
3286,-0.000
3287,-0.000
3288,-0.000
3289,-0.000
3290,-0.000
3291,-0.000
3292,-0.000
3293,-0.000
3294,-0.000
3295,-365478.380
3296,-555952.584
3297,-1527292.063
3298,-1738255.781
3299,-1787806.299
3300,-1734752.348
3301,-1651579.909
3302,-1919651.308
3303,-2076281.275
3304,-2222329.137
3305,-2324320.415
3306,-2389408.497
3307,-1179379.782
3308,-716005.417
3309,-0.000
3310,-0.000
3311,-47818.748
3312,-90852.108
3313,-26028.880
3314,-1397.984
3315,-0.000
3316,-0.000
3317,-0.000
3318,-0.000
3319,-0.000
3320,-139194.002
3321,-1471143.026
3322,-1436612.259
3323,-1595730.131
3324,-1663577.641
3325,-1700929.011
3326,-1797602.920
3327,-1923449.524
3328,-2035509.113
3329,-2095504.141
3330,-2197774.844
3331,-435626.833
3332,-172660.055
3333,-145023.715
3334,-147409.138
3335,-146088.237
3336,-147486.271
3337,-105359.063
3338,-97843.285
3339,-89227.742
3340,-76770.095
3341,-57337.764
3342,-48646.189
3343,-114270.190
3344,-436514.225
3345,-770721.629
3346,-870832.122
3347,-876609.203
3348,-838714.796
3349,-841177.251
3350,-1026437.950
3351,-1207943.460
3352,-1265092.722
3353,-1356936.692
3354,-1450687.114
3355,-890621.247
3356,-200303.230
3357,-168965.858
3358,-163410.455
3359,-156769.766
3360,-148267.251
3361,-138606.249
3362,-121617.095
3363,-103735.438
3364,-89205.016
3365,-65914.179
3366,-45430.338
3367,-1447865.153
3368,-1070468.989
3369,-2796628.523
3370,-2905860.856
3371,-2990232.023
3372,-2980466.838
3373,-2597534.531
3374,-3079673.314
3375,-3257472.122
3376,-3422007.652
3377,-3494796.477
3378,-3374095.981
3379,-1609693.419
3380,-1030674.841
3381,-0.000
3382,-87032.300
3383,-192535.055
3384,-201810.001
3385,-136359.635
3386,-108069.431
3387,-88406.236
3388,-88226.063
3389,-87780.853
3390,-80109.812
3391,-1391399.738
3392,-974485.833
3393,-2517200.394
3394,-2613058.893
3395,-2682555.777
3396,-2668286.651
3397,-2393825.426
3398,-2869211.770
3399,-3029570.151
3400,-3118850.303
3401,-3144048.381
3402,-3179843.735
3403,-1648997.248
3404,-884624.377
3405,-0.000
3406,-10689.059
3407,-142671.639
3408,-164295.131
3409,-114636.049
3410,-100301.340
3411,-98383.841
3412,-103012.840
3413,-107049.113
3414,-114842.228
3415,-1413813.722
3416,-882105.539
3417,-2379124.516
3418,-2512481.684
3419,-2652321.488
3420,-2737576.989
3421,-2551691.909
3422,-3025555.380
3423,-3090075.742
3424,-3056960.623
3425,-3042453.522
3426,-3021288.887
3427,-1495697.239
3428,-988552.603
3429,-0.000
3430,-52600.430
3431,-157893.919
3432,-186562.959
3433,-141670.901
3434,-147768.215
3435,-160779.662
3436,-161352.889
3437,-153220.544
3438,-146179.490
3439,-1155985.555
3440,-916444.381
3441,-2419428.579
3442,-2582782.685
3443,-2628602.745
3444,-2757921.509
3445,-2609958.020
3446,-2955735.097
3447,-3114637.278
3448,-3115636.687
3449,-3089265.686
3450,-2966922.993
3451,-1404771.039
3452,-1061403.854
3453,-0.000
3454,-98532.811
3455,-221188.675
3456,-238168.906
3457,-181751.809
3458,-171315.202
3459,-167352.464
3460,-166101.593
3461,-153214.915
3462,-147920.043
3463,-1184817.989
3464,-904082.430
3465,-2541417.450
3466,-2653081.516
3467,-2777810.890
3468,-2896290.449
3469,-2617032.927
3470,-3239486.544
3471,-3414537.631
3472,-3769378.327
3473,-3736420.559
3474,-3464665.578
3475,-1632603.876
3476,-1075445.978
3477,-0.000
3478,-72847.961
3479,-180506.301
3480,-201356.103
3481,-142828.355
3482,-127845.260
3483,-115732.349
3484,-100507.319
3485,-91372.192
3486,-87602.327
3487,-144763.790
3488,-462782.669
3489,-2341985.117
3490,-1974077.897
3491,-2032678.565
3492,-2065032.376
3493,-2072879.699
3494,-2207384.571
3495,-2346161.559
3496,-2423988.013
3497,-2267632.075
3498,-2103256.106
3499,-364664.859
3500,-308895.032
3501,-305663.363
3502,-312289.745
3503,-310066.509
3504,-305126.088
3505,-247797.959
3506,-243090.486
3507,-237196.050
3508,-188144.671
3509,-162451.389
3510,-157796.667
3511,-167511.140
3512,-270229.472
3513,-484360.764
3514,-804790.343
3515,-1014427.887
3516,-920803.149
3517,-744934.836
3518,-886310.236
3519,-975424.394
3520,-626518.511
3521,-474412.557
3522,-485089.456
3523,-429113.803
3524,-251882.946
3525,-237075.568
3526,-237680.961
3527,-246444.947
3528,-244694.300
3529,-233375.615
3530,-227367.683
3531,-232049.819
3532,-234291.966
3533,-224130.859
3534,-218682.528
3535,-1339080.079
3536,-1232909.877
3537,-3300437.384
3538,-3400366.847
3539,-3442147.671
3540,-3461647.491
3541,-3051834.630
3542,-3728281.373
3543,-3794788.904
3544,-3969566.008
3545,-4104034.728
3546,-4170956.356
3547,-2056425.654
3548,-1312983.094
3549,-0.000
3550,-308146.955
3551,-367464.135
3552,-389079.624
3553,-334960.469
3554,-320422.264
3555,-315836.375
3556,-306378.233
3557,-284037.813
3558,-276217.635
3559,-1417803.472
3560,-1356980.845
3561,-3444056.190
3562,-3609025.951
3563,-3660432.182
3564,-3613665.762
3565,-3121460.783
3566,-3809364.671
3567,-3996745.926
3568,-4178439.178
3569,-4273237.575
3570,-4348573.183
3571,-2237960.222
3572,-1350396.652
3573,-38847.003
3574,-359299.776
3575,-401113.525
3576,-412236.084
3577,-351691.658
3578,-338628.185
3579,-333211.649
3580,-323475.608
3581,-308339.406
3582,-299121.064
3583,-1428537.453
3584,-1364822.604
3585,-3438837.093
3586,-3514361.282
3587,-3541982.496
3588,-3619098.722
3589,-3073937.980
3590,-3672818.249
3591,-3864399.184
3592,-3987689.415
3593,-4112523.170
3594,-4006216.353
3595,-1910036.139
3596,-1322369.152
3597,-36781.347
3598,-349569.725
3599,-391169.374
3600,-399735.788
3601,-333615.907
3602,-323224.450
3603,-322796.237
3604,-304974.109
3605,-284371.154
3606,-276242.622
3607,-1395986.665
3608,-1291004.514
3609,-3325880.887
3610,-3428124.379
3611,-3419077.771
3612,-3391953.519
3613,-3027836.804
3614,-3573707.185
3615,-3708509.451
3616,-3632388.604
3617,-3623332.580
3618,-3483458.571
3619,-1702031.057
3620,-1291191.386
3621,-31213.874
3622,-337448.053
3623,-384306.226
3624,-402964.036
3625,-341627.648
3626,-318620.265
3627,-275661.736
3628,-288063.278
3629,-267645.934
3630,-237095.511
3631,-1332607.197
3632,-1189324.619
3633,-3175597.038
3634,-3400049.426
3635,-3541701.588
3636,-3551494.230
3637,-3112016.665
3638,-3563579.144
3639,-3703627.307
3640,-3911841.469
3641,-3949839.841
3642,-3933699.455
3643,-1900959.763
3644,-1303507.524
3645,-39640.484
3646,-353706.383
3647,-395284.327
3648,-411893.916
3649,-363315.867
3650,-349175.891
3651,-326091.159
3652,-316548.745
3653,-306773.827
3654,-291095.457
3655,-305375.365
3656,-464577.946
3657,-2278391.929
3658,-2176227.721
3659,-2259559.348
3660,-2233752.901
3661,-2218836.979
3662,-2343216.233
3663,-2333382.938
3664,-2522097.326
3665,-2505532.122
3666,-2255498.262
3667,-478600.181
3668,-377217.107
3669,-380306.150
3670,-392015.737
3671,-403551.507
3672,-411323.074
3673,-344276.961
3674,-336821.137
3675,-313328.121
3676,-304177.363
3677,-329146.986
3678,-299641.015
3679,-318509.945
3680,-588842.613
3681,-811953.920
3682,-879023.457
3683,-995233.583
3684,-1029961.567
3685,-1026750.144
3686,-1131835.402
3687,-1175433.732
3688,-1238590.328
3689,-919607.414
3690,-741457.404
3691,-639842.195
3692,-358898.813
3693,-347808.511
3694,-358348.920
3695,-362709.630
3696,-360594.923
3697,-370111.006
3698,-371830.191
3699,-368640.187
3700,-371356.242
3701,-378245.688
3702,-378630.422
3703,-1540207.843
3704,-1358067.751
3705,-3556709.957
3706,-3714562.141
3707,-3774685.185
3708,-3787235.532
3709,-3274027.165
3710,-4013855.642
3711,-4199920.514
3712,-4334832.567
3713,-4313436.302
3714,-4252579.769
3715,-2033016.023
3716,-1431274.979
3717,-103285.194
3718,-426153.101
3719,-474858.879
3720,-483038.519
3721,-425066.542
3722,-420440.400
3723,-423210.320
3724,-424431.069
3725,-418647.070
3726,-409439.954
3727,-1583105.458
3728,-1447811.763
3729,-3558974.324
3730,-3613999.898
3731,-3749210.483
3732,-3812901.056
3733,-3363845.366
3734,-3937498.281
3735,-4026174.124
3736,-4073154.843
3737,-4118957.770
3738,-4081655.809
3739,-1940016.729
3740,-1413031.452
3741,-89315.005
3742,-421619.031
3743,-469955.599
3744,-484433.981
3745,-425740.069
3746,-414262.738
3747,-409561.945
3748,-409077.112
3749,-409952.049
3750,-395062.782
3751,-1542329.056
3752,-1339344.682
3753,-3438290.505
3754,-3521333.218
3755,-3483475.429
3756,-3565077.721
3757,-3153239.919
3758,-3625145.391
3759,-3831494.607
3760,-3670501.582
3761,-3571595.726
3762,-3497728.092
3763,-1640583.458
3764,-1350599.316
3765,-17222.818
3766,-339092.432
3767,-386570.654
3768,-387757.299
3769,-294663.450
3770,-289476.971
3771,-250588.338
3772,-223111.818
3773,-243795.759
3774,-257417.986
3775,-1385195.162
3776,-1219798.081
3777,-3128377.291
3778,-3062546.411
3779,-3076736.862
3780,-3145443.089
3781,-2747139.980
3782,-3328608.148
3783,-3322855.783
3784,-3181102.686
3785,-3111735.450
3786,-3008988.252
3787,-1387624.652
3788,-1233897.396
3789,-0.000
3790,-171812.358
3791,-281492.348
3792,-317956.603
3793,-265795.248
3794,-253814.344
3795,-193849.135
3796,-168680.409
3797,-186775.086
3798,-166779.867
3799,-1265542.250
3800,-1081423.908
3801,-2901137.125
3802,-2993230.477
3803,-3058790.582
3804,-3142967.042
3805,-2646431.854
3806,-3060618.003
3807,-3073952.308
3808,-3089618.205
3809,-3066235.074
3810,-2933141.868
3811,-1274709.714
3812,-1170509.966
3813,-0.000
3814,-120908.234
3815,-280540.052
3816,-313526.527
3817,-220814.774
3818,-197975.255
3819,-195918.773
3820,-192520.243
3821,-184230.926
3822,-184290.652
3823,-203765.464
3824,-278697.889
3825,-1842106.209
3826,-1641420.321
3827,-1659497.067
3828,-1622227.211
3829,-1597238.915
3830,-1623483.132
3831,-1749012.786
3832,-2081346.250
3833,-2128085.119
3834,-2230168.182
3835,-528016.653
3836,-337394.056
3837,-334483.718
3838,-341846.008
3839,-342096.713
3840,-327190.123
3841,-258962.187
3842,-245428.302
3843,-216668.934
3844,-217373.777
3845,-218474.585
3846,-184830.750
3847,-214920.405
3848,-274572.698
3849,-388568.207
3850,-542882.919
3851,-669632.415
3852,-753239.442
3853,-754075.005
3854,-877722.239
3855,-834415.768
3856,-749181.234
3857,-602458.386
3858,-550369.709
3859,-425598.271
3860,-305175.627
3861,-287095.031
3862,-250940.285
3863,-226969.283
3864,-216834.307
3865,-213477.513
3866,-212302.072
3867,-196716.663
3868,-206866.983
3869,-227998.724
3870,-210749.751
3871,-1354065.284
3872,-1110205.366
3873,-2957493.988
3874,-3023493.900
3875,-3174319.310
3876,-3398451.172
3877,-2994251.631
3878,-3464294.897
3879,-3463337.132
3880,-3351156.640
3881,-3287176.775
3882,-3272669.146
3883,-1537591.887
3884,-1239319.465
3885,-0.000
3886,-156554.871
3887,-269553.106
3888,-295768.127
3889,-250411.683
3890,-250322.584
3891,-246501.632
3892,-253657.596
3893,-271856.867
3894,-273451.509
3895,-1411163.791
3896,-1225038.464
3897,-3208201.507
3898,-3225305.311
3899,-3347764.582
3900,-3376938.014
3901,-3027878.691
3902,-3727271.577
3903,-3913131.939
3904,-3985561.367
3905,-3722499.375
3906,-3577249.185
3907,-1684360.033
3908,-1389347.976
3909,-34586.362
3910,-359827.326
3911,-409659.039
3912,-427209.096
3913,-376823.889
3914,-372049.368
3915,-367170.638
3916,-350898.385
3917,-361725.856
3918,-380781.960
3919,-1568765.782
3920,-1298057.063
3921,-3403516.885
3922,-3686047.532
3923,-3811858.019
3924,-3888999.662
3925,-3322907.598
3926,-3843253.239
3927,-3948430.684
3928,-4104167.593
3929,-3989189.626
3930,-3814354.013
3931,-1875601.795
3932,-1404380.593
3933,-76367.403
3934,-406457.549
3935,-448814.602
3936,-464097.214
3937,-401015.412
3938,-387925.848
3939,-378098.420
3940,-371529.630
3941,-356307.032
3942,-339181.472
3943,-1485670.800
3944,-1288021.316
3945,-3444909.072
3946,-3529166.854
3947,-3530175.767
3948,-3468797.441
3949,-2965136.390
3950,-3583618.017
3951,-3630307.856
3952,-3635642.906
3953,-3423205.795
3954,-3103032.992
3955,-1450732.934
3956,-1282588.024
3957,-0.000
3958,-265737.606
3959,-345457.102
3960,-366876.545
3961,-304736.678
3962,-261072.267
3963,-233390.296
3964,-206179.222
3965,-205752.378
3966,-190199.956
3967,-1253847.021
3968,-1030369.613
3969,-2758480.022
3970,-2847695.730
3971,-3149527.864
3972,-3369140.444
3973,-2906561.370
3974,-3241762.317
3975,-3241077.928
3976,-3652427.508
3977,-3296456.663
3978,-2982824.922
3979,-1252428.829
3980,-1078384.848
3981,-0.000
3982,-104289.673
3983,-252514.831
3984,-304591.146
3985,-248100.263
3986,-195028.498
3987,-191757.564
3988,-180913.879
3989,-181103.883
3990,-220990.121
3991,-246180.643
3992,-384197.868
3993,-2292666.060
3994,-2037903.498
3995,-1976086.087
3996,-1991341.864
3997,-1996932.571
3998,-2213311.943
3999,-2316197.078
4000,-2346032.584
4001,-2345001.813
4002,-2161945.559
4003,-445466.921
4004,-349943.458
4005,-347969.145
4006,-348034.137
4007,-353463.480
4008,-359495.007
4009,-296354.167
4010,-289642.030
4011,-293895.826
4012,-281275.193
4013,-272230.586
4014,-263036.336
4015,-275334.341
4016,-457175.076
4017,-646430.788
4018,-800426.582
4019,-964625.802
4020,-1058412.312
4021,-1060371.313
4022,-1104106.669
4023,-1115072.773
4024,-1208617.841
4025,-1212617.811
4026,-1017562.476
4027,-825569.110
4028,-369313.527
4029,-352254.061
4030,-362007.001
4031,-366522.702
4032,-363134.029
4033,-359296.314
4034,-353563.079
4035,-345185.017
4036,-345829.372
4037,-350632.765
4038,-349192.086
4039,-1510711.569
4040,-1341345.744
4041,-3367061.574
4042,-3593241.904
4043,-3652976.571
4044,-3648861.407
4045,-3167307.871
4046,-3834344.571
4047,-3975767.963
4048,-3905328.284
4049,-3809668.849
4050,-3725119.842
4051,-1929807.464
4052,-1361885.639
4053,-60713.820
4054,-379082.231
4055,-417191.555
4056,-434154.565
4057,-380870.980
4058,-371359.854
4059,-363469.202
4060,-357184.668
4061,-360286.015
4062,-365539.065
4063,-1517000.258
4064,-1363234.168
4065,-3567149.709
4066,-3713901.563
4067,-3697511.340
4068,-3703199.518
4069,-3221507.934
4070,-3919750.893
4071,-4081063.254
4072,-4020838.535
4073,-3957646.433
4074,-3898001.894
4075,-1916505.627
4076,-1397864.012
4077,-64938.810
4078,-399043.309
4079,-445132.704
4080,-460365.851
4081,-406083.516
4082,-390550.231
4083,-379811.451
4084,-380283.386
4085,-377623.794
4086,-378317.668
4087,-1499552.855
4088,-1209445.408
4089,-3237635.725
4090,-3411017.383
4091,-3587196.181
4092,-3726679.469
4093,-3272825.975
4094,-3869063.707
4095,-3913674.879
4096,-3957611.976
4097,-3834019.044
4098,-3645434.593
4099,-1757824.069
4100,-1396114.361
4101,-67172.201
4102,-394163.510
4103,-435702.387
4104,-453881.702
4105,-401676.741
4106,-392777.813
4107,-390568.993
4108,-390909.168
4109,-387646.321
4110,-378445.916
4111,-1527753.417
4112,-1297746.325
4113,-3421897.983
4114,-3613545.597
4115,-3650021.110
4116,-3681467.287
4117,-3285328.990
4118,-3827696.110
4119,-3992756.286
4120,-3905001.025
4121,-3778911.485
4122,-3674768.154
4123,-1875068.587
4124,-1391188.744
4125,-75533.792
4126,-406750.424
4127,-453966.562
4128,-466892.819
4129,-409601.242
4130,-399165.539
4131,-388767.601
4132,-379786.306
4133,-375460.584
4134,-369565.102
4135,-1545424.078
4136,-1440168.770
4137,-3659661.459
4138,-3761437.836
4139,-3756232.714
4140,-3683334.696
4141,-3162384.618
4142,-3815215.875
4143,-4029804.548
4144,-4178175.888
4145,-4321445.808
4146,-4530197.923
4147,-2474298.833
4148,-1410289.062
4149,-116079.880
4150,-418616.576
4151,-466273.227
4152,-472270.215
4153,-406098.237
4154,-391542.608
4155,-386300.728
4156,-386276.275
4157,-384541.659
4158,-379707.640
4159,-441918.894
4160,-777083.616
4161,-2728240.011
4162,-2400017.315
4163,-2354940.623
4164,-2264741.599
4165,-2212304.954
4166,-2374610.480
4167,-2579274.857
4168,-2748843.310
4169,-2912405.763
4170,-3144652.414
4171,-1284758.922
4172,-482178.820
4173,-429815.182
4174,-453343.054
4175,-466076.084
4176,-468874.264
4177,-409175.349
4178,-392093.383
4179,-378941.661
4180,-368677.680
4181,-343257.642
4182,-314365.593
4183,-392728.535
4184,-763343.186
4185,-1041198.163
4186,-1116202.703
4187,-1096785.723
4188,-1044903.616
4189,-1007991.472
4190,-1201711.761
4191,-1464960.719
4192,-1595113.029
4193,-1705247.124
4194,-1833298.497
4195,-1403718.417
4196,-445456.047
4197,-368626.586
4198,-380526.069
4199,-382042.779
4200,-382169.736
4201,-388659.681
4202,-378838.668
4203,-367264.165
4204,-359460.879
4205,-351045.735
4206,-338332.832
4207,-1463839.896
4208,-1388619.048
4209,-3456956.273
4210,-3657377.538
4211,-3721164.892
4212,-3716702.290
4213,-3144796.211
4214,-3804768.929
4215,-3992605.497
4216,-4129108.089
4217,-4138089.314
4218,-4064653.701
4219,-2042589.736
4220,-1349671.604
4221,-118677.734
4222,-407061.741
4223,-452130.123
4224,-456724.144
4225,-400527.033
4226,-383497.780
4227,-375970.780
4228,-374641.821
4229,-365284.902
4230,-341706.619
4231,-1442494.148
4232,-1393128.429
4233,-3431143.889
4234,-3525802.986
4235,-3610353.186
4236,-3568051.980
4237,-3126879.467
4238,-3849532.497
4239,-4106432.684
4240,-4205833.147
4241,-4189534.849
4242,-4098951.899
4243,-2055673.295
4244,-1382899.658
4245,-118230.323
4246,-413393.498
4247,-462002.831
4248,-468502.572
4249,-408644.955
4250,-394236.358
4251,-385199.317
4252,-382370.502
4253,-371422.478
4254,-368912.278
4255,-1513363.878
4256,-1462358.530
4257,-3532076.554
4258,-3612356.757
4259,-3629223.309
4260,-3607297.393
4261,-3113869.321
4262,-3750049.171
4263,-3956872.108
4264,-4108463.680
4265,-4252669.118
4266,-4501701.132
4267,-2472733.245
4268,-1356207.471
4269,-123898.731
4270,-411946.488
4271,-465841.731
4272,-478076.769
4273,-423891.311
4274,-410752.528
4275,-401303.864
4276,-401418.742
4277,-399753.042
4278,-386669.279
4279,-1516754.567
4280,-1473428.111
4281,-3564230.302
4282,-3637340.248
4283,-3662439.045
4284,-3599668.823
4285,-3099852.427
4286,-3771203.282
4287,-4001234.349
4288,-4169410.457
4289,-4370251.929
4290,-4586436.768
4291,-2611198.238
4292,-1376257.625
4293,-56347.156
4294,-448994.578
4295,-480745.292
4296,-489972.098
4297,-442977.214
4298,-431559.262
4299,-418834.022
4300,-413169.251
4301,-399993.727
4302,-353479.259
4303,-1444145.627
4304,-1313951.176
4305,-3461579.559
4306,-3693799.533
4307,-3785799.290
4308,-3738860.880
4309,-3187576.031
4310,-3869622.861
4311,-3843073.845
4312,-3896125.643
4313,-4093148.078
4314,-3932987.758
4315,-1868301.460
4316,-1379646.842
4317,-89917.610
4318,-410458.894
4319,-451958.372
4320,-457067.308
4321,-393267.202
4322,-372784.010
4323,-353933.632
4324,-350549.237
4325,-340569.838
4326,-319208.424
4327,-313020.474
4328,-445818.726
4329,-2235252.082
4330,-2026215.786
4331,-2051211.235
4332,-2105000.717
4333,-2136958.539
4334,-2253492.915
4335,-2299491.815
4336,-2227479.516
4337,-2036332.815
4338,-1991096.023
4339,-532005.346
4340,-356229.965
4341,-348722.979
4342,-367426.097
4343,-381653.538
4344,-382454.001
4345,-300846.167
4346,-254185.816
4347,-240952.541
4348,-239467.555
4349,-235492.712
4350,-228843.382
4351,-258823.946
4352,-422019.668
4353,-718502.704
4354,-1009089.377
4355,-996314.223
4356,-908730.161
4357,-756886.682
4358,-750023.747
4359,-817972.604
4360,-591884.060
4361,-425296.659
4362,-430334.217
4363,-357113.031
4364,-267564.591
4365,-259768.801
4366,-265908.364
4367,-264312.555
4368,-265837.213
4369,-274508.049
4370,-275794.868
4371,-275200.350
4372,-260169.692
4373,-241995.817
4374,-240962.868
4375,-1362963.351
4376,-1073149.355
4377,-2866795.189
4378,-3036712.096
4379,-3094029.746
4380,-3188884.993
4381,-2730690.736
4382,-3277670.704
4383,-3241909.329
4384,-3161133.113
4385,-3168481.719
4386,-3227107.899
4387,-1393459.250
4388,-1213286.701
4389,-0.000
4390,-127352.145
4391,-262123.924
4392,-289240.800
4393,-247928.411
4394,-253843.404
4395,-247307.194
4396,-241117.722
4397,-243576.443
4398,-282114.084
4399,-1537938.676
4400,-1305940.571
4401,-3284474.342
4402,-3448110.970
4403,-3525507.603
4404,-3605063.601
4405,-3041214.276
4406,-3589392.756
4407,-3656436.090
4408,-3766583.545
4409,-3702543.485
4410,-3662726.824
4411,-1913368.353
4412,-1422078.771
4413,-55690.502
4414,-379755.675
4415,-426513.300
4416,-407897.996
4417,-332186.258
4418,-317898.329
4419,-302592.089
4420,-294739.810
4421,-290598.159
4422,-286734.081
4423,-1403946.979
4424,-1185360.439
4425,-3248841.029
4426,-3412339.431
4427,-3592939.810
4428,-3557940.980
4429,-3118678.788
4430,-3641454.050
4431,-3681965.831
4432,-3748226.296
4433,-3894458.050
4434,-3626096.735
4435,-1695519.388
4436,-1398978.185
4437,-49000.017
4438,-382579.528
4439,-433096.612
4440,-449047.954
4441,-389572.789
4442,-365372.161
4443,-369706.166
4444,-381859.561
4445,-382222.838
4446,-352118.161
4447,-1482465.452
4448,-1212338.993
4449,-3299718.546
4450,-3492567.866
4451,-3651320.159
4452,-3595140.622
4453,-3029349.767
4454,-3670896.019
4455,-3768683.223
4456,-3689102.897
4457,-3655256.499
4458,-3512668.531
4459,-1675188.363
4460,-1325230.722
4461,-0.000
4462,-319766.808
4463,-393175.555
4464,-423587.992
4465,-375612.331
4466,-319576.259
4467,-303254.905
4468,-307658.266
4469,-326321.943
4470,-329701.643
4471,-1513316.204
4472,-1201073.480
4473,-3176267.094
4474,-3374828.610
4475,-3499254.195
4476,-3500106.652
4477,-3119863.124
4478,-3700387.230
4479,-3833194.522
4480,-3720597.372
4481,-3504248.197
4482,-3352102.790
4483,-1644547.426
4484,-1317751.499
4485,-20656.981
4486,-338666.311
4487,-388107.146
4488,-358438.265
4489,-276193.672
4490,-302028.933
4491,-292972.615
4492,-290766.992
4493,-299232.006
4494,-274459.078
4495,-270767.401
4496,-351024.286
4497,-2122264.495
4498,-2064188.027
4499,-2252345.559
4500,-2317735.137
4501,-2357439.338
4502,-2389657.335
4503,-2280327.521
4504,-2266970.851
4505,-2246930.005
4506,-2196033.249
4507,-474177.710
4508,-375822.701
4509,-369388.901
4510,-377532.549
4511,-384245.028
4512,-391446.622
4513,-333976.768
4514,-323181.976
4515,-314305.253
4516,-307311.961
4517,-297532.886
4518,-289693.822
4519,-353621.056
4520,-661851.689
4521,-1013509.672
4522,-1083528.735
4523,-1057698.807
4524,-1016029.106
4525,-943297.802
4526,-1164232.590
4527,-1377892.844
4528,-1565855.390
4529,-1647926.333
4530,-1673216.109
4531,-1262789.168
4532,-377572.711
4533,-340461.650
4534,-358734.902
4535,-371214.852
4536,-382483.132
4537,-393569.551
4538,-381469.322
4539,-370689.189
4540,-373994.988
4541,-377957.499
4542,-373564.877
4543,-1558942.076
4544,-1416064.126
4545,-3643140.497
4546,-3767296.118
4547,-3897196.699
4548,-3848744.367
4549,-3227538.642
4550,-3834834.569
4551,-4060257.136
4552,-4302687.533
4553,-4408365.915
4554,-4432267.484
4555,-2373121.669
4556,-1465923.146
4557,-129499.592
4558,-445900.308
4559,-499216.790
4560,-504464.550
4561,-438748.285
4562,-422048.342
4563,-421003.910
4564,-420954.685
4565,-407487.134
4566,-395547.705
4567,-1598087.848
4568,-1537819.839
4569,-3793852.898
4570,-3877206.945
4571,-3890448.671
4572,-3822532.080
4573,-3252776.031
4574,-3953203.747
4575,-4203174.733
4576,-4433394.631
4577,-4605105.745
4578,-4763004.372
4579,-2598272.801
4580,-1479091.775
4581,-60366.182
4582,-481919.991
4583,-520341.991
4584,-531309.876
4585,-470664.647
4586,-449563.508
4587,-439719.519
4588,-433602.502
4589,-423240.349
4590,-410874.897
4591,-1603907.579
4592,-1523036.069
4593,-3784084.546
4594,-3839423.973
4595,-3879903.708
4596,-3828485.847
4597,-3254445.249
4598,-3935322.746
4599,-4167495.699
4600,-4346194.845
4601,-4509273.825
4602,-4705772.089
4603,-2625474.990
4604,-1403898.426
4605,-56050.634
4606,-463822.664
4607,-495810.833
4608,-504173.166
4609,-449867.760
4610,-430287.924
4611,-413307.661
4612,-408189.915
4613,-401254.419
4614,-392696.635
4615,-1572507.526
4616,-1508185.945
4617,-3703849.614
4618,-3792660.542
4619,-3817073.380
4620,-3780175.765
4621,-3239460.092
4622,-3910349.240
4623,-4114425.885
4624,-4275967.177
4625,-4402338.657
4626,-4572599.943
4627,-2586612.352
4628,-1413778.152
4629,-57431.276
4630,-458950.555
4631,-486497.989
4632,-489823.602
4633,-434479.414
4634,-419604.966
4635,-417093.027
4636,-410443.168
4637,-396147.904
4638,-382703.282
4639,-1529056.909
4640,-1454146.049
4641,-3602161.691
4642,-3670759.595
4643,-3664099.419
4644,-3595117.171
4645,-3092376.504
4646,-3760383.231
4647,-3977711.823
4648,-4140223.471
4649,-4268991.296
4650,-4326660.595
4651,-2574885.053
4652,-1369994.882
4653,-58792.793
4654,-454007.781
4655,-486957.902
4656,-497559.824
4657,-441115.283
4658,-422366.382
4659,-411886.856
4660,-399912.180
4661,-388444.472
4662,-380456.159
4663,-454099.046
4664,-754704.314
4665,-2698254.938
4666,-2368349.147
4667,-2356747.812
4668,-2302358.088
4669,-2264381.371
4670,-2415288.881
4671,-2614104.006
4672,-2762541.142
4673,-2785925.030
4674,-2637406.674
4675,-780390.492
4676,-504000.995
4677,-515981.752
4678,-539873.878
4679,-543785.976
4680,-540678.548
4681,-473934.667
4682,-450340.158
4683,-441815.491
4684,-440122.770
4685,-431177.148
4686,-427240.161
4687,-492846.251
4688,-769609.146
4689,-1073217.113
4690,-1123929.285
4691,-1119188.317
4692,-955459.676
4693,-1042842.734
4694,-1201347.020
4695,-1364632.796
4696,-1394025.786
4697,-1217511.478
4698,-1057854.501
4699,-915122.507
4700,-459073.121
4701,-451156.386
4702,-459149.560
4703,-451495.924
4704,-445447.250
4705,-447707.868
4706,-450690.727
4707,-455420.966
4708,-456304.416
4709,-446913.772
4710,-438067.495
4711,-1617719.785
4712,-1445253.561
4713,-3740131.990
4714,-3932423.109
4715,-3992013.378
4716,-3982599.943
4717,-3391319.558
4718,-4136840.651
4719,-4292113.134
4720,-4467022.297
4721,-4518964.765
4722,-4561752.437
4723,-2356574.010
4724,-1518391.034
4725,-52211.631
4726,-479122.229
4727,-516803.418
4728,-529876.804
4729,-479667.128
4730,-478020.108
4731,-480684.030
4732,-486162.335
4733,-482756.186
4734,-472888.851
4735,-1655217.438
4736,-1488384.127
4737,-3725114.768
4738,-3818641.147
4739,-3839732.203
4740,-3815199.733
4741,-3267606.061
4742,-3922323.646
4743,-4145740.539
4744,-4320063.464
4745,-4478947.524
4746,-4553696.212
4747,-2298957.708
4748,-1511409.449
4749,-62276.183
4750,-496845.473
4751,-530497.867
4752,-546319.456
4753,-497965.828
4754,-484714.969
4755,-479923.663
4756,-484260.086
4757,-477427.985
4758,-472337.387
4759,-1652848.493
4760,-1498444.795
4761,-3755043.708
4762,-3882228.955
4763,-3900298.313
4764,-3860915.962
4765,-3294451.385
4766,-4001770.554
4767,-4181278.948
4768,-4282034.017
4769,-4437427.186
4770,-4532526.312
4771,-2362890.497
4772,-1539445.212
4773,-64831.330
4774,-507274.554
4775,-547808.758
4776,-562218.873
4777,-502667.295
4778,-490412.389
4779,-487244.537
4780,-482568.907
4781,-459285.762
4782,-441080.131
4783,-1604355.893
4784,-1408520.797
4785,-3612127.427
4786,-3798508.034
4787,-3890510.404
4788,-3908016.243
4789,-3339522.644
4790,-4073662.868
4791,-4282167.780
4792,-4371957.057
4793,-4329583.721
4794,-4138492.088
4795,-2067464.815
4796,-1488604.622
4797,-73537.779
4798,-499481.902
4799,-543606.241
4800,-560596.605
4801,-502551.169
4802,-486856.702
4803,-483313.957
4804,-485240.411
4805,-475107.435
4806,-460078.912
4807,-1586333.870
4808,-1458843.985
4809,-3689618.479
4810,-3840273.217
4811,-3850590.172
4812,-3786038.333
4813,-3221456.333
4814,-3935258.072
4815,-4140229.237
4816,-4217522.613
4817,-4352819.891
4818,-4551774.524
4819,-2451824.046
4820,-1486642.755
4821,-84555.695
4822,-508850.158
4823,-542544.885
4824,-551012.792
4825,-498148.065
4826,-476643.161
4827,-458762.605
4828,-455926.712
4829,-448334.702
4830,-445845.089
4831,-509447.797
4832,-798425.937
4833,-2732657.081
4834,-2445666.377
4835,-2473580.073
4836,-2448741.097
4837,-2415756.777
4838,-2529425.713
4839,-2680369.880
4840,-2820326.975
4841,-2933024.394
4842,-3073146.686
4843,-1287393.916
4844,-542787.404
4845,-504514.221
4846,-531852.006
4847,-534441.939
4848,-524850.086
4849,-465754.528
4850,-444279.638
4851,-426429.421
4852,-421160.161
4853,-402886.039
4854,-391644.186
4855,-472388.290
4856,-777192.173
4857,-1100987.102
4858,-1173266.556
4859,-1177586.775
4860,-1149495.565
4861,-1121589.951
4862,-1305611.462
4863,-1531429.838
4864,-1644900.871
4865,-1764019.787
4866,-1896397.106
4867,-1478273.874
4868,-536443.852
4869,-467956.811
4870,-486674.140
4871,-484347.827
4872,-481103.657
4873,-483728.398
4874,-475437.111
4875,-467695.663
4876,-469259.287
4877,-466029.952
4878,-461919.265
4879,-1635315.633
4880,-1545179.084
4881,-3826480.033
4882,-3879684.866
4883,-3916562.446
4884,-3866315.276
4885,-3289987.289
4886,-3957894.408
4887,-4164135.896
4888,-4346083.426
4889,-4505891.217
4890,-4686840.656
4891,-2627525.206
4892,-1543162.504
4893,-140701.082
4894,-549279.859
4895,-579462.817
4896,-583208.267
4897,-529160.152
4898,-515461.892
4899,-508955.414
4900,-511654.048
4901,-507210.155
4902,-502593.665
4903,-1685885.326
4904,-1589104.090
4905,-3901079.664
4906,-3983846.358
4907,-4048358.875
4908,-4047198.297
4909,-3459911.228
4910,-4145300.020
4911,-4324192.521
4912,-4496826.397
4913,-4660869.311
4914,-4846204.264
4915,-2660863.300
4916,-1609041.432
4917,-165323.494
4918,-581673.920
4919,-615856.677
4920,-616722.550
4921,-556998.216
4922,-538157.159
4923,-534566.082
4924,-540201.853
4925,-540317.750
4926,-539767.821
4927,-1720517.877
4928,-1599930.224
4929,-4006334.562
4930,-4103491.284
4931,-4168822.086
4932,-4150861.977
4933,-3541002.643
4934,-4262191.985
4935,-4455300.558
4936,-4650251.699
4937,-4833110.960
4938,-5025367.414
4939,-2655161.320
4940,-1606069.895
4941,-163688.759
4942,-566527.952
4943,-599084.134
4944,-599146.548
4945,-533094.784
4946,-514186.726
4947,-503633.475
4948,-504537.669
4949,-495470.375
4950,-489371.836
4951,-1642133.207
4952,-1497320.732
4953,-3774320.004
4954,-3871872.928
4955,-3908859.742
4956,-3887789.074
4957,-3335366.265
4958,-3974167.665
4959,-4142490.371
4960,-4318669.605
4961,-4484575.556
4962,-4671429.843
4963,-2558615.942
4964,-1399184.736
4965,-87004.481
4966,-478235.030
4967,-500541.041
4968,-502578.566
4969,-447461.993
4970,-428404.117
4971,-413305.568
4972,-409857.936
4973,-402761.228
4974,-399680.210
4975,-1488833.585
4976,-1405530.071
4977,-3503494.506
4978,-3610709.642
4979,-3740166.541
4980,-3691103.534
4981,-3154322.435
4982,-3752966.351
4983,-3970906.729
4984,-4155183.588
4985,-4290602.138
4986,-4433241.848
4987,-2572681.156
4988,-1434121.049
4989,-102687.158
4990,-502037.120
4991,-522486.837
4992,-521267.210
4993,-469994.851
4994,-454635.006
4995,-443411.422
4996,-436597.465
4997,-430592.576
4998,-425080.804
4999,-484334.710
5000,-763910.191
5001,-2673598.468
5002,-2408843.531
5003,-2420301.050
5004,-2388616.635
5005,-2412380.407
5006,-2566649.833
5007,-2718165.703
5008,-2884007.872
5009,-3032623.397
5010,-3181883.024
5011,-1316881.978
5012,-593484.127
5013,-566509.018
5014,-602277.031
5015,-610156.163
5016,-608764.862
5017,-549853.218
5018,-534049.010
5019,-532200.920
5020,-530194.358
5021,-518591.413
5022,-514054.667
5023,-574088.771
5024,-846521.639
5025,-1120783.151
5026,-1176834.890
5027,-1270930.109
5028,-1214975.846
5029,-1191790.188
5030,-1347699.675
5031,-1575064.375
5032,-1746842.756
5033,-1765343.860
5034,-1641143.048
5035,-1153431.767
5036,-505243.875
5037,-499546.986
5038,-531194.792
5039,-533172.965
5040,-528551.066
5041,-528428.974
5042,-527396.441
5043,-526042.792
5044,-519963.585
5045,-505005.043
5046,-488317.088
5047,-1641086.701
5048,-1515360.881
5049,-3852823.154
5050,-4007050.305
5051,-4014895.356
5052,-3961741.155
5053,-3406858.653
5054,-4214273.214
5055,-4387161.354
5056,-4447867.754
5057,-4439764.534
5058,-4470625.185
5059,-2153055.544
5060,-1476816.361
5061,-59162.822
5062,-478254.086
5063,-517953.895
5064,-528760.622
5065,-472581.805
5066,-465630.147
5067,-460312.841
5068,-446478.796
5069,-427799.186
5070,-418349.294
5071,-1571927.841
5072,-1409782.055
5073,-3582083.309
5074,-3763744.639
5075,-3897706.938
5076,-3912044.568
5077,-3383017.498
5078,-4117626.408
5079,-4288562.554
5080,-4420288.120
5081,-4534258.821
5082,-4676215.655
5083,-2539056.850
5084,-1537338.824
5085,-100696.514
5086,-525116.504
5087,-556171.579
5088,-561077.609
5089,-500695.049
5090,-482344.345
5091,-468467.910
5092,-467828.299
5093,-462494.580
5094,-451476.880
5095,-1582644.449
5096,-1475004.349
5097,-3668392.128
5098,-3764799.889
5099,-3825181.247
5100,-3755334.902
5101,-3246951.909
5102,-3946867.981
5103,-4157306.482
5104,-4341329.628
5105,-4445418.254
5106,-4689462.669
5107,-2550820.079
5108,-1499692.057
5109,-99356.389
5110,-519095.818
5111,-556873.996
5112,-574441.714
5113,-520567.290
5114,-500982.421
5115,-492844.148
5116,-486920.367
5117,-473342.238
5118,-456109.999
5119,-1612415.839
5120,-1413341.923
5121,-3510594.544
5122,-3621686.498
5123,-3708158.191
5124,-3757324.026
5125,-3271903.390
5126,-3967671.737
5127,-4171230.146
5128,-4296357.942
5129,-4307152.329
5130,-4126412.305
5131,-2016580.446
5132,-1534516.825
5133,-84384.100
5134,-520664.520
5135,-476060.927
5136,-453454.710
5137,-417600.728
5138,-385318.047
5139,-353029.858
5140,-334796.278
5141,-317777.921
5142,-307389.422
5143,-1460839.940
5144,-1127353.797
5145,-2901461.263
5146,-2968405.945
5147,-3176530.184
5148,-3443899.210
5149,-3095721.491
5150,-3586232.246
5151,-3525416.268
5152,-3523096.223
5153,-3661596.855
5154,-3592779.932
5155,-1785427.297
5156,-1279823.283
5157,-33741.858
5158,-340157.302
5159,-362879.107
5160,-355097.522
5161,-282356.821
5162,-266192.756
5163,-266004.889
5164,-264856.275
5165,-266890.693
5166,-258609.394
5167,-287038.189
5168,-439411.338
5169,-2126048.747
5170,-1933579.531
5171,-1970193.085
5172,-2018350.832
5173,-2106769.019
5174,-2216612.015
5175,-2229052.978
5176,-1874907.524
5177,-1829506.671
5178,-1784883.807
5179,-145645.474
5180,-272201.574
5181,-288639.897
5182,-328512.259
5183,-375748.955
5184,-387183.555
5185,-329861.559
5186,-323060.504
5187,-312472.074
5188,-261025.514
5189,-245437.696
5190,-226389.798
5191,-223291.949
5192,-255091.512
5193,-358761.021
5194,-517569.889
5195,-592872.759
5196,-699910.312
5197,-723482.310
5198,-657635.032
5199,-741120.050
5200,-792459.149
5201,-697586.238
5202,-572099.033
5203,-525227.504
5204,-319592.699
5205,-293179.398
5206,-284809.610
5207,-283082.803
5208,-291419.186
5209,-299689.925
5210,-306017.486
5211,-306883.949
5212,-299126.080
5213,-289468.309
5214,-283297.789
5215,-1426295.870
5216,-1334185.213
5217,-3454212.884
5218,-3597712.245
5219,-3726312.115
5220,-3730517.373
5221,-3080382.073
5222,-3592431.543
5223,-3834296.053
5224,-4028637.288
5225,-4036452.835
5226,-4115886.139
5227,-2053425.622
5228,-1377249.341
5229,-68218.085
5230,-404801.735
5231,-451047.065
5232,-461102.775
5233,-405183.407
5234,-393026.182
5235,-387112.198
5236,-390805.140
5237,-386537.057
5238,-378890.404
5239,-1542341.510
5240,-1394063.901
5241,-3540223.959
5242,-3689885.322
5243,-3854266.760
5244,-3875046.391
5245,-3319248.443
5246,-3953423.643
5247,-4092430.234
5248,-4271818.866
5249,-4362376.126
5250,-4531834.423
5251,-2350905.534
5252,-1437526.552
5253,-47305.466
5254,-466780.064
5255,-504937.195
5256,-499304.041
5257,-428409.485
5258,-400414.810
5259,-386625.349
5260,-389508.081
5261,-389025.337
5262,-337441.855
5263,-1404232.791
5264,-1210501.739
5265,-3274223.162
5266,-3458260.078
5267,-3572712.553
5268,-3654964.966
5269,-3181001.098
5270,-3739299.392
5271,-3916898.565
5272,-4031312.222
5273,-3656098.500
5274,-3549608.872
5275,-1821803.198
5276,-1181260.192
5277,-0.000
5278,-163858.663
5279,-293351.278
5280,-328200.144
5281,-297091.252
5282,-278888.025
5283,-267930.226
5284,-253364.721
5285,-249998.412
5286,-250960.739
5287,-1354875.300
5288,-1163937.327
5289,-3055381.958
5290,-3113446.321
5291,-3259749.865
5292,-3302536.954
5293,-2645975.202
5294,-2964358.452
5295,-2927949.832
5296,-2966961.057
5297,-2934633.712
5298,-2871389.419
5299,-1285668.270
5300,-1201845.993
5301,-0.000
5302,-114346.358
5303,-252729.612
5304,-278203.320
5305,-220516.985
5306,-220365.608
5307,-220759.600
5308,-220773.758
5309,-233061.055
5310,-241429.180
5311,-1369457.526
5312,-1075885.365
5313,-2884039.283
5314,-2997800.840
5315,-3092500.778
5316,-3242661.405
5317,-3042694.580
5318,-3699917.508
5319,-3721827.496
5320,-3560780.345
5321,-3402127.401
5322,-3293339.759
5323,-1509807.954
5324,-1275779.397
5325,-0.000
5326,-181534.458
5327,-281375.038
5328,-289619.491
5329,-232774.008
5330,-245211.230
5331,-306157.220
5332,-301591.269
5333,-280232.506
5334,-273648.190
5335,-318846.147
5336,-531230.651
5337,-2392834.638
5338,-2005352.310
5339,-2012319.759
5340,-1997615.840
5341,-2010525.028
5342,-2021431.712
5343,-2011450.797
5344,-2167363.578
5345,-2128096.852
5346,-2090600.930
5347,-270540.025
5348,-257537.192
5349,-301950.123
5350,-327286.902
5351,-331994.447
5352,-340995.964
5353,-290763.046
5354,-283598.250
5355,-266164.739
5356,-236490.474
5357,-225390.760
5358,-229111.346
5359,-290382.532
5360,-525653.813
5361,-836289.211
5362,-856914.895
5363,-681631.506
5364,-811363.376
5365,-1028021.079
5366,-1020520.252
5367,-1070305.964
5368,-877684.607
5369,-985374.762
5370,-1081403.630
5371,-760424.608
5372,-274408.738
5373,-259850.592
5374,-268260.217
5375,-280924.768
5376,-293216.540
5377,-295796.606
5378,-290570.891
5379,-287781.885
5380,-288138.109
5381,-277796.264
5382,-265466.975
5383,-1339183.887
5384,-1220168.082
5385,-3224950.682
5386,-3388400.299
5387,-3565700.612
5388,-3524398.685
5389,-2911026.096
5390,-3440295.917
5391,-3642345.138
5392,-3757810.173
5393,-3803943.163
5394,-3946947.256
5395,-1795514.440
5396,-1280808.909
5397,-32327.156
5398,-350834.907
5399,-392663.226
5400,-404803.474
5401,-353136.335
5402,-333695.560
5403,-323663.578
5404,-323676.305
5405,-312377.054
5406,-298682.002
5407,-1436424.962
5408,-1282937.442
5409,-3426106.245
5410,-3534572.523
5411,-3718999.975
5412,-3801769.012
5413,-3332312.352
5414,-4027127.037
5415,-4149850.142
5416,-4187060.852
5417,-4261200.312
5418,-4338926.192
5419,-2144247.729
5420,-1418138.237
5421,-32675.471
5422,-437980.646
5423,-475876.804
5424,-492082.136
5425,-438306.547
5426,-415918.626
5427,-399472.221
5428,-391375.953
5429,-378999.396
5430,-365774.386
5431,-1514996.218
5432,-1331939.996
5433,-3501895.328
5434,-3674079.566
5435,-3834607.162
5436,-3912581.339
5437,-3407439.532
5438,-4035911.351
5439,-4208181.100
5440,-4222505.138
5441,-4202759.302
5442,-4395196.823
5443,-2174725.680
5444,-1451390.792
5445,-58621.121
5446,-482950.715
5447,-519136.841
5448,-524225.391
5449,-452561.442
5450,-425422.162
5451,-405518.529
5452,-401939.607
5453,-396119.420
5454,-356758.245
5455,-1406481.795
5456,-1127498.852
5457,-3123342.437
5458,-3286587.739
5459,-3392030.256
5460,-3550143.334
5461,-3094008.091
5462,-3564581.785
5463,-3850199.490
5464,-4015145.106
5465,-3919516.944
5466,-3901227.971
5467,-1866830.062
5468,-1335604.552
5469,-57377.285
5470,-384407.154
5471,-421458.553
5472,-432961.638
5473,-381510.077
5474,-378127.318
5475,-372765.332
5476,-365312.789
5477,-353458.909
5478,-329698.144
5479,-1441249.428
5480,-1230339.347
5481,-3225083.411
5482,-3446967.646
5483,-3620113.255
5484,-3485106.545
5485,-2864693.266
5486,-3553842.448
5487,-3834668.263
5488,-3750158.211
5489,-3757835.091
5490,-3750598.841
5491,-1678310.080
5492,-1234005.096
5493,-0.000
5494,-297271.055
5495,-371226.875
5496,-392211.424
5497,-337285.486
5498,-325976.461
5499,-324214.414
5500,-321333.466
5501,-306189.263
5502,-282375.841
5503,-299951.931
5504,-469852.283
5505,-2350994.306
5506,-2195132.608
5507,-2289675.251
5508,-2364567.936
5509,-2366943.314
5510,-2504800.780
5511,-2627199.225
5512,-2693956.434
5513,-2679962.425
5514,-2730507.561
5515,-762157.173
5516,-425706.353
5517,-441322.947
5518,-462190.795
5519,-467379.961
5520,-468708.121
5521,-405431.206
5522,-383089.057
5523,-365462.968
5524,-346748.056
5525,-324126.957
5526,-305557.793
5527,-362552.388
5528,-525851.983
5529,-685324.421
5530,-926772.495
5531,-1030034.950
5532,-1098561.147
5533,-1023176.331
5534,-937652.303
5535,-1096742.612
5536,-1358931.166
5537,-1284665.435
5538,-1284608.124
5539,-800127.172
5540,-330928.493
5541,-331358.091
5542,-331631.489
5543,-318612.109
5544,-273510.894
5545,-269226.011
5546,-268613.587
5547,-317148.969
5548,-354338.532
5549,-342616.873
5550,-320492.359
5551,-1387678.120
5552,-1224266.922
5553,-3254624.725
5554,-3409023.223
5555,-3549759.321
5556,-3694264.810
5557,-3201481.556
5558,-3762295.458
5559,-3925383.104
5560,-3964801.182
5561,-3870364.179
5562,-3842210.714
5563,-1897851.413
5564,-1255390.379
5565,-35846.731
5566,-358323.324
5567,-409367.788
5568,-429773.316
5569,-375639.041
5570,-359119.356
5571,-350332.744
5572,-346598.117
5573,-337168.764
5574,-328405.876
5575,-1460879.709
5576,-1305673.383
5577,-3484129.505
5578,-3658013.918
5579,-3740658.299
5580,-3767741.073
5581,-3267596.590
5582,-3906635.801
5583,-4054289.814
5584,-4143032.334
5585,-4156278.342
5586,-4232566.979
5587,-2093644.288
5588,-1397784.000
5589,-134084.371
5590,-436790.376
5591,-483568.893
5592,-490927.320
5593,-440939.777
5594,-426067.004
5595,-418565.963
5596,-418892.068
5597,-406470.689
5598,-393091.371
5599,-1527925.706
5600,-1333337.750
5601,-3540753.026
5602,-3734761.779
5603,-3919757.244
5604,-4008727.277
5605,-3489073.463
5606,-4252218.189
5607,-4414261.823
5608,-4468516.712
5609,-4551509.514
5610,-4520144.586
5611,-2213489.087
5612,-1524729.566
5613,-74922.802
5614,-511072.220
5615,-541414.591
5616,-544655.410
5617,-483391.013
5618,-467788.233
5619,-463143.314
5620,-466830.004
5621,-462416.345
5622,-458382.698
5623,-1642760.214
5624,-1465362.269
5625,-3803557.653
5626,-3940769.999
5627,-4075026.465
5628,-4082463.841
5629,-3532030.602
5630,-4311836.398
5631,-4502555.791
5632,-4574270.262
5633,-4627686.293
5634,-4614993.591
5635,-2357802.721
5636,-1701828.047
5637,-136022.557
5638,-596009.871
5639,-626379.609
5640,-626603.181
5641,-562535.004
5642,-547327.467
5643,-539392.759
5644,-539038.039
5645,-527491.172
5646,-519278.080
5647,-1760173.973
5648,-1533360.887
5649,-3922273.549
5650,-4064110.735
5651,-4195177.973
5652,-4186155.755
5653,-3555539.404
5654,-3956431.137
5655,-3920930.707
5656,-4071398.230
5657,-4005967.132
5658,-3832076.745
5659,-1895465.571
5660,-1435446.421
5661,-68183.037
5662,-491723.774
5663,-515622.240
5664,-504402.056
5665,-435757.946
5666,-371216.511
5667,-278803.453
5668,-284632.801
5669,-270770.870
5670,-248034.743
5671,-220319.939
5672,-372116.196
5673,-2156934.267
5674,-1981402.805
5675,-2017041.255
5676,-2051480.929
5677,-2144943.977
5678,-2219659.256
5679,-2180904.307
5680,-2305593.409
5681,-2244004.609
5682,-1982939.912
5683,-355723.284
5684,-338567.070
5685,-336754.278
5686,-340537.705
5687,-355062.706
5688,-362062.726
5689,-296532.633
5690,-286326.619
5691,-286902.421
5692,-291496.189
5693,-295454.126
5694,-293184.674
5695,-323480.086
5696,-472593.189
5697,-768936.176
5698,-1020991.693
5699,-1088115.816
5700,-1115075.749
5701,-1127128.996
5702,-1254918.271
5703,-1352589.276
5704,-1476914.973
5705,-1461030.498
5706,-1517599.399
5707,-1024635.149
5708,-375866.342
5709,-375385.789
5710,-382771.889
5711,-384925.886
5712,-383250.556
5713,-382997.737
5714,-374648.125
5715,-371719.531
5716,-364710.199
5717,-343865.131
5718,-330828.187
5719,-1537935.554
5720,-1353860.121
5721,-3604947.384
5722,-3761648.652
5723,-3850854.734
5724,-3887542.708
5725,-3383924.619
5726,-4064550.376
5727,-4243718.893
5728,-4355373.708
5729,-4480942.204
5730,-4469310.765
5731,-2244920.476
5732,-1536300.462
5733,-61654.279
5734,-491501.451
5735,-520669.708
5736,-526179.634
5737,-471391.621
5738,-457297.895
5739,-448421.736
5740,-448418.063
5741,-441048.372
5742,-427821.396
5743,-1621353.183
5744,-1427192.400
5745,-3831742.833
5746,-3996074.789
5747,-4149576.049
5748,-4193775.037
5749,-3602191.056
5750,-4292186.503
5751,-4457609.882
5752,-4571323.869
5753,-4552865.223
5754,-4296042.560
5755,-1999246.337
5756,-1568476.298
5757,-50633.459
5758,-482325.031
5759,-514518.955
5760,-524180.921
5761,-467033.840
5762,-455629.442
5763,-449775.106
5764,-437626.980
5765,-422561.878
5766,-406445.451
5767,-1586041.430
5768,-1342893.707
5769,-3578174.233
5770,-3778822.811
5771,-4009537.894
5772,-4092630.030
5773,-3566427.763
5774,-4205521.571
5775,-4233034.210
5776,-4228029.495
5777,-4178781.398
5778,-4008271.276
5779,-1664979.179
5780,-1417095.140
5781,-115487.348
5782,-439337.568
5783,-487024.693
5784,-494345.643
5785,-423988.246
5786,-396761.827
5787,-377131.149
5788,-369209.434
5789,-355311.052
5790,-340671.432
5791,-1501276.548
5792,-1270416.166
5793,-3403350.832
5794,-3680535.598
5795,-3868210.208
5796,-3932146.758
5797,-3460018.538
5798,-4035985.650
5799,-4186402.431
5800,-4223794.376
5801,-4211753.808
5802,-3862075.575
5803,-1647345.547
5804,-1455743.445
5805,-111908.050
5806,-425237.647
5807,-469392.497
5808,-468834.261
5809,-399830.485
5810,-381808.978
5811,-372331.881
5812,-367798.697
5813,-359263.925
5814,-356901.844
5815,-1542863.872
5816,-1352605.253
5817,-3667966.830
5818,-3787335.318
5819,-3987879.020
5820,-4116519.362
5821,-3565011.319
5822,-4128444.997
5823,-4302016.468
5824,-4394467.105
5825,-4261249.597
5826,-4078264.420
5827,-1784092.960
5828,-1479560.641
5829,-63097.998
5830,-484753.497
5831,-502702.947
5832,-500646.824
5833,-447812.181
5834,-437294.254
5835,-415196.180
5836,-390770.744
5837,-376285.089
5838,-376850.210
5839,-404452.108
5840,-543573.452
5841,-2445120.805
5842,-2340893.990
5843,-2482657.657
5844,-2538005.579
5845,-2557135.547
5846,-2683520.892
5847,-2782185.451
5848,-2829906.743
5849,-2568780.855
5850,-2233072.737
5851,-314131.293
5852,-423863.129
5853,-453001.636
5854,-464747.792
5855,-459169.877
5856,-455840.582
5857,-394928.801
5858,-378145.284
5859,-373125.578
5860,-371240.217
5861,-359223.427
5862,-343652.492
5863,-334966.730
5864,-444938.491
5865,-767425.054
5866,-997940.001
5867,-1184909.701
5868,-1254029.107
5869,-1233597.896
5870,-1361935.198
5871,-1486560.529
5872,-1519008.015
5873,-1498553.030
5874,-1408200.464
5875,-762466.623
5876,-393856.459
5877,-352409.964
5878,-361972.129
5879,-363409.626
5880,-360407.278
5881,-361311.881
5882,-345179.062
5883,-325835.483
5884,-310809.598
5885,-281269.263
5886,-252394.620
5887,-1095969.292
5888,-969403.207
5889,-2468258.871
5890,-2674688.774
5891,-2932311.545
5892,-3030140.816
5893,-2812873.801
5894,-3366513.669
5895,-3622197.447
5896,-3751835.398
5897,-3801014.323
5898,-3661225.737
5899,-1670340.054
5900,-1177628.614
5901,-31851.373
5902,-374138.557
5903,-405485.279
5904,-410868.902
5905,-357630.958
5906,-339712.597
5907,-331815.939
5908,-323209.418
5909,-297763.959
5910,-273341.024
5911,-1157287.552
5912,-978683.885
5913,-2541241.727
5914,-2742526.056
5915,-3002530.363
5916,-3106930.476
5917,-2938019.122
5918,-3444290.248
5919,-3681001.682
5920,-3787610.801
5921,-3814609.650
5922,-3669223.271
5923,-1715543.964
5924,-1272621.670
5925,-56069.960
5926,-419697.141
5927,-432099.123
5928,-426836.973
5929,-366870.120
5930,-339578.164
5931,-318022.155
5932,-324791.475
5933,-329601.307
5934,-321829.907
5935,-1305907.564
5936,-1076680.559
5937,-2822820.909
5938,-3000061.093
5939,-3082066.967
5940,-3189561.388
5941,-3110069.114
5942,-3570297.224
5943,-3814328.320
5944,-3877044.234
5945,-3867530.662
5946,-3723193.584
5947,-1663920.737
5948,-1194628.531
5949,-31629.040
5950,-377500.817
5951,-407645.409
5952,-417868.534
5953,-377311.153
5954,-366121.279
5955,-352286.012
5956,-344526.579
5957,-337900.083
5958,-336981.588
5959,-1381115.860
5960,-1188250.508
5961,-3138590.993
5962,-3229419.116
5963,-3279569.213
5964,-3351176.700
5965,-3204324.210
5966,-3657419.163
5967,-3841664.760
5968,-3858007.952
5969,-3816696.949
5970,-3624994.608
5971,-1666621.014
5972,-1317338.643
5973,-42496.716
5974,-429845.270
5975,-464870.623
5976,-473925.664
5977,-417914.518
5978,-401490.243
5979,-387118.615
5980,-366850.383
5981,-347866.591
5982,-304297.592
5983,-1277077.014
5984,-1072236.741
5985,-3021893.985
5986,-3306937.669
5987,-3587408.468
5988,-3592810.383
5989,-2919318.048
5990,-3349612.501
5991,-3313352.679
5992,-3293710.917
5993,-3317247.294
5994,-3244487.279
5995,-1447811.714
5996,-1333197.241
5997,-59497.293
5998,-381675.573
5999,-426254.623
6000,-438441.196
6001,-372925.221
6002,-356638.687
6003,-340284.408
6004,-283558.481
6005,-266126.131
6006,-303031.832
6007,-325081.585
6008,-423806.029
6009,-2212920.162
6010,-2211449.477
6011,-2331867.040
6012,-2407482.203
6013,-2419922.929
6014,-2264326.499
6015,-2343749.087
6016,-2442723.266
6017,-2356822.996
6018,-2215004.845
6019,-298201.765
6020,-352064.882
6021,-356470.351
6022,-361141.749
6023,-353990.752
6024,-346323.069
6025,-287234.091
6026,-273624.001
6027,-250914.137
6028,-237860.730
6029,-229378.856
6030,-218999.639
6031,-257416.623
6032,-390992.506
6033,-681871.887
6034,-890625.808
6035,-1128858.117
6036,-1223820.895
6037,-1246770.299
6038,-1338195.073
6039,-1446399.758
6040,-1471588.764
6041,-1399965.313
6042,-1201395.729
6043,-604900.375
6044,-327488.364
6045,-303158.929
6046,-306022.433
6047,-313263.700
6048,-312687.293
6049,-314779.777
6050,-312629.759
6051,-305325.395
6052,-306196.847
6053,-299493.104
6054,-291283.599
6055,-1319540.091
6056,-1143548.060
6057,-3095358.155
6058,-3334200.344
6059,-3499654.107
6060,-3566734.029
6061,-3168819.088
6062,-3769916.447
6063,-3925943.383
6064,-3948083.095
6065,-3767134.263
6066,-3580291.318
6067,-1489994.653
6068,-1264674.278
6069,-37246.540
6070,-338669.760
6071,-367082.660
6072,-375553.131
6073,-326681.789
6074,-308552.156
6075,-293789.100
6076,-280168.883
6077,-268748.990
6078,-268666.090
6079,-1328003.139
6080,-1179199.285
6081,-3270603.891
6082,-3521167.304
6083,-3699203.712
6084,-3780746.712
6085,-3400410.531
6086,-4118943.293
6087,-4358628.834
6088,-4392646.796
6089,-4335732.651
6090,-4131544.206
6091,-1730961.864
6092,-1461103.791
6093,-32019.106
6094,-459615.290
6095,-492588.438
6096,-496926.974
6097,-438729.373
6098,-426467.199
6099,-415406.973
6100,-404358.017
6101,-394947.980
6102,-382092.562
6103,-1527948.655
6104,-1317666.986
6105,-3615087.406
6106,-3799539.443
6107,-3896220.556
6108,-3801804.616
6109,-3260788.347
6110,-3722290.772
6111,-3930899.077
6112,-4037602.493
6113,-4023944.537
6114,-3815074.576
6115,-1731058.892
6116,-1303286.895
6117,-50772.385
6118,-432212.030
6119,-452211.699
6120,-453293.915
6121,-399220.108
6122,-380354.515
6123,-366552.959
6124,-358396.905
6125,-343564.339
6126,-326996.570
6127,-1387380.090
6128,-1246394.975
6129,-3416475.635
6130,-3578839.815
6131,-3642088.741
6132,-3586258.721
6133,-3298569.023
6134,-3821374.213
6135,-4045955.511
6136,-4143993.396
6137,-4122665.920
6138,-3919042.377
6139,-1792668.685
6140,-1364880.609
6141,-79970.412
6142,-473616.699
6143,-486706.832
6144,-484780.672
6145,-434284.263
6146,-416677.866
6147,-405594.032
6148,-406374.472
6149,-398284.543
6150,-380689.436
6151,-1433876.018
6152,-1212035.726
6153,-2999817.158
6154,-3048383.698
6155,-3304626.783
6156,-3407092.017
6157,-3044396.512
6158,-3635083.484
6159,-3820367.327
6160,-3932483.950
6161,-4014363.286
6162,-3835958.900
6163,-1626074.987
6164,-1212458.594
6165,-43243.895
6166,-403381.399
6167,-429715.216
6168,-438939.823
6169,-396248.167
6170,-379526.980
6171,-370230.119
6172,-365253.625
6173,-348365.073
6174,-333086.823
6175,-356827.092
6176,-530780.270
6177,-2236106.029
6178,-2075803.441
6179,-2310610.947
6180,-2268076.666
6181,-2253327.138
6182,-2417715.311
6183,-2573251.529
6184,-2635097.677
6185,-2621733.555
6186,-2482525.186
6187,-424513.679
6188,-452822.613
6189,-434832.495
6190,-422276.343
6191,-415240.472
6192,-416130.229
6193,-367292.739
6194,-354612.303
6195,-356340.292
6196,-368392.828
6197,-368459.433
6198,-360647.814
6199,-394427.835
6200,-570318.913
6201,-958571.408
6202,-1239742.282
6203,-1356981.004
6204,-1415200.847
6205,-1453083.795
6206,-1524842.286
6207,-1586985.635
6208,-1635841.622
6209,-1613007.558
6210,-1426363.813
6211,-768191.416
6212,-425124.773
6213,-400641.207
6214,-421893.039
6215,-426639.813
6216,-429914.905
6217,-440544.711
6218,-430742.413
6219,-424118.788
6220,-428750.537
6221,-427699.311
6222,-415597.522
6223,-1538453.822
6224,-1311067.821
6225,-3498145.394
6226,-3690397.705
6227,-3892471.204
6228,-3962543.627
6229,-3458149.248
6230,-4081407.965
6231,-4229881.806
6232,-4273000.521
6233,-4230672.470
6234,-4103067.370
6235,-1722441.508
6236,-1495543.021
6237,-84999.326
6238,-521785.304
6239,-544367.447
6240,-538546.937
6241,-476470.415
6242,-459399.798
6243,-450810.006
6244,-444824.173
6245,-436624.198
6246,-433921.562
6247,-1575910.293
6248,-1388226.415
6249,-3779027.581
6250,-4029463.763
6251,-4250997.116
6252,-4261738.957
6253,-3776131.801
6254,-4570182.997
6255,-4717190.889
6256,-4828766.585
6257,-4742817.527
6258,-4406862.456
6259,-1670700.438
6260,-1589304.033
6261,-85756.555
6262,-550715.394
6263,-585109.504
6264,-591086.719
6265,-515029.412
6266,-491157.202
6267,-497587.613
6268,-499571.016
6269,-490136.138
6270,-480754.481
6271,-1535029.424
6272,-1200816.698
6273,-3198634.916
6274,-3343026.403
6275,-3695197.230
6276,-3929121.440
6277,-3603405.697
6278,-4367647.919
6279,-4539777.806
6280,-4574760.759
6281,-4432742.912
6282,-3979515.335
6283,-1555658.659
6284,-1495025.946
6285,-34934.202
6286,-465126.553
6287,-498998.525
6288,-500769.100
6289,-434840.547
6290,-412833.072
6291,-398652.540
6292,-395736.430
6293,-390636.273
6294,-383039.727
6295,-1511867.808
6296,-1258630.209
6297,-3355985.909
6298,-3575599.590
6299,-3787813.535
6300,-3862882.402
6301,-3345828.916
6302,-3993811.367
6303,-3939444.717
6304,-3934548.036
6305,-3820343.638
6306,-3541359.176
6307,-1379447.772
6308,-1277755.254
6309,-86514.069
6310,-380173.679
6311,-418099.996
6312,-423963.341
6313,-356626.354
6314,-337391.310
6315,-314718.182
6316,-300267.376
6317,-291198.678
6318,-281062.332
6319,-1259760.661
6320,-1090708.428
6321,-3011290.120
6322,-3295370.328
6323,-3414501.201
6324,-3404176.919
6325,-3042285.062
6326,-3489693.428
6327,-3545217.876
6328,-3406991.220
6329,-3285178.910
6330,-3189959.172
6331,-1222070.678
6332,-1099959.909
6333,-31802.565
6334,-300370.965
6335,-337275.811
6336,-349284.324
6337,-303822.211
6338,-287495.822
6339,-278927.117
6340,-277407.497
6341,-273573.976
6342,-274445.598
6343,-287260.799
6344,-407631.527
6345,-2108944.409
6346,-2089652.399
6347,-2233838.176
6348,-2275942.504
6349,-2365020.463
6350,-2585673.237
6351,-2689618.750
6352,-2809844.308
6353,-2766968.031
6354,-2382447.854
6355,-175670.855
6356,-339716.946
6357,-364263.977
6358,-380037.198
6359,-379693.456
6360,-381679.292
6361,-324549.723
6362,-300930.650
6363,-288851.134
6364,-281407.507
6365,-268175.945
6366,-257132.756
6367,-280603.629
6368,-445423.262
6369,-866706.749
6370,-1178499.138
6371,-1365979.777
6372,-1407171.759
6373,-1396005.724
6374,-1496819.750
6375,-1484609.810
6376,-1470646.911
6377,-1457318.284
6378,-1205298.706
6379,-396320.013
6380,-300701.461
6381,-317040.191
6382,-339189.401
6383,-340878.333
6384,-342790.121
6385,-353337.146
6386,-343829.315
6387,-328644.338
6388,-322630.831
6389,-304983.393
6390,-285406.391
6391,-1250909.491
6392,-1048572.989
6393,-2830859.529
6394,-3055566.285
6395,-3239090.658
6396,-3267880.468
6397,-3022911.003
6398,-3389818.569
6399,-3502163.095
6400,-3603994.652
6401,-3517838.597
6402,-3191542.574
6403,-1215633.715
6404,-1111374.661
6405,-39045.740
6406,-313464.809
6407,-344589.297
6408,-344769.304
6409,-283886.742
6410,-266255.004
6411,-256658.587
6412,-247219.426
6413,-231365.309
6414,-216131.045
6415,-1173232.683
6416,-1058253.894
6417,-2869097.103
6418,-3078623.387
6419,-3232209.957
6420,-3318247.755
6421,-3127575.491
6422,-3537588.982
6423,-3714136.074
6424,-3780086.684
6425,-3691941.242
6426,-3344704.647
6427,-1214923.546
6428,-1107588.270
6429,-26314.838
6430,-310382.234
6431,-343631.177
6432,-352241.502
6433,-304766.928
6434,-293543.453
6435,-288990.293
6436,-290980.846
6437,-284838.128
6438,-278247.817
6439,-1287654.102
6440,-1143554.886
6441,-3086345.313
6442,-3313135.134
6443,-3475220.663
6444,-3535044.160
6445,-3239012.294
6446,-3715664.451
6447,-3885076.407
6448,-3959088.150
6449,-3973911.232
6450,-3742584.872
6451,-1375063.148
6452,-1307403.057
6453,-79430.467
6454,-395236.667
6455,-434690.474
6456,-447408.207
6457,-396695.379
6458,-380499.535
6459,-372224.621
6460,-365163.842
6461,-356740.025
6462,-348864.720
6463,-1415333.775
6464,-1176831.618
6465,-3177329.271
6466,-3363581.189
6467,-3510495.069
6468,-3631304.991
6469,-3267763.315
6470,-3836640.930
6471,-3767319.038
6472,-3857071.235
6473,-3750505.120
6474,-3573830.684
6475,-1396953.902
6476,-1313552.282
6477,-104517.266
6478,-406247.604
6479,-441235.400
6480,-442649.309
6481,-389342.913
6482,-376224.418
6483,-367031.115
6484,-361303.731
6485,-334571.052
6486,-313474.241
6487,-1379448.318
6488,-1159558.822
6489,-3163279.990
6490,-3390615.296
6491,-3540603.887
6492,-3665966.253
6493,-3255325.503
6494,-3782191.132
6495,-3900630.325
6496,-3985503.278
6497,-3804225.508
6498,-3525131.489
6499,-1366943.842
6500,-1287930.677
6501,-56667.008
6502,-374026.462
6503,-412697.667
6504,-415844.679
6505,-352709.168
6506,-340142.018
6507,-328045.559
6508,-316759.324
6509,-309541.696
6510,-300168.914
6511,-322263.302
6512,-427596.948
6513,-2211631.585
6514,-2175506.559
6515,-2339156.991
6516,-2360007.560
6517,-2182789.493
6518,-2267003.287
6519,-2562004.404
6520,-2502654.363
6521,-2489857.285
6522,-2243718.780
6523,-203239.982
6524,-365694.403
6525,-403399.396
6526,-426483.116
6527,-422012.546
6528,-356421.798
6529,-273779.927
6530,-293379.545
6531,-286256.845
6532,-283161.808
6533,-271857.823
6534,-254422.910
6535,-269240.240
6536,-373831.971
6537,-662567.202
6538,-992245.095
6539,-1168864.488
6540,-1220911.364
6541,-1257430.284
6542,-1273881.272
6543,-1261903.963
6544,-875347.621
6545,-651871.727
6546,-435744.908
6547,-264899.337
6548,-233117.973
6549,-244414.870
6550,-260188.471
6551,-267491.675
6552,-265112.357
6553,-272803.386
6554,-277160.560
6555,-280496.736
6556,-265432.976
6557,-243757.749
6558,-236174.753
6559,-1296887.475
6560,-1114537.431
6561,-3113747.883
6562,-3346146.600
6563,-3724349.584
6564,-3840042.416
6565,-3326766.530
6566,-3924529.724
6567,-3930788.718
6568,-3916434.999
6569,-3730525.321
6570,-3532231.182
6571,-1345060.552
6572,-1260506.379
6573,-0.000
6574,-322567.584
6575,-369663.062
6576,-375849.430
6577,-312536.644
6578,-272727.915
6579,-234929.005
6580,-250394.917
6581,-268057.240
6582,-282397.952
6583,-1379629.122
6584,-1185832.669
6585,-3304499.277
6586,-3609872.351
6587,-3915828.312
6588,-4050534.729
6589,-3556229.832
6590,-4224669.225
6591,-4398191.685
6592,-4420872.700
6593,-4328537.922
6594,-4094857.481
6595,-1469262.691
6596,-1374362.866
6597,-67335.811
6598,-405393.217
6599,-449456.463
6600,-461684.868
6601,-399602.402
6602,-375864.571
6603,-365319.838
6604,-355514.976
6605,-344454.859
6606,-336345.381
6607,-1457618.142
6608,-1241455.445
6609,-3394206.671
6610,-3632230.561
6611,-3789291.662
6612,-3859086.084
6613,-3492274.566
6614,-4145181.064
6615,-4272772.816
6616,-4303841.765
6617,-4275520.403
6618,-3985343.077
6619,-1419316.562
6620,-1322502.388
6621,-60855.663
6622,-385919.822
6623,-418036.168
6624,-420711.557
6625,-357337.570
6626,-334966.198
6627,-318534.516
6628,-313669.536
6629,-312267.263
6630,-297462.461
6631,-1378604.878
6632,-1218819.045
6633,-3389591.218
6634,-3662215.201
6635,-3869641.184
6636,-3941361.288
6637,-3509050.925
6638,-4125194.851
6639,-4268577.495
6640,-4274523.530
6641,-4241520.104
6642,-3951440.988
6643,-1428617.968
6644,-1340453.675
6645,-72143.354
6646,-393411.598
6647,-424298.541
6648,-424819.770
6649,-361734.931
6650,-338977.758
6651,-327963.217
6652,-329556.737
6653,-331295.530
6654,-329422.440
6655,-1450310.356
6656,-1217353.224
6657,-3310075.285
6658,-3574863.885
6659,-3808545.899
6660,-3862916.307
6661,-3450158.080
6662,-3970765.902
6663,-4065486.915
6664,-4160091.081
6665,-4081228.363
6666,-3808428.759
6667,-1370987.735
6668,-1291842.653
6669,-66686.055
6670,-384251.702
6671,-417712.744
6672,-424709.403
6673,-363529.959
6674,-343618.709
6675,-332111.105
6676,-327014.190
6677,-317545.507
6678,-304851.428
6679,-307025.242
6680,-433089.055
6681,-2293581.294
6682,-2155364.822
6683,-2326195.856
6684,-2408730.173
6685,-2398697.064
6686,-2502374.631
6687,-2618153.060
6688,-2738819.350
6689,-2783112.283
6690,-2503869.328
6691,-144016.345
6692,-347600.575
6693,-388052.526
6694,-412961.205
6695,-418606.716
6696,-409441.531
6697,-345980.084
6698,-332776.120
6699,-321102.432
6700,-320875.144
6701,-301665.827
6702,-279577.112
6703,-281196.064
6704,-394076.009
6705,-790782.114
6706,-1063004.829
6707,-1168805.714
6708,-1233344.983
6709,-1379968.027
6710,-1460208.920
6711,-1591969.983
6712,-1617063.090
6713,-1549570.392
6714,-1278115.065
6715,-374978.034
6716,-280372.280
6717,-287347.927
6718,-298122.393
6719,-292485.863
6720,-286975.574
6721,-278926.792
6722,-258825.582
6723,-237350.910
6724,-225922.065
6725,-207743.737
6726,-185780.171
6727,-1098770.536
6728,-851754.205
6729,-2217083.900
6730,-2484685.637
6731,-2796639.243
6732,-3073100.481
6733,-3159291.666
6734,-3582205.680
6735,-3799753.309
6736,-3881360.890
6737,-3664479.325
6738,-3047589.728
6739,-1141832.228
6740,-1088008.570
6741,-0.000
6742,-262374.585
6743,-320149.249
6744,-329499.871
6745,-273733.310
6746,-258515.357
6747,-250446.871
6748,-247845.939
6749,-222212.531
6750,-195612.649
6751,-1162326.454
6752,-1012130.061
6753,-2778269.423
6754,-3018697.970
6755,-3230785.303
6756,-3326653.127
6757,-3320016.726
6758,-3767119.635
6759,-3849982.578
6760,-3687762.614
6761,-3501908.972
6762,-2918187.326
6763,-1157397.089
6764,-999773.825
6765,-20117.763
6766,-235449.543
6767,-188411.272
6768,-126447.127
6769,-38810.509
6770,-1985.302
6771,-0.000
6772,-0.000
6773,-0.000
6774,-0.000
6775,-431277.423
6776,-486424.191
6777,-1551169.521
6778,-1977553.975
6779,-2183058.799
6780,-2287120.893
6781,-2250567.298
6782,-2626935.256
6783,-2833069.032
6784,-2765381.361
6785,-2623269.710
6786,-2089761.958
6787,-788288.103
6788,-701363.564
6789,-0.000
6790,-65012.996
6791,-112171.922
6792,-80090.100
6793,-13280.540
6794,-0.000
6795,-0.000
6796,-0.000
6797,-0.000
6798,-0.000
6799,-247184.711
6800,-308523.659
6801,-1061250.343
6802,-1477158.395
6803,-1826704.794
6804,-2030879.788
6805,-2104460.961
6806,-2444346.821
6807,-2626244.389
6808,-2622743.316
6809,-2553650.451
6810,-2030527.323
6811,-685963.080
6812,-601973.152
6813,-0.000
6814,-0.000
6815,-0.000
6816,-43319.963
6817,-9029.901
6818,-84.759
6819,-0.000
6820,-0.000
6821,-0.000
6822,-0.000
6823,-485006.132
6824,-478373.788
6825,-1332976.259
6826,-1665045.596
6827,-1954939.021
6828,-2147866.447
6829,-2211072.531
6830,-2589230.563
6831,-2809407.617
6832,-2859444.508
6833,-2799283.064
6834,-2153119.665
6835,-770917.288
6836,-717271.582
6837,-0.000
6838,-44775.882
6839,-110403.911
6840,-114800.696
6841,-83798.776
6842,-79896.993
6843,-72714.716
6844,-37984.673
6845,-7279.996
6846,-0.000
6847,-0.000
6848,-104285.098
6849,-1404582.528
6850,-1400496.931
6851,-1475542.499
6852,-1598170.099
6853,-1766155.168
6854,-2037605.350
6855,-2155742.326
6856,-1989193.538
6857,-1941205.301
6858,-1564833.787
6859,-108209.588
6860,-235994.837
6861,-261076.491
6862,-259861.458
6863,-241683.617
6864,-240924.985
6865,-202683.262
6866,-179408.174
6867,-157634.282
6868,-149727.451
6869,-126854.154
6870,-93641.190
6871,-106873.563
6872,-245474.109
6873,-683898.914
6874,-1058706.476
6875,-1286164.189
6876,-1253996.906
6877,-1295256.786
6878,-1442405.473
6879,-1559454.180
6880,-1591861.396
6881,-1550409.274
6882,-954534.918
6883,-248725.923
6884,-193746.941
6885,-172017.966
6886,-163195.200
6887,-153134.054
6888,-147261.954
6889,-149020.238
6890,-143764.515
6891,-134578.953
6892,-127069.164
6893,-105830.759
6894,-78389.153
6895,-1131575.822
6896,-692564.567
6897,-1925604.802
6898,-2211659.970
6899,-2465268.042
6900,-2640477.912
6901,-2597171.223
6902,-3078450.014
6903,-3303455.018
6904,-3340766.598
6905,-3308942.362
6906,-2722934.860
6907,-1053985.283
6908,-995584.250
6909,-24329.357
6910,-281986.552
6911,-306889.783
6912,-294417.263
6913,-228222.524
6914,-192997.425
6915,-158390.857
6916,-134978.832
6917,-110747.841
6918,-90364.013
6919,-768557.883
6920,-642277.934
6921,-1783493.179
6922,-2036883.205
6923,-2088602.888
6924,-2396700.965
6925,-2406730.064
6926,-2988865.918
6927,-3203027.293
6928,-2771842.768
6929,-2825114.147
6930,-2793776.080
6931,-1181558.646
6932,-1102310.266
6933,-96491.716
6934,-323926.621
6935,-328608.887
6936,-302821.688
6937,-238280.416
6938,-205895.058
6939,-186926.862
6940,-177525.670
6941,-156917.900
6942,-128871.320
6943,-779304.029
6944,-635353.561
6945,-1717437.083
6946,-2033562.058
6947,-2277250.006
6948,-2416307.545
6949,-2256284.442
6950,-2658789.329
6951,-2825581.876
6952,-2563934.990
6953,-2346723.434
6954,-2136998.553
6955,-921764.969
6956,-810301.825
6957,-0.000
6958,-76521.003
6959,-162295.568
6960,-176984.431
6961,-134147.174
6962,-90572.311
6963,-11563.675
6964,-0.000
6965,-0.000
6966,-0.000
6967,-61153.175
6968,-120290.997
6969,-796223.476
6970,-964782.665
6971,-1074329.909
6972,-1124243.036
6973,-1111739.503
6974,-1130052.749
6975,-1055889.293
6976,-956607.198
6977,-883741.170
6978,-785600.357
6979,-234357.077
6980,-114619.241
6981,-0.000
6982,-0.000
6983,-0.000
6984,-0.000
6985,-0.000
6986,-0.000
6987,-0.000
6988,-0.000
6989,-0.000
6990,-0.000
6991,-255798.179
6992,-338334.486
6993,-1191156.070
6994,-1618964.803
6995,-1938386.699
6996,-2084577.791
6997,-2125741.771
6998,-2452067.369
6999,-2556457.698
7000,-2512714.603
7001,-2326754.813
7002,-1881895.126
7003,-750780.061
7004,-637618.411
7005,-0.000
7006,-0.000
7007,-0.000
7008,-0.000
7009,-0.000
7010,-0.000
7011,-0.000
7012,-0.000
7013,-0.000
7014,-0.000
7015,-0.000
7016,-0.000
7017,-1172102.173
7018,-1559393.570
7019,-1825580.418
7020,-1845999.821
7021,-1922390.807
7022,-2117185.055
7023,-2279733.341
7024,-2294012.761
7025,-2240538.255
7026,-1646787.011
7027,-0.000
7028,-20425.892
7029,-86215.507
7030,-100712.990
7031,-89516.920
7032,-78150.467
7033,-8309.622
7034,-0.000
7035,-0.000
7036,-0.000
7037,-0.000
7038,-0.000
7039,-0.000
7040,-0.000
7041,-513183.590
7042,-925323.745
7043,-1231027.139
7044,-1231497.418
7045,-1253560.964
7046,-1401966.056
7047,-1514293.355
7048,-1535042.266
7049,-1472169.952
7050,-840772.578
7051,-118253.715
7052,-57095.686
7053,-52147.098
7054,-47534.923
7055,-21289.492
7056,-10758.813
7057,-11413.655
7058,-1419.195
7059,-0.000
7060,-0.000
7061,-0.000
7062,-0.000
7063,-984164.001
7064,-725327.349
7065,-2252028.800
7066,-2566725.093
7067,-2862483.666
7068,-3115688.819
7069,-2919201.978
7070,-3249241.930
7071,-3303500.879
7072,-2933320.620
7073,-3035562.275
7074,-2556980.967
7075,-1048344.213
7076,-943683.468
7077,-0.000
7078,-157175.914
7079,-245164.787
7080,-240341.088
7081,-180006.290
7082,-157296.584
7083,-135957.118
7084,-135080.997
7085,-134400.549
7086,-117656.241
7087,-1046654.768
7088,-877178.042
7089,-2490070.939
7090,-2527053.094
7091,-2418881.376
7092,-2522608.355
7093,-2700939.756
7094,-3219405.508
7095,-3269742.971
7096,-2999946.106
7097,-3004098.852
7098,-2726053.156
7099,-959177.706
7100,-869375.661
7101,-0.000
7102,-43461.098
7103,-128138.100
7104,-136260.742
7105,-88161.231
7106,-80802.979
7107,-77968.916
7108,-72108.065
7109,-53398.690
7110,-24489.392
7111,-1098754.110
7112,-704186.248
7113,-2013687.475
7114,-2381457.923
7115,-2757257.094
7116,-2906606.009
7117,-2783957.801
7118,-3096658.786
7119,-3121062.152
7120,-3105208.341
7121,-2993726.961
7122,-2371808.010
7123,-806391.970
7124,-672169.591
7125,-0.000
7126,-0.000
7127,-14820.459
7128,-38755.320
7129,-0.000
7130,-0.000
7131,-0.000
7132,-0.000
7133,-0.000
7134,-0.000
7135,-434352.808
7136,-465300.156
7137,-1544408.781
7138,-2115544.352
7139,-2475574.657
7140,-2517850.996
7141,-2432526.995
7142,-2808076.525
7143,-2931136.332
7144,-2988917.576
7145,-2972318.005
7146,-2263225.049
7147,-729632.634
7148,-601622.894
7149,-0.000
7150,-0.000
7151,-0.000
7152,-0.000
7153,-0.000
7154,-0.000
7155,-0.000
7156,-0.000
7157,-0.000
7158,-0.000
7159,-433139.321
7160,-493771.845
7161,-1655833.457
7162,-2097099.371
7163,-2503681.024
7164,-2685502.320
7165,-2496790.545
7166,-2862473.421
7167,-3021690.239
7168,-3056195.808
7169,-2847944.964
7170,-2541552.450
7171,-731227.674
7172,-580980.291
7173,-0.000
7174,-0.000
7175,-0.000
7176,-0.000
7177,-0.000
7178,-0.000
7179,-0.000
7180,-0.000
7181,-0.000
7182,-0.000
7183,-0.000
7184,-0.000
7185,-1416724.249
7186,-1617067.154
7187,-1966498.866
7188,-2039168.827
7189,-2037500.101
7190,-2204504.607
7191,-2338460.254
7192,-2369963.755
7193,-2177707.936
7194,-1889301.768
7195,-0.000
7196,-762.381
7197,-62414.879
7198,-77858.544
7199,-78417.975
7200,-74272.646
7201,-5280.035
7202,-0.000
7203,-0.000
7204,-0.000
7205,-0.000
7206,-0.000
7207,-0.000
7208,-25600.071
7209,-596737.985
7210,-1020596.395
7211,-1325041.405
7212,-1317116.604
7213,-1358665.125
7214,-1527706.368
7215,-1659586.365
7216,-1688947.724
7217,-1422763.470
7218,-600927.214
7219,-140087.374
7220,-79072.791
7221,-74864.815
7222,-70487.488
7223,-44818.608
7224,-27679.744
7225,-18507.893
7226,-3500.694
7227,-0.000
7228,-0.000
7229,-0.000
7230,-0.000
7231,-1039237.759
7232,-583054.521
7233,-1701494.039
7234,-2320121.791
7235,-2792945.065
7236,-2963580.584
7237,-2831722.127
7238,-3285948.908
7239,-3439076.592
7240,-3359989.745
7241,-3180068.326
7242,-2186965.405
7243,-846753.006
7244,-778788.299
7245,-0.000
7246,-0.000
7247,-0.000
7248,-32779.781
7249,-0.000
7250,-0.000
7251,-0.000
7252,-0.000
7253,-0.000
7254,-0.000
7255,-743425.171
7256,-479522.499
7257,-1557406.558
7258,-2173369.797
7259,-2594278.254
7260,-2710746.370
7261,-2666087.620
7262,-3106953.074
7263,-3312701.208
7264,-3438801.466
7265,-3238668.944
7266,-2323295.221
7267,-938752.767
7268,-817669.003
7269,-0.000
7270,-58146.361
7271,-117673.456
7272,-111051.414
7273,-47904.736
7274,-10329.382
7275,-0.000
7276,-0.000
7277,-0.000
7278,-0.000
7279,-657596.637
7280,-462065.206
7281,-1475995.942
7282,-1874489.600
7283,-2154082.788
7284,-2235855.703
7285,-2090597.730
7286,-2243838.397
7287,-2236949.270
7288,-2292482.372
7289,-2081635.859
7290,-1861063.080
7291,-840167.167
7292,-745058.500
7293,-0.000
7294,-53783.185
7295,-119713.022
7296,-123833.171
7297,-78963.790
7298,-56308.338
7299,-37820.215
7300,-18444.923
7301,-0.000
7302,-0.000
7303,-721466.014
7304,-447362.622
7305,-1270781.165
7306,-1293459.544
7307,-1220410.741
7308,-1160066.296
7309,-1190700.080
7310,-1188671.652
7311,-1285767.785
7312,-1138285.115
7313,-1089261.578
7314,-933181.611
7315,-316170.378
7316,-251957.250
7317,-0.000
7318,-0.000
7319,-0.000
7320,-0.000
7321,-0.000
7322,-0.000
7323,-0.000
7324,-0.000
7325,-0.000
7326,-0.000
7327,-0.000
7328,-0.000
7329,-590568.750
7330,-917657.046
7331,-1007258.186
7332,-1138443.830
7333,-1280907.060
7334,-1536341.654
7335,-1582566.833
7336,-1398586.828
7337,-1285272.702
7338,-1118504.694
7339,-395544.546
7340,-352467.097
7341,-0.000
7342,-0.000
7343,-0.000
7344,-0.000
7345,-0.000
7346,-0.000
7347,-0.000
7348,-0.000
7349,-0.000
7350,-0.000
7351,-0.000
7352,-0.000
7353,-897766.922
7354,-983451.971
7355,-1093261.439
7356,-1282465.452
7357,-1546351.093
7358,-1772180.913
7359,-1728267.152
7360,-1331526.434
7361,-1120475.353
7362,-1010384.675
7363,-0.000
7364,-0.000
7365,-0.000
7366,-0.000
7367,-0.000
7368,-0.000
7369,-0.000
7370,-0.000
7371,-0.000
7372,-0.000
7373,-0.000
7374,-0.000
7375,-0.000
7376,-0.000
7377,-0.000
7378,-56386.229
7379,-283180.135
7380,-436891.938
7381,-510003.376
7382,-716975.515
7383,-816190.186
7384,-783756.491
7385,-454444.231
7386,-184346.812
7387,-0.000
7388,-0.000
7389,-0.000
7390,-0.000
7391,-0.000
7392,-0.000
7393,-0.000
7394,-0.000
7395,-0.000
7396,-0.000
7397,-0.000
7398,-0.000
7399,-300722.826
7400,-355057.857
7401,-1380756.489
7402,-1737216.387
7403,-2111383.849
7404,-2395332.073
7405,-2321473.461
7406,-2380265.778
7407,-2404459.680
7408,-2475155.434
7409,-2325370.957
7410,-1603571.242
7411,-636932.642
7412,-535840.080
7413,-0.000
7414,-0.000
7415,-0.000
7416,-0.000
7417,-0.000
7418,-0.000
7419,-0.000
7420,-0.000
7421,-0.000
7422,-0.000
7423,-78371.281
7424,-248491.725
7425,-1050426.173
7426,-1206778.918
7427,-1365072.981
7428,-1387165.696
7429,-1274200.334
7430,-1300238.981
7431,-1352071.666
7432,-1766739.677
7433,-1654068.979
7434,-1271423.908
7435,-480627.472
7436,-424370.617
7437,-0.000
7438,-0.000
7439,-0.000
7440,-0.000
7441,-0.000
7442,-0.000
7443,-0.000
7444,-0.000
7445,-0.000
7446,-0.000
7447,-4925.975
7448,-287261.568
7449,-1232879.081
7450,-1428018.719
7451,-1633179.119
7452,-1811817.253
7453,-1818141.470
7454,-1776295.433
7455,-1809576.734
7456,-1712796.154
7457,-1863096.013
7458,-1530928.736
7459,-618069.148
7460,-561860.271
7461,-0.000
7462,-0.000
7463,-0.000
7464,-0.000
7465,-0.000
7466,-0.000
7467,-0.000
7468,-0.000
7469,-0.000
7470,-0.000
7471,-296097.430
7472,-384457.337
7473,-1529897.570
7474,-1818018.710
7475,-2048637.537
7476,-2161273.044
7477,-2150030.281
7478,-1996778.975
7479,-2203302.467
7480,-2303968.104
7481,-2084365.245
7482,-1697368.089
7483,-694341.328
7484,-649100.649
7485,-0.000
7486,-0.000
7487,-0.000
7488,-0.000
7489,-0.000
7490,-0.000
7491,-0.000
7492,-0.000
7493,-0.000
7494,-0.000
7495,-430229.144
7496,-486363.886
7497,-1803586.379
7498,-2207560.977
7499,-2528433.569
7500,-2778127.390
7501,-2888558.756
7502,-3249242.760
7503,-3371140.280
7504,-3370580.585
7505,-2990148.533
7506,-2049258.429
7507,-775391.547
7508,-708663.944
7509,-0.000
7510,-0.000
7511,-0.000
7512,-0.000
7513,-0.000
7514,-0.000
7515,-0.000
7516,-0.000
7517,-0.000
7518,-0.000
7519,-0.000
7520,-0.000
7521,-1452872.029
7522,-1726264.105
7523,-1962845.290
7524,-2187410.122
7525,-2359829.196
7526,-2559910.006
7527,-2595375.267
7528,-2570370.273
7529,-2326502.811
7530,-1402567.734
7531,-0.000
7532,-0.000
7533,-0.000
7534,-21541.880
7535,-20204.930
7536,-8549.156
7537,-0.000
7538,-0.000
7539,-0.000
7540,-0.000
7541,-0.000
7542,-0.000
7543,-0.000
7544,-0.000
7545,-194236.385
7546,-833220.056
7547,-1194621.556
7548,-1306097.086
7549,-1365488.432
7550,-1429202.905
7551,-1512042.591
7552,-1539448.510
7553,-1386548.973
7554,-610723.170
7555,-63080.771
7556,-0.000
7557,-0.000
7558,-0.000
7559,-0.000
7560,-0.000
7561,-0.000
7562,-0.000
7563,-0.000
7564,-0.000
7565,-0.000
7566,-0.000
7567,-633875.097
7568,-640087.637
7569,-2063539.653
7570,-2390017.886
7571,-2660783.642
7572,-2836092.493
7573,-2848861.202
7574,-3275209.963
7575,-3425381.535
7576,-3392300.069
7577,-3048467.187
7578,-2355950.429
7579,-886426.322
7580,-799202.101
7581,-0.000
7582,-0.000
7583,-0.000
7584,-0.000
7585,-0.000
7586,-0.000
7587,-0.000
7588,-0.000
7589,-0.000
7590,-0.000
7591,-597806.462
7592,-597823.131
7593,-1964156.130
7594,-2324180.546
7595,-2775873.229
7596,-3142135.727
7597,-3117404.322
7598,-3520391.462
7599,-3651021.291
7600,-3647147.821
7601,-3338175.268
7602,-2523784.274
7603,-943740.848
7604,-862835.371
7605,-0.000
7606,-0.000
7607,-0.000
7608,-28933.365
7609,-0.000
7610,-0.000
7611,-0.000
7612,-0.000
7613,-0.000
7614,-0.000
7615,-695599.527
7616,-641929.424
7617,-2093373.197
7618,-2430074.812
7619,-2712108.582
7620,-2820311.299
7621,-2867414.051
7622,-3197420.944
7623,-3366949.202
7624,-3366620.733
7625,-2870359.761
7626,-2171846.327
7627,-862541.728
7628,-803135.373
7629,-0.000
7630,-0.000
7631,-8415.855
7632,-89561.557
7633,-41851.049
7634,-31990.445
7635,-24273.755
7636,-23098.727
7637,-17051.365
7638,-8534.847
7639,-1224906.234
7640,-680186.016
7641,-1980394.775
7642,-2301409.082
7643,-2672839.952
7644,-2941704.430
7645,-2936644.284
7646,-3317664.547
7647,-3486732.148
7648,-3407252.114
7649,-3123454.921
7650,-2441742.232
7651,-890329.940
7652,-796968.709
7653,-0.000
7654,-0.000
7655,-0.000
7656,-60374.391
7657,-5226.092
7658,-0.000
7659,-0.000
7660,-0.000
7661,-0.000
7662,-0.000
7663,-1085510.150
7664,-701564.039
7665,-2120247.975
7666,-2400336.319
7667,-2686082.276
7668,-2841294.598
7669,-2768592.951
7670,-2971909.861
7671,-3062416.587
7672,-3120963.065
7673,-2940823.067
7674,-2199075.261
7675,-827549.683
7676,-756097.299
7677,-0.000
7678,-0.000
7679,-0.000
7680,-0.000
7681,-0.000
7682,-0.000
7683,-0.000
7684,-0.000
7685,-0.000
7686,-0.000
7687,-0.000
7688,-0.000
7689,-1478371.427
7690,-1572013.484
7691,-1698318.271
7692,-1856811.662
7693,-2034187.104
7694,-2288592.513
7695,-2514967.456
7696,-2459863.905
7697,-2225687.554
7698,-1227057.257
7699,-0.000
7700,-0.000
7701,-44122.772
7702,-82497.108
7703,-84411.919
7704,-77917.879
7705,-1410.437
7706,-0.000
7707,-0.000
7708,-0.000
7709,-0.000
7710,-0.000
7711,-0.000
7712,-0.000
7713,-339709.898
7714,-1105962.172
7715,-1395256.724
7716,-1576974.267
7717,-1563688.239
7718,-1623391.310
7719,-1695661.941
7720,-1701929.533
7721,-1431397.330
7722,-430902.068
7723,-94663.193
7724,-38225.772
7725,-28220.286
7726,-39122.156
7727,-40238.086
7728,-26476.985
7729,-11576.683
7730,-565.686
7731,-0.000
7732,-0.000
7733,-0.000
7734,-0.000
7735,-1082066.348
7736,-664265.910
7737,-2073988.739
7738,-2377387.095
7739,-2754965.729
7740,-3000243.611
7741,-3088691.843
7742,-3421087.339
7743,-3404891.287
7744,-3468541.962
7745,-3275894.377
7746,-2281490.357
7747,-943127.748
7748,-879092.000
7749,-0.000
7750,-0.000
7751,-24351.392
7752,-78569.680
7753,-5545.775
7754,-0.000
7755,-0.000
7756,-0.000
7757,-0.000
7758,-0.000
7759,-703758.945
7760,-598776.146
7761,-1907885.372
7762,-2331872.401
7763,-2728048.702
7764,-3033281.526
7765,-3134594.205
7766,-3491488.784
7767,-3562983.457
7768,-3072470.891
7769,-2772109.216
7770,-2065308.775
7771,-870140.632
7772,-813691.072
7773,-0.000
7774,-0.000
7775,-26983.033
7776,-73419.129
7777,-3479.152
7778,-0.000
7779,-0.000
7780,-0.000
7781,-0.000
7782,-0.000
7783,-746723.494
7784,-643526.423
7785,-2030055.684
7786,-2376925.956
7787,-2688363.397
7788,-2789966.589
7789,-2880819.402
7790,-3076222.856
7791,-3005414.479
7792,-2564866.995
7793,-2364215.015
7794,-2000839.899
7795,-854068.996
7796,-797174.338
7797,-0.000
7798,-0.000
7799,-3299.493
7800,-85272.933
7801,-17268.652
7802,-1083.236
7803,-0.000
7804,-0.000
7805,-0.000
7806,-0.000
7807,-1161033.051
7808,-648691.354
7809,-1897369.148
7810,-2082887.565
7811,-2193869.632
7812,-2223031.332
7813,-1984255.669
7814,-2184916.459
7815,-2239793.650
7816,-2317204.836
7817,-2038856.141
7818,-1903314.643
7819,-861331.115
7820,-817581.006
7821,-0.000
7822,-0.000
7823,-0.000
7824,-0.000
7825,-0.000
7826,-0.000
7827,-0.000
7828,-0.000
7829,-0.000
7830,-0.000
7831,-677147.405
7832,-676847.841
7833,-2073488.130
7834,-2283111.121
7835,-2255692.727
7836,-2284960.220
7837,-2117016.212
7838,-2391894.682
7839,-2340848.507
7840,-2284698.204
7841,-2157718.770
7842,-2058528.833
7843,-884050.794
7844,-820319.287
7845,-0.000
7846,-0.000
7847,-0.000
7848,-0.000
7849,-0.000
7850,-0.000
7851,-0.000
7852,-0.000
7853,-0.000
7854,-0.000
7855,-0.000
7856,-0.000
7857,-950867.158
7858,-1057792.295
7859,-1116758.539
7860,-1275441.280
7861,-1475542.092
7862,-1422219.681
7863,-1353461.483
7864,-1112750.236
7865,-1012055.326
7866,-923350.503
7867,-0.000
7868,-0.000
7869,-0.000
7870,-0.000
7871,-0.000
7872,-0.000
7873,-0.000
7874,-0.000
7875,-0.000
7876,-0.000
7877,-0.000
7878,-0.000
7879,-0.000
7880,-0.000
7881,-0.000
7882,-330947.065
7883,-718885.919
7884,-833942.369
7885,-888855.689
7886,-800040.554
7887,-637594.637
7888,-874818.399
7889,-606864.124
7890,-197115.154
7891,-40761.237
7892,-2205.538
7893,-0.000
7894,-0.000
7895,-0.000
7896,-0.000
7897,-0.000
7898,-0.000
7899,-0.000
7900,-0.000
7901,-0.000
7902,-0.000
7903,-706575.901
7904,-602078.176
7905,-1791781.289
7906,-1913591.533
7907,-2015325.655
7908,-2129270.651
7909,-1980185.125
7910,-2170166.290
7911,-2309531.817
7912,-2162616.204
7913,-2030098.264
7914,-1808647.065
7915,-773625.502
7916,-714366.869
7917,-0.000
7918,-0.000
7919,-0.000
7920,-0.000
7921,-0.000
7922,-0.000
7923,-0.000
7924,-0.000
7925,-0.000
7926,-0.000
7927,-737112.566
7928,-619155.578
7929,-1841864.309
7930,-2030656.766
7931,-2183168.113
7932,-2372736.435
7933,-2238118.295
7934,-2708124.551
7935,-2687515.089
7936,-2618314.281
7937,-2585232.351
7938,-2196419.100
7939,-917864.884
7940,-882665.286
7941,-0.000
7942,-0.000
7943,-37630.890
7944,-127973.596
7945,-84121.498
7946,-66643.559
7947,-59236.783
7948,-59912.550
7949,-45416.664
7950,-37768.213
7951,-1412616.577
7952,-816820.287
7953,-2580103.538
7954,-3051542.917
7955,-3486492.769
7956,-3693828.489
7957,-3355009.429
7958,-3994043.291
7959,-4103106.826
7960,-4032752.109
7961,-3767538.426
7962,-2765687.126
7963,-1127718.529
7964,-1051992.009
7965,-0.000
7966,-24718.129
7967,-155976.921
7968,-176456.972
7969,-124634.319
7970,-111794.608
7971,-101090.761
7972,-107731.422
7973,-121316.554
7974,-122097.565
7975,-1536878.672
7976,-880658.416
7977,-2496076.663
7978,-2723916.689
7979,-2975003.301
7980,-3344003.856
7981,-3071816.664
7982,-3617499.406
7983,-3687216.916
7984,-3860431.692
7985,-3561927.605
7986,-2614227.694
7987,-1056653.114
7988,-982531.381
7989,-0.000
7990,-0.000
7991,-132738.296
7992,-134604.965
7993,-47713.202
7994,-18575.091
7995,-832.048
7996,-0.000
7997,-0.000
7998,-0.000
7999,-1103074.066
8000,-519035.862
8001,-1378638.803
8002,-1602262.015
8003,-1852037.396
8004,-2051849.986
8005,-2007789.412
8006,-1991739.586
8007,-1692146.160
8008,-1617119.540
8009,-1555755.240
8010,-1057919.817
8011,-415999.159
8012,-267302.991
8013,-0.000
8014,-0.000
8015,-0.000
8016,-0.000
8017,-0.000
8018,-0.000
8019,-0.000
8020,-0.000
8021,-0.000
8022,-0.000
8023,-0.000
8024,-0.000
8025,-0.000
8026,-0.000
8027,-33513.770
8028,-410850.448
8029,-469301.472
8030,-424174.471
8031,-345165.179
8032,-501453.473
8033,-324232.206
8034,-75615.915
8035,-0.000
8036,-0.000
8037,-0.000
8038,-0.000
8039,-0.000
8040,-0.000
8041,-0.000
8042,-0.000
8043,-0.000
8044,-0.000
8045,-0.000
8046,-0.000
8047,-0.000
8048,-0.000
8049,-0.000
8050,-0.000
8051,-0.000
8052,-0.000
8053,-371934.445
8054,-634853.243
8055,-650391.905
8056,-470586.409
8057,-193486.282
8058,-11550.544
8059,-0.000
8060,-0.000
8061,-0.000
8062,-0.000
8063,-0.000
8064,-0.000
8065,-0.000
8066,-0.000
8067,-0.000
8068,-0.000
8069,-0.000
8070,-0.000
8071,-0.000
8072,-0.000
8073,-0.000
8074,-350888.466
8075,-870274.635
8076,-1138745.382
8077,-1335782.574
8078,-1653400.020
8079,-1958777.375
8080,-2146781.657
8081,-1945222.564
8082,-1072047.221
8083,-370920.824
8084,-284976.694
8085,-0.000
8086,-0.000
8087,-0.000
8088,-0.000
8089,-0.000
8090,-0.000
8091,-0.000
8092,-0.000
8093,-0.000
8094,-0.000
8095,-0.000
8096,-0.000
8097,-530628.530
8098,-1111396.581
8099,-1480799.967
8100,-1757436.952
8101,-1878259.633
8102,-2097781.167
8103,-2300294.913
8104,-2468730.596
8105,-2234643.798
8106,-1196437.026
8107,-369797.582
8108,-243526.680
8109,-0.000
8110,-0.000
8111,-0.000
8112,-0.000
8113,-0.000
8114,-0.000
8115,-0.000
8116,-0.000
8117,-0.000
8118,-0.000
8119,-0.000
8120,-0.000
8121,-0.000
8122,-90029.695
8123,-434955.654
8124,-762222.532
8125,-1137925.889
8126,-1346501.902
8127,-1458925.459
8128,-1090155.779
8129,-907027.129
8130,-487007.614
8131,-71695.015
8132,-0.000
8133,-0.000
8134,-0.000
8135,-0.000
8136,-0.000
8137,-0.000
8138,-0.000
8139,-0.000
8140,-0.000
8141,-0.000
8142,-0.000
8143,-0.000
8144,-0.000
8145,-0.000
8146,-975.063
8147,-422117.940
8148,-833977.080
8149,-1237014.401
8150,-1512454.630
8151,-1729041.845
8152,-1630270.878
8153,-1358656.422
8154,-716714.219
8155,-149356.231
8156,-30583.498
8157,-0.000
8158,-0.000
8159,-0.000
8160,-0.000
8161,-0.000
8162,-0.000
8163,-0.000
8164,-0.000
8165,-0.000
8166,-0.000
8167,-0.000
8168,-0.000
8169,-0.000
8170,-590498.669
8171,-1096322.494
8172,-1385157.878
8173,-1601333.210
8174,-1905341.093
8175,-2203524.290
8176,-2367415.156
8177,-2077696.525
8178,-1155967.801
8179,-355630.985
8180,-247184.858
8181,-0.000
8182,-0.000
8183,-0.000
8184,-0.000
8185,-0.000
8186,-0.000
8187,-0.000
8188,-0.000
8189,-0.000
8190,-0.000
8191,-0.000
8192,-0.000
8193,-0.000
8194,-624533.336
8195,-1220440.369
8196,-1400509.068
8197,-1541691.518
8198,-1741118.852
8199,-1883240.986
8200,-2003947.060
8201,-1699256.040
8202,-781673.365
8203,-0.000
8204,-0.000
8205,-0.000
8206,-0.000
8207,-0.000
8208,-0.000
8209,-0.000
8210,-0.000
8211,-0.000
8212,-0.000
8213,-0.000
8214,-0.000
8215,-0.000
8216,-0.000
8217,-0.000
8218,-0.000
8219,-356835.208
8220,-886491.196
8221,-1036607.132
8222,-1213570.909
8223,-1360894.266
8224,-1434554.754
8225,-1129255.905
8226,-229905.875
8227,-0.000
8228,-0.000
8229,-0.000
8230,-0.000
8231,-0.000
8232,-0.000
8233,-0.000
8234,-0.000
8235,-0.000
8236,-0.000
8237,-0.000
8238,-0.000
8239,-0.000
8240,-0.000
8241,-22501.087
8242,-858001.946
8243,-1318456.169
8244,-1588942.989
8245,-1789600.106
8246,-2026694.354
8247,-2249032.049
8248,-2346750.757
8249,-2005989.621
8250,-1005916.750
8251,-280238.981
8252,-179051.040
8253,-0.000
8254,-0.000
8255,-0.000
8256,-0.000
8257,-0.000
8258,-0.000
8259,-0.000
8260,-0.000
8261,-0.000
8262,-0.000
8263,-0.000
8264,-0.000
8265,-0.000
8266,-285281.078
8267,-776053.785
8268,-1072580.525
8269,-1373545.208
8270,-1625555.014
8271,-1578277.317
8272,-1222233.625
8273,-1107788.293
8274,-528872.821
8275,-141519.989
8276,-70752.332
8277,-0.000
8278,-0.000
8279,-0.000
8280,-0.000
8281,-0.000
8282,-0.000
8283,-0.000
8284,-0.000
8285,-0.000
8286,-0.000
8287,-0.000
8288,-0.000
8289,-0.000
8290,-249157.751
8291,-710611.405
8292,-964396.358
8293,-1253259.767
8294,-1389653.531
8295,-1355762.657
8296,-1092379.932
8297,-1043518.953
8298,-460305.592
8299,-49903.391
8300,-0.000
8301,-0.000
8302,-0.000
8303,-0.000
8304,-0.000
8305,-0.000
8306,-0.000
8307,-0.000
8308,-0.000
8309,-0.000
8310,-0.000
8311,-0.000
8312,-0.000
8313,-0.000
8314,-0.000
8315,-361570.537
8316,-649155.560
8317,-877010.886
8318,-916842.180
8319,-984481.990
8320,-556273.201
8321,-385986.955
8322,-192668.166
8323,-14543.551
8324,-0.000
8325,-0.000
8326,-0.000
8327,-0.000
8328,-0.000
8329,-0.000
8330,-0.000
8331,-0.000
8332,-0.000
8333,-0.000
8334,-0.000
8335,-0.000
8336,-0.000
8337,-0.000
8338,-0.000
8339,-0.000
8340,-0.000
8341,-140805.111
8342,-112455.573
8343,-114037.441
8344,-108065.121
8345,-92255.692
8346,-11222.975
8347,-0.000
8348,-0.000
8349,-0.000
8350,-0.000
8351,-0.000
8352,-0.000
8353,-0.000
8354,-0.000
8355,-0.000
8356,-0.000
8357,-0.000
8358,-0.000
8359,-0.000
8360,-0.000
8361,-0.000
8362,-0.000
8363,-0.000
8364,-86937.371
8365,-381313.670
8366,-396133.231
8367,-406962.628
8368,-382062.917
8369,-351432.267
8370,-124757.201
8371,-0.000
8372,-0.000
8373,-0.000
8374,-0.000
8375,-0.000
8376,-0.000
8377,-0.000
8378,-0.000
8379,-0.000
8380,-0.000
8381,-0.000
8382,-0.000
8383,-0.000
8384,-0.000
8385,-0.000
8386,-0.000
8387,-0.000
8388,-0.000
8389,-0.000
8390,-0.000
8391,-0.000
8392,-0.000
8393,-0.000
8394,-0.000
8395,-0.000
8396,-0.000
8397,-0.000
8398,-0.000
8399,-0.000
8400,-0.000
8401,-0.000
8402,-0.000
8403,-0.000
8404,-0.000
8405,-0.000
8406,-0.000
8407,-0.000
8408,-0.000
8409,-0.000
8410,-0.000
8411,-0.000
8412,-0.000
8413,-80807.570
8414,-55757.411
8415,-76351.013
8416,-19174.870
8417,-29445.835
8418,-1086.862
8419,-0.000
8420,-0.000
8421,-0.000
8422,-0.000
8423,-0.000
8424,-0.000
8425,-0.000
8426,-0.000
8427,-0.000
8428,-0.000
8429,-0.000
8430,-0.000
8431,-0.000
8432,-0.000
8433,-0.000
8434,-0.000
8435,-133064.360
8436,-572197.444
8437,-900632.570
8438,-1014450.445
8439,-1264402.413
8440,-1268557.306
8441,-994952.816
8442,-238687.180
8443,-0.000
8444,-0.000
8445,-0.000
8446,-0.000
8447,-0.000
8448,-0.000
8449,-0.000
8450,-0.000
8451,-0.000
8452,-0.000
8453,-0.000
8454,-0.000
8455,-0.000
8456,-0.000
8457,-0.000
8458,-0.000
8459,-486799.203
8460,-842050.076
8461,-1203381.626
8462,-1349084.290
8463,-1540747.173
8464,-1504971.957
8465,-1156932.080
8466,-439999.408
8467,-24806.726
8468,-0.000
8469,-0.000
8470,-0.000
8471,-0.000
8472,-0.000
8473,-0.000
8474,-0.000
8475,-0.000
8476,-0.000
8477,-0.000
8478,-0.000
8479,-0.000
8480,-0.000
8481,-0.000
8482,-426220.028
8483,-1042062.439
8484,-1252655.686
8485,-1397857.364
8486,-1599228.127
8487,-1603005.918
8488,-1694792.341
8489,-1469995.835
8490,-800314.627
8491,-219082.628
8492,-154591.233
8493,-0.000
8494,-0.000
8495,-0.000
8496,-0.000
8497,-0.000
8498,-0.000
8499,-0.000
8500,-0.000
8501,-0.000
8502,-0.000
8503,-0.000
8504,-0.000
8505,-24372.997
8506,-621335.773
8507,-1029921.221
8508,-1275943.165
8509,-1491934.937
8510,-1684505.763
8511,-1873095.752
8512,-1971793.277
8513,-1695343.852
8514,-763059.152
8515,-151264.346
8516,-47202.894
8517,-0.000
8518,-0.000
8519,-0.000
8520,-0.000
8521,-0.000
8522,-0.000
8523,-0.000
8524,-0.000
8525,-0.000
8526,-0.000
8527,-0.000
8528,-0.000
8529,-0.000
8530,-64473.367
8531,-768037.168
8532,-1064676.817
8533,-1238976.930
8534,-1467892.862
8535,-1647915.238
8536,-1729405.919
8537,-1438762.257
8538,-498883.463
8539,-0.000
8540,-0.000
8541,-0.000
8542,-0.000
8543,-0.000
8544,-0.000
8545,-0.000
8546,-0.000
8547,-0.000
8548,-0.000
8549,-0.000
8550,-0.000
8551,-0.000
8552,-0.000
8553,-0.000
8554,-0.000
8555,-56976.657
8556,-684775.986
8557,-887013.777
8558,-1092045.483
8559,-1248416.447
8560,-1317849.048
8561,-1029068.682
8562,-185465.112
8563,-0.000
8564,-0.000
8565,-0.000
8566,-0.000
8567,-0.000
8568,-0.000
8569,-0.000
8570,-0.000
8571,-0.000
8572,-0.000
8573,-0.000
8574,-0.000
8575,-0.000
8576,-0.000
8577,-0.000
8578,-367338.478
8579,-980729.053
8580,-1271005.026
8581,-1496256.035
8582,-1673464.692
8583,-1847315.410
8584,-1930975.054
8585,-1634528.470
8586,-698729.918
8587,-120423.443
8588,-28684.757
8589,-0.000
8590,-0.000
8591,-0.000
8592,-0.000
8593,-0.000
8594,-0.000
8595,-0.000
8596,-0.000
8597,-0.000
8598,-0.000
8599,-0.000
8600,-0.000
8601,-0.000
8602,-369786.621
8603,-1006575.427
8604,-1286733.287
8605,-1480233.864
8606,-1647514.818
8607,-1826180.466
8608,-1890344.385
8609,-1577649.861
8610,-623120.891
8611,-76497.056
8612,-358.153
8613,-0.000
8614,-0.000
8615,-0.000
8616,-0.000
8617,-0.000
8618,-0.000
8619,-0.000
8620,-0.000
8621,-0.000
8622,-0.000
8623,-0.000
8624,-0.000
8625,-0.000
8626,-366717.607
8627,-970646.148
8628,-1227640.774
8629,-1455738.535
8630,-1618642.285
8631,-1799671.375
8632,-1877215.607
8633,-1584125.059
8634,-643373.803
8635,-98445.963
8636,-19002.559
8637,-0.000
8638,-0.000
8639,-0.000
8640,-0.000
8641,-0.000
8642,-0.000
8643,-0.000
8644,-0.000
8645,-0.000
8646,-0.000
8647,-0.000
8648,-0.000
8649,-0.000
8650,-594065.350
8651,-1191827.295
8652,-1447276.986
8653,-1593904.111
8654,-1710559.576
8655,-1840588.616
8656,-1708341.853
8657,-1509989.716
8658,-826911.099
8659,-181314.666
8660,-99105.497
8661,-0.000
8662,-0.000
8663,-0.000
8664,-0.000
8665,-0.000
8666,-0.000
8667,-0.000
8668,-0.000
8669,-0.000
8670,-0.000
8671,-0.000
8672,-0.000
8673,-0.000
8674,-514728.196
8675,-1023107.690
8676,-1285977.812
8677,-1500300.956
8678,-1687505.579
8679,-1883748.959
8680,-1985093.272
8681,-1735595.556
8682,-944950.905
8683,-208653.859
8684,-113865.746
8685,-0.000
8686,-0.000
8687,-0.000
8688,-0.000
8689,-0.000
8690,-0.000
8691,-0.000
8692,-0.000
8693,-0.000
8694,-0.000
8695,-0.000
8696,-0.000
8697,-0.000
8698,-0.000
8699,-111130.010
8700,-329388.703
8701,-441303.696
8702,-480353.529
8703,-620585.867
8704,-1324784.196
8705,-1203155.426
8706,-426664.798
8707,-0.000
8708,-0.000
8709,-0.000
8710,-0.000
8711,-0.000
8712,-0.000
8713,-0.000
8714,-0.000
8715,-0.000
8716,-0.000
8717,-0.000
8718,-0.000
8719,-0.000
8720,-0.000
8721,-0.000
8722,-0.000
8723,-0.000
8724,-298437.182
8725,-666598.533
8726,-902289.892
8727,-1079889.983
8728,-1166401.380
8729,-929627.400
8730,-241267.312
8731,-0.000
8732,-0.000
8733,-0.000
8734,-0.000
8735,-0.000
8736,-0.000
8737,-0.000
8738,-0.000
8739,-0.000
8740,-0.000
8741,-0.000
8742,-0.000
8743,-0.000
8744,-0.000
8745,-0.000
8746,-48527.863
8747,-722409.339
8748,-1051840.224
8749,-1327872.414
8750,-1513134.388
8751,-1722561.800
8752,-1828001.827
8753,-1589840.605
8754,-785454.225
8755,-112270.473
8756,-28216.494
8757,-0.000
8758,-0.000
8759,-0.000
8760,-0.000
