Hour,CoolingLoad_W
1,-0.000
2,-0.000
3,-0.000
4,-0.000
5,-0.000
6,-0.000
7,-0.000
8,-0.000
9,-0.000
10,-367781.757
11,-1040707.311
12,-1356983.607
13,-1479064.774
14,-1806194.453
15,-1987429.746
16,-1930548.742
17,-1860130.915
18,-1276037.255
19,-290613.448
20,-168492.007
21,-0.000
22,-0.000
23,-0.000
24,-0.000
25,-0.000
26,-0.000
27,-0.000
28,-0.000
29,-0.000
30,-0.000
31,-0.000
32,-0.000
33,-0.000
34,-529795.247
35,-1204789.514
36,-1608295.500
37,-1778296.157
38,-2087786.199
39,-2394002.387
40,-2477771.972
41,-2444476.430
42,-1582026.930
43,-357497.943
44,-188927.262
45,-0.000
46,-0.000
47,-0.000
48,-0.000
49,-0.000
50,-0.000
51,-0.000
52,-0.000
53,-0.000
54,-0.000
55,-0.000
56,-0.000
57,-0.000
58,-393032.508
59,-1431663.075
60,-1786437.301
61,-1941643.191
62,-2342604.192
63,-2635330.008
64,-2716460.134
65,-2657192.364
66,-1811747.349
67,-449701.086
68,-256579.227
69,-0.000
70,-0.000
71,-0.000
72,-0.000
73,-0.000
74,-0.000
75,-0.000
76,-0.000
77,-0.000
78,-0.000
79,-0.000
80,-0.000
81,-0.000
82,-394270.705
83,-1533358.800
84,-2156883.131
85,-2254117.243
86,-2712461.900
87,-2961616.521
88,-2963083.960
89,-2888781.365
90,-2016332.214
91,-545712.758
92,-343748.357
93,-0.000
94,-0.000
95,-0.000
96,-0.000
97,-0.000
98,-0.000
99,-0.000
100,-0.000
101,-0.000
102,-0.000
103,-0.000
104,-0.000
105,-83583.360
106,-1099768.806
107,-1993975.569
108,-2364896.132
109,-2288976.703
110,-2617458.664
111,-2519582.930
112,-2300553.304
113,-2354534.500
114,-2094525.956
115,-630787.986
116,-427758.914
117,-0.000
118,-0.000
119,-0.000
120,-0.000
121,-0.000
122,-0.000
123,-0.000
124,-0.000
125,-0.000
126,-0.000
127,-0.000
128,-0.000
129,-0.000
130,-412982.554
131,-1083318.775
132,-1278169.080
133,-1377876.520
134,-1650173.964
135,-1873725.248
136,-1853418.144
137,-1986455.311
138,-1230890.355
139,-0.000
140,-0.000
141,-0.000
142,-0.000
143,-0.000
144,-0.000
145,-0.000
146,-0.000
147,-0.000
148,-0.000
149,-0.000
150,-0.000
151,-0.000
152,-0.000
153,-0.000
154,-0.000
155,-0.000
156,-303983.692
157,-668370.629
158,-838052.575
159,-1059974.447
160,-1119659.443
161,-1088750.932
162,-447685.288
163,-0.000
164,-0.000
165,-0.000
166,-0.000
167,-0.000
168,-0.000
169,-0.000
170,-0.000
171,-0.000
172,-0.000
173,-0.000
174,-0.000
175,-0.000
176,-0.000
177,-0.000
178,-227885.511
179,-971212.941
180,-1330328.361
181,-1619994.139
182,-1986832.083
183,-2180495.171
184,-2042109.291
185,-1697840.302
186,-1200443.789
187,-317975.351
188,-167339.885
189,-0.000
190,-0.000
191,-0.000
192,-0.000
193,-0.000
194,-0.000
195,-0.000
196,-0.000
197,-0.000
198,-0.000
199,-0.000
200,-0.000
201,-0.000
202,-148956.096
203,-473110.310
204,-547126.165
205,-630351.305
206,-652884.712
207,-745735.499
208,-1021987.829
209,-1090953.447
210,-830502.285
211,-95583.007
212,-0.000
213,-0.000
214,-0.000
215,-0.000
216,-0.000
217,-0.000
218,-0.000
219,-0.000
220,-0.000
221,-0.000
222,-0.000
223,-0.000
224,-0.000
225,-0.000
226,-0.000
227,-255750.269
228,-537494.963
229,-920272.797
230,-958316.841
231,-1001290.485
232,-887849.269
233,-875407.232
234,-690486.241
235,-122915.717
236,-8765.864
237,-0.000
238,-0.000
239,-0.000
240,-0.000
241,-0.000
242,-0.000
243,-0.000
244,-0.000
245,-0.000
246,-0.000
247,-0.000
248,-0.000
249,-0.000
250,-0.000
251,-638524.866
252,-1000678.585
253,-1282860.472
254,-1483075.784
255,-1653382.345
256,-1737763.993
257,-1693263.176
258,-894598.416
259,-32120.138
260,-0.000
261,-0.000
262,-0.000
263,-0.000
264,-0.000
265,-0.000
266,-0.000
267,-0.000
268,-0.000
269,-0.000
270,-0.000
271,-0.000
272,-0.000
273,-0.000
274,-0.000
275,-332709.841
276,-733137.009
277,-903996.469
278,-935624.236
279,-1037692.984
280,-1089021.094
281,-1164905.433
282,-637858.221
283,-39698.123
284,-0.000
285,-0.000
286,-0.000
287,-0.000
288,-0.000
289,-0.000
290,-0.000
291,-0.000
292,-0.000
293,-0.000
294,-0.000
295,-0.000
296,-0.000
297,-0.000
298,-0.000
299,-0.000
300,-307536.881
301,-663855.380
302,-1003235.306
303,-1275526.778
304,-1361550.947
305,-1362760.486
306,-740425.020
307,-0.000
308,-0.000
309,-0.000
310,-0.000
311,-0.000
312,-0.000
313,-0.000
314,-0.000
315,-0.000
316,-0.000
317,-0.000
318,-0.000
319,-0.000
320,-0.000
321,-0.000
322,-0.000
323,-0.000
324,-0.000
325,-0.000
326,-0.000
327,-0.000
328,-0.000
329,-0.000
330,-0.000
331,-0.000
332,-0.000
333,-0.000
334,-0.000
335,-0.000
336,-0.000
337,-0.000
338,-0.000
339,-0.000
340,-0.000
341,-0.000
342,-0.000
343,-0.000
344,-0.000
345,-0.000
346,-23047.985
347,-406050.987
348,-594663.706
349,-838898.248
350,-1130517.958
351,-1550273.749
352,-1794462.961
353,-1569162.707
354,-1231383.985
355,-407398.557
356,-268740.915
357,-0.000
358,-0.000
359,-0.000
360,-0.000
361,-0.000
362,-0.000
363,-0.000
364,-0.000
365,-0.000
366,-0.000
367,-0.000
368,-0.000
369,-72181.859
370,-838756.294
371,-1443860.341
372,-1928558.951
373,-1999311.151
374,-2280778.941
375,-2060413.028
376,-1824772.527
377,-1678349.542
378,-1400911.415
379,-480925.338
380,-301501.836
381,-0.000
382,-0.000
383,-0.000
384,-0.000
385,-0.000
386,-0.000
387,-0.000
388,-0.000
389,-0.000
390,-0.000
391,-0.000
392,-0.000
393,-0.000
394,-402220.202
395,-743167.950
396,-921460.276
397,-1084808.013
398,-1079326.861
399,-1002110.867
400,-654698.308
401,-465052.755
402,-336489.470
403,-39682.916
404,-0.000
405,-0.000
406,-0.000
407,-0.000
408,-0.000
409,-0.000
410,-0.000
411,-0.000
412,-0.000
413,-0.000
414,-0.000
415,-0.000
416,-0.000
417,-0.000
418,-0.000
419,-428286.708
420,-920502.968
421,-1176222.149
422,-1285952.085
423,-1349579.102
424,-920583.903
425,-804148.101
426,-633302.717
427,-117139.291
428,-10387.690
429,-0.000
430,-0.000
431,-0.000
432,-0.000
433,-0.000
434,-0.000
435,-0.000
436,-0.000
437,-0.000
438,-0.000
439,-0.000
440,-0.000
441,-0.000
442,-97115.016
443,-924519.286
444,-1331098.990
445,-1595475.446
446,-1802762.884
447,-1954246.118
448,-1716690.184
449,-1411298.920
450,-922448.130
451,-152732.680
452,-32293.486
453,-0.000
454,-0.000
455,-0.000
456,-0.000
457,-0.000
458,-0.000
459,-0.000
460,-0.000
461,-0.000
462,-0.000
463,-0.000
464,-0.000
465,-0.000
466,-0.000
467,-297636.114
468,-890207.920
469,-1090457.220
470,-1392293.266
471,-1539307.105
472,-1558726.055
473,-1687922.436
474,-1051169.200
475,-0.000
476,-0.000
477,-0.000
478,-0.000
479,-0.000
480,-0.000
481,-0.000
482,-0.000
483,-0.000
484,-0.000
485,-0.000
486,-0.000
487,-0.000
488,-0.000
489,-0.000
490,-0.000
491,-0.000
492,-439878.551
493,-843039.328
494,-1094630.029
495,-1230635.257
496,-1138177.164
497,-928251.320
498,-501298.722
499,-0.000
500,-0.000
501,-0.000
502,-0.000
503,-0.000
504,-0.000
505,-0.000
506,-0.000
507,-0.000
508,-0.000
509,-0.000
510,-0.000
511,-0.000
512,-0.000
513,-284562.374
514,-693136.820
515,-924151.945
516,-1353731.844
517,-1272698.414
518,-1207985.895
519,-1347439.846
520,-1498452.952
521,-1619168.112
522,-1463286.425
523,-434724.440
524,-302829.697
525,-0.000
526,-0.000
527,-0.000
528,-0.000
529,-0.000
530,-0.000
531,-0.000
532,-0.000
533,-0.000
534,-0.000
535,-0.000
536,-0.000
537,-548868.629
538,-794717.615
539,-946439.927
540,-1025492.915
541,-1049168.934
542,-1158929.306
543,-1231786.108
544,-1438735.070
545,-1296346.110
546,-1255540.019
547,-512023.554
548,-426734.304
549,-0.000
550,-0.000
551,-0.000
552,-0.000
553,-0.000
554,-0.000
555,-0.000
556,-0.000
557,-0.000
558,-0.000
559,-0.000
560,-0.000
561,-214999.525
562,-516030.066
563,-730519.747
564,-906845.298
565,-1297179.550
566,-1318566.347
567,-1364763.920
568,-1110712.012
569,-1021760.805
570,-765080.857
571,-240958.963
572,-136103.695
573,-0.000
574,-0.000
575,-0.000
576,-0.000
577,-0.000
578,-0.000
579,-0.000
580,-0.000
581,-0.000
582,-0.000
583,-0.000
584,-0.000
585,-0.000
586,-144427.664
587,-546550.173
588,-753366.666
589,-972868.927
590,-1237937.833
591,-1436236.288
592,-1431516.937
593,-1355324.407
594,-1177991.130
595,-328372.471
596,-207657.722
597,-0.000
598,-0.000
599,-0.000
600,-0.000
601,-0.000
602,-0.000
603,-0.000
604,-0.000
605,-0.000
606,-0.000
607,-0.000
608,-0.000
609,-0.000
610,-658761.134
611,-1454223.238
612,-1711213.917
613,-1717954.139
614,-1715560.848
615,-1676360.405
616,-1546590.308
617,-1553253.319
618,-1346973.750
619,-502706.907
620,-341447.450
621,-0.000
622,-0.000
623,-0.000
624,-0.000
625,-0.000
626,-0.000
627,-0.000
628,-0.000
629,-0.000
630,-0.000
631,-0.000
632,-0.000
633,-0.000
634,-290940.703
635,-756948.041
636,-1091695.674
637,-1347873.201
638,-1619859.014
639,-1664354.107
640,-1665146.681
641,-1878673.703
642,-1595560.703
643,-0.000
644,-0.000
645,-0.000
646,-0.000
647,-0.000
648,-0.000
649,-0.000
650,-0.000
651,-0.000
652,-0.000
653,-0.000
654,-0.000
655,-0.000
656,-0.000
657,-0.000
658,-0.000
659,-0.000
660,-630832.107
661,-834178.748
662,-969943.229
663,-887715.123
664,-315998.383
665,-145377.639
666,-6262.124
667,-0.000
668,-0.000
669,-0.000
670,-0.000
671,-0.000
672,-0.000
673,-0.000
674,-0.000
675,-0.000
676,-0.000
677,-0.000
678,-0.000
679,-0.000
680,-0.000
681,-0.000
682,-103285.665
683,-403555.014
684,-627549.148
685,-934738.069
686,-989967.349
687,-1070334.250
688,-705932.339
689,-417671.887
690,-203808.107
691,-4818.390
692,-0.000
693,-0.000
694,-0.000
695,-0.000
696,-0.000
697,-0.000
698,-0.000
699,-0.000
700,-0.000
701,-0.000
702,-0.000
703,-0.000
704,-0.000
705,-0.000
706,-0.000
707,-359950.372
708,-829919.548
709,-1125425.162
710,-1300753.954
711,-1520139.815
712,-1624260.753
713,-1568729.826
714,-980590.741
715,-19816.897
716,-0.000
717,-0.000
718,-0.000
719,-0.000
720,-0.000
721,-0.000
722,-0.000
723,-0.000
724,-0.000
725,-0.000
726,-0.000
727,-0.000
728,-0.000
729,-0.000
730,-0.000
731,-0.000
732,-51409.827
733,-479424.598
734,-619477.562
735,-765549.103
736,-534285.976
737,-102094.549
738,-0.000
739,-0.000
740,-0.000
741,-0.000
742,-0.000
743,-0.000
744,-0.000
745,-0.000
746,-0.000
747,-0.000
748,-0.000
749,-0.000
750,-0.000
751,-0.000
752,-0.000
753,-0.000
754,-0.000
755,-0.000
756,-0.000
757,-0.000
758,-0.000
759,-0.000
760,-0.000
761,-0.000
762,-0.000
763,-0.000
764,-0.000
765,-0.000
766,-0.000
767,-0.000
768,-0.000
769,-0.000
770,-0.000
771,-0.000
772,-0.000
773,-0.000
774,-0.000
775,-0.000
776,-0.000
777,-0.000
778,-0.000
779,-0.000
780,-0.000
781,-0.000
782,-0.000
783,-0.000
784,-0.000
785,-0.000
786,-0.000
787,-0.000
788,-0.000
789,-0.000
790,-0.000
791,-0.000
792,-0.000
793,-0.000
794,-0.000
795,-0.000
796,-0.000
797,-0.000
798,-0.000
799,-0.000
800,-0.000
801,-0.000
802,-0.000
803,-0.000
804,-0.000
805,-0.000
806,-0.000
807,-0.000
808,-0.000
809,-0.000
810,-0.000
811,-0.000
812,-0.000
813,-0.000
814,-0.000
815,-0.000
816,-0.000
817,-0.000
818,-0.000
819,-0.000
820,-0.000
821,-0.000
822,-0.000
823,-0.000
824,-0.000
825,-0.000
826,-0.000
827,-0.000
828,-0.000
829,-8206.265
830,-551311.224
831,-791504.866
832,-839671.369
833,-861349.165
834,-466469.548
835,-0.000
836,-0.000
837,-0.000
838,-0.000
839,-0.000
840,-0.000
841,-0.000
842,-0.000
843,-0.000
844,-0.000
845,-0.000
846,-0.000
847,-0.000
848,-0.000
849,-0.000
850,-0.000
851,-0.000
852,-232726.801
853,-632725.311
854,-681896.430
855,-802338.474
856,-707715.559
857,-604184.601
858,-508627.693
859,-21487.104
860,-0.000
861,-0.000
862,-0.000
863,-0.000
864,-0.000
865,-0.000
866,-0.000
867,-0.000
868,-0.000
869,-0.000
870,-0.000
871,-0.000
872,-0.000
873,-0.000
874,-0.000
875,-149086.106
876,-412682.220
877,-655445.483
878,-683006.730
879,-802598.162
880,-885033.600
881,-626221.447
882,-354701.635
883,-24457.887
884,-0.000
885,-0.000
886,-0.000
887,-0.000
888,-0.000
889,-0.000
890,-0.000
891,-0.000
892,-0.000
893,-0.000
894,-0.000
895,-0.000
896,-0.000
897,-0.000
898,-0.000
899,-32848.712
900,-334273.031
901,-581040.139
902,-537013.793
903,-649770.012
904,-561151.702
905,-637310.120
906,-575704.995
907,-77502.167
908,-0.000
909,-0.000
910,-0.000
911,-0.000
912,-0.000
913,-0.000
914,-0.000
915,-0.000
916,-0.000
917,-0.000
918,-0.000
919,-0.000
920,-0.000
921,-0.000
922,-0.000
923,-0.000
924,-0.000
925,-159248.950
926,-69813.742
927,-85655.954
928,-115212.792
929,-114610.820
930,-4949.760
931,-0.000
932,-0.000
933,-0.000
934,-0.000
935,-0.000
936,-0.000
937,-0.000
938,-0.000
939,-0.000
940,-0.000
941,-0.000
942,-0.000
943,-0.000
944,-0.000
945,-0.000
946,-0.000
947,-0.000
948,-0.000
949,-98495.866
950,-127419.823
951,-136955.335
952,-102132.008
953,-74406.724
954,-0.000
955,-0.000
956,-0.000
957,-0.000
958,-0.000
959,-0.000
960,-0.000
961,-0.000
962,-0.000
963,-0.000
964,-0.000
965,-0.000
966,-0.000
967,-0.000
968,-0.000
969,-0.000
970,-0.000
971,-0.000
972,-133240.279
973,-487233.893
974,-652268.741
975,-845330.920
976,-560223.947
977,-405961.594
978,-404509.434
979,-0.000
980,-0.000
981,-0.000
982,-0.000
983,-0.000
984,-0.000
985,-0.000
986,-0.000
987,-0.000
988,-0.000
989,-0.000
990,-0.000
991,-0.000
992,-0.000
993,-0.000
994,-0.000
995,-0.000
996,-0.000
997,-202892.455
998,-513706.884
999,-519159.642
1000,-611633.521
1001,-422073.829
1002,-326379.921
1003,-0.000
1004,-0.000
1005,-0.000
1006,-0.000
1007,-0.000
1008,-0.000
1009,-0.000
1010,-0.000
1011,-0.000
1012,-0.000
1013,-0.000
1014,-0.000
1015,-0.000
1016,-0.000
1017,-0.000
1018,-145898.639
1019,-746260.061
1020,-1031924.477
1021,-1219996.120
1022,-1511198.894
1023,-1734050.348
1024,-1507116.967
1025,-1089051.542
1026,-768554.809
1027,-249613.663
1028,-136662.095
1029,-0.000
1030,-0.000
1031,-0.000
1032,-0.000
1033,-0.000
1034,-0.000
1035,-0.000
1036,-0.000
1037,-0.000
1038,-0.000
1039,-0.000
1040,-0.000
1041,-0.000
1042,-0.000
1043,-55428.786
1044,-211385.722
1045,-358600.366
1046,-266171.956
1047,-195745.892
1048,-165125.198
1049,-100670.134
1050,-42049.650
1051,-978.119
1052,-0.000
1053,-0.000
1054,-0.000
1055,-0.000
1056,-0.000
1057,-0.000
1058,-0.000
1059,-0.000
1060,-0.000
1061,-0.000
1062,-0.000
1063,-0.000
1064,-0.000
1065,-0.000
1066,-0.000
1067,-588775.100
1068,-1052383.140
1069,-1273382.406
1070,-1505102.999
1071,-1818723.315
1072,-1959825.712
1073,-1978594.614
1074,-1626724.096
1075,-237149.874
1076,-8221.601
1077,-0.000
1078,-0.000
1079,-0.000
1080,-0.000
1081,-0.000
1082,-0.000
1083,-0.000
1084,-0.000
1085,-0.000
1086,-0.000
1087,-0.000
1088,-0.000
1089,-0.000
1090,-91009.051
1091,-655742.795
1092,-1027739.120
1093,-1243614.623
1094,-1441897.274
1095,-1480313.808
1096,-1311227.143
1097,-1361785.270
1098,-1277635.529
1099,-286967.707
1100,-70514.628
1101,-0.000
1102,-0.000
1103,-0.000
1104,-0.000
1105,-0.000
1106,-0.000
1107,-0.000
1108,-0.000
1109,-0.000
1110,-0.000
1111,-0.000
1112,-0.000
1113,-0.000
1114,-285167.659
1115,-891669.363
1116,-1147903.260
1117,-1075942.762
1118,-1024895.085
1119,-1108295.260
1120,-1090108.440
1121,-1230486.203
1122,-1216528.932
1123,-329803.113
1124,-164255.640
1125,-0.000
1126,-0.000
1127,-0.000
1128,-0.000
1129,-0.000
1130,-0.000
1131,-0.000
1132,-0.000
1133,-0.000
1134,-0.000
1135,-0.000
1136,-0.000
1137,-0.000
1138,-0.000
1139,-0.000
1140,-381010.792
1141,-679869.745
1142,-739739.821
1143,-699921.366
1144,-448472.416
1145,-361711.128
1146,-379539.361
1147,-0.000
1148,-0.000
1149,-0.000
1150,-0.000
1151,-0.000
1152,-0.000
1153,-0.000
1154,-0.000
1155,-0.000
1156,-0.000
1157,-0.000
1158,-0.000
1159,-0.000
1160,-0.000
1161,-0.000
1162,-0.000
1163,-0.000
1164,-0.000
1165,-0.000
1166,-0.000
1167,-0.000
1168,-0.000
1169,-0.000
1170,-0.000
1171,-0.000
1172,-0.000
1173,-0.000
1174,-0.000
1175,-0.000
1176,-0.000
1177,-0.000
1178,-0.000
1179,-0.000
1180,-0.000
1181,-0.000
1182,-0.000
1183,-0.000
1184,-0.000
1185,-0.000
1186,-0.000
1187,-0.000
1188,-0.000
1189,-0.000
1190,-0.000
1191,-0.000
1192,-0.000
1193,-0.000
1194,-0.000
1195,-0.000
1196,-0.000
1197,-0.000
1198,-0.000
1199,-0.000
1200,-0.000
1201,-0.000
1202,-0.000
1203,-0.000
1204,-0.000
1205,-0.000
1206,-0.000
1207,-0.000
1208,-0.000
1209,-0.000
1210,-0.000
1211,-0.000
1212,-0.000
1213,-0.000
1214,-0.000
1215,-0.000
1216,-0.000
1217,-0.000
1218,-0.000
1219,-0.000
1220,-0.000
1221,-0.000
1222,-0.000
1223,-0.000
1224,-0.000
1225,-0.000
1226,-0.000
1227,-0.000
1228,-0.000
1229,-0.000
1230,-0.000
1231,-0.000
1232,-0.000
1233,-0.000
1234,-0.000
1235,-0.000
1236,-0.000
1237,-0.000
1238,-0.000
1239,-0.000
1240,-0.000
1241,-0.000
1242,-0.000
1243,-0.000
1244,-0.000
1245,-0.000
1246,-0.000
1247,-0.000
1248,-0.000
1249,-0.000
1250,-0.000
1251,-0.000
1252,-0.000
1253,-0.000
1254,-0.000
1255,-0.000
1256,-0.000
1257,-0.000
1258,-0.000
1259,-0.000
1260,-0.000
1261,-0.000
1262,-0.000
1263,-0.000
1264,-0.000
1265,-0.000
1266,-0.000
1267,-0.000
1268,-0.000
1269,-0.000
1270,-0.000
1271,-0.000
1272,-0.000
1273,-0.000
1274,-0.000
1275,-0.000
1276,-0.000
1277,-0.000
1278,-0.000
1279,-0.000
1280,-0.000
1281,-0.000
1282,-0.000
1283,-2534.737
1284,-548530.425
1285,-829608.380
1286,-1051359.317
1287,-1287043.329
1288,-1238155.681
1289,-1193381.548
1290,-898015.296
1291,-42863.479
1292,-0.000
1293,-0.000
1294,-0.000
1295,-0.000
1296,-0.000
1297,-0.000
1298,-0.000
1299,-0.000
1300,-0.000
1301,-0.000
1302,-0.000
1303,-0.000
1304,-0.000
1305,-0.000
1306,-0.000
1307,-0.000
1308,-352369.678
1309,-614610.180
1310,-851537.025
1311,-1074126.553
1312,-1060880.908
1313,-949771.828
1314,-700956.004
1315,-0.000
1316,-0.000
1317,-0.000
1318,-0.000
1319,-0.000
1320,-0.000
1321,-0.000
1322,-0.000
1323,-0.000
1324,-0.000
1325,-0.000
1326,-0.000
1327,-0.000
1328,-0.000
1329,-0.000
1330,-0.000
1331,-0.000
1332,-22660.561
1333,-491500.603
1334,-767673.197
1335,-974335.683
1336,-1016960.228
1337,-948101.883
1338,-616015.198
1339,-0.000
1340,-0.000
1341,-0.000
1342,-0.000
1343,-0.000
1344,-0.000
1345,-0.000
1346,-0.000
1347,-0.000
1348,-0.000
1349,-0.000
1350,-0.000
1351,-0.000
1352,-0.000
1353,-0.000
1354,-19335.464
1355,-942106.842
1356,-1451109.535
1357,-1620669.301
1358,-1945001.207
1359,-2227605.113
1360,-2326472.264
1361,-2281013.291
1362,-1933564.336
1363,-438602.366
1364,-214062.855
1365,-0.000
1366,-0.000
1367,-0.000
1368,-0.000
1369,-0.000
1370,-0.000
1371,-0.000
1372,-0.000
1373,-0.000
1374,-0.000
1375,-0.000
1376,-0.000
1377,-0.000
1378,-522034.071
1379,-1576227.234
1380,-1971392.677
1381,-2009243.621
1382,-2392086.300
1383,-2601261.887
1384,-2541117.494
1385,-2348281.739
1386,-1999210.713
1387,-612992.029
1388,-406194.955
1389,-0.000
1390,-0.000
1391,-0.000
1392,-0.000
1393,-0.000
1394,-0.000
1395,-0.000
1396,-0.000
1397,-0.000
1398,-0.000
1399,-0.000
1400,-0.000
1401,-250286.646
1402,-825774.181
1403,-1566899.379
1404,-2049419.256
1405,-2058650.418
1406,-2311170.324
1407,-2362205.555
1408,-2213252.165
1409,-2261036.694
1410,-2077011.789
1411,-783522.933
1412,-588430.507
1413,-0.000
1414,-0.000
1415,-0.000
1416,-0.000
1417,-0.000
1418,-0.000
1419,-0.000
1420,-0.000
1421,-0.000
1422,-0.000
1423,-0.000
1424,-0.000
1425,-718848.145
1426,-1318880.264
1427,-2103470.853
1428,-2586516.553
1429,-2617715.982
1430,-2825690.124
1431,-2803628.921
1432,-2711855.742
1433,-2625471.459
1434,-2481201.398
1435,-897400.196
1436,-682111.425
1437,-0.000
1438,-0.000
1439,-0.000
1440,-0.000
1441,-0.000
1442,-0.000
1443,-0.000
1444,-0.000
1445,-0.000
1446,-0.000
1447,-135.662
1448,-134813.917
1449,-872644.297
1450,-1493656.591
1451,-1988941.583
1452,-2220006.128
1453,-2160535.611
1454,-2574785.967
1455,-2833923.011
1456,-2829078.030
1457,-2591796.748
1458,-2338114.369
1459,-982112.191
1460,-696936.159
1461,-0.000
1462,-0.000
1463,-0.000
1464,-0.000
1465,-0.000
1466,-0.000
1467,-0.000
1468,-0.000
1469,-0.000
1470,-0.000
1471,-0.000
1472,-0.000
1473,-284990.389
1474,-826957.912
1475,-1383740.299
1476,-1720461.765
1477,-1756186.304
1478,-1829375.717
1479,-1934253.757
1480,-1735077.042
1481,-1602426.183
1482,-1585736.365
1483,-0.000
1484,-0.000
1485,-0.000
1486,-0.000
1487,-0.000
1488,-0.000
1489,-0.000
1490,-0.000
1491,-0.000
1492,-0.000
1493,-0.000
1494,-0.000
1495,-0.000
1496,-0.000
1497,-0.000
1498,-0.000
1499,-533107.427
1500,-1085772.568
1501,-1095201.327
1502,-1140135.684
1503,-1154764.956
1504,-993239.521
1505,-786809.224
1506,-701615.392
1507,-342783.296
1508,-46400.080
1509,-953.299
1510,-0.000
1511,-0.000
1512,-0.000
1513,-0.000
1514,-0.000
1515,-0.000
1516,-0.000
1517,-0.000
1518,-0.000
1519,-0.000
1520,-148700.322
1521,-1211629.592
1522,-1546073.143
1523,-2131562.795
1524,-2452015.195
1525,-2553071.269
1526,-3146088.102
1527,-3468183.000
1528,-3442108.547
1529,-3342196.668
1530,-3093755.537
1531,-1228871.297
1532,-830016.564
1533,-0.000
1534,-0.000
1535,-0.000
1536,-0.000
1537,-0.000
1538,-0.000
1539,-0.000
1540,-0.000
1541,-0.000
1542,-0.000
1543,-235881.705
1544,-263272.903
1545,-988593.814
1546,-1400119.553
1547,-1728419.851
1548,-1919417.287
1549,-1903648.329
1550,-2304979.044
1551,-2449458.122
1552,-2277803.305
1553,-2115377.023
1554,-1942182.251
1555,-860186.040
1556,-585482.091
1557,-0.000
1558,-0.000
1559,-0.000
1560,-0.000
1561,-0.000
1562,-0.000
1563,-0.000
1564,-0.000
1565,-0.000
1566,-0.000
1567,-0.000
1568,-12004.371
1569,-562713.460
1570,-970262.462
1571,-1271145.267
1572,-1494769.341
1573,-1643892.645
1574,-1925042.341
1575,-2239244.442
1576,-2311171.055
1577,-2168856.859
1578,-1876093.451
1579,-644539.185
1580,-230478.941
1581,-0.000
1582,-0.000
1583,-0.000
1584,-0.000
1585,-0.000
1586,-0.000
1587,-0.000
1588,-0.000
1589,-0.000
1590,-0.000
1591,-0.000
1592,-0.000
1593,-0.000
1594,-418476.178
1595,-1134712.205
1596,-1450157.417
1597,-1539307.502
1598,-1801791.351
1599,-2036711.386
1600,-2116886.204
1601,-2142521.551
1602,-1917346.977
1603,-629061.228
1604,-182165.995
1605,-0.000
1606,-0.000
1607,-0.000
1608,-0.000
1609,-0.000
1610,-0.000
1611,-0.000
1612,-0.000
1613,-0.000
1614,-0.000
1615,-0.000
1616,-0.000
1617,-0.000
1618,-331043.232
1619,-1150207.602
1620,-1535659.166
1621,-1616062.407
1622,-1906581.064
1623,-2140256.329
1624,-2216383.086
1625,-2251221.866
1626,-2095352.250
1627,-767136.735
1628,-324135.294
1629,-0.000
1630,-0.000
1631,-0.000
1632,-0.000
1633,-0.000
1634,-0.000
1635,-0.000
1636,-0.000
1637,-0.000
1638,-0.000
1639,-0.000
1640,-0.000
1641,-0.000
1642,-192431.695
1643,-1047348.906
1644,-1361051.235
1645,-1478303.811
1646,-1726150.545
1647,-1876386.720
1648,-1822387.580
1649,-1605418.856
1650,-1277607.338
1651,-0.000
1652,-0.000
1653,-0.000
1654,-0.000
1655,-0.000
1656,-0.000
1657,-0.000
1658,-0.000
1659,-0.000
1660,-0.000
1661,-0.000
1662,-0.000
1663,-0.000
1664,-0.000
1665,-0.000
1666,-0.000
1667,-521966.138
1668,-916402.303
1669,-898368.217
1670,-868041.699
1671,-749960.960
1672,-750242.626
1673,-664107.845
1674,-592760.055
1675,-217558.868
1676,-26750.192
1677,-1006.255
1678,-0.000
1679,-0.000
1680,-0.000
1681,-0.000
1682,-0.000
1683,-0.000
1684,-0.000
1685,-0.000
1686,-0.000
1687,-0.000
1688,-0.000
1689,-1105715.239
1690,-1612080.891
1691,-2285362.248
1692,-2798876.840
1693,-2590228.236
1694,-2937044.274
1695,-3065336.138
1696,-3056422.833
1697,-3004293.853
1698,-2648278.512
1699,-1107856.225
1700,-767659.444
1701,-0.000
1702,-0.000
1703,-0.000
1704,-0.000
1705,-0.000
1706,-0.000
1707,-0.000
1708,-0.000
1709,-0.000
1710,-0.000
1711,-324541.740
1712,-362525.974
1713,-1378495.682
1714,-1822416.995
1715,-2459488.252
1716,-2924013.146
1717,-2872709.032
1718,-3112177.651
1719,-3110297.506
1720,-3296174.301
1721,-3205952.821
1722,-2929993.859
1723,-1194157.728
1724,-849251.080
1725,-0.000
1726,-0.000
1727,-0.000
1728,-0.000
1729,-0.000
1730,-0.000
1731,-0.000
1732,-0.000
1733,-0.000
1734,-0.000
1735,-457640.923
1736,-472965.458
1737,-1686184.720
1738,-1909449.293
1739,-2385608.262
1740,-2716369.092
1741,-2835907.264
1742,-3243669.866
1743,-3464450.420
1744,-3400400.934
1745,-3411382.333
1746,-3270646.791
1747,-1312774.180
1748,-816310.037
1749,-0.000
1750,-0.000
1751,-0.000
1752,-0.000
1753,-0.000
1754,-0.000
1755,-0.000
1756,-0.000
1757,-0.000
1758,-0.000
1759,-455156.515
1760,-466500.146
1761,-1722830.236
1762,-2130189.560
1763,-2704184.305
1764,-2986932.560
1765,-2861841.864
1766,-3473298.235
1767,-3792821.469
1768,-3806583.435
1769,-3802072.477
1770,-3506678.162
1771,-1438423.523
1772,-1002786.877
1773,-0.000
1774,-72012.730
1775,-156329.838
1776,-124034.237
1777,-28483.925
1778,-0.000
1779,-0.000
1780,-0.000
1781,-0.000
1782,-0.000
1783,-609438.039
1784,-537566.557
1785,-1602750.018
1786,-1751488.774
1787,-1917415.005
1788,-2063453.226
1789,-2091818.262
1790,-2223837.555
1791,-2292959.058
1792,-2352058.722
1793,-2284121.709
1794,-2365360.406
1795,-1186978.498
1796,-799646.082
1797,-0.000
1798,-0.000
1799,-0.000
1800,-0.000
1801,-0.000
1802,-0.000
1803,-0.000
1804,-0.000
1805,-0.000
1806,-0.000
1807,-0.000
1808,-0.000
1809,-1242083.468
1810,-1320448.053
1811,-1521000.903
1812,-1762024.737
1813,-1845022.018
1814,-2002819.174
1815,-2120661.883
1816,-1856518.056
1817,-2074615.066
1818,-1863058.851
1819,-38360.394
1820,-129632.485
1821,-118488.282
1822,-136591.411
1823,-118698.394
1824,-75260.585
1825,-0.000
1826,-0.000
1827,-0.000
1828,-0.000
1829,-0.000
1830,-0.000
1831,-0.000
1832,-0.000
1833,-0.000
1834,-45467.003
1835,-457794.836
1836,-647965.800
1837,-781384.296
1838,-1115252.494
1839,-1367514.458
1840,-1120509.701
1841,-1030065.816
1842,-1013601.863
1843,-457992.736
1844,-90113.732
1845,-15334.850
1846,-0.000
1847,-0.000
1848,-0.000
1849,-0.000
1850,-0.000
1851,-0.000
1852,-0.000
1853,-0.000
1854,-0.000
1855,-951304.162
1856,-586000.493
1857,-1824337.033
1858,-2106253.369
1859,-2565149.690
1860,-2806597.774
1861,-2703577.379
1862,-3093889.057
1863,-3463175.740
1864,-3556791.288
1865,-3444191.532
1866,-3193228.986
1867,-1306034.717
1868,-974566.625
1869,-0.000
1870,-0.000
1871,-133772.816
1872,-121319.924
1873,-54675.528
1874,-25157.347
1875,-14052.285
1876,-15211.687
1877,-2774.521
1878,-0.000
1879,-1360486.818
1880,-697588.581
1881,-1958210.018
1882,-2208282.594
1883,-2541892.027
1884,-2516486.866
1885,-2081561.214
1886,-2399405.289
1887,-2603777.137
1888,-2621830.283
1889,-2437327.731
1890,-2252205.133
1891,-974307.947
1892,-796012.374
1893,-0.000
1894,-0.000
1895,-0.000
1896,-0.000
1897,-0.000
1898,-0.000
1899,-0.000
1900,-0.000
1901,-0.000
1902,-0.000
1903,-1133400.752
1904,-656553.937
1905,-1942590.043
1906,-2229135.930
1907,-2669720.328
1908,-2873394.809
1909,-2508911.888
1910,-2909998.313
1911,-3051489.381
1912,-3187374.955
1913,-3161479.505
1914,-3023791.645
1915,-1294858.972
1916,-1022588.369
1917,-0.000
1918,-0.000
1919,-139520.684
1920,-118225.103
1921,-27569.725
1922,-25016.906
1923,-44496.467
1924,-60878.362
1925,-46687.413
1926,-37958.785
1927,-1565748.639
1928,-783977.417
1929,-2153955.826
1930,-2363206.021
1931,-2530949.229
1932,-2770986.988
1933,-2483541.465
1934,-2776238.845
1935,-2627375.548
1936,-2643647.222
1937,-2435623.172
1938,-2115685.157
1939,-743425.038
1940,-454356.934
1941,-0.000
1942,-0.000
1943,-0.000
1944,-0.000
1945,-0.000
1946,-0.000
1947,-0.000
1948,-0.000
1949,-0.000
1950,-0.000
1951,-0.000
1952,-0.000
1953,-0.000
1954,-0.000
1955,-0.000
1956,-59124.635
1957,-208333.429
1958,-70569.432
1959,-77797.117
1960,-61322.295
1961,-57109.120
1962,-57834.246
1963,-0.000
1964,-0.000
1965,-0.000
1966,-0.000
1967,-0.000
1968,-0.000
1969,-0.000
1970,-0.000
1971,-0.000
1972,-0.000
1973,-0.000
1974,-0.000
1975,-0.000
1976,-0.000
1977,-0.000
1978,-0.000
1979,-0.000
1980,-0.000
1981,-0.000
1982,-172595.600
1983,-262074.054
1984,-269950.392
1985,-328074.533
1986,-312118.712
1987,-0.000
1988,-0.000
1989,-0.000
1990,-0.000
1991,-0.000
1992,-0.000
1993,-0.000
1994,-0.000
1995,-0.000
1996,-0.000
1997,-0.000
1998,-0.000
1999,-0.000
2000,-0.000
2001,-0.000
2002,-0.000
2003,-0.000
2004,-0.000
2005,-347818.974
2006,-462673.090
2007,-713740.396
2008,-660868.881
2009,-452978.709
2010,-531066.590
2011,-344580.100
2012,-110839.721
2013,-93689.352
2014,-98086.001
2015,-86358.902
2016,-54728.933
2017,-38194.414
2018,-17789.385
2019,-4089.904
2020,-1731.373
2021,-0.000
2022,-0.000
2023,-1441742.783
2024,-767304.056
2025,-2209054.377
2026,-2351832.199
2027,-2649915.367
2028,-2842485.518
2029,-2696791.009
2030,-3045017.466
2031,-2958549.912
2032,-2767090.729
2033,-2158878.129
2034,-1540687.899
2035,-576075.541
2036,-523772.440
2037,-0.000
2038,-0.000
2039,-0.000
2040,-0.000
2041,-0.000
2042,-0.000
2043,-0.000
2044,-0.000
2045,-0.000
2046,-0.000
2047,-14706.252
2048,-199190.596
2049,-956632.245
2050,-1354504.535
2051,-1548939.517
2052,-1690989.496
2053,-1693479.839
2054,-1811652.441
2055,-1976042.524
2056,-1863135.910
2057,-1463755.572
2058,-956907.375
2059,-220538.133
2060,-31196.856
2061,-0.000
2062,-0.000
2063,-0.000
2064,-0.000
2065,-0.000
2066,-0.000
2067,-0.000
2068,-0.000
2069,-0.000
2070,-0.000
2071,-0.000
2072,-0.000
2073,-0.000
2074,-107381.632
2075,-323314.567
2076,-365787.927
2077,-423917.964
2078,-351067.751
2079,-481873.475
2080,-770111.698
2081,-783561.235
2082,-735979.505
2083,-258569.635
2084,-13029.148
2085,-0.000
2086,-0.000
2087,-0.000
2088,-0.000
2089,-0.000
2090,-0.000
2091,-0.000
2092,-0.000
2093,-0.000
2094,-0.000
2095,-0.000
2096,-0.000
2097,-39628.437
2098,-636340.091
2099,-1091634.310
2100,-1303332.091
2101,-1440482.622
2102,-1526933.312
2103,-1677028.016
2104,-1647847.300
2105,-1444922.479
2106,-1100168.543
2107,-523800.004
2108,-298641.193
2109,-0.000
2110,-0.000
2111,-0.000
2112,-0.000
2113,-0.000
2114,-0.000
2115,-0.000
2116,-0.000
2117,-0.000
2118,-0.000
2119,-0.000
2120,-64355.356
2121,-1044354.080
2122,-1293887.993
2123,-1568092.852
2124,-1781292.538
2125,-1831518.712
2126,-2178287.975
2127,-2426640.872
2128,-2390045.383
2129,-2441266.135
2130,-2313640.926
2131,-1065655.697
2132,-813905.107
2133,-0.000
2134,-0.000
2135,-0.000
2136,-0.000
2137,-0.000
2138,-0.000
2139,-0.000
2140,-0.000
2141,-0.000
2142,-0.000
2143,-0.000
2144,-0.000
2145,-1293651.254
2146,-1444782.416
2147,-1748444.584
2148,-1923838.514
2149,-2026591.507
2150,-2154426.730
2151,-2129871.509
2152,-2064280.317
2153,-1878343.513
2154,-1757977.961
2155,-92036.365
2156,-152002.732
2157,-164974.425
2158,-98056.430
2159,-19254.279
2160,-0.000
2161,-0.000
2162,-0.000
2163,-0.000
2164,-0.000
2165,-0.000
2166,-0.000
2167,-0.000
2168,-0.000
2169,-0.000
2170,-0.000
2171,-0.000
2172,-0.000
2173,-0.000
2174,-0.000
2175,-0.000
2176,-0.000
2177,-0.000
2178,-0.000
2179,-0.000
2180,-0.000
2181,-0.000
2182,-0.000
2183,-0.000
2184,-0.000
2185,-0.000
2186,-0.000
2187,-0.000
2188,-0.000
2189,-0.000
2190,-0.000
2191,-0.000
2192,-0.000
2193,-0.000
2194,-0.000
2195,-19399.239
2196,-228767.961
2197,-410424.939
2198,-483309.651
2199,-621297.510
2200,-519127.320
2201,-486271.192
2202,-454134.159
2203,-99096.995
2204,-0.000
2205,-0.000
2206,-0.000
2207,-0.000
2208,-0.000
2209,-0.000
2210,-0.000
2211,-0.000
2212,-0.000
2213,-0.000
2214,-0.000
2215,-0.000
2216,-0.000
2217,-66018.174
2218,-701567.195
2219,-1161936.236
2220,-1382290.812
2221,-1423489.775
2222,-1702106.170
2223,-1942418.710
2224,-2027330.504
2225,-2050681.499
2226,-1900666.032
2227,-804799.228
2228,-197280.556
2229,-0.000
2230,-0.000
2231,-0.000
2232,-0.000
2233,-0.000
2234,-0.000
2235,-0.000
2236,-0.000
2237,-0.000
2238,-0.000
2239,-0.000
2240,-0.000
2241,-0.000
2242,-782648.474
2243,-1411229.076
2244,-1620545.616
2245,-1638809.303
2246,-1908815.646
2247,-2121577.569
2248,-2203017.689
2249,-2201691.471
2250,-2053000.347
2251,-935610.281
2252,-361095.788
2253,-0.000
2254,-0.000
2255,-0.000
2256,-0.000
2257,-0.000
2258,-0.000
2259,-0.000
2260,-0.000
2261,-0.000
2262,-0.000
2263,-0.000
2264,-0.000
2265,-90580.346
2266,-1039126.869
2267,-1794934.868
2268,-2017439.998
2269,-1948430.202
2270,-2323952.448
2271,-2535869.661
2272,-2574888.414
2273,-2539339.564
2274,-2364417.478
2275,-1092761.354
2276,-544986.446
2277,-0.000
2278,-0.000
2279,-0.000
2280,-0.000
2281,-0.000
2282,-0.000
2283,-0.000
2284,-0.000
2285,-0.000
2286,-0.000
2287,-0.000
2288,-0.000
2289,-983413.475
2290,-1545865.572
2291,-2260111.084
2292,-2503480.411
2293,-2296998.843
2294,-2722356.753
2295,-2915272.126
2296,-2938674.139
2297,-2830325.942
2298,-2527302.147
2299,-1184553.401
2300,-728107.856
2301,-0.000
2302,-0.000
2303,-0.000
2304,-0.000
2305,-0.000
2306,-0.000
2307,-0.000
2308,-0.000
2309,-0.000
2310,-0.000
2311,-0.000
2312,-0.000
2313,-804932.061
2314,-1242913.515
2315,-1745447.529
2316,-1789491.177
2317,-1681450.288
2318,-1713073.768
2319,-1906972.537
2320,-1984435.815
2321,-1948850.698
2322,-1784264.878
2323,-230687.422
2324,-59466.422
2325,-11920.196
2326,-0.000
2327,-0.000
2328,-0.000
2329,-0.000
2330,-0.000
2331,-0.000
2332,-0.000
2333,-0.000
2334,-0.000
2335,-0.000
2336,-0.000
2337,-0.000
2338,-56494.059
2339,-812488.206
2340,-1005008.940
2341,-959295.120
2342,-1041077.209
2343,-1046305.036
2344,-1118597.763
2345,-1029225.218
2346,-928992.382
2347,-476665.008
2348,-79421.772
2349,-13904.623
2350,-0.000
2351,-0.000
2352,-0.000
2353,-0.000
2354,-0.000
2355,-0.000
2356,-0.000
2357,-0.000
2358,-0.000
2359,-0.000
2360,-261461.953
2361,-1240604.332
2362,-1657661.290
2363,-2324776.112
2364,-2492627.538
2365,-2296445.959
2366,-2781671.174
2367,-3056163.225
2368,-3100295.209
2369,-3018826.453
2370,-2797169.175
2371,-1281270.716
2372,-714591.353
2373,-0.000
2374,-0.000
2375,-0.000
2376,-0.000
2377,-0.000
2378,-0.000
2379,-0.000
2380,-0.000
2381,-0.000
2382,-0.000
2383,-0.000
2384,-67240.400
2385,-1330077.759
2386,-1731362.916
2387,-2442590.097
2388,-2651668.130
2389,-2380032.985
2390,-2729061.194
2391,-2879653.771
2392,-2912195.130
2393,-2875682.180
2394,-2714554.112
2395,-1272336.799
2396,-714062.872
2397,-0.000
2398,-0.000
2399,-0.000
2400,-0.000
2401,-0.000
2402,-0.000
2403,-0.000
2404,-0.000
2405,-0.000
2406,-0.000
2407,-40261.523
2408,-465306.212
2409,-1681573.451
2410,-1979542.598
2411,-2452056.573
2412,-2717546.801
2413,-2598864.146
2414,-3073635.205
2415,-3281187.572
2416,-3234477.769
2417,-3077062.226
2418,-2932878.837
2419,-1439623.120
2420,-936313.722
2421,-0.000
2422,-0.000
2423,-56163.516
2424,-70281.448
2425,-1961.435
2426,-0.000
2427,-0.000
2428,-0.000
2429,-0.000
2430,-0.000
2431,-649537.248
2432,-739515.658
2433,-2181218.351
2434,-2390547.171
2435,-2748705.024
2436,-2894965.412
2437,-2653700.721
2438,-3130427.257
2439,-3390451.084
2440,-3466343.784
2441,-3283939.190
2442,-3220068.890
2443,-1618784.312
2444,-1030011.562
2445,-0.000
2446,-72463.092
2447,-159989.466
2448,-154277.993
2449,-84297.626
2450,-30573.912
2451,-680.232
2452,-0.000
2453,-0.000
2454,-0.000
2455,-1501759.079
2456,-840636.795
2457,-2266817.866
2458,-2384480.154
2459,-2641835.043
2460,-2845270.243
2461,-2523444.048
2462,-2838177.106
2463,-3014361.760
2464,-3197817.865
2465,-3197443.783
2466,-3089264.950
2467,-1564606.527
2468,-886843.426
2469,-0.000
2470,-0.000
2471,-36003.499
2472,-23894.519
2473,-0.000
2474,-0.000
2475,-0.000
2476,-0.000
2477,-0.000
2478,-0.000
2479,-0.000
2480,-0.000
2481,-936627.621
2482,-1302201.086
2483,-1560516.298
2484,-1604218.177
2485,-1625114.471
2486,-1865404.583
2487,-2054416.291
2488,-2080252.196
2489,-2072691.665
2490,-2056567.629
2491,-392662.519
2492,-168701.537
2493,-125291.170
2494,-104646.010
2495,-79264.616
2496,-46595.945
2497,-0.000
2498,-0.000
2499,-0.000
2500,-0.000
2501,-0.000
2502,-0.000
2503,-0.000
2504,-0.000
2505,-0.000
2506,-0.000
2507,-340022.321
2508,-654392.398
2509,-869532.409
2510,-972531.287
2511,-975458.326
2512,-994435.179
2513,-885244.286
2514,-700880.446
2515,-465257.679
2516,-170437.105
2517,-115217.734
2518,-95448.768
2519,-67277.158
2520,-15848.938
2521,-5035.762
2522,-219.904
2523,-0.000
2524,-0.000
2525,-0.000
2526,-0.000
2527,-903296.672
2528,-494529.153
2529,-1423997.111
2530,-1522588.333
2531,-1640578.942
2532,-1768203.125
2533,-1752573.191
2534,-1977435.559
2535,-1874444.842
2536,-1602427.732
2537,-1436556.831
2538,-1369085.282
2539,-547601.335
2540,-357739.995
2541,-0.000
2542,-0.000
2543,-0.000
2544,-0.000
2545,-0.000
2546,-0.000
2547,-0.000
2548,-0.000
2549,-0.000
2550,-0.000
2551,-0.000
2552,-0.000
2553,-500098.540
2554,-954773.322
2555,-1407382.698
2556,-1687520.046
2557,-1746300.484
2558,-2005494.979
2559,-2021361.574
2560,-1737624.860
2561,-1458350.208
2562,-1378409.875
2563,-596779.088
2564,-350574.103
2565,-0.000
2566,-0.000
2567,-0.000
2568,-0.000
2569,-0.000
2570,-0.000
2571,-0.000
2572,-0.000
2573,-0.000
2574,-0.000
2575,-0.000
2576,-0.000
2577,-402384.857
2578,-678454.253
2579,-816014.727
2580,-885540.819
2581,-952289.286
2582,-1011662.933
2583,-953433.149
2584,-866578.509
2585,-744036.695
2586,-687130.588
2587,-263194.864
2588,-140444.489
2589,-0.000
2590,-0.000
2591,-0.000
2592,-0.000
2593,-0.000
2594,-0.000
2595,-0.000
2596,-0.000
2597,-0.000
2598,-0.000
2599,-0.000
2600,-0.000
2601,-61889.231
2602,-417429.014
2603,-586934.909
2604,-541338.616
2605,-512569.299
2606,-493345.234
2607,-549895.964
2608,-639309.014
2609,-815448.256
2610,-715879.318
2611,-289641.096
2612,-193080.658
2613,-0.000
2614,-0.000
2615,-0.000
2616,-0.000
2617,-0.000
2618,-0.000
2619,-0.000
2620,-0.000
2621,-0.000
2622,-0.000
2623,-0.000
2624,-0.000
2625,-627294.016
2626,-1173955.273
2627,-1597021.008
2628,-1758708.430
2629,-1748805.181
2630,-1982828.680
2631,-2165268.906
2632,-2024978.686
2633,-1799117.444
2634,-1684089.211
2635,-805085.743
2636,-550111.591
2637,-0.000
2638,-0.000
2639,-0.000
2640,-0.000
2641,-0.000
2642,-0.000
2643,-0.000
2644,-0.000
2645,-0.000
2646,-0.000
2647,-0.000
2648,-0.000
2649,-817480.917
2650,-1310215.318
2651,-1590077.876
2652,-1793041.108
2653,-1859602.743
2654,-2015013.185
2655,-1967207.448
2656,-1970424.205
2657,-1874203.245
2658,-1719318.814
2659,-176822.635
2660,-140984.379
2661,-139429.413
2662,-130200.725
2663,-109717.506
2664,-70166.304
2665,-0.000
2666,-0.000
2667,-0.000
2668,-0.000
2669,-0.000
2670,-0.000
2671,-0.000
2672,-0.000
2673,-107075.518
2674,-482704.355
2675,-805461.205
2676,-877892.055
2677,-953652.453
2678,-1051128.519
2679,-1120931.402
2680,-1072315.657
2681,-1174350.283
2682,-1082658.200
2683,-696934.620
2684,-204552.269
2685,-167927.776
2686,-147824.812
2687,-107711.495
2688,-63196.266
2689,-23562.567
2690,-10743.599
2691,-44627.261
2692,-66729.521
2693,-63866.525
2694,-55193.366
2695,-1689408.756
2696,-963029.939
2697,-2552481.426
2698,-2791719.292
2699,-3111778.955
2700,-3256006.971
2701,-2851393.081
2702,-3205746.351
2703,-3347206.017
2704,-3335656.531
2705,-3268080.742
2706,-3233006.685
2707,-1571579.296
2708,-1049492.896
2709,-0.000
2710,-0.000
2711,-165517.551
2712,-160269.672
2713,-99605.922
2714,-65399.604
2715,-37319.167
2716,-45355.989
2717,-52778.986
2718,-55908.551
2719,-1709128.828
2720,-977910.652
2721,-2630140.658
2722,-2815674.788
2723,-3187644.089
2724,-3348034.989
2725,-3006350.955
2726,-3545643.253
2727,-3439192.799
2728,-3378556.794
2729,-3480716.243
2730,-3723647.508
2731,-1716614.692
2732,-1213420.664
2733,-0.000
2734,-124953.772
2735,-257474.204
2736,-267844.438
2737,-214629.543
2738,-218700.045
2739,-222333.614
2740,-217426.696
2741,-202262.979
2742,-185770.990
2743,-1822123.575
2744,-1130989.480
2745,-2968968.029
2746,-3143187.550
2747,-3316656.681
2748,-3334040.396
2749,-2949268.756
2750,-3444107.653
2751,-3589180.026
2752,-3560711.780
2753,-3596432.782
2754,-3589519.066
2755,-1791651.955
2756,-1258367.404
2757,-0.000
2758,-298086.269
2759,-366260.631
2760,-371088.811
2761,-320857.274
2762,-301969.355
2763,-294888.188
2764,-292590.474
2765,-273154.226
2766,-262611.169
2767,-1458109.025
2768,-1156542.742
2769,-3055497.168
2770,-3237625.000
2771,-3365027.848
2772,-3339060.504
2773,-2890056.920
2774,-3475266.253
2775,-3655763.680
2776,-3688368.403
2777,-3533912.411
2778,-3434149.395
2779,-1675599.055
2780,-1268658.749
2781,-0.000
2782,-295822.152
2783,-335422.359
2784,-332136.635
2785,-277534.120
2786,-259113.180
2787,-254802.394
2788,-259528.856
2789,-251124.822
2790,-245696.959
2791,-1501009.119
2792,-1218030.393
2793,-3210514.059
2794,-3407908.694
2795,-3464908.702
2796,-3505013.704
2797,-3074459.379
2798,-3559536.466
2799,-3679484.629
2800,-3733784.605
2801,-3695374.506
2802,-3759063.990
2803,-2012262.704
2804,-1232514.920
2805,-0.000
2806,-308323.142
2807,-340198.765
2808,-330146.190
2809,-266044.966
2810,-252085.920
2811,-273010.981
2812,-295556.098
2813,-293897.773
2814,-293456.423
2815,-334799.638
2816,-470832.047
2817,-2433470.433
2818,-2227689.300
2819,-2416685.738
2820,-2543434.587
2821,-2546088.895
2822,-2528872.939
2823,-2609329.197
2824,-2512486.812
2825,-2410328.771
2826,-2488339.571
2827,-580993.518
2828,-418757.806
2829,-408810.988
2830,-395316.418
2831,-346255.342
2832,-301569.745
2833,-224058.109
2834,-196463.604
2835,-175251.101
2836,-163426.836
2837,-130743.264
2838,-126283.297
2839,-181904.586
2840,-421243.546
2841,-819128.510
2842,-1039862.017
2843,-1169008.900
2844,-1209467.739
2845,-1127416.396
2846,-1206722.282
2847,-1130657.389
2848,-1140070.968
2849,-973812.230
2850,-797353.731
2851,-497771.087
2852,-195184.570
2853,-173670.463
2854,-168051.152
2855,-143922.562
2856,-114939.881
2857,-111587.697
2858,-95617.231
2859,-81363.725
2860,-73359.717
2861,-33180.565
2862,-3718.257
2863,-1229587.039
2864,-743675.722
2865,-2005368.511
2866,-2251573.958
2867,-2524466.677
2868,-2769255.134
2869,-2577537.493
2870,-3008344.806
2871,-3041391.571
2872,-2916922.666
2873,-2884550.989
2874,-2654088.197
2875,-1121614.337
2876,-917438.872
2877,-0.000
2878,-0.000
2879,-0.000
2880,-0.000
2881,-0.000
2882,-0.000
2883,-0.000
2884,-0.000
2885,-0.000
2886,-0.000
2887,-0.000
2888,-0.000
2889,-405490.188
2890,-626143.848
2891,-684821.021
2892,-706651.089
2893,-680193.745
2894,-688359.520
2895,-677748.018
2896,-642351.829
2897,-560307.078
2898,-518583.437
2899,-93496.661
2900,-0.000
2901,-0.000
2902,-0.000
2903,-0.000
2904,-0.000
2905,-0.000
2906,-0.000
2907,-0.000
2908,-0.000
2909,-0.000
2910,-0.000
2911,-0.000
2912,-0.000
2913,-0.000
2914,-310172.506
2915,-716130.958
2916,-917645.846
2917,-1046394.622
2918,-1333831.353
2919,-1681193.288
2920,-1848531.264
2921,-1896258.405
2922,-1693428.235
2923,-863924.548
2924,-466838.557
2925,-0.000
2926,-0.000
2927,-0.000
2928,-0.000
2929,-0.000
2930,-0.000
2931,-0.000
2932,-0.000
2933,-0.000
2934,-0.000
2935,-0.000
2936,-0.000
2937,-922521.558
2938,-1276294.994
2939,-1559521.979
2940,-1708520.438
2941,-1669212.537
2942,-2023983.185
2943,-2271253.817
2944,-2368537.551
2945,-2455053.117
2946,-2614108.816
2947,-1383062.989
2948,-630053.184
2949,-0.000
2950,-0.000
2951,-0.000
2952,-0.000
2953,-0.000
2954,-0.000
2955,-0.000
2956,-0.000
2957,-0.000
2958,-0.000
2959,-0.000
2960,-210787.118
2961,-1408897.282
2962,-1695269.873
2963,-2203904.692
2964,-2377485.054
2965,-2116324.948
2966,-2554159.676
2967,-2756802.848
2968,-2750372.609
2969,-2700108.260
2970,-2807846.845
2971,-1386615.839
2972,-767816.039
2973,-0.000
2974,-0.000
2975,-0.000
2976,-0.000
2977,-0.000
2978,-0.000
2979,-0.000
2980,-0.000
2981,-0.000
2982,-0.000
2983,-0.000
2984,-0.000
2985,-1193628.613
2986,-1436878.795
2987,-1680795.904
2988,-1797785.501
2989,-1810983.043
2990,-1957134.417
2991,-2028594.192
2992,-2072502.132
2993,-2043072.437
2994,-2058231.829
2995,-340337.063
2996,-245794.716
2997,-219867.005
2998,-202536.258
2999,-142873.151
3000,-67185.120
3001,-0.000
3002,-0.000
3003,-0.000
3004,-0.000
3005,-0.000
3006,-0.000
3007,-0.000
3008,-0.000
3009,-300816.606
3010,-746513.390
3011,-906890.066
3012,-937428.031
3013,-980585.454
3014,-1167326.422
3015,-1155552.633
3016,-1149764.020
3017,-1154109.419
3018,-1097226.626
3019,-777853.328
3020,-263469.840
3021,-199124.651
3022,-193508.681
3023,-169610.553
3024,-133286.962
3025,-116116.078
3026,-83533.524
3027,-38467.713
3028,-8776.799
3029,-142.643
3030,-0.000
3031,-1482098.221
3032,-861334.330
3033,-2207482.551
3034,-2290850.157
3035,-2437672.781
3036,-2451586.398
3037,-2251910.087
3038,-2485008.392
3039,-2365020.331
3040,-2283900.160
3041,-2239200.434
3042,-2265140.583
3043,-1051523.063
3044,-849471.437
3045,-0.000
3046,-0.000
3047,-0.000
3048,-0.000
3049,-0.000
3050,-0.000
3051,-0.000
3052,-0.000
3053,-0.000
3054,-0.000
3055,-721272.887
3056,-814609.352
3057,-2366431.416
3058,-2504599.236
3059,-2486612.351
3060,-2360722.401
3061,-2018970.686
3062,-2155406.233
3063,-2218712.806
3064,-2277573.983
3065,-2319082.177
3066,-2323886.128
3067,-1096150.917
3068,-800314.110
3069,-0.000
3070,-0.000
3071,-0.000
3072,-0.000
3073,-0.000
3074,-0.000
3075,-0.000
3076,-0.000
3077,-0.000
3078,-0.000
3079,-712361.274
3080,-752449.787
3081,-2195972.435
3082,-2193936.556
3083,-2460599.566
3084,-2632238.545
3085,-2328115.045
3086,-2852459.249
3087,-3057572.488
3088,-3245021.973
3089,-3352310.795
3090,-3267619.118
3091,-1552963.779
3092,-1022825.992
3093,-0.000
3094,-0.000
3095,-124695.609
3096,-149392.337
3097,-74758.237
3098,-35576.047
3099,-12631.588
3100,-1248.138
3101,-0.000
3102,-0.000
3103,-1421428.734
3104,-834333.755
3105,-2329294.181
3106,-2602368.055
3107,-2671941.864
3108,-2643783.382
3109,-2385375.622
3110,-2891306.553
3111,-3043686.444
3112,-3173585.591
3113,-3012314.800
3114,-2767820.940
3115,-1177098.982
3116,-1058941.726
3117,-0.000
3118,-0.000
3119,-0.000
3120,-117695.400
3121,-49809.603
3122,-32862.971
3123,-29616.287
3124,-28300.169
3125,-4567.082
3126,-0.000
3127,-1665321.673
3128,-877838.015
3129,-2356615.013
3130,-2380163.373
3131,-2472878.305
3132,-2604855.454
3133,-2286530.079
3134,-2692684.068
3135,-2659746.758
3136,-2684879.158
3137,-2639543.895
3138,-2677659.969
3139,-1148729.685
3140,-976367.002
3141,-0.000
3142,-0.000
3143,-0.000
3144,-0.000
3145,-0.000
3146,-0.000
3147,-0.000
3148,-0.000
3149,-0.000
3150,-0.000
3151,-0.000
3152,-0.000
3153,-1468702.259
3154,-1439517.792
3155,-1498211.788
3156,-1491428.675
3157,-1363483.228
3158,-1355986.969
3159,-1398606.966
3160,-1344637.246
3161,-1299210.697
3162,-1285505.117
3163,-0.000
3164,-0.000
3165,-0.000
3166,-0.000
3167,-0.000
3168,-52543.190
3169,-0.000
3170,-0.000
3171,-0.000
3172,-0.000
3173,-0.000
3174,-0.000
3175,-0.000
3176,-0.000
3177,-0.000
3178,-0.000
3179,-156246.976
3180,-187167.290
3181,-200858.588
3182,-141592.858
3183,-146922.411
3184,-180302.344
3185,-162390.455
3186,-56824.847
3187,-1237.300
3188,-0.000
3189,-0.000
3190,-0.000
3191,-0.000
3192,-0.000
3193,-0.000
3194,-0.000
3195,-0.000
3196,-0.000
3197,-0.000
3198,-0.000
3199,-507329.392
3200,-510356.423
3201,-1850730.755
3202,-1991808.508
3203,-2359020.503
3204,-2615133.731
3205,-2415359.158
3206,-2805903.179
3207,-2770827.196
3208,-2657058.059
3209,-2571627.096
3210,-2529009.906
3211,-1125423.118
3212,-848811.424
3213,-0.000
3214,-0.000
3215,-0.000
3216,-0.000
3217,-0.000
3218,-0.000
3219,-0.000
3220,-0.000
3221,-0.000
3222,-0.000
3223,-630262.295
3224,-550247.116
3225,-1568040.982
3226,-1597682.890
3227,-1667256.844
3228,-1795087.181
3229,-1691976.915
3230,-1828689.855
3231,-1778359.431
3232,-1795033.521
3233,-1658486.246
3234,-1531919.874
3235,-540846.054
3236,-392433.605
3237,-0.000
3238,-0.000
3239,-0.000
3240,-0.000
3241,-0.000
3242,-0.000
3243,-0.000
3244,-0.000
3245,-0.000
3246,-0.000
3247,-0.000
3248,-0.000
3249,-611312.665
3250,-799036.475
3251,-943780.417
3252,-1122187.210
3253,-1354200.594
3254,-1601941.144
3255,-1836897.000
3256,-1858536.119
3257,-2002430.415
3258,-2051903.054
3259,-980478.685
3260,-506984.151
3261,-0.000
3262,-0.000
3263,-0.000
3264,-0.000
3265,-0.000
3266,-0.000
3267,-0.000
3268,-0.000
3269,-0.000
3270,-0.000
3271,-0.000
3272,-17646.115
3273,-1147560.991
3274,-1543475.409
3275,-1905066.780
3276,-1930462.865
3277,-1803122.558
3278,-2204809.707
3279,-2487167.548
3280,-2668344.278
3281,-2814393.863
3282,-2937410.683
3283,-1483318.400
3284,-707796.836
3285,-0.000
3286,-0.000
3287,-0.000
3288,-0.000
3289,-0.000
3290,-0.000
3291,-0.000
3292,-0.000
3293,-0.000
3294,-0.000
3295,-81089.245
3296,-590961.387
3297,-1731349.086
3298,-1887430.142
3299,-2301784.229
3300,-2503584.556
3301,-2292680.422
3302,-2630231.191
3303,-2728350.740
3304,-2733876.393
3305,-2808171.508
3306,-2836607.436
3307,-1405787.531
3308,-848674.807
3309,-0.000
3310,-0.000
3311,-0.000
3312,-27601.191
3313,-0.000
3314,-0.000
3315,-0.000
3316,-0.000
3317,-0.000
3318,-0.000
3319,-0.000
3320,-0.000
3321,-1200099.965
3322,-1127363.027
3323,-1452876.960
3324,-1766338.085
3325,-1733114.368
3326,-1819037.389
3327,-2011381.089
3328,-2145895.943
3329,-2266042.525
3330,-2382722.652
3331,-586437.113
3332,-299858.802
3333,-289022.376
3334,-266430.757
3335,-213319.640
3336,-175495.298
3337,-127591.798
3338,-105504.469
3339,-87335.288
3340,-64848.214
3341,-11900.911
3342,-0.000
3343,-38436.723
3344,-354762.750
3345,-687020.239
3346,-842106.293
3347,-933928.702
3348,-954123.928
3349,-943874.654
3350,-1075389.376
3351,-1192478.129
3352,-1260851.992
3353,-1327035.918
3354,-1327111.448
3355,-955644.905
3356,-345067.816
3357,-286323.096
3358,-276557.561
3359,-265079.267
3360,-251254.199
3361,-229634.317
3362,-200305.287
3363,-182591.812
3364,-162764.993
3365,-132097.267
3366,-116517.577
3367,-1641727.894
3368,-1050092.718
3369,-2786309.587
3370,-3041930.463
3371,-3180300.245
3372,-3210263.318
3373,-2832314.951
3374,-3290524.363
3375,-3299023.350
3376,-3251140.914
3377,-3199041.474
3378,-3034612.162
3379,-1449219.874
3380,-1026243.174
3381,-0.000
3382,-0.000
3383,-108275.443
3384,-180054.669
3385,-114722.794
3386,-76633.616
3387,-40337.264
3388,-7015.019
3389,-0.000
3390,-0.000
3391,-1252427.514
3392,-743240.272
3393,-2084667.852
3394,-2215870.785
3395,-2375728.348
3396,-2480599.480
3397,-2259938.881
3398,-2847840.907
3399,-2992934.164
3400,-2927382.599
3401,-2826769.117
3402,-2659761.970
3403,-1378075.160
3404,-1020405.144
3405,-0.000
3406,-0.000
3407,-62069.769
3408,-117886.904
3409,-38419.255
3410,-2448.615
3411,-0.000
3412,-0.000
3413,-0.000
3414,-0.000
3415,-1445907.749
3416,-803789.942
3417,-2147057.707
3418,-2177336.976
3419,-2350562.912
3420,-2531429.116
3421,-2350519.991
3422,-2822815.375
3423,-2908350.798
3424,-2768636.192
3425,-2823151.856
3426,-2727959.316
3427,-1271024.854
3428,-1006954.364
3429,-0.000
3430,-0.000
3431,-101327.612
3432,-150883.465
3433,-80834.272
3434,-63255.685
3435,-61120.414
3436,-56274.325
3437,-48925.210
3438,-43039.198
3439,-1679345.519
3440,-951940.037
3441,-2554555.601
3442,-2772201.421
3443,-2908796.223
3444,-3044147.486
3445,-2828834.339
3446,-3316848.003
3447,-3507208.288
3448,-3409915.610
3449,-3448760.782
3450,-3352239.184
3451,-1580395.282
3452,-1238398.528
3453,-0.000
3454,-112764.301
3455,-243144.538
3456,-245670.350
3457,-191289.109
3458,-189769.013
3459,-184770.893
3460,-185124.623
3461,-182114.078
3462,-174749.332
3463,-1859957.636
3464,-1090563.690
3465,-2822766.395
3466,-2864099.330
3467,-3024557.828
3468,-3133743.320
3469,-2823294.921
3470,-3370972.499
3471,-3297459.989
3472,-3442888.458
3473,-3513875.775
3474,-3548522.211
3475,-1897338.013
3476,-1310315.772
3477,-0.000
3478,-255262.687
3479,-318107.511
3480,-305341.368
3481,-235847.228
3482,-214628.433
3483,-195306.974
3484,-193507.513
3485,-184868.313
3486,-167637.558
3487,-206524.616
3488,-387198.567
3489,-2357275.859
3490,-1920912.688
3491,-1967055.941
3492,-2071370.915
3493,-2157875.334
3494,-2322165.180
3495,-2446294.389
3496,-2521217.885
3497,-2339147.978
3498,-2254539.901
3499,-338840.383
3500,-365745.810
3501,-357486.319
3502,-356909.151
3503,-342601.756
3504,-329416.667
3505,-251967.117
3506,-222423.142
3507,-227763.295
3508,-241858.392
3509,-235290.255
3510,-225764.704
3511,-239187.783
3512,-272688.706
3513,-455483.007
3514,-669488.890
3515,-962253.294
3516,-1054160.863
3517,-987290.059
3518,-895930.268
3519,-683235.386
3520,-697203.423
3521,-584039.505
3522,-442172.986
3523,-313444.521
3524,-211041.621
3525,-202263.502
3526,-203060.450
3527,-212769.577
3528,-218746.580
3529,-215326.710
3530,-202598.364
3531,-195841.165
3532,-197938.163
3533,-179392.629
3534,-171471.139
3535,-1967608.917
3536,-1198227.091
3537,-3141716.026
3538,-3219086.649
3539,-3724891.620
3540,-3804561.532
3541,-3157391.468
3542,-3638994.513
3543,-3834558.659
3544,-4006338.112
3545,-3881188.732
3546,-3754343.362
3547,-1941823.902
3548,-1371678.310
3549,-0.000
3550,-317786.240
3551,-373076.434
3552,-374006.495
3553,-302437.895
3554,-294251.548
3555,-291618.923
3556,-284714.317
3557,-264352.247
3558,-254390.802
3559,-1575430.292
3560,-1347164.699
3561,-3423138.047
3562,-3652920.297
3563,-3885111.995
3564,-3948795.142
3565,-3436173.789
3566,-3994894.849
3567,-4023893.355
3568,-4112957.180
3569,-3996052.445
3570,-3854065.981
3571,-1992688.247
3572,-1449164.877
3573,-0.000
3574,-361241.136
3575,-412853.762
3576,-390937.675
3577,-311010.222
3578,-285018.976
3579,-265710.009
3580,-266460.764
3581,-267658.327
3582,-245746.447
3583,-1591947.332
3584,-1409408.573
3585,-3565446.068
3586,-3575863.410
3587,-3715923.361
3588,-3752757.549
3589,-3218912.118
3590,-3843801.785
3591,-3795155.352
3592,-3936465.899
3593,-3978743.164
3594,-4090670.605
3595,-2073554.663
3596,-1391746.387
3597,-0.000
3598,-356180.826
3599,-408573.831
3600,-408932.000
3601,-335050.094
3602,-312603.877
3603,-280623.674
3604,-255828.138
3605,-244979.670
3606,-241979.144
3607,-1540845.748
3608,-1345562.876
3609,-3485716.498
3610,-3614269.561
3611,-3668162.507
3612,-3546673.748
3613,-3093133.081
3614,-3647538.396
3615,-3874159.415
3616,-3630022.133
3617,-3402964.818
3618,-3428712.080
3619,-1885881.770
3620,-1324050.407
3621,-0.000
3622,-203524.454
3623,-343197.967
3624,-357592.086
3625,-303810.225
3626,-281408.613
3627,-270813.585
3628,-275885.892
3629,-268969.914
3630,-258753.253
3631,-1570499.777
3632,-1339975.573
3633,-3474842.702
3634,-3729583.586
3635,-3912145.496
3636,-3833859.070
3637,-3338277.041
3638,-3941884.858
3639,-4112754.741
3640,-3974955.200
3641,-3714746.773
3642,-3647680.855
3643,-1731427.086
3644,-1322094.737
3645,-0.000
3646,-291326.944
3647,-354686.845
3648,-361770.895
3649,-298960.267
3650,-277433.411
3651,-259475.755
3652,-250724.279
3653,-241238.066
3654,-235473.362
3655,-296934.815
3656,-503980.964
3657,-2538253.276
3658,-2210567.201
3659,-2339061.787
3660,-2306548.729
3661,-2092109.303
3662,-2313711.681
3663,-2279443.643
3664,-2360378.420
3665,-2205646.995
3666,-2299580.642
3667,-463001.679
3668,-371850.771
3669,-371091.994
3670,-382208.625
3671,-395058.334
3672,-378136.700
3673,-301469.024
3674,-325379.149
3675,-321393.323
3676,-318570.030
3677,-317781.895
3678,-315962.726
3679,-354658.544
3680,-531952.846
3681,-851746.651
3682,-1041818.518
3683,-1120384.341
3684,-1168600.235
3685,-930459.089
3686,-1060185.716
3687,-849032.276
3688,-859867.500
3689,-928380.094
3690,-897763.651
3691,-655625.932
3692,-363676.459
3693,-341460.953
3694,-337984.210
3695,-348837.701
3696,-361670.920
3697,-369094.049
3698,-367949.385
3699,-359796.617
3700,-364002.557
3701,-363031.840
3702,-354089.537
3703,-1676113.870
3704,-1317256.869
3705,-3449034.229
3706,-3671366.075
3707,-3859468.456
3708,-3791688.375
3709,-3265010.033
3710,-4145312.520
3711,-3995661.767
3712,-4053835.552
3713,-3989606.527
3714,-3992750.039
3715,-1966474.276
3716,-1487726.156
3717,-0.000
3718,-426628.607
3719,-467064.206
3720,-471605.114
3721,-402112.640
3722,-385611.830
3723,-341899.094
3724,-326450.497
3725,-354042.610
3726,-343508.755
3727,-1641645.503
3728,-1327371.103
3729,-3348042.143
3730,-3545489.698
3731,-3953606.861
3732,-4060725.133
3733,-3575076.732
3734,-4239402.291
3735,-4331788.077
3736,-4275041.566
3737,-4227262.928
3738,-4004053.042
3739,-1796678.318
3740,-1487856.089
3741,-0.000
3742,-390946.346
3743,-472843.376
3744,-423983.586
3745,-363161.065
3746,-358616.670
3747,-329726.046
3748,-284827.148
3749,-292021.512
3750,-323285.546
3751,-1608113.473
3752,-1288556.099
3753,-3380183.542
3754,-3571181.939
3755,-3744293.373
3756,-3844406.331
3757,-3316230.319
3758,-3784338.922
3759,-3708963.440
3760,-3470230.341
3761,-3195960.188
3762,-3077537.115
3763,-1374253.158
3764,-1195543.721
3765,-0.000
3766,-0.000
3767,-198089.800
3768,-247565.679
3769,-183931.079
3770,-159242.381
3771,-118410.923
3772,-116132.164
3773,-117895.720
3774,-62641.580
3775,-1775153.811
3776,-1042704.718
3777,-2843192.374
3778,-3079791.895
3779,-3347725.265
3780,-3373409.118
3781,-2852253.661
3782,-3268702.674
3783,-3108726.292
3784,-3107519.256
3785,-2887832.260
3786,-2793568.508
3787,-1225651.420
3788,-1073249.152
3789,-0.000
3790,-0.000
3791,-145281.980
3792,-215279.237
3793,-116313.161
3794,-66095.996
3795,-58944.540
3796,-57800.939
3797,-85724.779
3798,-69829.565
3799,-1730666.956
3800,-934578.999
3801,-2463610.537
3802,-2477340.095
3803,-2542099.156
3804,-2591222.499
3805,-2228991.621
3806,-2777438.089
3807,-3021483.122
3808,-2976527.719
3809,-3009226.733
3810,-2926074.827
3811,-1271412.180
3812,-1118234.083
3813,-0.000
3814,-33088.738
3815,-195288.378
3816,-228969.345
3817,-176663.906
3818,-109484.006
3819,-111993.624
3820,-158944.979
3821,-159778.859
3822,-142502.400
3823,-141046.146
3824,-187712.735
3825,-1919934.260
3826,-1656231.076
3827,-1709922.282
3828,-1774045.724
3829,-1757826.509
3830,-1803915.428
3831,-1889027.201
3832,-1912235.319
3833,-1814406.968
3834,-1948019.781
3835,-0.000
3836,-254088.313
3837,-290756.227
3838,-289829.650
3839,-237713.442
3840,-226539.831
3841,-162030.441
3842,-166406.365
3843,-169006.699
3844,-166672.747
3845,-157716.082
3846,-153276.716
3847,-214531.519
3848,-534417.522
3849,-913098.615
3850,-1002209.566
3851,-1059066.815
3852,-900817.268
3853,-910090.521
3854,-1142999.812
3855,-1287650.788
3856,-906109.562
3857,-736197.158
3858,-534639.255
3859,-449505.714
3860,-283125.623
3861,-251455.292
3862,-254542.277
3863,-243322.243
3864,-225376.597
3865,-223585.721
3866,-220120.166
3867,-218700.577
3868,-210364.070
3869,-198573.606
3870,-192989.792
3871,-1935763.071
3872,-1177809.692
3873,-2936160.916
3874,-2922289.726
3875,-3165730.081
3876,-3353512.990
3877,-3097081.898
3878,-3579459.117
3879,-3349214.628
3880,-2952680.457
3881,-2969673.629
3882,-3020549.197
3883,-1470735.742
3884,-1221574.674
3885,-0.000
3886,-54530.219
3887,-235848.078
3888,-248622.612
3889,-158676.137
3890,-131222.869
3891,-121682.065
3892,-122472.510
3893,-147538.282
3894,-165761.711
3895,-1938924.075
3896,-1154556.057
3897,-3009740.494
3898,-3123187.664
3899,-3584547.382
3900,-3918151.908
3901,-3285376.484
3902,-3790425.471
3903,-3649869.559
3904,-3269065.698
3905,-3208606.270
3906,-3271231.843
3907,-1532771.625
3908,-1329874.578
3909,-0.000
3910,-125332.918
3911,-301930.854
3912,-339227.385
3913,-287720.266
3914,-283417.091
3915,-283160.011
3916,-282563.559
3917,-273730.169
3918,-258505.554
3919,-2023095.506
3920,-1207179.313
3921,-3069898.195
3922,-3161268.755
3923,-3295042.253
3924,-3454571.634
3925,-3056641.086
3926,-3767257.754
3927,-3866442.559
3928,-3950476.520
3929,-3395314.641
3930,-3088939.851
3931,-1471387.238
3932,-1281566.526
3933,-0.000
3934,-99751.960
3935,-261449.845
3936,-300077.737
3937,-225023.476
3938,-184469.710
3939,-186683.131
3940,-201830.120
3941,-195211.432
3942,-198107.583
3943,-1901180.530
3944,-1043667.475
3945,-2718083.179
3946,-2824602.845
3947,-2926672.588
3948,-3017289.220
3949,-2516831.905
3950,-2837151.854
3951,-2819408.693
3952,-2796887.068
3953,-2643580.384
3954,-2586131.347
3955,-1195313.351
3956,-1101409.180
3957,-0.000
3958,-0.000
3959,-135507.313
3960,-198379.767
3961,-136603.471
3962,-112441.107
3963,-103929.202
3964,-110841.304
3965,-121146.576
3966,-104896.967
3967,-1838083.618
3968,-1008759.324
3969,-2708608.880
3970,-2818671.674
3971,-2993120.816
3972,-3050979.418
3973,-2699400.573
3974,-3410971.804
3975,-3447488.488
3976,-3651181.979
3977,-3235179.927
3978,-2958270.228
3979,-1236095.064
3980,-1074553.905
3981,-0.000
3982,-0.000
3983,-0.000
3984,-138010.363
3985,-89575.350
3986,-77124.798
3987,-74681.087
3988,-70492.395
3989,-68214.013
3990,-64043.613
3991,-110931.082
3992,-288800.921
3993,-2238855.213
3994,-1878107.920
3995,-1978679.883
3996,-2194895.309
3997,-2136757.722
3998,-2175028.772
3999,-2263575.026
4000,-2030045.917
4001,-1820826.662
4002,-1724658.229
4003,-27383.420
4004,-277944.202
4005,-302123.833
4006,-320463.902
4007,-327776.868
4008,-329092.401
4009,-253759.960
4010,-234932.899
4011,-229760.182
4012,-235051.117
4013,-249986.874
4014,-257950.383
4015,-273461.605
4016,-358958.010
4017,-463114.815
4018,-481636.002
4019,-582587.534
4020,-666285.615
4021,-771025.861
4022,-839533.697
4023,-828432.593
4024,-725463.092
4025,-581279.535
4026,-463108.502
4027,-384237.959
4028,-317454.208
4029,-316724.235
4030,-322274.868
4031,-313360.690
4032,-292388.591
4033,-279549.068
4034,-267991.172
4035,-265992.545
4036,-277559.308
4037,-290618.093
4038,-293948.793
4039,-1582919.858
4040,-1160922.177
4041,-3068018.677
4042,-3326984.484
4043,-3626158.284
4044,-3801427.761
4045,-3305457.239
4046,-3749101.748
4047,-3893899.876
4048,-3844753.485
4049,-3881865.988
4050,-3799052.281
4051,-1835633.340
4052,-1406285.559
4053,-0.000
4054,-315509.854
4055,-393302.874
4056,-413790.053
4057,-357971.945
4058,-344057.368
4059,-339928.438
4060,-300419.182
4061,-282175.785
4062,-276253.446
4063,-1542439.457
4064,-1141988.230
4065,-2997429.091
4066,-3164075.157
4067,-3546033.998
4068,-3873502.015
4069,-3350405.245
4070,-3852019.508
4071,-3774003.361
4072,-3724434.078
4073,-3866888.156
4074,-3694018.715
4075,-1708536.860
4076,-1468226.279
4077,-0.000
4078,-369359.648
4079,-434769.082
4080,-435489.700
4081,-368779.065
4082,-349698.284
4083,-327696.352
4084,-331415.478
4085,-319211.523
4086,-308130.233
4087,-1587063.165
4088,-1174379.785
4089,-3096801.186
4090,-3157256.436
4091,-3304139.391
4092,-3465425.344
4093,-2983034.338
4094,-3409319.006
4095,-3564043.904
4096,-3607328.826
4097,-3457064.897
4098,-3388231.059
4099,-1560565.378
4100,-1358945.815
4101,-0.000
4102,-267168.601
4103,-362719.246
4104,-392521.324
4105,-348105.612
4106,-329607.462
4107,-309308.331
4108,-283021.192
4109,-280414.154
4110,-276406.519
4111,-1561069.080
4112,-1195626.912
4113,-3195162.113
4114,-3369967.205
4115,-3622493.463
4116,-3763387.132
4117,-3355789.568
4118,-3875941.948
4119,-3887387.410
4120,-3749605.828
4121,-3646365.021
4122,-3556111.046
4123,-1746989.773
4124,-1374604.016
4125,-0.000
4126,-331299.695
4127,-403035.518
4128,-418036.260
4129,-350120.682
4130,-326790.989
4131,-310706.922
4132,-308806.881
4133,-301198.177
4134,-294303.621
4135,-1597490.963
4136,-1363179.981
4137,-3509610.733
4138,-3599718.379
4139,-3792568.280
4140,-3765109.150
4141,-3234646.356
4142,-3972610.933
4143,-4114573.615
4144,-4253424.003
4145,-4227862.840
4146,-4222271.551
4147,-2235439.684
4148,-1483489.827
4149,-9541.520
4150,-430023.226
4151,-449882.862
4152,-434581.714
4153,-354981.853
4154,-326112.385
4155,-315585.751
4156,-326303.521
4157,-323306.857
4158,-321957.493
4159,-423332.521
4160,-655104.826
4161,-2717513.217
4162,-2424343.462
4163,-2467302.740
4164,-2429317.085
4165,-2413666.980
4166,-2638697.722
4167,-2880821.582
4168,-3008630.220
4169,-3161035.132
4170,-3155066.838
4171,-1095569.512
4172,-560997.700
4173,-493862.615
4174,-508356.545
4175,-494198.701
4176,-464732.437
4177,-384000.766
4178,-343939.704
4179,-323212.652
4180,-310471.902
4181,-267591.162
4182,-237244.951
4183,-335293.617
4184,-711532.347
4185,-1030802.134
4186,-1119191.322
4187,-1140602.531
4188,-1100727.433
4189,-1008095.809
4190,-1190646.878
4191,-1451350.913
4192,-1516408.543
4193,-1598661.294
4194,-1742268.311
4195,-1329217.207
4196,-494098.118
4197,-414949.877
4198,-428504.302
4199,-426463.164
4200,-401567.468
4201,-383387.103
4202,-341994.355
4203,-314460.556
4204,-304312.635
4205,-277980.873
4206,-258419.631
4207,-1537444.993
4208,-1402350.117
4209,-3473230.365
4210,-3561612.904
4211,-3637204.923
4212,-3600979.399
4213,-3037093.289
4214,-3647334.093
4215,-3878275.452
4216,-4040964.625
4217,-4126923.885
4218,-4197939.523
4219,-2390061.782
4220,-1421395.604
4221,-55303.875
4222,-476841.076
4223,-491316.676
4224,-471631.153
4225,-399214.542
4226,-364844.294
4227,-338512.520
4228,-328561.300
4229,-303710.260
4230,-295037.031
4231,-1604667.564
4232,-1458598.364
4233,-3507221.488
4234,-3607847.126
4235,-3702857.148
4236,-3639994.444
4237,-3161328.032
4238,-3760392.402
4239,-4027213.125
4240,-3800099.519
4241,-3743668.528
4242,-3911436.798
4243,-2186667.582
4244,-1379993.823
4245,-0.000
4246,-405571.757
4247,-433346.968
4248,-424884.124
4249,-355349.933
4250,-325769.414
4251,-308142.958
4252,-308516.010
4253,-297490.515
4254,-296467.277
4255,-1614112.908
4256,-1436185.978
4257,-3483883.000
4258,-3651946.416
4259,-3786884.280
4260,-3792776.421
4261,-3242348.825
4262,-3944709.229
4263,-4148023.702
4264,-4246484.281
4265,-4377385.265
4266,-4509030.557
4267,-2344647.126
4268,-1466385.111
4269,-32145.754
4270,-460123.167
4271,-474797.565
4272,-470326.778
4273,-403976.815
4274,-379488.263
4275,-361631.698
4276,-362741.710
4277,-363588.084
4278,-363139.593
4279,-1654203.000
4280,-1465237.742
4281,-3585297.817
4282,-3634321.081
4283,-3743442.058
4284,-3709445.253
4285,-3199524.514
4286,-3851133.462
4287,-4036809.109
4288,-4115490.253
4289,-4310209.224
4290,-4561654.216
4291,-2658061.655
4292,-1502710.977
4293,-72745.100
4294,-526775.904
4295,-531389.733
4296,-510956.291
4297,-435910.542
4298,-398099.459
4299,-363795.164
4300,-350263.790
4301,-331804.124
4302,-316219.990
4303,-1653408.309
4304,-1487759.588
4305,-3607134.990
4306,-3787892.373
4307,-4052536.771
4308,-4097757.645
4309,-3593011.673
4310,-4365041.480
4311,-4225724.164
4312,-4144501.682
4313,-4105349.407
4314,-4274185.466
4315,-2156582.648
4316,-1422771.033
4317,-0.000
4318,-407695.273
4319,-444126.584
4320,-440177.190
4321,-371723.655
4322,-346335.794
4323,-317961.623
4324,-312317.125
4325,-297612.916
4326,-282513.736
4327,-358432.099
4328,-553178.300
4329,-2524909.862
4330,-2220253.529
4331,-2258274.696
4332,-2254932.740
4333,-2143686.851
4334,-2148679.588
4335,-2249315.691
4336,-2087304.134
4337,-1994171.464
4338,-1893760.015
4339,-124718.263
4340,-311124.273
4341,-321956.861
4342,-335007.089
4343,-336532.047
4344,-314606.767
4345,-243327.231
4346,-234411.225
4347,-233815.959
4348,-236612.164
4349,-240577.547
4350,-240235.198
4351,-297216.165
4352,-536356.752
4353,-868601.905
4354,-935538.551
4355,-989951.980
4356,-1028550.342
4357,-948527.285
4358,-1124545.727
4359,-1260817.332
4360,-1014797.014
4361,-900598.452
4362,-997647.789
4363,-789122.766
4364,-346892.728
4365,-304722.915
4366,-231069.949
4367,-210366.687
4368,-200561.252
4369,-202029.987
4370,-189977.178
4371,-180872.742
4372,-202160.473
4373,-225564.395
4374,-196542.427
4375,-1780971.841
4376,-979657.703
4377,-2577285.810
4378,-2695564.765
4379,-2777698.838
4380,-2782697.914
4381,-2356024.707
4382,-2711282.949
4383,-2707349.700
4384,-2733650.604
4385,-2714523.142
4386,-2690793.336
4387,-1218304.450
4388,-1142347.617
4389,-0.000
4390,-0.000
4391,-178554.450
4392,-226412.582
4393,-226947.204
4394,-230955.907
4395,-245675.470
4396,-211208.573
4397,-205238.198
4398,-190601.494
4399,-1897635.877
4400,-1090647.718
4401,-2841327.787
4402,-2841565.993
4403,-2920970.662
4404,-3093302.289
4405,-2978742.118
4406,-3669529.812
4407,-3589000.416
4408,-3270098.676
4409,-3259608.440
4410,-3184051.431
4411,-1504836.008
4412,-1308806.289
4413,-0.000
4414,-134463.711
4415,-318308.281
4416,-373839.678
4417,-294430.752
4418,-243060.842
4419,-224654.062
4420,-217092.485
4421,-216725.756
4422,-224398.386
4423,-1928525.237
4424,-1085703.849
4425,-2825143.167
4426,-2867402.743
4427,-3018010.229
4428,-3153604.249
4429,-2813355.048
4430,-3374938.067
4431,-3377274.970
4432,-3491968.765
4433,-3420697.350
4434,-3171597.514
4435,-1431720.217
4436,-1349379.851
4437,-0.000
4438,-179956.613
4439,-353914.210
4440,-378871.291
4441,-313839.185
4442,-308250.194
4443,-306944.196
4444,-312596.195
4445,-333097.973
4446,-324734.342
4447,-1649433.780
4448,-1253563.197
4449,-3330778.279
4450,-3396571.888
4451,-3624767.679
4452,-3830737.206
4453,-3454733.024
4454,-3798215.756
4455,-3589227.025
4456,-3668608.713
4457,-3612876.978
4458,-3383050.829
4459,-1550546.265
4460,-1413701.855
4461,-0.000
4462,-241524.702
4463,-360944.812
4464,-371758.884
4465,-299204.619
4466,-267464.422
4467,-238439.666
4468,-213875.761
4469,-195752.870
4470,-193124.965
4471,-1999816.914
4472,-1237662.334
4473,-3247956.542
4474,-3385247.286
4475,-3640015.760
4476,-3796165.313
4477,-3316312.794
4478,-3541517.575
4479,-3382540.766
4480,-3458404.813
4481,-3670975.476
4482,-3765003.213
4483,-1786947.092
4484,-1297524.186
4485,-0.000
4486,-141145.588
4487,-310365.458
4488,-314635.564
4489,-215445.111
4490,-206406.711
4491,-208467.505
4492,-221708.016
4493,-261232.218
4494,-241350.560
4495,-252772.321
4496,-316031.220
4497,-2225904.150
4498,-2071388.412
4499,-2266894.139
4500,-2405239.213
4501,-2506861.089
4502,-2196252.313
4503,-2079458.527
4504,-1948401.945
4505,-2053260.941
4506,-2013665.811
4507,-265589.243
4508,-311552.153
4509,-334672.848
4510,-344365.222
4511,-350891.994
4512,-343104.311
4513,-259920.023
4514,-237037.554
4515,-219751.050
4516,-217042.235
4517,-219882.175
4518,-216690.147
4519,-304702.222
4520,-504005.843
4521,-804044.521
4522,-1045254.788
4523,-1192979.880
4524,-1181954.504
4525,-1146691.098
4526,-1260227.763
4527,-1426463.624
4528,-1628195.054
4529,-1659073.959
4530,-1203684.003
4531,-808156.753
4532,-331092.890
4533,-348408.141
4534,-355971.559
4535,-326722.404
4536,-300889.189
4537,-303002.461
4538,-284874.285
4539,-266020.759
4540,-262129.306
4541,-254770.716
4542,-237322.827
4543,-1989024.597
4544,-1340865.818
4545,-3377965.261
4546,-3471574.888
4547,-3724156.975
4548,-3883209.649
4549,-3319721.240
4550,-4072432.606
4551,-4257348.572
4552,-4328835.713
4553,-4396491.110
4554,-4493959.303
4555,-2282379.892
4556,-1409204.404
4557,-0.000
4558,-436562.087
4559,-457874.033
4560,-438710.586
4561,-370817.268
4562,-348886.320
4563,-345335.189
4564,-352864.531
4565,-331382.662
4566,-323185.310
4567,-1708205.646
4568,-1495409.051
4569,-3756040.157
4570,-3926562.233
4571,-4190284.926
4572,-4288376.342
4573,-3684245.489
4574,-4435306.224
4575,-4542509.020
4576,-4552032.271
4577,-4580994.670
4578,-4528901.112
4579,-2593155.229
4580,-1551641.728
4581,-75815.153
4582,-539579.590
4583,-541073.978
4584,-507017.961
4585,-423201.884
4586,-375717.632
4587,-352687.155
4588,-357626.292
4589,-357657.627
4590,-359877.426
4591,-1716914.694
4592,-1518466.990
4593,-3730411.409
4594,-3861954.798
4595,-3970675.779
4596,-4007337.209
4597,-3419219.865
4598,-4119822.010
4599,-4399962.237
4600,-4465191.523
4601,-4610687.392
4602,-4684292.286
4603,-2746060.549
4604,-1469454.666
4605,-72405.819
4606,-516062.665
4607,-500345.667
4608,-455466.230
4609,-374385.310
4610,-337565.123
4611,-318932.387
4612,-322881.361
4613,-294422.183
4614,-289452.396
4615,-1641506.680
4616,-1490551.646
4617,-3678333.485
4618,-3745379.157
4619,-3791368.072
4620,-3836109.741
4621,-3283696.455
4622,-3939261.027
4623,-4144784.934
4624,-4252931.447
4625,-4286006.951
4626,-4457372.412
4627,-2770151.171
4628,-1461079.727
4629,-76464.937
4630,-530952.427
4631,-529717.563
4632,-497996.272
4633,-425571.852
4634,-382633.956
4635,-350920.471
4636,-355389.538
4637,-345871.048
4638,-339017.405
4639,-1681418.464
4640,-1496167.593
4641,-3660947.987
4642,-3709095.213
4643,-3777277.957
4644,-3681124.296
4645,-3172951.885
4646,-3831241.042
4647,-3977247.357
4648,-4123445.448
4649,-4299254.430
4650,-4424600.256
4651,-2739656.188
4652,-1444360.790
4653,-78706.169
4654,-507391.178
4655,-498259.000
4656,-476221.778
4657,-414630.411
4658,-384184.260
4659,-350121.851
4660,-344815.820
4661,-332837.227
4662,-333525.660
4663,-455107.130
4664,-778393.241
4665,-2856510.180
4666,-2357743.633
4667,-2408372.697
4668,-2419065.629
4669,-2367012.762
4670,-2517413.730
4671,-2769617.570
4672,-2978410.549
4673,-3230260.743
4674,-3342599.742
4675,-1192669.704
4676,-638482.349
4677,-577395.684
4678,-554201.220
4679,-538440.507
4680,-514584.896
4681,-447843.918
4682,-410026.472
4683,-375846.401
4684,-373664.161
4685,-375069.975
4686,-352050.358
4687,-451239.746
4688,-770338.949
4689,-1075326.299
4690,-1118088.151
4691,-1175086.037
4692,-1194963.132
4693,-1130626.220
4694,-1082057.300
4695,-1106342.830
4696,-1238215.750
4697,-1218433.739
4698,-1145997.497
4699,-1197283.586
4700,-497987.529
4701,-468870.108
4702,-475546.314
4703,-460852.320
4704,-436659.965
4705,-436395.985
4706,-429310.294
4707,-413812.228
4708,-409117.256
4709,-398927.571
4710,-395546.377
4711,-1723443.679
4712,-1525185.720
4713,-3808985.310
4714,-3896177.772
4715,-4013086.160
4716,-4016462.907
4717,-3471685.282
4718,-4238256.365
4719,-4386784.957
4720,-4564264.443
4721,-4586621.269
4722,-4688390.837
4723,-2539931.093
4724,-1622296.900
4725,-179766.025
4726,-551127.539
4727,-587090.142
4728,-562009.956
4729,-487880.797
4730,-476706.390
4731,-471314.323
4732,-475297.993
4733,-470085.796
4734,-461117.301
4735,-1791813.536
4736,-1483568.595
4737,-3760018.843
4738,-3954517.656
4739,-4076654.774
4740,-4115652.259
4741,-3315366.215
4742,-3871790.426
4743,-4219805.401
4744,-4596900.025
4745,-4715795.352
4746,-4442977.329
4747,-2167667.221
4748,-1629536.275
4749,-62102.420
4750,-538785.974
4751,-554873.786
4752,-553482.232
4753,-490441.980
4754,-480314.995
4755,-477449.330
4756,-476943.459
4757,-422850.068
4758,-406059.940
4759,-1703785.602
4760,-1454537.037
4761,-3776149.867
4762,-4002508.632
4763,-4304558.530
4764,-4429235.321
4765,-3721126.706
4766,-4447321.436
4767,-4504293.997
4768,-4519419.846
4769,-4633935.071
4770,-4608766.214
4771,-2370655.907
4772,-1618287.109
4773,-62369.787
4774,-546389.807
4775,-570510.587
4776,-572233.074
4777,-503311.291
4778,-485214.063
4779,-477321.357
4780,-478808.366
4781,-464806.323
4782,-446872.974
4783,-1793913.008
4784,-1467714.675
4785,-3814615.129
4786,-3999903.678
4787,-4174553.550
4788,-4218714.655
4789,-3542712.534
4790,-4091279.416
4791,-4271826.569
4792,-4314097.326
4793,-4157794.240
4794,-4216969.330
4795,-2341454.293
4796,-1594681.269
4797,-78348.289
4798,-560348.303
4799,-568938.642
4800,-554489.503
4801,-480272.611
4802,-454507.236
4803,-443257.576
4804,-446701.067
4805,-424911.214
4806,-398764.026
4807,-1673637.560
4808,-1451063.760
4809,-3654193.215
4810,-3768667.203
4811,-3800822.854
4812,-3656718.888
4813,-3227643.038
4814,-3954937.743
4815,-4092538.086
4816,-4188905.565
4817,-4337739.053
4818,-4475804.626
4819,-2291205.658
4820,-1516966.801
4821,-41972.129
4822,-492122.800
4823,-510476.418
4824,-503709.226
4825,-443350.181
4826,-397505.016
4827,-360756.472
4828,-358875.299
4829,-340273.877
4830,-319474.643
4831,-417361.271
4832,-679455.453
4833,-2831653.754
4834,-2416375.977
4835,-2529374.431
4836,-2540415.414
4837,-2516011.199
4838,-2685849.343
4839,-2831422.477
4840,-2974031.586
4841,-3033805.792
4842,-3052550.010
4843,-946412.435
4844,-577618.439
4845,-559246.527
4846,-578922.485
4847,-560631.116
4848,-514912.152
4849,-432726.415
4850,-384507.487
4851,-344672.636
4852,-347588.192
4853,-341375.014
4854,-330500.606
4855,-441500.161
4856,-782254.899
4857,-1112148.819
4858,-1194688.198
4859,-1244168.001
4860,-1231841.769
4861,-1200361.728
4862,-1409662.219
4863,-1646804.912
4864,-1685431.790
4865,-1780334.046
4866,-1906898.683
4867,-1541854.335
4868,-623737.965
4869,-543233.755
4870,-559066.543
4871,-545608.779
4872,-505996.430
4873,-496910.153
4874,-468814.313
4875,-450548.948
4876,-448244.043
4877,-419673.485
4878,-396381.611
4879,-1739930.651
4880,-1480121.657
4881,-3603573.748
4882,-3788201.559
4883,-4049972.197
4884,-4089260.361
4885,-3483231.540
4886,-4223313.956
4887,-4376143.587
4888,-4500685.704
4889,-4603841.633
4890,-4767077.369
4891,-2849798.925
4892,-1633946.235
4893,-198740.277
4894,-598434.666
4895,-624106.473
4896,-599192.275
4897,-530962.675
4898,-497240.570
4899,-477382.028
4900,-472344.310
4901,-448579.766
4902,-422307.554
4903,-1788706.704
4904,-1561289.312
4905,-3814923.921
4906,-3958532.381
4907,-4245945.639
4908,-4279142.909
4909,-3662385.456
4910,-4339077.920
4911,-4442931.189
4912,-4542374.803
4913,-4754999.034
4914,-4992278.604
4915,-2862496.004
4916,-1727511.219
4917,-157466.450
4918,-674390.693
4919,-676550.176
4920,-636132.786
4921,-563329.901
4922,-521674.190
4923,-501242.754
4924,-498842.340
4925,-467182.635
4926,-443090.080
4927,-1841532.621
4928,-1615641.101
4929,-4005956.226
4930,-4131192.970
4931,-4439149.995
4932,-4434179.385
4933,-3702265.620
4934,-4449945.620
4935,-4601897.249
4936,-4744353.339
4937,-4925704.815
4938,-5065465.789
4939,-2826682.214
4940,-1792140.668
4941,-199049.342
4942,-711379.174
4943,-720091.921
4944,-684938.997
4945,-614363.705
4946,-580367.003
4947,-559027.985
4948,-558574.985
4949,-535207.804
4950,-518108.881
4951,-1928444.899
4952,-1612772.354
4953,-3944971.180
4954,-4023440.791
4955,-4235173.301
4956,-4322316.489
4957,-3646060.210
4958,-4327760.205
4959,-4557615.897
4960,-4623066.037
4961,-4751173.253
4962,-4861956.188
4963,-2835619.670
4964,-1647847.214
4965,-126130.592
4966,-635311.055
4967,-636723.022
4968,-602960.934
4969,-533034.450
4970,-498939.922
4971,-480167.153
4972,-482392.928
4973,-457043.438
4974,-440916.822
4975,-1826366.327
4976,-1535353.416
4977,-3790711.724
4978,-3874490.335
4979,-4099707.066
4980,-4196865.136
4981,-3550460.515
4982,-4270864.224
4983,-4431688.619
4984,-4585039.784
4985,-4764349.363
4986,-4895999.478
4987,-2788325.037
4988,-1653072.510
4989,-105994.738
4990,-632028.035
4991,-629045.308
4992,-583844.823
4993,-508234.721
4994,-484740.458
4995,-474185.388
4996,-460826.636
4997,-421720.174
4998,-398708.415
4999,-473722.181
5000,-762923.900
5001,-2913144.972
5002,-2514789.851
5003,-2674072.323
5004,-2720756.549
5005,-2679406.674
5006,-2853521.581
5007,-3014006.917
5008,-3171998.383
5009,-3317036.342
5010,-3524822.832
5011,-1410690.575
5012,-709396.781
5013,-650215.900
5014,-670466.753
5015,-651648.882
5016,-612968.099
5017,-534591.900
5018,-492189.086
5019,-462395.601
5020,-455608.321
5021,-425360.266
5022,-405413.891
5023,-495851.543
5024,-801056.982
5025,-1132138.530
5026,-1243478.826
5027,-1353084.647
5028,-1332996.097
5029,-1297491.434
5030,-1495985.594
5031,-1718720.067
5032,-1745677.702
5033,-1813046.038
5034,-1924228.191
5035,-1478872.721
5036,-661932.724
5037,-577865.540
5038,-535963.851
5039,-503723.003
5040,-482331.008
5041,-481216.898
5042,-471238.705
5043,-464987.098
5044,-467733.901
5045,-447505.620
5046,-426249.650
5047,-1843747.731
5048,-1600825.923
5049,-4000322.032
5050,-4091517.384
5051,-4266593.182
5052,-4298712.459
5053,-3651598.158
5054,-4388943.073
5055,-4461178.776
5056,-4115418.728
5057,-3861882.574
5058,-3622443.705
5059,-1760398.651
5060,-1212732.975
5061,-0.000
5062,-163120.192
5063,-307516.763
5064,-328799.301
5065,-279263.000
5066,-262182.433
5067,-248223.809
5068,-262715.824
5069,-268489.778
5070,-274924.116
5071,-1610759.658
5072,-1360702.875
5073,-3340465.529
5074,-3394121.770
5075,-3711611.844
5076,-3884909.682
5077,-3359482.169
5078,-4030495.251
5079,-4205518.224
5080,-4335080.296
5081,-4484300.034
5082,-4674614.352
5083,-2657229.063
5084,-1563740.077
5085,-80101.801
5086,-565526.679
5087,-563268.558
5088,-533780.226
5089,-457006.834
5090,-416184.586
5091,-393242.051
5092,-397760.982
5093,-377425.131
5094,-350149.939
5095,-1656876.812
5096,-1462951.330
5097,-3615637.117
5098,-3698089.569
5099,-3878843.536
5100,-3856308.323
5101,-3276508.728
5102,-3891676.559
5103,-4051984.936
5104,-4191395.024
5105,-4330216.722
5106,-4535282.198
5107,-2735923.426
5108,-1472176.334
5109,-90490.410
5110,-542724.322
5111,-555954.239
5112,-540177.861
5113,-473045.716
5114,-437657.440
5115,-416797.522
5116,-415699.836
5117,-395029.118
5118,-379789.878
5119,-1717415.711
5120,-1540253.607
5121,-3834637.066
5122,-3962702.170
5123,-4188723.911
5124,-4309237.779
5125,-3720193.203
5126,-4504148.100
5127,-4637803.369
5128,-4615716.985
5129,-4477503.253
5130,-4411147.854
5131,-2327321.873
5132,-1521997.347
5133,-185041.332
5134,-539034.931
5135,-586055.988
5136,-569316.161
5137,-496455.191
5138,-400786.012
5139,-356190.762
5140,-355565.439
5141,-318162.331
5142,-284188.059
5143,-1510509.561
5144,-1164796.754
5145,-3070153.346
5146,-3136413.611
5147,-3363512.457
5148,-3612410.136
5149,-3207598.655
5150,-3681186.834
5151,-3846512.305
5152,-3930791.648
5153,-3798205.217
5154,-3586043.678
5155,-1667236.117
5156,-1175687.685
5157,-0.000
5158,-84005.831
5159,-254633.298
5160,-277557.035
5161,-222577.542
5162,-213956.733
5163,-201633.682
5164,-192065.866
5165,-187582.659
5166,-188761.972
5167,-217735.103
5168,-431267.898
5169,-2509475.655
5170,-2132077.874
5171,-2183237.730
5172,-2216878.826
5173,-2141107.024
5174,-2044358.561
5175,-2079245.877
5176,-1870939.288
5177,-1866505.624
5178,-1785115.580
5179,-30901.081
5180,-208997.381
5181,-217782.255
5182,-234088.932
5183,-282349.773
5184,-289661.007
5185,-202943.078
5186,-176478.066
5187,-172843.741
5188,-174696.492
5189,-156979.117
5190,-142481.690
5191,-190825.191
5192,-294551.400
5193,-530789.196
5194,-799486.495
5195,-907003.410
5196,-850659.356
5197,-663336.317
5198,-604196.521
5199,-660006.240
5200,-770898.561
5201,-679553.057
5202,-455580.836
5203,-485829.709
5204,-270839.476
5205,-249172.919
5206,-240663.841
5207,-227642.395
5208,-207618.846
5209,-192585.488
5210,-185807.078
5211,-181263.862
5212,-178788.528
5213,-168816.907
5214,-160193.035
5215,-1936546.119
5216,-1226155.996
5217,-3199858.956
5218,-3376041.639
5219,-3713846.687
5220,-3932184.894
5221,-3435979.573
5222,-3939783.692
5223,-3670627.345
5224,-3719865.796
5225,-3861098.412
5226,-3994804.048
5227,-1993736.918
5228,-1283524.415
5229,-0.000
5230,-228433.356
5231,-329789.237
5232,-328811.688
5233,-249088.575
5234,-218895.037
5235,-201792.625
5236,-202115.161
5237,-190463.684
5238,-171425.688
5239,-1952880.459
5240,-1302459.617
5241,-3384117.570
5242,-3551335.498
5243,-3739579.098
5244,-3735719.545
5245,-3208482.923
5246,-3780928.982
5247,-3911418.014
5248,-4075244.186
5249,-4214547.250
5250,-4433419.553
5251,-2385615.541
5252,-1496426.691
5253,-48175.691
5254,-495052.373
5255,-522394.335
5256,-506807.644
5257,-434431.536
5258,-398449.348
5259,-377280.307
5260,-372236.377
5261,-341098.952
5262,-316067.778
5263,-1585987.459
5264,-1351691.921
5265,-3436583.363
5266,-3562742.496
5267,-3739159.297
5268,-3847166.663
5269,-3400546.757
5270,-3960930.646
5271,-4141907.067
5272,-4203305.472
5273,-3688485.256
5274,-3257391.593
5275,-1433094.905
5276,-1203095.871
5277,-0.000
5278,-119959.519
5279,-272178.543
5280,-281290.044
5281,-208546.868
5282,-186142.672
5283,-172573.652
5284,-159578.737
5285,-163078.232
5286,-174773.543
5287,-1815333.673
5288,-1163123.452
5289,-2998056.491
5290,-3086517.632
5291,-3305333.893
5292,-3412857.234
5293,-2888074.546
5294,-3311630.314
5295,-3297907.419
5296,-3354947.345
5297,-3249991.590
5298,-3020831.659
5299,-1345371.615
5300,-1094899.116
5301,-0.000
5302,-0.000
5303,-98346.238
5304,-168293.094
5305,-112306.040
5306,-99386.880
5307,-88673.964
5308,-100753.514
5309,-136786.512
5310,-136480.226
5311,-1855875.251
5312,-1073880.097
5313,-2794829.905
5314,-2878817.760
5315,-3051941.351
5316,-3154883.483
5317,-2901239.218
5318,-3616476.220
5319,-3775950.511
5320,-3382789.198
5321,-2990972.132
5322,-2947432.166
5323,-1370295.592
5324,-1197819.041
5325,-0.000
5326,-0.000
5327,-225801.914
5328,-264673.759
5329,-219339.038
5330,-212515.640
5331,-205968.078
5332,-199322.599
5333,-195486.980
5334,-196969.394
5335,-242006.370
5336,-346995.573
5337,-2301116.786
5338,-1973785.956
5339,-2129526.587
5340,-2004344.171
5341,-2124681.776
5342,-2239523.259
5343,-2142975.976
5344,-2100460.817
5345,-2314315.468
5346,-2375177.415
5347,-312500.196
5348,-217317.117
5349,-223170.501
5350,-250136.549
5351,-237004.721
5352,-221191.256
5353,-151393.880
5354,-129014.383
5355,-115578.535
5356,-109572.547
5357,-100050.725
5358,-104989.781
5359,-172432.676
5360,-308127.788
5361,-531842.830
5362,-658115.887
5363,-915676.473
5364,-1012372.665
5365,-988197.929
5366,-905426.821
5367,-713576.533
5368,-472509.844
5369,-482250.031
5370,-534030.282
5371,-417571.474
5372,-185519.453
5373,-167465.470
5374,-161005.982
5375,-145961.071
5376,-126495.501
5377,-110322.907
5378,-91481.096
5379,-80342.526
5380,-90830.718
5381,-100377.793
5382,-101330.389
5383,-1882567.778
5384,-1088404.937
5385,-2866113.030
5386,-3066127.216
5387,-3540088.516
5388,-3788935.723
5389,-3319937.130
5390,-4018388.377
5391,-4188900.741
5392,-3787026.814
5393,-3592072.151
5394,-3665308.673
5395,-1822120.736
5396,-1364790.460
5397,-0.000
5398,-331727.065
5399,-374333.113
5400,-350546.311
5401,-280928.569
5402,-246313.489
5403,-215005.385
5404,-209498.091
5405,-194317.947
5406,-177620.006
5407,-1959486.280
5408,-1254510.484
5409,-3287831.093
5410,-3495316.329
5411,-3806125.601
5412,-3853743.261
5413,-3272157.276
5414,-3957138.917
5415,-4141816.342
5416,-4207320.743
5417,-4281550.194
5418,-4252901.790
5419,-2033579.626
5420,-1509488.411
5421,-30744.686
5422,-489436.086
5423,-504189.678
5424,-494285.294
5425,-424192.043
5426,-388940.166
5427,-369308.946
5428,-361796.282
5429,-340254.976
5430,-328166.110
5431,-1691866.775
5432,-1388270.518
5433,-3561164.071
5434,-3692848.936
5435,-4043445.466
5436,-4202524.500
5437,-3692981.955
5438,-4509560.013
5439,-4699074.010
5440,-4725488.147
5441,-4683310.506
5442,-4623450.377
5443,-2187606.634
5444,-1562596.825
5445,-48737.250
5446,-522330.065
5447,-534932.771
5448,-517011.000
5449,-439067.226
5450,-421236.677
5451,-407544.174
5452,-402118.460
5453,-380737.610
5454,-345098.149
5455,-1674384.865
5456,-1400483.584
5457,-3603884.478
5458,-3771535.479
5459,-4075359.117
5460,-4183183.409
5461,-3604785.703
5462,-4156618.549
5463,-4292197.314
5464,-4398436.879
5465,-4416113.550
5466,-4401064.982
5467,-2172244.362
5468,-1471143.659
5469,-36728.127
5470,-470347.860
5471,-484169.080
5472,-467546.135
5473,-397266.637
5474,-375649.416
5475,-357715.520
5476,-352091.289
5477,-331756.846
5478,-316618.131
5479,-1606152.749
5480,-1280956.739
5481,-3259165.598
5482,-3408734.716
5483,-3669133.843
5484,-3683115.943
5485,-3256808.101
5486,-3894404.702
5487,-4087240.137
5488,-3969438.614
5489,-3533418.433
5490,-3468286.977
5491,-1682836.173
5492,-1323075.081
5493,-0.000
5494,-300362.449
5495,-362723.469
5496,-349702.435
5497,-271158.011
5498,-240418.458
5499,-231360.322
5500,-232859.370
5501,-222188.655
5502,-216594.568
5503,-262327.929
5504,-412062.043
5505,-2393860.563
5506,-2100705.384
5507,-2276870.608
5508,-2403160.491
5509,-2386380.892
5510,-2404847.581
5511,-2430642.391
5512,-2537586.094
5513,-2518038.931
5514,-2679304.995
5515,-573751.632
5516,-437142.998
5517,-449309.602
5518,-465701.295
5519,-450247.623
5520,-421076.291
5521,-342212.489
5522,-316239.833
5523,-305280.287
5524,-311639.717
5525,-291271.464
5526,-269167.576
5527,-324953.203
5528,-476880.985
5529,-772187.874
5530,-968732.321
5531,-1121035.755
5532,-1249493.229
5533,-1170946.871
5534,-831552.374
5535,-899647.843
5536,-973288.309
5537,-929128.919
5538,-986761.099
5539,-799248.035
5540,-366528.588
5541,-342305.855
5542,-351801.114
5543,-340920.447
5544,-323573.280
5545,-322982.408
5546,-305859.068
5547,-289996.184
5548,-289080.901
5549,-281552.495
5550,-273592.029
5551,-1509675.801
5552,-1168369.487
5553,-3116455.384
5554,-3279104.125
5555,-3461210.073
5556,-3503058.290
5557,-3121590.968
5558,-3765720.602
5559,-3632254.730
5560,-3555688.831
5561,-3415279.794
5562,-3471284.653
5563,-1859840.789
5564,-1170613.471
5565,-0.000
5566,-109970.775
5567,-253857.921
5568,-277878.015
5569,-217405.141
5570,-192778.475
5571,-177204.940
5572,-173358.598
5573,-174869.873
5574,-164764.120
5575,-1883319.234
5576,-1175451.016
5577,-3068925.412
5578,-3345426.259
5579,-3693311.859
5580,-3845198.205
5581,-3326480.086
5582,-3813173.949
5583,-3934227.240
5584,-4010778.886
5585,-4136026.118
5586,-4104236.260
5587,-1945726.787
5588,-1400552.901
5589,-0.000
5590,-322881.605
5591,-381331.606
5592,-376355.851
5593,-315874.746
5594,-286555.177
5595,-269972.498
5596,-272347.234
5597,-254154.660
5598,-254982.904
5599,-1596093.450
5600,-1294003.286
5601,-3457140.062
5602,-3637815.219
5603,-3912458.313
5604,-4066517.265
5605,-3543675.829
5606,-4299128.342
5607,-4398900.051
5608,-4425122.396
5609,-4473276.497
5610,-4606437.698
5611,-2382294.966
5612,-1545405.461
5613,-44339.510
5614,-519321.382
5615,-532287.690
5616,-517261.596
5617,-445001.066
5618,-405700.155
5619,-383915.202
5620,-382312.156
5621,-362629.427
5622,-343728.724
5623,-1680261.887
5624,-1409119.015
5625,-3650399.378
5626,-3873065.346
5627,-4263957.978
5628,-4338287.149
5629,-3677275.163
5630,-4531635.356
5631,-4680009.181
5632,-4699505.997
5633,-4773567.427
5634,-4837165.294
5635,-2519375.473
5636,-1648230.778
5637,-193446.446
5638,-575669.944
5639,-601477.183
5640,-583472.213
5641,-525636.905
5642,-500519.582
5643,-477439.795
5644,-476179.216
5645,-453450.897
5646,-422252.006
5647,-1803324.405
5648,-1501916.611
5649,-3930392.024
5650,-4059340.833
5651,-4451692.236
5652,-4668637.415
5653,-3998204.155
5654,-4609025.180
5655,-4602747.269
5656,-4841296.607
5657,-4814598.196
5658,-4747517.204
5659,-2176102.358
5660,-1475179.455
5661,-73880.261
5662,-507252.106
5663,-494426.504
5664,-479755.217
5665,-410762.249
5666,-366197.355
5667,-344261.835
5668,-340371.686
5669,-308697.704
5670,-284107.128
5671,-302438.805
5672,-290408.181
5673,-1609253.716
5674,-1688789.601
5675,-2023721.389
5676,-2071311.173
5677,-1894482.717
5678,-1881828.787
5679,-1865779.255
5680,-1791860.985
5681,-1794182.568
5682,-1914200.382
5683,-199547.068
5684,-201265.521
5685,-220973.718
5686,-225566.816
5687,-239190.180
5688,-242975.316
5689,-172504.067
5690,-142779.443
5691,-139111.770
5692,-147582.566
5693,-137504.345
5694,-108142.140
5695,-187265.110
5696,-329117.295
5697,-552269.828
5698,-899759.507
5699,-1098547.441
5700,-1109801.402
5701,-1187607.488
5702,-1242279.718
5703,-1326937.214
5704,-1162142.762
5705,-1159225.780
5706,-1217728.940
5707,-827705.872
5708,-331321.200
5709,-316320.987
5710,-310825.510
5711,-301824.429
5712,-286500.733
5713,-284890.786
5714,-269653.238
5715,-252755.627
5716,-252402.155
5717,-239148.835
5718,-220700.845
5719,-2024969.682
5720,-1313322.118
5721,-3496188.295
5722,-3647660.595
5723,-3872501.016
5724,-3992718.482
5725,-3505277.958
5726,-4119223.070
5727,-4260718.697
5728,-4277484.811
5729,-4356248.465
5730,-4558588.848
5731,-2332197.284
5732,-1527185.248
5733,-16745.075
5734,-467162.425
5735,-483143.422
5736,-468181.684
5737,-402778.659
5738,-364106.778
5739,-337882.239
5740,-335912.702
5741,-319548.179
5742,-306323.294
5743,-1653068.651
5744,-1370869.117
5745,-3675926.413
5746,-3899900.908
5747,-4215013.366
5748,-4325322.791
5749,-3726568.065
5750,-4383835.397
5751,-4447103.027
5752,-4625438.635
5753,-4596741.575
5754,-4329431.305
5755,-2014745.709
5756,-1645516.965
5757,-58854.648
5758,-548266.252
5759,-568083.378
5760,-564084.318
5761,-489507.868
5762,-454662.494
5763,-434749.918
5764,-426447.110
5765,-405405.428
5766,-392902.750
5767,-1719804.455
5768,-1405033.823
5769,-3652040.103
5770,-3726707.296
5771,-4002390.603
5772,-4177698.394
5773,-3710611.548
5774,-4279139.259
5775,-4060606.748
5776,-3786909.380
5777,-3837086.476
5778,-4078638.811
5779,-1825139.944
5780,-1533839.356
5781,-8948.524
5782,-460209.980
5783,-500602.741
5784,-495673.831
5785,-409353.369
5786,-376425.111
5787,-361132.244
5788,-349937.289
5789,-325470.926
5790,-307730.505
5791,-1644409.408
5792,-1334062.623
5793,-3610435.589
5794,-3870124.690
5795,-4051464.032
5796,-4099255.006
5797,-3631454.277
5798,-4287596.302
5799,-4448916.165
5800,-4403229.815
5801,-4293934.655
5802,-4010696.953
5803,-1681557.404
5804,-1407454.382
5805,-0.000
5806,-359182.209
5807,-402637.395
5808,-388055.391
5809,-322438.361
5810,-300748.803
5811,-288310.251
5812,-283968.770
5813,-274899.322
5814,-274310.269
5815,-1626691.340
5816,-1313285.539
5817,-3545944.269
5818,-3810290.360
5819,-4100221.422
5820,-4293942.581
5821,-3640354.407
5822,-3912483.071
5823,-4038905.870
5824,-4178625.227
5825,-3889678.321
5826,-3572207.877
5827,-1540124.133
5828,-1365269.995
5829,-0.000
5830,-285920.447
5831,-370612.224
5832,-371987.356
5833,-299738.523
5834,-283067.913
5835,-273805.497
5836,-279876.632
5837,-284232.656
5838,-281351.596
5839,-320860.102
5840,-464869.494
5841,-2555582.513
5842,-2247358.206
5843,-2303172.816
5844,-2372372.659
5845,-2416439.809
5846,-2503651.469
5847,-2576290.980
5848,-2567440.807
5849,-2214599.396
5850,-2067424.039
5851,-208486.743
5852,-380546.532
5853,-412726.883
5854,-424002.595
5855,-403612.322
5856,-373405.813
5857,-301559.423
5858,-267080.223
5859,-241811.308
5860,-229769.636
5861,-203501.296
5862,-182229.030
5863,-213660.052
5864,-342619.642
5865,-701027.362
5866,-951285.165
5867,-1149634.380
5868,-1241610.385
5869,-1160099.205
5870,-1335122.707
5871,-1417282.898
5872,-1243004.871
5873,-1241080.278
5874,-1267367.349
5875,-697827.266
5876,-328051.869
5877,-293540.707
5878,-317391.227
5879,-312748.825
5880,-268290.483
5881,-238480.496
5882,-202679.841
5883,-176789.291
5884,-162103.059
5885,-123894.604
5886,-96933.864
5887,-1294524.975
5888,-867767.752
5889,-2367634.236
5890,-2669483.665
5891,-3047212.443
5892,-3241505.682
5893,-3058326.983
5894,-3552349.232
5895,-3769463.127
5896,-3827924.238
5897,-3816860.762
5898,-3734546.233
5899,-1659352.086
5900,-1183691.145
5901,-0.000
5902,-316949.284
5903,-366250.122
5904,-359766.870
5905,-294178.236
5906,-245910.070
5907,-210406.836
5908,-188213.301
5909,-155361.858
5910,-133939.738
5911,-1326799.316
5912,-912869.389
5913,-2404595.034
5914,-2706771.352
5915,-3087272.038
5916,-3293246.335
5917,-3128755.089
5918,-3613410.004
5919,-3808353.762
5920,-3847141.879
5921,-3850563.839
5922,-3810533.731
5923,-1725931.706
5924,-1217371.285
5925,-0.000
5926,-337404.677
5927,-352059.282
5928,-325009.665
5929,-263287.066
5930,-214221.473
5931,-171934.727
5932,-160608.611
5933,-139316.462
5934,-117850.317
5935,-1278529.843
5936,-856069.975
5937,-2278232.362
5938,-2576262.511
5939,-3014574.895
5940,-3270338.084
5941,-3110906.767
5942,-3627922.317
5943,-3897254.261
5944,-3946569.428
5945,-3848986.262
5946,-3718832.743
5947,-1672113.477
5948,-1220140.890
5949,-0.000
5950,-355142.027
5951,-347922.637
5952,-317946.217
5953,-258605.387
5954,-238995.727
5955,-233438.382
5956,-243040.549
5957,-240468.599
5958,-227641.175
5959,-1263548.870
5960,-956478.164
5961,-2473009.322
5962,-2750011.063
5963,-3185415.703
5964,-3484189.393
5965,-3301681.386
5966,-3808503.861
5967,-3959276.634
5968,-3959633.353
5969,-3976610.660
5970,-3804474.939
5971,-1752270.484
5972,-1313579.958
5973,-47581.031
5974,-423347.615
5975,-408829.969
5976,-401433.557
5977,-355254.155
5978,-340249.373
5979,-330498.329
5980,-329653.768
5981,-304630.675
5982,-270356.780
5983,-1417619.634
5984,-1115205.444
5985,-2922129.587
5986,-3116852.763
5987,-3549942.600
5988,-3718057.542
5989,-3347843.784
5990,-3970023.993
5991,-3592706.913
5992,-3579999.153
5993,-3202918.221
5994,-3062693.614
5995,-1417160.244
5996,-1252297.529
5997,-0.000
5998,-118676.300
5999,-281712.142
6000,-319665.402
6001,-256614.946
6002,-237568.009
6003,-218405.188
6004,-205094.739
6005,-198256.091
6006,-195657.300
6007,-256101.237
6008,-417216.145
6009,-2552062.428
6010,-2315576.439
6011,-2499059.932
6012,-2578275.102
6013,-2654133.970
6014,-2796701.517
6015,-2848468.849
6016,-2875021.868
6017,-2678974.979
6018,-2187960.394
6019,-107499.495
6020,-250126.695
6021,-320325.619
6022,-327557.039
6023,-315601.976
6024,-304436.878
6025,-234349.793
6026,-217810.927
6027,-207160.770
6028,-192216.481
6029,-184664.854
6030,-186948.427
6031,-234770.521
6032,-326077.337
6033,-535501.227
6034,-667690.995
6035,-968244.076
6036,-1120601.034
6037,-1176612.649
6038,-1348899.072
6039,-1569389.471
6040,-1637515.102
6041,-1470308.906
6042,-1224826.158
6043,-690539.908
6044,-366269.879
6045,-351564.116
6046,-364287.929
6047,-361479.855
6048,-330196.017
6049,-309333.126
6050,-274729.747
6051,-260755.316
6052,-275762.939
6053,-254929.327
6054,-227620.221
6055,-1869707.258
6056,-1214518.301
6057,-3207048.454
6058,-3428379.849
6059,-3858019.692
6060,-4046151.098
6061,-3588635.311
6062,-4351410.795
6063,-4535939.727
6064,-4551021.803
6065,-4227827.594
6066,-3857047.455
6067,-1585942.152
6068,-1325436.986
6069,-0.000
6070,-303344.218
6071,-351163.715
6072,-331835.067
6073,-241766.238
6074,-200142.357
6075,-180038.868
6076,-182589.358
6077,-158333.118
6078,-143811.862
6079,-1878831.738
6080,-1214071.223
6081,-3233563.111
6082,-3449570.748
6083,-3900382.565
6084,-4115824.476
6085,-3630231.573
6086,-4262453.441
6087,-4295243.893
6088,-4249215.779
6089,-4053687.874
6090,-3760360.913
6091,-1728701.130
6092,-1371899.717
6093,-0.000
6094,-395815.985
6095,-410360.565
6096,-371368.593
6097,-288445.611
6098,-250553.150
6099,-222880.344
6100,-202502.322
6101,-173666.920
6102,-151890.265
6103,-1791235.739
6104,-1117381.035
6105,-2851278.472
6106,-2965603.362
6107,-3293530.784
6108,-3551443.549
6109,-3347500.888
6110,-3897989.929
6111,-4122047.660
6112,-4106557.076
6113,-4023210.152
6114,-3904878.821
6115,-1705560.175
6116,-1150802.998
6117,-0.000
6118,-308089.182
6119,-326415.578
6120,-294564.802
6121,-233341.850
6122,-198115.294
6123,-164628.858
6124,-158253.004
6125,-132486.636
6126,-113173.971
6127,-1651719.866
6128,-1116218.190
6129,-2948259.028
6130,-3141650.977
6131,-3484425.657
6132,-3612078.531
6133,-3409214.101
6134,-3973078.715
6135,-4190528.478
6136,-4237832.866
6137,-4172935.291
6138,-3959225.369
6139,-1798996.619
6140,-1276729.917
6141,-1914.275
6142,-402457.535
6143,-402636.671
6144,-377585.936
6145,-324057.654
6146,-289167.671
6147,-257696.775
6148,-260280.500
6149,-241816.805
6150,-211317.849
6151,-1769650.185
6152,-1123270.313
6153,-2834093.297
6154,-2943038.210
6155,-3288778.921
6156,-3522922.332
6157,-3277114.145
6158,-3801012.095
6159,-4005547.107
6160,-4087311.274
6161,-4082828.764
6162,-3935000.208
6163,-1702742.506
6164,-1167059.656
6165,-12685.546
6166,-335535.588
6167,-353318.360
6168,-324498.257
6169,-256873.442
6170,-207570.810
6171,-165174.053
6172,-142298.575
6173,-95788.078
6174,-55304.649
6175,-107989.850
6176,-293412.985
6177,-2252380.387
6178,-2042062.100
6179,-2300591.702
6180,-2502098.832
6181,-2455880.624
6182,-2563021.022
6183,-2694106.399
6184,-2736758.691
6185,-2697748.321
6186,-2589895.801
6187,-372676.011
6188,-384004.830
6189,-362264.802
6190,-357895.493
6191,-329537.713
6192,-299802.480
6193,-231039.027
6194,-193678.033
6195,-172479.726
6196,-184655.108
6197,-168475.132
6198,-147502.004
6199,-185205.790
6200,-357841.381
6201,-755225.998
6202,-1018035.593
6203,-1265307.053
6204,-1431433.868
6205,-1394975.760
6206,-1460877.310
6207,-1547626.875
6208,-1594152.132
6209,-1528709.122
6210,-1372621.721
6211,-767960.537
6212,-389635.157
6213,-355918.495
6214,-356776.460
6215,-338622.114
6216,-311413.473
6217,-303058.379
6218,-273589.192
6219,-253476.397
6220,-244858.518
6221,-224191.631
6222,-209952.964
6223,-1825829.171
6224,-1150646.597
6225,-2913237.133
6226,-3145839.059
6227,-3718591.561
6228,-4045126.277
6229,-3573171.145
6230,-4267400.718
6231,-4405434.513
6232,-4512112.834
6233,-4475552.309
6234,-4245123.159
6235,-1762780.406
6236,-1508844.722
6237,-51802.552
6238,-514481.979
6239,-508707.372
6240,-473868.418
6241,-397775.263
6242,-364019.425
6243,-334954.067
6244,-322511.797
6245,-298602.456
6246,-283734.201
6247,-1534809.933
6248,-1234728.583
6249,-3259760.494
6250,-3561878.072
6251,-4094826.690
6252,-4280125.362
6253,-3896424.778
6254,-4698413.426
6255,-4838501.274
6256,-4865889.818
6257,-4716635.679
6258,-4387580.652
6259,-1644820.233
6260,-1471948.016
6261,-13754.002
6262,-469630.013
6263,-488440.569
6264,-476444.879
6265,-388480.594
6266,-350558.625
6267,-345811.059
6268,-338138.053
6269,-316100.717
6270,-306712.386
6271,-1537992.606
6272,-1200014.399
6273,-3237056.097
6274,-3350471.278
6275,-3855556.537
6276,-4265227.129
6277,-3867632.221
6278,-4660787.019
6279,-4722684.098
6280,-4608524.687
6281,-4333167.393
6282,-4127259.244
6283,-1679804.788
6284,-1523850.980
6285,-0.000
6286,-460754.443
6287,-489991.404
6288,-475249.438
6289,-421445.205
6290,-398884.078
6291,-371910.707
6292,-361924.957
6293,-340216.620
6294,-328594.415
6295,-1642260.423
6296,-1276007.584
6297,-3381427.835
6298,-3612712.760
6299,-3919753.150
6300,-4100590.124
6301,-3719357.537
6302,-4315871.777
6303,-3920884.772
6304,-3899667.465
6305,-4004299.636
6306,-3778818.664
6307,-1437447.385
6308,-1270168.936
6309,-0.000
6310,-270148.661
6311,-354341.887
6312,-362818.247
6313,-285486.195
6314,-269338.695
6315,-263356.037
6316,-263328.714
6317,-248836.577
6318,-217165.630
6319,-1835146.807
6320,-1101916.519
6321,-3027964.730
6322,-3289161.244
6323,-3598573.801
6324,-3754471.470
6325,-3357446.974
6326,-3932916.475
6327,-3788250.794
6328,-3665294.483
6329,-3634249.864
6330,-3502320.963
6331,-1339156.501
6332,-1223464.236
6333,-0.000
6334,-229772.571
6335,-322964.922
6336,-317204.108
6337,-258641.166
6338,-247158.775
6339,-222019.594
6340,-198152.573
6341,-176006.959
6342,-171196.593
6343,-213707.102
6344,-341585.417
6345,-2361309.707
6346,-2123964.880
6347,-2400569.189
6348,-2467104.650
6349,-2483534.074
6350,-2688934.365
6351,-2815452.785
6352,-2976019.797
6353,-2857610.455
6354,-2427578.223
6355,-161612.661
6356,-343492.990
6357,-378058.585
6358,-380819.731
6359,-357068.008
6360,-345400.497
6361,-291771.558
6362,-249792.757
6363,-211374.958
6364,-194262.857
6365,-159029.058
6366,-137501.242
6367,-179376.001
6368,-351010.382
6369,-823830.373
6370,-1172679.546
6371,-1392613.392
6372,-1532030.434
6373,-1550329.647
6374,-1600251.666
6375,-1642945.820
6376,-1616573.215
6377,-1536535.613
6378,-1327319.286
6379,-507591.644
6380,-353780.867
6381,-324249.402
6382,-328626.027
6383,-337001.687
6384,-327096.842
6385,-311872.998
6386,-301588.351
6387,-278127.170
6388,-245363.732
6389,-222014.981
6390,-213181.741
6391,-1791669.667
6392,-1105197.933
6393,-2938792.654
6394,-3098301.657
6395,-3262224.914
6396,-3442423.723
6397,-3336695.722
6398,-3764143.611
6399,-3848160.155
6400,-3576744.986
6401,-3572709.459
6402,-3360624.056
6403,-1384812.751
6404,-1224954.386
6405,-0.000
6406,-238620.165
6407,-304854.176
6408,-281898.091
6409,-204614.758
6410,-162915.092
6411,-142261.045
6412,-149182.363
6413,-122007.676
6414,-93887.976
6415,-1773801.442
6416,-1111231.520
6417,-3033157.147
6418,-3317731.949
6419,-3673206.836
6420,-3754595.051
6421,-3425892.041
6422,-3978260.356
6423,-4133287.775
6424,-4034882.652
6425,-3568731.808
6426,-3326659.979
6427,-1393317.795
6428,-1205805.154
6429,-0.000
6430,-263700.492
6431,-304557.542
6432,-284723.220
6433,-232224.917
6434,-192882.800
6435,-158105.745
6436,-148722.716
6437,-119151.881
6438,-95034.239
6439,-1765103.826
6440,-1131907.739
6441,-3138754.236
6442,-3281831.751
6443,-3497784.979
6444,-3600736.409
6445,-3471729.898
6446,-4025371.629
6447,-4195894.876
6448,-4232784.319
6449,-4136723.299
6450,-3853833.802
6451,-1451158.455
6452,-1170114.631
6453,-0.000
6454,-287175.287
6455,-330737.277
6456,-329749.734
6457,-263403.436
6458,-223917.055
6459,-207597.703
6460,-206232.000
6461,-183965.212
6462,-170424.925
6463,-1824850.288
6464,-1126025.577
6465,-2888462.031
6466,-2938089.251
6467,-3128891.678
6468,-3423455.213
6469,-3416175.217
6470,-3945687.402
6471,-4003942.122
6472,-3982561.070
6473,-3845073.041
6474,-3758755.355
6475,-1492193.490
6476,-1333101.444
6477,-0.000
6478,-383455.801
6479,-425897.083
6480,-405462.896
6481,-331894.792
6482,-294685.091
6483,-278454.738
6484,-283797.412
6485,-279844.066
6486,-279730.139
6487,-1470010.503
6488,-1156486.841
6489,-3099531.031
6490,-3322697.783
6491,-3570034.961
6492,-3753837.479
6493,-3463881.418
6494,-3954620.760
6495,-4232887.546
6496,-4101454.538
6497,-3729300.770
6498,-3569453.820
6499,-1476001.569
6500,-1325307.808
6501,-0.000
6502,-364152.196
6503,-382985.237
6504,-358418.211
6505,-287230.728
6506,-256073.124
6507,-224636.215
6508,-205259.773
6509,-178519.521
6510,-173301.146
6511,-226705.304
6512,-348579.029
6513,-2224228.110
6514,-2105830.185
6515,-2361954.309
6516,-2534823.045
6517,-2574361.166
6518,-2728281.206
6519,-2505550.012
6520,-2500044.558
6521,-2289432.731
6522,-2161085.925
6523,-43106.483
6524,-342543.528
6525,-374862.479
6526,-402862.963
6527,-382350.195
6528,-353438.530
6529,-279391.119
6530,-247516.684
6531,-229125.454
6532,-230122.767
6533,-212557.659
6534,-200698.565
6535,-240960.184
6536,-349539.963
6537,-646766.639
6538,-979853.987
6539,-1243811.970
6540,-1268459.695
6541,-1255248.512
6542,-1437164.969
6543,-1214430.686
6544,-914104.007
6545,-803001.625
6546,-510509.893
6547,-262561.852
6548,-215402.526
6549,-221547.195
6550,-226367.216
6551,-222359.600
6552,-204711.736
6553,-196696.877
6554,-188556.295
6555,-180496.509
6556,-182677.887
6557,-177454.479
6558,-167931.549
6559,-1812854.070
6560,-1063269.414
6561,-2861677.556
6562,-3102523.926
6563,-3428092.020
6564,-3713935.049
6565,-3260803.633
6566,-3824206.618
6567,-3990520.378
6568,-3963541.050
6569,-3827808.748
6570,-3735457.026
6571,-1403037.733
6572,-1267171.814
6573,-0.000
6574,-181355.211
6575,-299126.179
6576,-320521.039
6577,-258997.236
6578,-233382.183
6579,-217285.758
6580,-215866.535
6581,-208660.884
6582,-199369.397
6583,-1857508.823
6584,-1096797.563
6585,-2873376.237
6586,-3055968.981
6587,-3592512.659
6588,-3845981.571
6589,-3415463.715
6590,-4063848.634
6591,-4225342.210
6592,-4067085.798
6593,-4052594.358
6594,-3851083.182
6595,-1526293.361
6596,-1366837.111
6597,-0.000
6598,-332187.155
6599,-373926.046
6600,-376074.975
6601,-310316.928
6602,-276111.585
6603,-254854.219
6604,-231570.159
6605,-208625.481
6606,-189162.397
6607,-1870917.897
6608,-1164094.719
6609,-3182266.796
6610,-3450607.391
6611,-3922359.175
6612,-4148766.948
6613,-3651587.935
6614,-4238660.938
6615,-4376921.955
6616,-4443558.077
6617,-4297582.907
6618,-4091129.953
6619,-1544696.476
6620,-1381576.828
6621,-0.000
6622,-373832.150
6623,-390196.208
6624,-359835.728
6625,-301108.962
6626,-267154.655
6627,-228278.469
6628,-192241.436
6629,-144583.449
6630,-125708.668
6631,-1801790.199
6632,-1133053.065
6633,-3130688.716
6634,-3386336.975
6635,-3786679.341
6636,-3982812.460
6637,-3597489.210
6638,-4332869.733
6639,-4492981.713
6640,-4446084.303
6641,-4418145.654
6642,-4177635.205
6643,-1594484.790
6644,-1411204.172
6645,-0.000
6646,-422221.946
6647,-441176.153
6648,-410644.751
6649,-335045.451
6650,-308672.966
6651,-304420.760
6652,-302762.966
6653,-283907.618
6654,-276598.342
6655,-1553781.731
6656,-1258012.582
6657,-3414993.477
6658,-3515234.619
6659,-3647501.795
6660,-3660619.796
6661,-3465800.216
6662,-4207642.559
6663,-4325402.776
6664,-4368896.505
6665,-4123344.738
6666,-3847821.523
6667,-1457148.350
6668,-1319151.472
6669,-0.000
6670,-279201.337
6671,-332693.255
6672,-314778.310
6673,-248170.347
6674,-232537.404
6675,-215093.470
6676,-214980.730
6677,-206580.014
6678,-197602.108
6679,-221589.528
6680,-320137.766
6681,-2307348.423
6682,-2099718.877
6683,-2298799.772
6684,-2470673.168
6685,-2513876.175
6686,-2684667.228
6687,-2878981.869
6688,-2895207.160
6689,-2788584.950
6690,-2529848.679
6691,-180979.128
6692,-329521.668
6693,-349556.591
6694,-375403.360
6695,-361138.172
6696,-325539.295
6697,-257679.091
6698,-225681.018
6699,-223071.975
6700,-237889.366
6701,-201084.753
6702,-175334.407
6703,-188465.788
6704,-258216.001
6705,-559154.752
6706,-794758.950
6707,-964852.052
6708,-1135889.284
6709,-1275876.645
6710,-1384532.695
6711,-1479990.590
6712,-1393601.744
6713,-1350689.200
6714,-1102514.336
6715,-307076.403
6716,-188069.687
6717,-154680.009
6718,-132991.011
6719,-104046.156
6720,-67279.644
6721,-41210.416
6722,-6792.950
6723,-0.000
6724,-0.000
6725,-0.000
6726,-0.000
6727,-842942.041
6728,-555824.479
6729,-1603714.316
6730,-2078677.860
6731,-2523107.572
6732,-2762134.289
6733,-2676701.368
6734,-3320270.868
6735,-3608354.686
6736,-3584287.774
6737,-3560867.511
6738,-3034447.727
6739,-1069380.618
6740,-851562.812
6741,-0.000
6742,-0.000
6743,-91515.386
6744,-106335.421
6745,-32302.704
6746,-7015.678
6747,-4973.472
6748,-1674.253
6749,-0.000
6750,-0.000
6751,-1210681.694
6752,-709351.644
6753,-1968722.983
6754,-2447095.638
6755,-2983599.168
6756,-3301783.329
6757,-3050533.333
6758,-3498659.392
6759,-3622549.368
6760,-3447874.089
6761,-3100577.165
6762,-2611689.406
6763,-884961.125
6764,-695803.480
6765,-0.000
6766,-0.000
6767,-0.000
6768,-0.000
6769,-0.000
6770,-0.000
6771,-0.000
6772,-0.000
6773,-0.000
6774,-0.000
6775,-331932.179
6776,-374472.816
6777,-1261670.537
6778,-1605189.368
6779,-1975076.772
6780,-2164703.889
6781,-2167113.549
6782,-2469339.645
6783,-2623456.994
6784,-2619822.458
6785,-2492809.597
6786,-1990275.084
6787,-592406.547
6788,-426295.141
6789,-0.000
6790,-0.000
6791,-0.000
6792,-0.000
6793,-0.000
6794,-0.000
6795,-0.000
6796,-0.000
6797,-0.000
6798,-0.000
6799,-0.000
6800,-148016.785
6801,-879634.874
6802,-1271372.532
6803,-1670865.299
6804,-1886844.975
6805,-1943231.649
6806,-2268778.505
6807,-2472440.093
6808,-2520819.743
6809,-2469439.778
6810,-1971352.852
6811,-591751.350
6812,-411236.383
6813,-0.000
6814,-0.000
6815,-0.000
6816,-0.000
6817,-0.000
6818,-0.000
6819,-0.000
6820,-0.000
6821,-0.000
6822,-0.000
6823,-0.000
6824,-84036.383
6825,-844302.508
6826,-1260555.412
6827,-1737337.072
6828,-2003586.358
6829,-2039892.254
6830,-2389776.487
6831,-2598885.412
6832,-2645764.464
6833,-2595936.009
6834,-2058759.036
6835,-621413.246
6836,-409382.598
6837,-0.000
6838,-0.000
6839,-0.000
6840,-0.000
6841,-0.000
6842,-0.000
6843,-0.000
6844,-0.000
6845,-0.000
6846,-0.000
6847,-0.000
6848,-0.000
6849,-457953.541
6850,-967985.077
6851,-1426679.665
6852,-1668031.634
6853,-1791514.635
6854,-2097490.236
6855,-2315416.809
6856,-2353767.263
6857,-2304334.381
6858,-1783865.420
6859,-0.000
6860,-0.000
6861,-46521.514
6862,-79594.579
6863,-75288.935
6864,-57205.949
6865,-5756.504
6866,-0.000
6867,-0.000
6868,-0.000
6869,-0.000
6870,-0.000
6871,-0.000
6872,-0.000
6873,-123457.269
6874,-674610.910
6875,-969394.895
6876,-1129973.558
6877,-1235197.598
6878,-1423176.580
6879,-1566855.216
6880,-1599432.490
6881,-1544743.201
6882,-996735.306
6883,-185810.331
6884,-68974.791
6885,-57652.866
6886,-58732.240
6887,-29757.096
6888,-1312.435
6889,-0.000
6890,-0.000
6891,-0.000
6892,-0.000
6893,-0.000
6894,-0.000
6895,-342350.173
6896,-418356.267
6897,-1459528.240
6898,-1887833.257
6899,-2308792.878
6900,-2507697.629
6901,-2468877.630
6902,-2923688.763
6903,-3199600.177
6904,-3257725.256
6905,-3214329.451
6906,-2616182.746
6907,-870853.256
6908,-673197.160
6909,-0.000
6910,-0.000
6911,-41772.551
6912,-63885.926
6913,-29543.443
6914,-9614.746
6915,-0.000
6916,-0.000
6917,-0.000
6918,-0.000
6919,-778026.237
6920,-512052.907
6921,-1497356.622
6922,-1919881.533
6923,-2342991.304
6924,-2590187.277
6925,-2508802.248
6926,-2925009.390
6927,-3178978.106
6928,-3188825.524
6929,-3060992.349
6930,-2638848.737
6931,-1012780.034
6932,-886549.725
6933,-0.000
6934,-224652.765
6935,-245006.960
6936,-236941.221
6937,-187124.174
6938,-154229.126
6939,-138637.355
6940,-135597.391
6941,-113905.631
6942,-104931.729
6943,-961499.451
6944,-595338.607
6945,-1559537.702
6946,-1806107.635
6947,-2069345.484
6948,-2270473.975
6949,-2135710.789
6950,-2485666.470
6951,-2744260.676
6952,-2664709.486
6953,-2328015.617
6954,-1845064.752
6955,-848924.910
6956,-736385.615
6957,-0.000
6958,-187806.753
6959,-196821.065
6960,-165971.001
6961,-106804.771
6962,-65230.949
6963,-42738.203
6964,-45840.545
6965,-19815.904
6966,-0.000
6967,-446089.219
6968,-332601.642
6969,-1027882.065
6970,-1362127.870
6971,-1516415.201
6972,-1537853.223
6973,-1425635.655
6974,-1453418.268
6975,-1335446.940
6976,-1489192.408
6977,-1496117.882
6978,-1181281.735
6979,-520868.747
6980,-448570.213
6981,-0.000
6982,-0.000
6983,-0.000
6984,-0.000
6985,-0.000
6986,-0.000
6987,-0.000
6988,-0.000
6989,-0.000
6990,-0.000
6991,-43168.078
6992,-217082.289
6993,-797809.637
6994,-1050907.529
6995,-1367118.952
6996,-1611963.665
6997,-1764613.630
6998,-1948564.292
6999,-1917832.927
7000,-1755020.635
7001,-1670338.659
7002,-1388807.351
7003,-525950.416
7004,-429203.441
7005,-0.000
7006,-0.000
7007,-0.000
7008,-0.000
7009,-0.000
7010,-0.000
7011,-0.000
7012,-0.000
7013,-0.000
7014,-0.000
7015,-0.000
7016,-0.000
7017,-540082.025
7018,-854230.010
7019,-1308361.060
7020,-1534947.017
7021,-1649244.053
7022,-1964564.518
7023,-2173144.724
7024,-2198347.103
7025,-2178007.334
7026,-1650636.738
7027,-0.000
7028,-69886.613
7029,-67594.304
7030,-43943.936
7031,-9496.908
7032,-0.000
7033,-0.000
7034,-0.000
7035,-0.000
7036,-0.000
7037,-0.000
7038,-0.000
7039,-0.000
7040,-0.000
7041,-0.000
7042,-640941.272
7043,-1230507.857
7044,-1465565.011
7045,-1386877.761
7046,-1523248.966
7047,-1652977.321
7048,-1669377.965
7049,-1597405.946
7050,-1037240.338
7051,-250813.769
7052,-113323.543
7053,-70537.406
7054,-46464.823
7055,-7066.575
7056,-0.000
7057,-0.000
7058,-0.000
7059,-0.000
7060,-0.000
7061,-0.000
7062,-0.000
7063,-353116.104
7064,-515783.136
7065,-1851251.772
7066,-2178040.058
7067,-2979628.602
7068,-2947665.309
7069,-2705779.413
7070,-3112827.630
7071,-3244878.477
7072,-3220323.119
7073,-3143953.016
7074,-2769710.114
7075,-1058647.155
7076,-877581.384
7077,-0.000
7078,-91449.363
7079,-118688.631
7080,-66386.046
7081,-0.000
7082,-0.000
7083,-0.000
7084,-0.000
7085,-0.000
7086,-0.000
7087,-570419.790
7088,-608668.891
7089,-1957588.831
7090,-2555329.020
7091,-2806437.024
7092,-2916955.047
7093,-2810303.029
7094,-3262253.134
7095,-3435158.899
7096,-3477065.070
7097,-3444070.002
7098,-2974679.381
7099,-1062868.329
7100,-849789.433
7101,-0.000
7102,-20299.883
7103,-110673.489
7104,-81707.693
7105,-1832.492
7106,-0.000
7107,-0.000
7108,-0.000
7109,-0.000
7110,-0.000
7111,-617722.491
7112,-642091.735
7113,-1901655.564
7114,-2362931.013
7115,-2828927.475
7116,-2861563.336
7117,-2785876.533
7118,-3345713.980
7119,-3557853.823
7120,-3541326.288
7121,-3450765.987
7122,-3002429.935
7123,-1104320.780
7124,-941884.598
7125,-0.000
7126,-7169.100
7127,-110190.351
7128,-70212.200
7129,-0.000
7130,-0.000
7131,-0.000
7132,-0.000
7133,-0.000
7134,-0.000
7135,-559759.376
7136,-579353.071
7137,-1921705.841
7138,-2232364.889
7139,-2844510.282
7140,-3245878.413
7141,-2945733.367
7142,-3384887.679
7143,-3469859.708
7144,-3422051.765
7145,-3422345.503
7146,-2764713.459
7147,-964319.223
7148,-796018.116
7149,-0.000
7150,-0.000
7151,-0.000
7152,-0.000
7153,-0.000
7154,-0.000
7155,-0.000
7156,-0.000
7157,-0.000
7158,-0.000
7159,-327369.577
7160,-453317.186
7161,-1608840.535
7162,-2013740.631
7163,-2717007.674
7164,-2863803.909
7165,-2725440.816
7166,-3256337.445
7167,-3467765.297
7168,-3509387.310
7169,-3431637.379
7170,-2783853.588
7171,-950847.377
7172,-772495.418
7173,-0.000
7174,-0.000
7175,-0.000
7176,-0.000
7177,-0.000
7178,-0.000
7179,-0.000
7180,-0.000
7181,-0.000
7182,-0.000
7183,-0.000
7184,-0.000
7185,-1197067.837
7186,-1566478.240
7187,-2080174.992
7188,-2268526.642
7189,-2245830.791
7190,-2485195.648
7191,-2638749.499
7192,-2510879.221
7193,-2301026.092
7194,-1839600.823
7195,-24057.190
7196,-179785.418
7197,-197723.834
7198,-206785.847
7199,-187123.080
7200,-135976.193
7201,-45195.699
7202,-2479.100
7203,-0.000
7204,-0.000
7205,-0.000
7206,-0.000
7207,-0.000
7208,-0.000
7209,-333400.979
7210,-903941.798
7211,-1274611.511
7212,-1320828.876
7213,-1372478.295
7214,-1572872.266
7215,-1727602.608
7216,-1754131.101
7217,-1641214.450
7218,-769830.248
7219,-219738.239
7220,-137278.283
7221,-130419.810
7222,-132445.541
7223,-118298.230
7224,-84943.804
7225,-58782.787
7226,-15269.703
7227,-0.000
7228,-0.000
7229,-0.000
7230,-0.000
7231,-770210.347
7232,-511684.725
7233,-1623536.914
7234,-2180462.219
7235,-2628492.870
7236,-2913531.400
7237,-2834013.316
7238,-3341551.568
7239,-3496813.649
7240,-3197636.261
7241,-3066199.508
7242,-2419448.626
7243,-915450.672
7244,-762881.162
7245,-0.000
7246,-0.000
7247,-79533.740
7248,-66839.212
7249,-3632.962
7250,-0.000
7251,-0.000
7252,-0.000
7253,-0.000
7254,-0.000
7255,-503122.256
7256,-482022.820
7257,-1632512.117
7258,-2123649.836
7259,-2551476.039
7260,-2812454.316
7261,-2738159.945
7262,-3196272.592
7263,-3410102.452
7264,-3422455.992
7265,-3097369.848
7266,-2291593.339
7267,-893601.531
7268,-755206.725
7269,-0.000
7270,-0.000
7271,-55874.813
7272,-62181.684
7273,-4712.407
7274,-0.000
7275,-0.000
7276,-0.000
7277,-0.000
7278,-0.000
7279,-654261.786
7280,-435455.315
7281,-1417199.725
7282,-1824322.214
7283,-2241255.448
7284,-2534112.044
7285,-2525325.059
7286,-2876125.472
7287,-2969718.903
7288,-2909293.639
7289,-2521348.400
7290,-1826536.324
7291,-843018.991
7292,-740932.868
7293,-0.000
7294,-37508.834
7295,-89034.526
7296,-80329.728
7297,-31923.798
7298,-4057.564
7299,-0.000
7300,-0.000
7301,-0.000
7302,-0.000
7303,-534971.557
7304,-343541.622
7305,-1153199.722
7306,-1603191.373
7307,-2057291.782
7308,-2282724.023
7309,-2341398.384
7310,-2553206.818
7311,-2488105.337
7312,-1880229.532
7313,-1653765.894
7314,-1501820.831
7315,-741029.944
7316,-656011.647
7317,-0.000
7318,-0.000
7319,-56846.814
7320,-68325.195
7321,-19886.831
7322,-1864.995
7323,-0.000
7324,-0.000
7325,-0.000
7326,-0.000
7327,-453054.343
7328,-104646.739
7329,-561600.798
7330,-602736.345
7331,-651561.945
7332,-647588.688
7333,-706136.867
7334,-768092.845
7335,-931287.473
7336,-898024.985
7337,-818897.330
7338,-751912.715
7339,-336693.987
7340,-314578.032
7341,-0.000
7342,-0.000
7343,-0.000
7344,-0.000
7345,-0.000
7346,-0.000
7347,-0.000
7348,-0.000
7349,-0.000
7350,-0.000
7351,-0.000
7352,-0.000
7353,-0.000
7354,-314792.165
7355,-491750.968
7356,-629226.621
7357,-673263.413
7358,-656803.219
7359,-649260.323
7360,-670145.400
7361,-635108.515
7362,-601691.712
7363,-0.000
7364,-0.000
7365,-0.000
7366,-0.000
7367,-0.000
7368,-0.000
7369,-0.000
7370,-0.000
7371,-0.000
7372,-0.000
7373,-0.000
7374,-0.000
7375,-0.000
7376,-0.000
7377,-0.000
7378,-0.000
7379,-0.000
7380,-0.000
7381,-0.000
7382,-0.000
7383,-135428.998
7384,-43294.164
7385,-0.000
7386,-0.000
7387,-0.000
7388,-0.000
7389,-0.000
7390,-0.000
7391,-0.000
7392,-0.000
7393,-0.000
7394,-0.000
7395,-0.000
7396,-0.000
7397,-0.000
7398,-0.000
7399,-0.000
7400,-0.000
7401,-465256.460
7402,-774906.997
7403,-958144.926
7404,-1188526.161
7405,-1385031.841
7406,-1480713.320
7407,-1551822.448
7408,-1726996.397
7409,-1476077.374
7410,-1021149.706
7411,-410377.629
7412,-322442.846
7413,-0.000
7414,-0.000
7415,-0.000
7416,-0.000
7417,-0.000
7418,-0.000
7419,-0.000
7420,-0.000
7421,-0.000
7422,-0.000
7423,-0.000
7424,-0.000
7425,-479879.960
7426,-863471.991
7427,-1101286.658
7428,-1317064.305
7429,-1390755.457
7430,-1734793.324
7431,-1742043.660
7432,-1582823.274
7433,-1582270.803
7434,-1223223.003
7435,-501756.027
7436,-389447.904
7437,-0.000
7438,-0.000
7439,-0.000
7440,-0.000
7441,-0.000
7442,-0.000
7443,-0.000
7444,-0.000
7445,-0.000
7446,-0.000
7447,-0.000
7448,-0.000
7449,-757313.866
7450,-956875.895
7451,-1187437.633
7452,-1428526.692
7453,-1450808.863
7454,-1930390.373
7455,-1932910.561
7456,-2014451.798
7457,-1884420.404
7458,-1586368.435
7459,-576080.168
7460,-477853.778
7461,-0.000
7462,-0.000
7463,-0.000
7464,-0.000
7465,-0.000
7466,-0.000
7467,-0.000
7468,-0.000
7469,-0.000
7470,-0.000
7471,-73285.052
7472,-310978.908
7473,-1239511.948
7474,-1476456.132
7475,-1777533.623
7476,-1936907.170
7477,-2011150.518
7478,-2089646.946
7479,-2101314.670
7480,-1892849.152
7481,-1933952.142
7482,-1681821.651
7483,-709220.411
7484,-628595.047
7485,-0.000
7486,-0.000
7487,-0.000
7488,-0.000
7489,-0.000
7490,-0.000
7491,-0.000
7492,-0.000
7493,-0.000
7494,-0.000
7495,-498155.274
7496,-528064.944
7497,-1702374.565
7498,-1919323.694
7499,-2434964.064
7500,-2771425.449
7501,-2808532.169
7502,-3233129.026
7503,-3503710.733
7504,-3091486.142
7505,-2692173.435
7506,-2313273.317
7507,-973989.699
7508,-845520.257
7509,-0.000
7510,-0.000
7511,-0.000
7512,-0.000
7513,-0.000
7514,-0.000
7515,-0.000
7516,-0.000
7517,-0.000
7518,-0.000
7519,-0.000
7520,-0.000
7521,-1375935.746
7522,-1753484.237
7523,-2069922.126
7524,-2438959.365
7525,-2608413.627
7526,-2635136.897
7527,-2523983.728
7528,-2061775.734
7529,-1907425.832
7530,-1658128.924
7531,-0.000
7532,-55484.392
7533,-131014.176
7534,-161374.682
7535,-116901.513
7536,-23815.728
7537,-0.000
7538,-0.000
7539,-0.000
7540,-0.000
7541,-0.000
7542,-0.000
7543,-0.000
7544,-0.000
7545,-0.000
7546,-520045.750
7547,-1141276.620
7548,-1347872.466
7549,-1398653.892
7550,-1394696.646
7551,-1430181.929
7552,-1482484.541
7553,-1438188.363
7554,-741818.452
7555,-228714.576
7556,-127457.011
7557,-111212.252
7558,-90511.494
7559,-22901.677
7560,-0.000
7561,-0.000
7562,-0.000
7563,-0.000
7564,-0.000
7565,-0.000
7566,-0.000
7567,-431684.130
7568,-521405.746
7569,-1716280.568
7570,-1898541.814
7571,-2403655.706
7572,-3002849.692
7573,-3099519.795
7574,-3552759.903
7575,-3824362.041
7576,-3745294.457
7577,-3608439.009
7578,-2705645.665
7579,-1007382.001
7580,-769748.250
7581,-0.000
7582,-0.000
7583,-0.000
7584,-0.000
7585,-0.000
7586,-0.000
7587,-0.000
7588,-0.000
7589,-0.000
7590,-0.000
7591,-347573.928
7592,-470293.657
7593,-1757424.850
7594,-2224301.013
7595,-2906163.798
7596,-3386763.605
7597,-3476324.438
7598,-4055860.609
7599,-4063575.911
7600,-3802568.416
7601,-3429125.313
7602,-2717481.126
7603,-1173779.493
7604,-986480.002
7605,-0.000
7606,-109629.099
7607,-192220.938
7608,-162696.865
7609,-78662.332
7610,-40431.776
7611,-10415.370
7612,-12149.662
7613,-3451.330
7614,-0.000
7615,-1495805.294
7616,-766233.232
7617,-1995038.394
7618,-2034469.632
7619,-2129871.490
7620,-2185163.244
7621,-2373541.377
7622,-3027253.268
7623,-3144237.189
7624,-3064705.706
7625,-2897662.088
7626,-2233910.689
7627,-888905.843
7628,-748493.715
7629,-0.000
7630,-0.000
7631,-0.000
7632,-58263.173
7633,-4264.241
7634,-0.000
7635,-0.000
7636,-0.000
7637,-0.000
7638,-0.000
7639,-963968.755
7640,-526278.830
7641,-1472961.194
7642,-1699177.958
7643,-2095869.333
7644,-2217629.537
7645,-2188349.866
7646,-2551898.841
7647,-2942743.894
7648,-2832142.387
7649,-2555771.994
7650,-1988553.876
7651,-892269.691
7652,-804961.500
7653,-0.000
7654,-0.000
7655,-0.000
7656,-0.000
7657,-0.000
7658,-0.000
7659,-0.000
7660,-0.000
7661,-0.000
7662,-0.000
7663,-524286.632
7664,-468917.653
7665,-1374317.605
7666,-1601249.311
7667,-1803800.557
7668,-2017430.093
7669,-2054232.039
7670,-2393882.193
7671,-2585779.116
7672,-2948382.409
7673,-2732145.623
7674,-2124350.487
7675,-948093.291
7676,-855471.248
7677,-0.000
7678,-0.000
7679,-0.000
7680,-0.000
7681,-0.000
7682,-0.000
7683,-0.000
7684,-0.000
7685,-0.000
7686,-0.000
7687,-0.000
7688,-0.000
7689,-1303283.987
7690,-1717334.405
7691,-1788783.609
7692,-1886804.327
7693,-1760982.012
7694,-1847253.360
7695,-1894300.402
7696,-2112951.726
7697,-2081851.230
7698,-1344040.150
7699,-0.000
7700,-0.000
7701,-69887.107
7702,-81578.338
7703,-35314.599
7704,-0.000
7705,-0.000
7706,-0.000
7707,-0.000
7708,-0.000
7709,-0.000
7710,-0.000
7711,-0.000
7712,-0.000
7713,-0.000
7714,-643050.183
7715,-1338288.953
7716,-1454995.624
7717,-1257807.581
7718,-1273784.716
7719,-1306315.478
7720,-1351112.668
7721,-1178298.057
7722,-529942.345
7723,-216843.342
7724,-152549.075
7725,-135344.419
7726,-123499.770
7727,-82273.424
7728,-9000.182
7729,-0.000
7730,-0.000
7731,-0.000
7732,-0.000
7733,-0.000
7734,-0.000
7735,-900816.546
7736,-711297.439
7737,-2056232.260
7738,-2420147.248
7739,-2844511.046
7740,-3085193.963
7741,-3066124.946
7742,-3525062.224
7743,-3678982.600
7744,-3534190.642
7745,-3336173.439
7746,-2281416.627
7747,-986150.185
7748,-847424.964
7749,-0.000
7750,-0.000
7751,-19666.153
7752,-37078.015
7753,-0.000
7754,-0.000
7755,-0.000
7756,-0.000
7757,-0.000
7758,-0.000
7759,-442879.672
7760,-418064.406
7761,-1467491.899
7762,-2024557.782
7763,-2746768.843
7764,-3141962.389
7765,-2970149.836
7766,-3518115.406
7767,-3780651.525
7768,-3841687.688
7769,-3498955.235
7770,-2298370.988
7771,-921480.267
7772,-748346.672
7773,-0.000
7774,-0.000
7775,-13770.344
7776,-30311.867
7777,-0.000
7778,-0.000
7779,-0.000
7780,-0.000
7781,-0.000
7782,-0.000
7783,-516702.057
7784,-476804.945
7785,-1637406.878
7786,-2070566.774
7787,-2823757.311
7788,-3283109.065
7789,-3198997.895
7790,-3605003.179
7791,-3584391.472
7792,-3242185.067
7793,-2671687.722
7794,-2207895.735
7795,-1039428.214
7796,-937665.828
7797,-0.000
7798,-0.000
7799,-0.000
7800,-13706.033
7801,-0.000
7802,-10355.071
7803,-5464.546
7804,-262.371
7805,-0.000
7806,-0.000
7807,-1342461.399
7808,-664795.902
7809,-1868411.487
7810,-1966611.932
7811,-2061590.936
7812,-2268124.052
7813,-2029324.714
7814,-2226715.654
7815,-2245279.657
7816,-2184810.506
7817,-2116234.182
7818,-2023228.100
7819,-854321.383
7820,-775963.546
7821,-0.000
7822,-0.000
7823,-0.000
7824,-0.000
7825,-0.000
7826,-0.000
7827,-0.000
7828,-0.000
7829,-0.000
7830,-0.000
7831,-685544.932
7832,-578621.775
7833,-1654297.281
7834,-1668595.842
7835,-1702149.046
7836,-1737828.967
7837,-1630473.624
7838,-1824710.075
7839,-1787332.988
7840,-1769156.406
7841,-1658666.917
7842,-1531229.323
7843,-683763.360
7844,-623511.474
7845,-0.000
7846,-0.000
7847,-0.000
7848,-0.000
7849,-0.000
7850,-0.000
7851,-0.000
7852,-0.000
7853,-0.000
7854,-0.000
7855,-0.000
7856,-0.000
7857,-229273.723
7858,-593249.560
7859,-580300.590
7860,-591996.772
7861,-577833.901
7862,-574553.268
7863,-546298.280
7864,-505825.852
7865,-468928.010
7866,-437475.323
7867,-0.000
7868,-0.000
7869,-0.000
7870,-0.000
7871,-0.000
7872,-0.000
7873,-0.000
7874,-0.000
7875,-0.000
7876,-0.000
7877,-0.000
7878,-0.000
7879,-0.000
7880,-0.000
7881,-0.000
7882,-0.000
7883,-0.000
7884,-0.000
7885,-0.000
7886,-0.000
7887,-0.000
7888,-0.000
7889,-0.000
7890,-0.000
7891,-0.000
7892,-0.000
7893,-0.000
7894,-0.000
7895,-0.000
7896,-0.000
7897,-0.000
7898,-0.000
7899,-0.000
7900,-0.000
7901,-0.000
7902,-0.000
7903,-0.000
7904,-83923.898
7905,-1121343.418
7906,-1344996.066
7907,-1491838.121
7908,-1636043.151
7909,-1464314.700
7910,-1556384.023
7911,-1639112.280
7912,-1665703.121
7913,-1612524.805
7914,-1497848.619
7915,-661565.415
7916,-616431.838
7917,-0.000
7918,-0.000
7919,-0.000
7920,-0.000
7921,-0.000
7922,-0.000
7923,-0.000
7924,-0.000
7925,-0.000
7926,-0.000
7927,-494393.376
7928,-522975.693
7929,-1635078.155
7930,-1749742.444
7931,-1898866.694
7932,-2059396.256
7933,-1946287.673
7934,-2340707.413
7935,-2370352.855
7936,-2567352.043
7937,-2632316.552
7938,-2209768.605
7939,-930879.499
7940,-872621.815
7941,-0.000
7942,-0.000
7943,-0.000
7944,-0.000
7945,-0.000
7946,-0.000
7947,-0.000
7948,-0.000
7949,-0.000
7950,-0.000
7951,-1513210.831
7952,-814838.350
7953,-2346498.710
7954,-2619833.386
7955,-3349634.973
7956,-3660216.593
7957,-3324562.917
7958,-4030436.382
7959,-4290576.928
7960,-4091075.921
7961,-3815465.637
7962,-2951159.947
7963,-1223035.529
7964,-1106242.119
7965,-0.000
7966,-0.000
7967,-154235.268
7968,-171557.766
7969,-103470.289
7970,-86427.663
7971,-110293.983
7972,-137136.462
7973,-131945.959
7974,-120371.865
7975,-1724946.925
7976,-907498.521
7977,-2527485.792
7978,-2867513.199
7979,-3223611.429
7980,-3390661.916
7981,-3131448.188
7982,-3666115.505
7983,-3808014.140
7984,-3691549.344
7985,-3583162.635
7986,-2846542.772
7987,-1179894.399
7988,-1060757.384
7989,-0.000
7990,-57392.021
7991,-216259.161
7992,-206692.542
7993,-116949.675
7994,-16528.930
7995,-0.000
7996,-0.000
7997,-0.000
7998,-0.000
7999,-257092.007
8000,-181922.343
8001,-728117.566
8002,-959609.487
8003,-1166620.862
8004,-1313765.759
8005,-1400827.511
8006,-1546233.041
8007,-1437190.179
8008,-1074633.576
8009,-639616.231
8010,-353825.568
8011,-83255.392
8012,-12367.105
8013,-0.000
8014,-0.000
8015,-0.000
8016,-0.000
8017,-0.000
8018,-0.000
8019,-0.000
8020,-0.000
8021,-0.000
8022,-0.000
8023,-0.000
8024,-0.000
8025,-0.000
8026,-0.000
8027,-0.000
8028,-0.000
8029,-0.000
8030,-0.000
8031,-0.000
8032,-0.000
8033,-0.000
8034,-0.000
8035,-0.000
8036,-0.000
8037,-0.000
8038,-0.000
8039,-0.000
8040,-0.000
8041,-0.000
8042,-0.000
8043,-0.000
8044,-0.000
8045,-0.000
8046,-0.000
8047,-0.000
8048,-0.000
8049,-0.000
8050,-0.000
8051,-0.000
8052,-0.000
8053,-0.000
8054,-0.000
8055,-0.000
8056,-0.000
8057,-0.000
8058,-0.000
8059,-0.000
8060,-0.000
8061,-0.000
8062,-0.000
8063,-0.000
8064,-0.000
8065,-0.000
8066,-0.000
8067,-0.000
8068,-0.000
8069,-0.000
8070,-0.000
8071,-0.000
8072,-0.000
8073,-0.000
8074,-0.000
8075,-46106.532
8076,-344784.075
8077,-525251.588
8078,-661250.044
8079,-739298.257
8080,-655275.035
8081,-734590.072
8082,-573408.998
8083,-164012.922
8084,-81570.249
8085,-0.000
8086,-0.000
8087,-0.000
8088,-0.000
8089,-0.000
8090,-0.000
8091,-0.000
8092,-0.000
8093,-0.000
8094,-0.000
8095,-0.000
8096,-0.000
8097,-0.000
8098,-266290.562
8099,-596711.626
8100,-760857.838
8101,-900915.300
8102,-952989.602
8103,-938352.376
8104,-1013762.336
8105,-851820.322
8106,-527262.571
8107,-99846.676
8108,-3454.431
8109,-0.000
8110,-0.000
8111,-0.000
8112,-0.000
8113,-0.000
8114,-0.000
8115,-0.000
8116,-0.000
8117,-0.000
8118,-0.000
8119,-0.000
8120,-0.000
8121,-0.000
8122,-0.000
8123,-52213.940
8124,-257953.134
8125,-414751.889
8126,-508120.266
8127,-549953.975
8128,-412704.397
8129,-358401.520
8130,-176333.459
8131,-0.000
8132,-0.000
8133,-0.000
8134,-0.000
8135,-0.000
8136,-0.000
8137,-0.000
8138,-0.000
8139,-0.000
8140,-0.000
8141,-0.000
8142,-0.000
8143,-0.000
8144,-0.000
8145,-0.000
8146,-0.000
8147,-319360.154
8148,-561822.715
8149,-690461.966
8150,-791919.782
8151,-860620.473
8152,-645853.233
8153,-555437.480
8154,-299158.796
8155,-26572.226
8156,-0.000
8157,-0.000
8158,-0.000
8159,-0.000
8160,-0.000
8161,-0.000
8162,-0.000
8163,-0.000
8164,-0.000
8165,-0.000
8166,-0.000
8167,-0.000
8168,-0.000
8169,-0.000
8170,-192777.494
8171,-905108.475
8172,-1280955.427
8173,-1505117.615
8174,-1825250.616
8175,-2060840.519
8176,-2173787.890
8177,-1837663.963
8178,-922925.756
8179,-192343.064
8180,-40860.200
8181,-0.000
8182,-0.000
8183,-0.000
8184,-0.000
8185,-0.000
8186,-0.000
8187,-0.000
8188,-0.000
8189,-0.000
8190,-0.000
8191,-0.000
8192,-0.000
8193,-0.000
8194,-2372.153
8195,-719297.248
8196,-1167727.759
8197,-1344749.636
8198,-1644656.002
8199,-1786839.516
8200,-1824630.141
8201,-1567826.705
8202,-684160.649
8203,-0.000
8204,-0.000
8205,-0.000
8206,-0.000
8207,-0.000
8208,-0.000
8209,-0.000
8210,-0.000
8211,-0.000
8212,-0.000
8213,-0.000
8214,-0.000
8215,-0.000
8216,-0.000
8217,-0.000
8218,-0.000
8219,-0.000
8220,-100146.634
8221,-732593.044
8222,-963022.301
8223,-1186529.898
8224,-1304757.336
8225,-1015978.365
8226,-204040.991
8227,-0.000
8228,-0.000
8229,-0.000
8230,-0.000
8231,-0.000
8232,-0.000
8233,-0.000
8234,-0.000
8235,-0.000
8236,-0.000
8237,-0.000
8238,-0.000
8239,-0.000
8240,-0.000
8241,-0.000
8242,-508394.430
8243,-1168402.268
8244,-1490056.200
8245,-1679723.474
8246,-1940448.919
8247,-2169829.820
8248,-2226858.134
8249,-1878798.788
8250,-937816.682
8251,-205955.096
8252,-76981.631
8253,-0.000
8254,-0.000
8255,-0.000
8256,-0.000
8257,-0.000
8258,-0.000
8259,-0.000
8260,-0.000
8261,-0.000
8262,-0.000
8263,-0.000
8264,-0.000
8265,-0.000
8266,-254790.123
8267,-740177.431
8268,-914269.464
8269,-1066971.260
8270,-1074493.015
8271,-987501.409
8272,-857791.996
8273,-915902.574
8274,-436015.210
8275,-45886.383
8276,-0.000
8277,-0.000
8278,-0.000
8279,-0.000
8280,-0.000
8281,-0.000
8282,-0.000
8283,-0.000
8284,-0.000
8285,-0.000
8286,-0.000
8287,-0.000
8288,-0.000
8289,-0.000
8290,-182097.375
8291,-752782.737
8292,-982625.793
8293,-1215206.565
8294,-1351015.793
8295,-1574232.001
8296,-1814768.856
8297,-1491070.636
8298,-606118.977
8299,-40228.105
8300,-0.000
8301,-0.000
8302,-0.000
8303,-0.000
8304,-0.000
8305,-0.000
8306,-0.000
8307,-0.000
8308,-0.000
8309,-0.000
8310,-0.000
8311,-0.000
8312,-0.000
8313,-0.000
8314,-3614.695
8315,-622239.955
8316,-908975.232
8317,-884632.945
8318,-786446.459
8319,-797940.915
8320,-991114.251
8321,-853864.492
8322,-315854.112
8323,-26895.463
8324,-0.000
8325,-0.000
8326,-0.000
8327,-0.000
8328,-0.000
8329,-0.000
8330,-0.000
8331,-0.000
8332,-0.000
8333,-0.000
8334,-0.000
8335,-0.000
8336,-0.000
8337,-0.000
8338,-0.000
8339,-0.000
8340,-315983.461
8341,-423821.427
8342,-461775.464
8343,-588935.438
8344,-683057.584
8345,-576159.101
8346,-273121.995
8347,-15629.749
8348,-0.000
8349,-0.000
8350,-0.000
8351,-0.000
8352,-0.000
8353,-0.000
8354,-0.000
8355,-0.000
8356,-0.000
8357,-0.000
8358,-0.000
8359,-0.000
8360,-0.000
8361,-0.000
8362,-0.000
8363,-0.000
8364,-0.000
8365,-0.000
8366,-0.000
8367,-0.000
8368,-0.000
8369,-0.000
8370,-0.000
8371,-0.000
8372,-0.000
8373,-0.000
8374,-0.000
8375,-0.000
8376,-0.000
8377,-0.000
8378,-0.000
8379,-0.000
8380,-0.000
8381,-0.000
8382,-0.000
8383,-0.000
8384,-0.000
8385,-0.000
8386,-0.000
8387,-0.000
8388,-0.000
8389,-0.000
8390,-0.000
8391,-0.000
8392,-0.000
8393,-0.000
8394,-0.000
8395,-0.000
8396,-0.000
8397,-0.000
8398,-0.000
8399,-0.000
8400,-0.000
8401,-0.000
8402,-0.000
8403,-0.000
8404,-0.000
8405,-0.000
8406,-0.000
8407,-0.000
8408,-0.000
8409,-0.000
8410,-0.000
8411,-0.000
8412,-189352.778
8413,-470590.736
8414,-594070.382
8415,-628375.976
8416,-510682.883
8417,-529250.609
8418,-283621.220
8419,-9153.902
8420,-0.000
8421,-0.000
8422,-0.000
8423,-0.000
8424,-0.000
8425,-0.000
8426,-0.000
8427,-0.000
8428,-0.000
8429,-0.000
8430,-0.000
8431,-0.000
8432,-0.000
8433,-0.000
8434,-0.000
8435,-243504.725
8436,-783708.697
8437,-1081028.541
8438,-1292320.479
8439,-1540719.091
8440,-1611412.602
8441,-1298601.502
8442,-393324.089
8443,-0.000
8444,-0.000
8445,-0.000
8446,-0.000
8447,-0.000
8448,-0.000
8449,-0.000
8450,-0.000
8451,-0.000
8452,-0.000
8453,-0.000
8454,-0.000
8455,-0.000
8456,-0.000
8457,-0.000
8458,-0.000
8459,-327558.133
8460,-983140.549
8461,-1290775.242
8462,-1557877.859
8463,-1805539.843
8464,-1866081.726
8465,-1593498.351
8466,-667159.771
8467,-25875.013
8468,-0.000
8469,-0.000
8470,-0.000
8471,-0.000
8472,-0.000
8473,-0.000
8474,-0.000
8475,-0.000
8476,-0.000
8477,-0.000
8478,-0.000
8479,-0.000
8480,-0.000
8481,-0.000
8482,-0.000
8483,-590159.103
8484,-1177504.761
8485,-1391750.387
8486,-1678980.136
8487,-1850595.282
8488,-1729165.771
8489,-1349638.453
8490,-746822.850
8491,-172732.431
8492,-63613.237
8493,-0.000
8494,-0.000
8495,-0.000
8496,-0.000
8497,-0.000
8498,-0.000
8499,-0.000
8500,-0.000
8501,-0.000
8502,-0.000
8503,-0.000
8504,-0.000
8505,-0.000
8506,-355296.347
8507,-1043425.580
8508,-1325629.781
8509,-1576673.464
8510,-1846628.848
8511,-2082163.657
8512,-2154048.482
8513,-1847258.259
8514,-911049.589
8515,-131640.863
8516,-0.000
8517,-0.000
8518,-0.000
8519,-0.000
8520,-0.000
8521,-0.000
8522,-0.000
8523,-0.000
8524,-0.000
8525,-0.000
8526,-0.000
8527,-0.000
8528,-0.000
8529,-0.000
8530,-0.000
8531,-394490.783
8532,-1052568.513
8533,-1246040.139
8534,-1564957.962
8535,-1791027.790
8536,-1856527.000
8537,-1536446.819
8538,-603526.469
8539,-0.000
8540,-0.000
8541,-0.000
8542,-0.000
8543,-0.000
8544,-0.000
8545,-0.000
8546,-0.000
8547,-0.000
8548,-0.000
8549,-0.000
8550,-0.000
8551,-0.000
8552,-0.000
8553,-0.000
8554,-0.000
8555,-0.000
8556,-377490.161
8557,-811203.208
8558,-1091831.135
8559,-1284456.077
8560,-1360312.190
8561,-1066729.749
8562,-212574.032
8563,-0.000
8564,-0.000
8565,-0.000
8566,-0.000
8567,-0.000
8568,-0.000
8569,-0.000
8570,-0.000
8571,-0.000
8572,-0.000
8573,-0.000
8574,-0.000
8575,-0.000
8576,-0.000
8577,-0.000
8578,-92648.443
8579,-1010364.289
8580,-1448011.486
8581,-1653944.467
8582,-1935853.702
8583,-2179497.965
8584,-2265588.462
8585,-1945007.794
8586,-972050.180
8587,-136689.566
8588,-0.000
8589,-0.000
8590,-0.000
8591,-0.000
8592,-0.000
8593,-0.000
8594,-0.000
8595,-0.000
8596,-0.000
8597,-0.000
8598,-0.000
8599,-0.000
8600,-0.000
8601,-0.000
8602,-0.000
8603,-804487.290
8604,-1340961.155
8605,-1573229.040
8606,-1874297.953
8607,-2141501.491
8608,-2221689.331
8609,-1903568.749
8610,-942604.424
8611,-124733.902
8612,-0.000
8613,-0.000
8614,-0.000
8615,-0.000
8616,-0.000
8617,-0.000
8618,-0.000
8619,-0.000
8620,-0.000
8621,-0.000
8622,-0.000
8623,-0.000
8624,-0.000
8625,-0.000
8626,-0.000
8627,-618389.317
8628,-1246662.003
8629,-1512956.075
8630,-1811856.941
8631,-2020775.397
8632,-2124528.034
8633,-1852772.687
8634,-914854.264
8635,-126896.633
8636,-0.000
8637,-0.000
8638,-0.000
8639,-0.000
8640,-0.000
8641,-0.000
8642,-0.000
8643,-0.000
8644,-0.000
8645,-0.000
8646,-0.000
8647,-0.000
8648,-0.000
8649,-0.000
8650,-78844.376
8651,-886867.893
8652,-1267173.823
8653,-1497078.194
8654,-1784427.438
8655,-2101851.912
8656,-2196878.489
8657,-1917198.844
8658,-1077230.273
8659,-158701.147
8660,-4294.959
8661,-0.000
8662,-0.000
8663,-0.000
8664,-0.000
8665,-0.000
8666,-0.000
8667,-0.000
8668,-0.000
8669,-0.000
8670,-0.000
8671,-0.000
8672,-0.000
8673,-0.000
8674,-244012.458
8675,-978367.337
8676,-1333597.295
8677,-1575542.637
8678,-1811332.464
8679,-2001675.235
8680,-2083973.725
8681,-1787546.367
8682,-958604.165
8683,-138631.937
8684,-5071.822
8685,-0.000
8686,-0.000
8687,-0.000
8688,-0.000
8689,-0.000
8690,-0.000
8691,-0.000
8692,-0.000
8693,-0.000
8694,-0.000
8695,-0.000
8696,-0.000
8697,-0.000
8698,-0.000
8699,-0.000
8700,-0.000
8701,-306888.814
8702,-961306.861
8703,-1246794.266
8704,-1571822.416
8705,-1370673.229
8706,-585511.358
8707,-0.000
8708,-0.000
8709,-0.000
8710,-0.000
8711,-0.000
8712,-0.000
8713,-0.000
8714,-0.000
8715,-0.000
8716,-0.000
8717,-0.000
8718,-0.000
8719,-0.000
8720,-0.000
8721,-0.000
8722,-0.000
8723,-0.000
8724,-69140.682
8725,-580262.401
8726,-847778.654
8727,-1042233.709
8728,-1122019.969
8729,-887913.717
8730,-214312.030
8731,-0.000
8732,-0.000
8733,-0.000
8734,-0.000
8735,-0.000
8736,-0.000
8737,-0.000
8738,-0.000
8739,-0.000
8740,-0.000
8741,-0.000
8742,-0.000
8743,-0.000
8744,-0.000
8745,-0.000
8746,-0.000
8747,-508107.299
8748,-1029317.635
8749,-1301562.010
8750,-1534004.487
8751,-1784241.736
8752,-1867025.477
8753,-1607496.173
8754,-789929.268
8755,-54813.751
8756,-0.000
8757,-0.000
8758,-0.000
8759,-0.000
8760,-0.000
