Hour,CoolingLoad_W
1,-0.000
2,-0.000
3,-0.000
4,-0.000
5,-0.000
6,-0.000
7,-0.000
8,-0.000
9,-0.000
10,-296413.777
11,-835232.438
12,-1086632.632
13,-1179121.989
14,-1437267.024
15,-1578336.744
16,-1533256.641
17,-1476197.389
18,-996204.891
19,-232845.104
20,-136220.794
21,-0.000
22,-0.000
23,-0.000
24,-0.000
25,-0.000
26,-0.000
27,-0.000
28,-0.000
29,-0.000
30,-0.000
31,-0.000
32,-0.000
33,-0.000
34,-422253.257
35,-965119.288
36,-1284129.264
37,-1415492.484
38,-1655609.155
39,-1894651.847
40,-1961297.691
41,-1931469.763
42,-1237095.089
43,-284750.969
44,-152002.073
45,-0.000
46,-0.000
47,-0.000
48,-0.000
49,-0.000
50,-0.000
51,-0.000
52,-0.000
53,-0.000
54,-0.000
55,-0.000
56,-0.000
57,-0.000
58,-313470.130
59,-1138676.099
60,-1418645.617
61,-1538261.886
62,-1848147.511
63,-2075740.882
64,-2139924.055
65,-2088870.020
66,-1407955.541
67,-354549.096
68,-203058.219
69,-0.000
70,-0.000
71,-0.000
72,-0.000
73,-0.000
74,-0.000
75,-0.000
76,-0.000
77,-0.000
78,-0.000
79,-0.000
80,-0.000
81,-0.000
82,-307112.536
83,-1188540.215
84,-1709509.837
85,-1774853.485
86,-2121667.893
87,-2315621.890
88,-2317449.036
89,-2256328.857
90,-1558351.520
91,-426263.016
92,-267306.335
93,-0.000
94,-0.000
95,-0.000
96,-0.000
97,-0.000
98,-0.000
99,-0.000
100,-0.000
101,-0.000
102,-0.000
103,-0.000
104,-0.000
105,-59862.251
106,-857429.432
107,-1534506.137
108,-1869791.925
109,-1801245.383
110,-2039562.751
111,-1957206.778
112,-1783510.138
113,-1825648.697
114,-1610512.087
115,-488922.264
116,-328366.431
117,-0.000
118,-0.000
119,-0.000
120,-0.000
121,-0.000
122,-0.000
123,-0.000
124,-0.000
125,-0.000
126,-0.000
127,-0.000
128,-0.000
129,-0.000
130,-250946.227
131,-866513.179
132,-1022796.726
133,-1093681.100
134,-1303683.946
135,-1479249.875
136,-1463069.162
137,-1565852.263
138,-957641.619
139,-0.000
140,-0.000
141,-0.000
142,-0.000
143,-0.000
144,-0.000
145,-0.000
146,-0.000
147,-0.000
148,-0.000
149,-0.000
150,-0.000
151,-0.000
152,-0.000
153,-0.000
154,-0.000
155,-0.000
156,-190928.396
157,-524489.965
158,-669590.711
159,-846416.781
160,-893566.674
161,-866566.789
162,-349535.805
163,-0.000
164,-0.000
165,-0.000
166,-0.000
167,-0.000
168,-0.000
169,-0.000
170,-0.000
171,-0.000
172,-0.000
173,-0.000
174,-0.000
175,-0.000
176,-0.000
177,-0.000
178,-182529.269
179,-776605.810
180,-1069354.928
181,-1293675.591
182,-1580385.227
183,-1729115.348
184,-1618742.975
185,-1343867.898
186,-945372.145
187,-254168.494
188,-135189.244
189,-0.000
190,-0.000
191,-0.000
192,-0.000
193,-0.000
194,-0.000
195,-0.000
196,-0.000
197,-0.000
198,-0.000
199,-0.000
200,-0.000
201,-0.000
202,-115488.205
203,-383626.679
204,-445675.257
205,-506145.690
206,-526754.555
207,-599469.572
208,-819751.658
209,-874726.753
210,-662239.921
211,-80035.188
212,-0.000
213,-0.000
214,-0.000
215,-0.000
216,-0.000
217,-0.000
218,-0.000
219,-0.000
220,-0.000
221,-0.000
222,-0.000
223,-0.000
224,-0.000
225,-0.000
226,-0.000
227,-199992.060
228,-443300.717
229,-740617.928
230,-772923.814
231,-804080.406
232,-712861.505
233,-702105.723
234,-552836.534
235,-101068.468
236,-9481.782
237,-0.000
238,-0.000
239,-0.000
240,-0.000
241,-0.000
242,-0.000
243,-0.000
244,-0.000
245,-0.000
246,-0.000
247,-0.000
248,-0.000
249,-0.000
250,-0.000
251,-503073.814
252,-809772.098
253,-1030282.736
254,-1194378.621
255,-1328754.468
256,-1396438.438
257,-1359177.976
258,-716817.887
259,-29798.383
260,-0.000
261,-0.000
262,-0.000
263,-0.000
264,-0.000
265,-0.000
266,-0.000
267,-0.000
268,-0.000
269,-0.000
270,-0.000
271,-0.000
272,-0.000
273,-0.000
274,-0.000
275,-270108.765
276,-598472.262
277,-729724.534
278,-760252.669
279,-839858.970
280,-881403.925
281,-940806.743
282,-517727.768
283,-34789.673
284,-0.000
285,-0.000
286,-0.000
287,-0.000
288,-0.000
289,-0.000
290,-0.000
291,-0.000
292,-0.000
293,-0.000
294,-0.000
295,-0.000
296,-0.000
297,-0.000
298,-0.000
299,-0.000
300,-215853.998
301,-526464.242
302,-800155.278
303,-1017878.913
304,-1086966.079
305,-1086075.116
306,-583379.752
307,-0.000
308,-0.000
309,-0.000
310,-0.000
311,-0.000
312,-0.000
313,-0.000
314,-0.000
315,-0.000
316,-0.000
317,-0.000
318,-0.000
319,-0.000
320,-0.000
321,-0.000
322,-0.000
323,-0.000
324,-0.000
325,-0.000
326,-0.000
327,-0.000
328,-0.000
329,-0.000
330,-0.000
331,-0.000
332,-0.000
333,-0.000
334,-0.000
335,-0.000
336,-0.000
337,-0.000
338,-0.000
339,-0.000
340,-0.000
341,-0.000
342,-0.000
343,-0.000
344,-0.000
345,-0.000
346,-4251.646
347,-322377.631
348,-480141.043
349,-669645.660
350,-898660.071
351,-1223914.242
352,-1412409.592
353,-1228149.474
354,-955052.513
355,-313977.987
356,-204276.266
357,-0.000
358,-0.000
359,-0.000
360,-0.000
361,-0.000
362,-0.000
363,-0.000
364,-0.000
365,-0.000
366,-0.000
367,-0.000
368,-0.000
369,-46689.331
370,-650580.255
371,-1111902.179
372,-1524533.331
373,-1579428.795
374,-1784748.314
375,-1606300.916
376,-1418447.993
377,-1303973.603
378,-1080416.099
379,-374058.383
380,-232982.675
381,-0.000
382,-0.000
383,-0.000
384,-0.000
385,-0.000
386,-0.000
387,-0.000
388,-0.000
389,-0.000
390,-0.000
391,-0.000
392,-0.000
393,-0.000
394,-329879.495
395,-601685.330
396,-744473.060
397,-868546.006
398,-869130.263
399,-808914.002
400,-534348.422
401,-386571.056
402,-285600.862
403,-37065.325
404,-0.000
405,-0.000
406,-0.000
407,-0.000
408,-0.000
409,-0.000
410,-0.000
411,-0.000
412,-0.000
413,-0.000
414,-0.000
415,-0.000
416,-0.000
417,-0.000
418,-0.000
419,-341772.618
420,-746408.721
421,-943831.682
422,-1032302.090
423,-1079960.567
424,-739679.020
425,-648002.824
426,-510314.816
427,-97177.169
428,-11468.151
429,-0.000
430,-0.000
431,-0.000
432,-0.000
433,-0.000
434,-0.000
435,-0.000
436,-0.000
437,-0.000
438,-0.000
439,-0.000
440,-0.000
441,-0.000
442,-69057.393
443,-744948.331
444,-1074138.892
445,-1277345.212
446,-1444618.266
447,-1565405.988
448,-1376727.938
449,-1130710.598
450,-734472.622
451,-126111.009
452,-30463.614
453,-0.000
454,-0.000
455,-0.000
456,-0.000
457,-0.000
458,-0.000
459,-0.000
460,-0.000
461,-0.000
462,-0.000
463,-0.000
464,-0.000
465,-0.000
466,-0.000
467,-207580.254
468,-699026.591
469,-865548.973
470,-1102244.675
471,-1219366.515
472,-1235331.580
473,-1335678.638
474,-821119.486
475,-0.000
476,-0.000
477,-0.000
478,-0.000
479,-0.000
480,-0.000
481,-0.000
482,-0.000
483,-0.000
484,-0.000
485,-0.000
486,-0.000
487,-0.000
488,-0.000
489,-0.000
490,-0.000
491,-0.000
492,-262493.829
493,-653322.772
494,-867719.977
495,-976394.846
496,-903131.442
497,-735619.451
498,-389814.353
499,-0.000
500,-0.000
501,-0.000
502,-0.000
503,-0.000
504,-0.000
505,-0.000
506,-0.000
507,-0.000
508,-0.000
509,-0.000
510,-0.000
511,-0.000
512,-0.000
513,-235133.738
514,-552805.889
515,-731741.446
516,-1048957.518
517,-981340.974
518,-934187.481
519,-1039777.200
520,-1157508.899
521,-1249833.397
522,-1123465.762
523,-334923.039
524,-234081.773
525,-0.000
526,-0.000
527,-0.000
528,-0.000
529,-0.000
530,-0.000
531,-0.000
532,-0.000
533,-0.000
534,-0.000
535,-0.000
536,-0.000
537,-405303.950
538,-625476.487
539,-741856.051
540,-801186.460
541,-803618.468
542,-905643.325
543,-957381.380
544,-1117840.622
545,-1006202.207
546,-971534.507
547,-393667.544
548,-326909.109
549,-0.000
550,-0.000
551,-0.000
552,-0.000
553,-0.000
554,-0.000
555,-0.000
556,-0.000
557,-0.000
558,-0.000
559,-0.000
560,-0.000
561,-161891.190
562,-406535.538
563,-570516.027
564,-707024.362
565,-1008994.204
566,-1040373.897
567,-1082478.667
568,-866331.006
569,-799123.429
570,-601791.693
571,-190717.429
572,-107634.642
573,-0.000
574,-0.000
575,-0.000
576,-0.000
577,-0.000
578,-0.000
579,-0.000
580,-0.000
581,-0.000
582,-0.000
583,-0.000
584,-0.000
585,-0.000
586,-102529.316
587,-443453.298
588,-612110.862
589,-780776.231
590,-988902.264
591,-1140428.612
592,-1134933.903
593,-1070520.256
594,-922653.233
595,-256632.721
596,-160530.615
597,-0.000
598,-0.000
599,-0.000
600,-0.000
601,-0.000
602,-0.000
603,-0.000
604,-0.000
605,-0.000
606,-0.000
607,-0.000
608,-0.000
609,-0.000
610,-492253.627
611,-1125732.074
612,-1364543.223
613,-1352622.286
614,-1340090.354
615,-1306026.857
616,-1203576.305
617,-1203737.445
618,-1027460.942
619,-387540.031
620,-261500.052
621,-0.000
622,-0.000
623,-0.000
624,-0.000
625,-0.000
626,-0.000
627,-0.000
628,-0.000
629,-0.000
630,-0.000
631,-0.000
632,-0.000
633,-0.000
634,-196521.355
635,-587566.281
636,-833232.301
637,-1030812.671
638,-1263119.564
639,-1315001.810
640,-1296828.860
641,-1461855.893
642,-1229556.156
643,-0.000
644,-0.000
645,-0.000
646,-0.000
647,-0.000
648,-0.000
649,-0.000
650,-0.000
651,-0.000
652,-0.000
653,-0.000
654,-0.000
655,-0.000
656,-0.000
657,-0.000
658,-0.000
659,-0.000
660,-423642.882
661,-680122.256
662,-783812.894
663,-711560.861
664,-254115.598
665,-117444.648
666,-5726.833
667,-0.000
668,-0.000
669,-0.000
670,-0.000
671,-0.000
672,-0.000
673,-0.000
674,-0.000
675,-0.000
676,-0.000
677,-0.000
678,-0.000
679,-0.000
680,-0.000
681,-0.000
682,-93174.629
683,-331626.477
684,-518338.280
685,-762717.233
686,-810374.483
687,-876004.439
688,-580320.875
689,-354426.723
690,-185361.552
691,-6157.570
692,-0.000
693,-0.000
694,-0.000
695,-0.000
696,-0.000
697,-0.000
698,-0.000
699,-0.000
700,-0.000
701,-0.000
702,-0.000
703,-0.000
704,-0.000
705,-0.000
706,-0.000
707,-296243.789
708,-681951.928
709,-910952.907
710,-1055329.721
711,-1228509.517
712,-1312337.264
713,-1267936.292
714,-794490.776
715,-18019.399
716,-0.000
717,-0.000
718,-0.000
719,-0.000
720,-0.000
721,-0.000
722,-0.000
723,-0.000
724,-0.000
725,-0.000
726,-0.000
727,-0.000
728,-0.000
729,-0.000
730,-0.000
731,-0.000
732,-61963.946
733,-396518.568
734,-519702.923
735,-636041.906
736,-453118.950
737,-110493.640
738,-2233.382
739,-0.000
740,-0.000
741,-0.000
742,-0.000
743,-0.000
744,-0.000
745,-0.000
746,-0.000
747,-0.000
748,-0.000
749,-0.000
750,-0.000
751,-0.000
752,-0.000
753,-0.000
754,-0.000
755,-0.000
756,-0.000
757,-0.000
758,-0.000
759,-0.000
760,-0.000
761,-9912.869
762,-6030.518
763,-0.000
764,-0.000
765,-0.000
766,-0.000
767,-0.000
768,-0.000
769,-0.000
770,-0.000
771,-0.000
772,-0.000
773,-0.000
774,-0.000
775,-0.000
776,-0.000
777,-0.000
778,-0.000
779,-0.000
780,-0.000
781,-0.000
782,-0.000
783,-0.000
784,-0.000
785,-0.000
786,-0.000
787,-0.000
788,-0.000
789,-0.000
790,-0.000
791,-0.000
792,-0.000
793,-0.000
794,-0.000
795,-0.000
796,-0.000
797,-0.000
798,-0.000
799,-0.000
800,-0.000
801,-0.000
802,-0.000
803,-0.000
804,-0.000
805,-0.000
806,-0.000
807,-0.000
808,-0.000
809,-0.000
810,-0.000
811,-0.000
812,-0.000
813,-0.000
814,-0.000
815,-0.000
816,-0.000
817,-0.000
818,-0.000
819,-0.000
820,-0.000
821,-0.000
822,-0.000
823,-0.000
824,-0.000
825,-0.000
826,-0.000
827,-0.000
828,-0.000
829,-0.000
830,-392163.181
831,-624247.973
832,-669448.546
833,-687681.579
834,-368600.525
835,-0.000
836,-0.000
837,-0.000
838,-0.000
839,-0.000
840,-0.000
841,-0.000
842,-0.000
843,-0.000
844,-0.000
845,-0.000
846,-0.000
847,-0.000
848,-0.000
849,-0.000
850,-0.000
851,-0.000
852,-202093.098
853,-517341.862
854,-562734.343
855,-656613.274
856,-581458.933
857,-498022.384
858,-417113.180
859,-17816.704
860,-0.000
861,-0.000
862,-0.000
863,-0.000
864,-0.000
865,-0.000
866,-0.000
867,-0.000
868,-0.000
869,-0.000
870,-0.000
871,-0.000
872,-0.000
873,-0.000
874,-0.000
875,-121707.317
876,-338874.787
877,-529553.832
878,-558262.452
879,-651863.299
880,-717719.091
881,-513803.448
882,-297575.165
883,-20890.654
884,-0.000
885,-0.000
886,-0.000
887,-0.000
888,-0.000
889,-0.000
890,-0.000
891,-0.000
892,-0.000
893,-0.000
894,-0.000
895,-0.000
896,-0.000
897,-0.000
898,-0.000
899,-25808.584
900,-273421.292
901,-457518.328
902,-433547.121
903,-518672.041
904,-451246.770
905,-509980.722
906,-460081.396
907,-62941.685
908,-0.000
909,-0.000
910,-0.000
911,-0.000
912,-0.000
913,-0.000
914,-0.000
915,-0.000
916,-0.000
917,-0.000
918,-0.000
919,-0.000
920,-0.000
921,-0.000
922,-0.000
923,-0.000
924,-0.000
925,-142045.793
926,-80351.787
927,-93765.792
928,-117596.474
929,-118005.848
930,-13537.317
931,-0.000
932,-0.000
933,-0.000
934,-0.000
935,-0.000
936,-0.000
937,-0.000
938,-0.000
939,-0.000
940,-0.000
941,-0.000
942,-0.000
943,-0.000
944,-0.000
945,-0.000
946,-0.000
947,-0.000
948,-0.000
949,-85536.829
950,-127761.986
951,-134758.301
952,-106721.838
953,-85057.804
954,-1222.041
955,-0.000
956,-0.000
957,-0.000
958,-0.000
959,-0.000
960,-0.000
961,-0.000
962,-0.000
963,-0.000
964,-0.000
965,-0.000
966,-0.000
967,-0.000
968,-0.000
969,-0.000
970,-0.000
971,-0.000
972,-88811.710
973,-390661.137
974,-523321.840
975,-677768.417
976,-452309.261
977,-327842.115
978,-323235.580
979,-0.000
980,-0.000
981,-0.000
982,-0.000
983,-0.000
984,-0.000
985,-0.000
986,-0.000
987,-0.000
988,-0.000
989,-0.000
990,-0.000
991,-0.000
992,-0.000
993,-0.000
994,-0.000
995,-0.000
996,-0.000
997,-91767.869
998,-390674.500
999,-403710.142
1000,-480602.035
1001,-330847.272
1002,-252857.114
1003,-0.000
1004,-0.000
1005,-0.000
1006,-0.000
1007,-0.000
1008,-0.000
1009,-0.000
1010,-0.000
1011,-0.000
1012,-0.000
1013,-0.000
1014,-0.000
1015,-0.000
1016,-0.000
1017,-0.000
1018,-106859.296
1019,-599971.014
1020,-824651.468
1021,-968028.262
1022,-1195898.657
1023,-1369504.697
1024,-1188654.458
1025,-862110.829
1026,-612224.207
1027,-198196.922
1028,-108685.446
1029,-0.000
1030,-0.000
1031,-0.000
1032,-0.000
1033,-0.000
1034,-0.000
1035,-0.000
1036,-0.000
1037,-0.000
1038,-0.000
1039,-0.000
1040,-0.000
1041,-0.000
1042,-0.000
1043,-57692.749
1044,-191902.149
1045,-299943.467
1046,-235084.777
1047,-179571.917
1048,-154874.209
1049,-102902.717
1050,-54613.119
1051,-2310.870
1052,-0.000
1053,-0.000
1054,-0.000
1055,-0.000
1056,-0.000
1057,-0.000
1058,-0.000
1059,-0.000
1060,-0.000
1061,-0.000
1062,-0.000
1063,-0.000
1064,-0.000
1065,-0.000
1066,-0.000
1067,-464902.187
1068,-843647.681
1069,-1016289.831
1070,-1203283.794
1071,-1451420.914
1072,-1562772.506
1073,-1576501.897
1074,-1292614.477
1075,-188865.971
1076,-9287.907
1077,-0.000
1078,-0.000
1079,-0.000
1080,-0.000
1081,-0.000
1082,-0.000
1083,-0.000
1084,-0.000
1085,-0.000
1086,-0.000
1087,-0.000
1088,-0.000
1089,-0.000
1090,-56718.411
1091,-526750.333
1092,-822381.380
1093,-996419.078
1094,-1150741.594
1095,-1177607.241
1096,-1042716.090
1097,-1079551.668
1098,-1009600.559
1099,-226199.374
1100,-59923.456
1101,-0.000
1102,-0.000
1103,-0.000
1104,-0.000
1105,-0.000
1106,-0.000
1107,-0.000
1108,-0.000
1109,-0.000
1110,-0.000
1111,-0.000
1112,-0.000
1113,-0.000
1114,-207182.328
1115,-704870.157
1116,-911221.702
1117,-852180.797
1118,-810652.847
1119,-873168.691
1120,-857837.398
1121,-968562.986
1122,-955867.730
1123,-256297.316
1124,-128559.727
1125,-0.000
1126,-0.000
1127,-0.000
1128,-0.000
1129,-0.000
1130,-0.000
1131,-0.000
1132,-0.000
1133,-0.000
1134,-0.000
1135,-0.000
1136,-0.000
1137,-0.000
1138,-0.000
1139,-0.000
1140,-270355.000
1141,-532021.225
1142,-596307.769
1143,-558298.257
1144,-354669.810
1145,-285413.157
1146,-297666.281
1147,-0.000
1148,-0.000
1149,-0.000
1150,-0.000
1151,-0.000
1152,-0.000
1153,-0.000
1154,-0.000
1155,-0.000
1156,-0.000
1157,-0.000
1158,-0.000
1159,-0.000
1160,-0.000
1161,-0.000
1162,-0.000
1163,-0.000
1164,-0.000
1165,-0.000
1166,-0.000
1167,-0.000
1168,-0.000
1169,-0.000
1170,-0.000
1171,-0.000
1172,-0.000
1173,-0.000
1174,-0.000
1175,-0.000
1176,-0.000
1177,-0.000
1178,-0.000
1179,-0.000
1180,-0.000
1181,-0.000
1182,-0.000
1183,-0.000
1184,-0.000
1185,-0.000
1186,-0.000
1187,-0.000
1188,-0.000
1189,-0.000
1190,-0.000
1191,-0.000
1192,-0.000
1193,-0.000
1194,-0.000
1195,-0.000
1196,-0.000
1197,-0.000
1198,-0.000
1199,-0.000
1200,-0.000
1201,-0.000
1202,-0.000
1203,-0.000
1204,-0.000
1205,-0.000
1206,-0.000
1207,-0.000
1208,-0.000
1209,-0.000
1210,-0.000
1211,-0.000
1212,-0.000
1213,-0.000
1214,-0.000
1215,-0.000
1216,-0.000
1217,-0.000
1218,-0.000
1219,-0.000
1220,-0.000
1221,-0.000
1222,-0.000
1223,-0.000
1224,-0.000
1225,-0.000
1226,-0.000
1227,-0.000
1228,-0.000
1229,-0.000
1230,-0.000
1231,-0.000
1232,-0.000
1233,-0.000
1234,-0.000
1235,-0.000
1236,-0.000
1237,-0.000
1238,-0.000
1239,-0.000
1240,-0.000
1241,-0.000
1242,-0.000
1243,-0.000
1244,-0.000
1245,-0.000
1246,-0.000
1247,-0.000
1248,-0.000
1249,-0.000
1250,-0.000
1251,-0.000
1252,-0.000
1253,-0.000
1254,-0.000
1255,-0.000
1256,-0.000
1257,-0.000
1258,-0.000
1259,-0.000
1260,-0.000
1261,-0.000
1262,-0.000
1263,-0.000
1264,-0.000
1265,-0.000
1266,-0.000
1267,-0.000
1268,-0.000
1269,-0.000
1270,-0.000
1271,-0.000
1272,-0.000
1273,-0.000
1274,-0.000
1275,-0.000
1276,-0.000
1277,-0.000
1278,-0.000
1279,-0.000
1280,-0.000
1281,-0.000
1282,-0.000
1283,-0.000
1284,-445536.755
1285,-669383.870
1286,-852803.004
1287,-1039079.155
1288,-1001958.628
1289,-967769.477
1290,-731248.599
1291,-31881.301
1292,-0.000
1293,-0.000
1294,-0.000
1295,-0.000
1296,-0.000
1297,-0.000
1298,-0.000
1299,-0.000
1300,-0.000
1301,-0.000
1302,-0.000
1303,-0.000
1304,-0.000
1305,-0.000
1306,-0.000
1307,-0.000
1308,-252326.596
1309,-495715.832
1310,-684154.016
1311,-860299.008
1312,-850385.846
1313,-762183.859
1314,-562124.636
1315,-0.000
1316,-0.000
1317,-0.000
1318,-0.000
1319,-0.000
1320,-0.000
1321,-0.000
1322,-0.000
1323,-0.000
1324,-0.000
1325,-0.000
1326,-0.000
1327,-0.000
1328,-0.000
1329,-0.000
1330,-0.000
1331,-0.000
1332,-0.000
1333,-346534.369
1334,-602839.609
1335,-773292.413
1336,-809956.640
1337,-755697.551
1338,-488789.932
1339,-0.000
1340,-0.000
1341,-0.000
1342,-0.000
1343,-0.000
1344,-0.000
1345,-0.000
1346,-0.000
1347,-0.000
1348,-0.000
1349,-0.000
1350,-0.000
1351,-0.000
1352,-0.000
1353,-0.000
1354,-3129.937
1355,-743092.085
1356,-1152429.478
1357,-1287581.136
1358,-1540249.610
1359,-1760008.645
1360,-1838518.111
1361,-1800803.720
1362,-1522364.305
1363,-342385.324
1364,-169729.136
1365,-0.000
1366,-0.000
1367,-0.000
1368,-0.000
1369,-0.000
1370,-0.000
1371,-0.000
1372,-0.000
1373,-0.000
1374,-0.000
1375,-0.000
1376,-0.000
1377,-0.000
1378,-418192.773
1379,-1246394.066
1380,-1551439.277
1381,-1581392.617
1382,-1875614.225
1383,-2038516.791
1384,-1992789.555
1385,-1841726.817
1386,-1562724.744
1387,-477672.745
1388,-317218.774
1389,-0.000
1390,-0.000
1391,-0.000
1392,-0.000
1393,-0.000
1394,-0.000
1395,-0.000
1396,-0.000
1397,-0.000
1398,-0.000
1399,-0.000
1400,-0.000
1401,-183080.768
1402,-639474.666
1403,-1207084.730
1404,-1619083.534
1405,-1608013.441
1406,-1793184.345
1407,-1830271.305
1408,-1712555.152
1409,-1750983.821
1410,-1602893.227
1411,-604438.998
1412,-447730.530
1413,-0.000
1414,-0.000
1415,-0.000
1416,-0.000
1417,-0.000
1418,-0.000
1419,-0.000
1420,-0.000
1421,-0.000
1422,-0.000
1423,-0.000
1424,-0.000
1425,-555956.912
1426,-1032970.400
1427,-1608983.434
1428,-1971005.981
1429,-2073040.750
1430,-2189203.104
1431,-2166731.672
1432,-2094697.288
1433,-2030013.963
1434,-1915379.863
1435,-690155.350
1436,-519061.861
1437,-0.000
1438,-0.000
1439,-0.000
1440,-0.000
1441,-0.000
1442,-0.000
1443,-0.000
1444,-0.000
1445,-0.000
1446,-0.000
1447,-5309.986
1448,-103102.154
1449,-676477.577
1450,-1154430.422
1451,-1584227.275
1452,-1738840.249
1453,-1690619.782
1454,-2006466.069
1455,-2207612.739
1456,-2204277.153
1457,-2013723.221
1458,-1811216.189
1459,-762444.659
1460,-533063.611
1461,-0.000
1462,-0.000
1463,-0.000
1464,-0.000
1465,-0.000
1466,-0.000
1467,-0.000
1468,-0.000
1469,-0.000
1470,-0.000
1471,-0.000
1472,-0.000
1473,-253525.900
1474,-652437.703
1475,-1062550.334
1476,-1349227.273
1477,-1392368.243
1478,-1427638.188
1479,-1506803.280
1480,-1350280.246
1481,-1246382.982
1482,-1233449.316
1483,-34828.053
1484,-0.000
1485,-0.000
1486,-0.000
1487,-0.000
1488,-0.000
1489,-0.000
1490,-0.000
1491,-0.000
1492,-0.000
1493,-0.000
1494,-0.000
1495,-0.000
1496,-0.000
1497,-0.000
1498,-0.000
1499,-386128.749
1500,-828807.841
1501,-887207.665
1502,-911114.643
1503,-913425.208
1504,-781470.869
1505,-616562.709
1506,-547692.178
1507,-266633.376
1508,-37509.536
1509,-971.029
1510,-0.000
1511,-0.000
1512,-0.000
1513,-0.000
1514,-0.000
1515,-0.000
1516,-0.000
1517,-0.000
1518,-0.000
1519,-0.000
1520,-128076.454
1521,-947778.058
1522,-1212650.411
1523,-1654869.963
1524,-1891757.952
1525,-1948371.394
1526,-2393714.168
1527,-2636366.793
1528,-2676958.154
1529,-2598051.831
1530,-2385517.917
1531,-949746.696
1532,-631402.613
1533,-0.000
1534,-0.000
1535,-0.000
1536,-0.000
1537,-0.000
1538,-0.000
1539,-0.000
1540,-0.000
1541,-0.000
1542,-0.000
1543,-204526.305
1544,-208570.512
1545,-767994.473
1546,-1077791.552
1547,-1336228.434
1548,-1520035.675
1549,-1488330.508
1550,-1791797.202
1551,-1902813.568
1552,-1767594.979
1553,-1639941.658
1554,-1503973.984
1555,-668566.099
1556,-448566.801
1557,-0.000
1558,-0.000
1559,-0.000
1560,-0.000
1561,-0.000
1562,-0.000
1563,-0.000
1564,-0.000
1565,-0.000
1566,-0.000
1567,-0.000
1568,-5319.179
1569,-441514.114
1570,-755279.579
1571,-1024062.843
1572,-1190177.967
1573,-1298122.063
1574,-1516764.968
1575,-1765519.080
1576,-1825374.665
1577,-1715775.681
1578,-1481509.580
1579,-511605.614
1580,-184409.571
1581,-0.000
1582,-0.000
1583,-0.000
1584,-0.000
1585,-0.000
1586,-0.000
1587,-0.000
1588,-0.000
1589,-0.000
1590,-0.000
1591,-0.000
1592,-0.000
1593,-0.000
1594,-334414.834
1595,-903245.756
1596,-1150404.307
1597,-1219103.979
1598,-1425017.521
1599,-1608930.748
1600,-1673380.095
1601,-1692395.198
1602,-1512668.333
1603,-499526.713
1604,-147454.570
1605,-0.000
1606,-0.000
1607,-0.000
1608,-0.000
1609,-0.000
1610,-0.000
1611,-0.000
1612,-0.000
1613,-0.000
1614,-0.000
1615,-0.000
1616,-0.000
1617,-0.000
1618,-219240.948
1619,-907094.705
1620,-1212149.013
1621,-1275219.721
1622,-1501941.036
1623,-1684538.619
1624,-1745351.611
1625,-1777398.916
1626,-1649667.733
1627,-604499.264
1628,-255394.749
1629,-0.000
1630,-0.000
1631,-0.000
1632,-0.000
1633,-0.000
1634,-0.000
1635,-0.000
1636,-0.000
1637,-0.000
1638,-0.000
1639,-0.000
1640,-0.000
1641,-0.000
1642,-146452.019
1643,-818956.082
1644,-1073894.418
1645,-1162746.267
1646,-1350633.483
1647,-1466844.295
1648,-1426658.275
1649,-1256174.408
1650,-995602.407
1651,-0.000
1652,-0.000
1653,-0.000
1654,-0.000
1655,-0.000
1656,-0.000
1657,-0.000
1658,-0.000
1659,-0.000
1660,-0.000
1661,-0.000
1662,-0.000
1663,-0.000
1664,-0.000
1665,-0.000
1666,-0.000
1667,-373020.498
1668,-719997.075
1669,-715314.299
1670,-686226.216
1671,-589398.576
1672,-588348.597
1673,-520028.845
1674,-463141.101
1675,-169222.273
1676,-21268.975
1677,-597.074
1678,-0.000
1679,-0.000
1680,-0.000
1681,-0.000
1682,-0.000
1683,-0.000
1684,-0.000
1685,-0.000
1686,-0.000
1687,-0.000
1688,-0.000
1689,-866264.359
1690,-1268647.209
1691,-1748499.997
1692,-2131372.145
1693,-2058628.087
1694,-2280525.090
1695,-2381395.188
1696,-2375270.879
1697,-2333560.270
1698,-2052483.603
1699,-862618.698
1700,-592532.657
1701,-0.000
1702,-0.000
1703,-0.000
1704,-0.000
1705,-0.000
1706,-0.000
1707,-0.000
1708,-0.000
1709,-0.000
1710,-0.000
1711,-263352.996
1712,-278192.626
1713,-1070104.684
1714,-1417243.424
1715,-1876351.314
1716,-2225642.280
1717,-2190096.609
1718,-2393900.074
1719,-2417944.898
1720,-2548553.278
1721,-2473601.706
1722,-2255868.070
1723,-920584.900
1724,-646819.429
1725,-0.000
1726,-0.000
1727,-0.000
1728,-0.000
1729,-0.000
1730,-0.000
1731,-0.000
1732,-0.000
1733,-0.000
1734,-0.000
1735,-374813.821
1736,-362507.233
1737,-1305173.137
1738,-1483568.441
1739,-1844078.151
1740,-2082170.607
1741,-2158038.166
1742,-2461344.944
1743,-2694541.312
1744,-2634167.185
1745,-2631783.435
1746,-2523087.890
1747,-1016346.527
1748,-623708.300
1749,-0.000
1750,-0.000
1751,-0.000
1752,-0.000
1753,-0.000
1754,-0.000
1755,-0.000
1756,-0.000
1757,-0.000
1758,-0.000
1759,-338734.324
1760,-371221.788
1761,-1338788.507
1762,-1657191.460
1763,-2087414.035
1764,-2297575.329
1765,-2177019.282
1766,-2635557.299
1767,-2877160.193
1768,-2889636.034
1769,-2887831.160
1770,-2657903.935
1771,-1115133.413
1772,-762125.833
1773,-0.000
1774,-25471.245
1775,-117944.647
1776,-95051.707
1777,-27341.942
1778,-329.119
1779,-0.000
1780,-0.000
1781,-0.000
1782,-0.000
1783,-687014.434
1784,-420100.768
1785,-1240464.177
1786,-1360284.355
1787,-1486054.340
1788,-1575679.975
1789,-1592011.792
1790,-1692165.019
1791,-1745979.242
1792,-1790542.873
1793,-1739493.387
1794,-1802241.628
1795,-906900.247
1796,-607525.601
1797,-0.000
1798,-0.000
1799,-0.000
1800,-0.000
1801,-0.000
1802,-0.000
1803,-0.000
1804,-0.000
1805,-0.000
1806,-0.000
1807,-0.000
1808,-0.000
1809,-963639.097
1810,-1022686.097
1811,-1178890.512
1812,-1364509.339
1813,-1414083.127
1814,-1527359.404
1815,-1617008.067
1816,-1414002.498
1817,-1582714.190
1818,-1419301.603
1819,-101933.005
1820,-95787.874
1821,-89676.920
1822,-103515.880
1823,-90396.787
1824,-57792.136
1825,-0.000
1826,-0.000
1827,-0.000
1828,-0.000
1829,-0.000
1830,-0.000
1831,-0.000
1832,-0.000
1833,-0.000
1834,-17526.181
1835,-362719.915
1836,-516831.285
1837,-624714.980
1838,-859086.977
1839,-1096730.006
1840,-903033.175
1841,-815358.164
1842,-796517.727
1843,-357867.379
1844,-70046.836
1845,-13069.713
1846,-0.000
1847,-0.000
1848,-0.000
1849,-0.000
1850,-0.000
1851,-0.000
1852,-0.000
1853,-0.000
1854,-0.000
1855,-763831.253
1856,-454176.130
1857,-1407692.718
1858,-1632974.765
1859,-1975747.651
1860,-2133720.016
1861,-2058509.549
1862,-2348855.926
1863,-2670762.936
1864,-2744277.292
1865,-2646162.238
1866,-2453296.464
1867,-1002187.534
1868,-748569.419
1869,-0.000
1870,-0.000
1871,-94372.328
1872,-92084.731
1873,-44342.688
1874,-21974.404
1875,-12007.494
1876,-12774.145
1877,-2192.264
1878,-0.000
1879,-1087557.996
1880,-542095.523
1881,-1504260.650
1882,-1700361.168
1883,-1956781.793
1884,-1933389.086
1885,-1603245.228
1886,-1844660.185
1887,-2005661.545
1888,-2021459.278
1889,-1875483.487
1890,-1728002.665
1891,-749718.291
1892,-611052.505
1893,-0.000
1894,-0.000
1895,-0.000
1896,-0.000
1897,-0.000
1898,-0.000
1899,-0.000
1900,-0.000
1901,-0.000
1902,-0.000
1903,-887583.825
1904,-506890.987
1905,-1492161.768
1906,-1714153.368
1907,-2048911.628
1908,-2204629.426
1909,-1928624.769
1910,-2230249.962
1911,-2341753.164
1912,-2449503.567
1913,-2428927.618
1914,-2319605.960
1915,-994425.930
1916,-781373.237
1917,-0.000
1918,-0.000
1919,-90190.531
1920,-87177.712
1921,-20813.134
1922,-18725.212
1923,-33128.135
1924,-45124.803
1925,-33922.009
1926,-26779.606
1927,-1254613.722
1928,-606616.522
1929,-1646268.600
1930,-1805723.854
1931,-1930379.326
1932,-2114642.707
1933,-1898750.280
1934,-2117256.813
1935,-2002193.117
1936,-2012553.666
1937,-1856644.199
1938,-1614933.484
1939,-575878.298
1940,-354355.289
1941,-0.000
1942,-0.000
1943,-0.000
1944,-0.000
1945,-0.000
1946,-0.000
1947,-0.000
1948,-0.000
1949,-0.000
1950,-0.000
1951,-0.000
1952,-0.000
1953,-0.000
1954,-0.000
1955,-0.000
1956,-62247.346
1957,-172865.550
1958,-78192.551
1959,-83917.907
1960,-70907.906
1961,-65798.237
1962,-65199.501
1963,-0.000
1964,-0.000
1965,-0.000
1966,-0.000
1967,-0.000
1968,-0.000
1969,-0.000
1970,-0.000
1971,-0.000
1972,-0.000
1973,-0.000
1974,-0.000
1975,-0.000
1976,-0.000
1977,-0.000
1978,-0.000
1979,-0.000
1980,-0.000
1981,-0.000
1982,-106088.101
1983,-199752.665
1984,-208274.421
1985,-253295.928
1986,-243469.819
1987,-0.000
1988,-0.000
1989,-0.000
1990,-0.000
1991,-0.000
1992,-0.000
1993,-0.000
1994,-0.000
1995,-0.000
1996,-0.000
1997,-0.000
1998,-0.000
1999,-0.000
2000,-0.000
2001,-0.000
2002,-0.000
2003,-0.000
2004,-0.000
2005,-131304.334
2006,-336915.258
2007,-554894.661
2008,-516972.944
2009,-349459.624
2010,-407604.283
2011,-256430.308
2012,-76864.133
2013,-60980.210
2014,-64343.118
2015,-53874.765
2016,-27769.367
2017,-14070.890
2018,-2849.788
2019,-0.000
2020,-0.000
2021,-0.000
2022,-0.000
2023,-1158260.259
2024,-603663.755
2025,-1700389.040
2026,-1800015.356
2027,-2017170.454
2028,-2157179.073
2029,-2051953.405
2030,-2310972.366
2031,-2249843.180
2032,-2108568.390
2033,-1655937.156
2034,-1187426.369
2035,-446480.703
2036,-403473.944
2037,-0.000
2038,-0.000
2039,-0.000
2040,-0.000
2041,-0.000
2042,-0.000
2043,-0.000
2044,-0.000
2045,-0.000
2046,-0.000
2047,-0.000
2048,-147417.988
2049,-732954.060
2050,-1042223.689
2051,-1234305.926
2052,-1333150.166
2053,-1327001.500
2054,-1416421.673
2055,-1546405.644
2056,-1455566.665
2057,-1141079.314
2058,-742859.911
2059,-176649.685
2060,-30441.314
2061,-0.000
2062,-0.000
2063,-0.000
2064,-0.000
2065,-0.000
2066,-0.000
2067,-0.000
2068,-0.000
2069,-0.000
2070,-0.000
2071,-0.000
2072,-0.000
2073,-0.000
2074,-83643.140
2075,-261312.131
2076,-298408.744
2077,-335863.280
2078,-287844.520
2079,-388198.063
2080,-609841.378
2081,-618117.789
2082,-579989.512
2083,-198829.514
2084,-11050.868
2085,-0.000
2086,-0.000
2087,-0.000
2088,-0.000
2089,-0.000
2090,-0.000
2091,-0.000
2092,-0.000
2093,-0.000
2094,-0.000
2095,-0.000
2096,-0.000
2097,-0.000
2098,-466724.041
2099,-837961.239
2100,-1002895.202
2101,-1145241.984
2102,-1195770.292
2103,-1306243.844
2104,-1276185.783
2105,-1110395.110
2106,-846951.521
2107,-399830.634
2108,-228788.706
2109,-0.000
2110,-0.000
2111,-0.000
2112,-0.000
2113,-0.000
2114,-0.000
2115,-0.000
2116,-0.000
2117,-0.000
2118,-0.000
2119,-0.000
2120,-0.000
2121,-810344.869
2122,-1011919.042
2123,-1216904.153
2124,-1377953.499
2125,-1395048.198
2126,-1656535.861
2127,-1841319.432
2128,-1824567.951
2129,-1885432.694
2130,-1772991.042
2131,-810180.381
2132,-620808.290
2133,-0.000
2134,-0.000
2135,-0.000
2136,-0.000
2137,-0.000
2138,-0.000
2139,-0.000
2140,-0.000
2141,-0.000
2142,-0.000
2143,-0.000
2144,-0.000
2145,-976058.656
2146,-1127765.547
2147,-1358544.981
2148,-1478566.658
2149,-1540231.410
2150,-1636599.729
2151,-1617468.658
2152,-1567284.317
2153,-1425223.868
2154,-1332560.262
2155,-0.000
2156,-110944.734
2157,-120755.028
2158,-71749.408
2159,-13044.746
2160,-0.000
2161,-0.000
2162,-0.000
2163,-0.000
2164,-0.000
2165,-0.000
2166,-0.000
2167,-0.000
2168,-0.000
2169,-0.000
2170,-0.000
2171,-0.000
2172,-0.000
2173,-0.000
2174,-0.000
2175,-0.000
2176,-0.000
2177,-0.000
2178,-0.000
2179,-0.000
2180,-0.000
2181,-0.000
2182,-0.000
2183,-0.000
2184,-0.000
2185,-0.000
2186,-0.000
2187,-0.000
2188,-0.000
2189,-0.000
2190,-0.000
2191,-0.000
2192,-0.000
2193,-0.000
2194,-0.000
2195,-18025.620
2196,-192640.684
2197,-331466.104
2198,-393486.893
2199,-500783.219
2200,-419985.089
2201,-393079.461
2202,-367022.359
2203,-80701.029
2204,-0.000
2205,-0.000
2206,-0.000
2207,-0.000
2208,-0.000
2209,-0.000
2210,-0.000
2211,-0.000
2212,-0.000
2213,-0.000
2214,-0.000
2215,-0.000
2216,-0.000
2217,-34269.502
2218,-549717.069
2219,-916403.796
2220,-1088279.616
2221,-1119736.587
2222,-1336839.524
2223,-1524447.197
2224,-1592529.687
2225,-1610968.746
2226,-1492929.637
2227,-619415.859
2228,-156510.769
2229,-0.000
2230,-0.000
2231,-0.000
2232,-0.000
2233,-0.000
2234,-0.000
2235,-0.000
2236,-0.000
2237,-0.000
2238,-0.000
2239,-0.000
2240,-0.000
2241,-0.000
2242,-586759.908
2243,-1114977.481
2244,-1278220.923
2245,-1291122.766
2246,-1501379.022
2247,-1664199.308
2248,-1726538.813
2249,-1726212.843
2250,-1608853.272
2251,-728421.969
2252,-283195.766
2253,-0.000
2254,-0.000
2255,-0.000
2256,-0.000
2257,-0.000
2258,-0.000
2259,-0.000
2260,-0.000
2261,-0.000
2262,-0.000
2263,-0.000
2264,-0.000
2265,-56434.376
2266,-804504.768
2267,-1414205.103
2268,-1579507.135
2269,-1522339.109
2270,-1809918.364
2271,-1976990.330
2272,-2010426.167
2273,-1984249.450
2274,-1847824.163
2275,-842399.956
2276,-423317.485
2277,-0.000
2278,-0.000
2279,-0.000
2280,-0.000
2281,-0.000
2282,-0.000
2283,-0.000
2284,-0.000
2285,-0.000
2286,-0.000
2287,-0.000
2288,-0.000
2289,-763970.766
2290,-1196031.202
2291,-1726970.238
2292,-1964550.972
2293,-1791821.873
2294,-2108286.999
2295,-2259833.166
2296,-2280840.741
2297,-2199354.556
2298,-1964838.175
2299,-914206.792
2300,-562864.192
2301,-0.000
2302,-0.000
2303,-0.000
2304,-0.000
2305,-0.000
2306,-0.000
2307,-0.000
2308,-0.000
2309,-0.000
2310,-0.000
2311,-0.000
2312,-0.000
2313,-639447.494
2314,-961955.663
2315,-1354171.457
2316,-1420239.082
2317,-1313380.367
2318,-1334713.201
2319,-1489225.971
2320,-1551388.481
2321,-1526566.672
2322,-1400030.843
2323,-127573.047
2324,-43080.613
2325,-9739.721
2326,-0.000
2327,-0.000
2328,-0.000
2329,-0.000
2330,-0.000
2331,-0.000
2332,-0.000
2333,-0.000
2334,-0.000
2335,-0.000
2336,-0.000
2337,-0.000
2338,-23369.310
2339,-611323.603
2340,-801109.138
2341,-768454.708
2342,-825647.426
2343,-826291.197
2344,-882922.598
2345,-812049.541
2346,-733328.127
2347,-364573.719
2348,-62516.749
2349,-11215.846
2350,-0.000
2351,-0.000
2352,-0.000
2353,-0.000
2354,-0.000
2355,-0.000
2356,-0.000
2357,-0.000
2358,-0.000
2359,-0.000
2360,-193649.912
2361,-966792.767
2362,-1280942.004
2363,-1786748.375
2364,-1965832.554
2365,-1788779.410
2366,-2154171.347
2367,-2366643.652
2368,-2403902.106
2369,-2343684.154
2370,-2173147.180
2371,-987596.483
2372,-553728.895
2373,-0.000
2374,-0.000
2375,-0.000
2376,-0.000
2377,-0.000
2378,-0.000
2379,-0.000
2380,-0.000
2381,-0.000
2382,-0.000
2383,-0.000
2384,-57591.163
2385,-1038846.545
2386,-1348278.611
2387,-1863825.675
2388,-2084905.871
2389,-1855016.714
2390,-2116546.995
2391,-2237391.390
2392,-2265899.371
2393,-2238906.942
2394,-2112961.790
2395,-981390.534
2396,-553263.264
2397,-0.000
2398,-0.000
2399,-0.000
2400,-0.000
2401,-0.000
2402,-0.000
2403,-0.000
2404,-0.000
2405,-0.000
2406,-0.000
2407,-46083.442
2408,-355237.555
2409,-1300909.334
2410,-1539680.546
2411,-1891803.226
2412,-2072573.618
2413,-1970101.332
2414,-2324561.557
2415,-2482492.991
2416,-2518892.163
2417,-2375854.753
2418,-2252380.615
2419,-1110234.011
2420,-710763.544
2421,-0.000
2422,-0.000
2423,-27123.119
2424,-51755.892
2425,-1479.058
2426,-0.000
2427,-0.000
2428,-0.000
2429,-0.000
2430,-0.000
2431,-533791.458
2432,-577282.428
2433,-1681755.595
2434,-1847692.207
2435,-2114270.265
2436,-2221780.111
2437,-2011824.906
2438,-2368531.927
2439,-2566345.573
2440,-2635127.476
2441,-2559888.804
2442,-2488649.742
2443,-1253633.790
2444,-784804.562
2445,-0.000
2446,-26857.696
2447,-115873.994
2448,-114819.907
2449,-65222.930
2450,-25793.713
2451,-728.133
2452,-0.000
2453,-0.000
2454,-0.000
2455,-1184144.394
2456,-648746.360
2457,-1735635.662
2458,-1828542.649
2459,-2023611.669
2460,-2179621.681
2461,-1938247.980
2462,-2172642.649
2463,-2312154.096
2464,-2456445.380
2465,-2456619.149
2466,-2372001.414
2467,-1192767.699
2468,-675902.326
2469,-0.000
2470,-0.000
2471,-4642.818
2472,-12535.903
2473,-0.000
2474,-0.000
2475,-0.000
2476,-0.000
2477,-0.000
2478,-0.000
2479,-0.000
2480,-0.000
2481,-728751.850
2482,-999269.166
2483,-1238632.257
2484,-1258792.861
2485,-1264245.026
2486,-1447551.661
2487,-1594751.647
2488,-1616248.152
2489,-1612180.974
2490,-1601510.231
2491,-272891.016
2492,-127817.873
2493,-95079.124
2494,-79271.455
2495,-60220.710
2496,-35727.485
2497,-0.000
2498,-0.000
2499,-0.000
2500,-0.000
2501,-0.000
2502,-0.000
2503,-0.000
2504,-0.000
2505,-0.000
2506,-0.000
2507,-248683.832
2508,-499560.302
2509,-691540.510
2510,-772314.018
2511,-767721.714
2512,-779424.088
2513,-692701.505
2514,-546735.693
2515,-360246.386
2516,-130599.677
2517,-87264.295
2518,-72119.095
2519,-51764.628
2520,-13014.793
2521,-4099.046
2522,-204.405
2523,-0.000
2524,-0.000
2525,-0.000
2526,-0.000
2527,-729266.908
2528,-385458.880
2529,-1100690.216
2530,-1181087.425
2531,-1274387.455
2532,-1353131.197
2533,-1338306.024
2534,-1511168.064
2535,-1431486.423
2536,-1221358.528
2537,-1106640.304
2538,-1061155.713
2539,-425198.369
2540,-281992.998
2541,-0.000
2542,-0.000
2543,-0.000
2544,-0.000
2545,-0.000
2546,-0.000
2547,-0.000
2548,-0.000
2549,-0.000
2550,-0.000
2551,-0.000
2552,-0.000
2553,-378060.561
2554,-738844.307
2555,-1083520.241
2556,-1295316.093
2557,-1387614.278
2558,-1563414.382
2559,-1570097.416
2560,-1333515.398
2561,-1113774.357
2562,-1052999.823
2563,-458971.671
2564,-271065.720
2565,-0.000
2566,-0.000
2567,-0.000
2568,-0.000
2569,-0.000
2570,-0.000
2571,-0.000
2572,-0.000
2573,-0.000
2574,-0.000
2575,-0.000
2576,-0.000
2577,-312541.442
2578,-538880.163
2579,-645668.478
2580,-698505.783
2581,-735705.159
2582,-789887.150
2583,-744269.457
2584,-683001.367
2585,-592209.356
2586,-545929.570
2587,-207421.537
2588,-111995.961
2589,-0.000
2590,-0.000
2591,-0.000
2592,-0.000
2593,-0.000
2594,-0.000
2595,-0.000
2596,-0.000
2597,-0.000
2598,-0.000
2599,-0.000
2600,-0.000
2601,-33204.768
2602,-337815.197
2603,-465875.510
2604,-433387.837
2605,-401844.050
2606,-397108.715
2607,-439996.364
2608,-506617.139
2609,-638097.345
2610,-560782.073
2611,-223325.501
2612,-148323.169
2613,-0.000
2614,-0.000
2615,-0.000
2616,-0.000
2617,-0.000
2618,-0.000
2619,-0.000
2620,-0.000
2621,-0.000
2622,-0.000
2623,-0.000
2624,-0.000
2625,-486988.381
2626,-920694.164
2627,-1222405.076
2628,-1342132.573
2629,-1332325.320
2630,-1510237.247
2631,-1647551.283
2632,-1540272.742
2633,-1368511.022
2634,-1281527.572
2635,-612267.783
2636,-421833.403
2637,-0.000
2638,-0.000
2639,-0.000
2640,-0.000
2641,-0.000
2642,-0.000
2643,-0.000
2644,-0.000
2645,-0.000
2646,-0.000
2647,-0.000
2648,-0.000
2649,-598365.049
2650,-1027118.320
2651,-1229264.716
2652,-1362046.844
2653,-1413485.984
2654,-1530924.807
2655,-1514728.736
2656,-1542348.698
2657,-1444882.380
2658,-1303542.888
2659,-84170.879
2660,-102633.083
2661,-102511.679
2662,-95755.549
2663,-80748.248
2664,-51190.351
2665,-0.000
2666,-0.000
2667,-0.000
2668,-0.000
2669,-0.000
2670,-0.000
2671,-0.000
2672,-0.000
2673,-61579.322
2674,-371001.055
2675,-631484.009
2676,-693424.947
2677,-746725.121
2678,-805816.135
2679,-860419.434
2680,-831676.031
2681,-940555.768
2682,-855550.041
2683,-540874.181
2684,-157007.468
2685,-126770.666
2686,-111222.516
2687,-81565.544
2688,-49450.613
2689,-18742.127
2690,-8362.740
2691,-33855.624
2692,-50647.534
2693,-48255.213
2694,-41085.696
2695,-1345159.596
2696,-742309.039
2697,-1950354.091
2698,-2135943.573
2699,-2373795.558
2700,-2479618.395
2701,-2178989.253
2702,-2441672.557
2703,-2552376.921
2704,-2542978.880
2705,-2493203.414
2706,-2469185.534
2707,-1206190.290
2708,-801095.829
2709,-0.000
2710,-0.000
2711,-108288.401
2712,-117466.198
2713,-73687.878
2714,-47838.653
2715,-25801.932
2716,-31520.582
2717,-37014.127
2718,-39207.757
2719,-1368042.174
2720,-755108.820
2721,-2008241.833
2722,-2152706.973
2723,-2434721.480
2724,-2552379.311
2725,-2298174.251
2726,-2704836.505
2727,-2621777.303
2728,-2575363.166
2729,-2654118.600
2730,-2843335.677
2731,-1313591.731
2732,-923542.456
2733,-0.000
2734,-59688.765
2735,-176516.290
2736,-197040.237
2737,-159860.781
2738,-163340.376
2739,-166370.541
2740,-162692.417
2741,-151212.112
2742,-138326.502
2743,-1450106.831
2744,-870546.339
2745,-2261311.066
2746,-2398705.538
2747,-2529411.991
2748,-2543547.292
2749,-2260577.872
2750,-2631069.833
2751,-2744879.304
2752,-2720361.188
2753,-2749434.713
2754,-2745465.337
2755,-1369760.713
2756,-963337.536
2757,-0.000
2758,-207132.270
2759,-274767.407
2760,-281646.534
2761,-244959.194
2762,-230621.475
2763,-224922.626
2764,-222873.710
2765,-207934.888
2766,-199783.736
2767,-1468169.754
2768,-902475.048
2769,-2324378.345
2770,-2471888.039
2771,-2569729.493
2772,-2550059.427
2773,-2213881.282
2774,-2654706.978
2775,-2794508.556
2776,-2819190.546
2777,-2700243.151
2778,-2620743.126
2779,-1287521.180
2780,-969006.190
2781,-0.000
2782,-149824.667
2783,-245229.584
2784,-250097.738
2785,-211901.209
2786,-198411.693
2787,-195087.366
2788,-198128.486
2789,-191518.683
2790,-187412.361
2791,-1508635.770
2792,-948858.486
2793,-2440678.817
2794,-2600248.265
2795,-2643263.441
2796,-2674701.268
2797,-2355772.129
2798,-2722143.585
2799,-2817919.836
2800,-2860381.909
2801,-2830110.682
2802,-2879267.637
2803,-1534371.091
2804,-949276.007
2805,-0.000
2806,-227008.982
2807,-257970.614
2808,-253036.893
2809,-205073.563
2810,-193978.814
2811,-209175.397
2812,-225782.224
2813,-224616.282
2814,-224290.182
2815,-254811.839
2816,-359426.052
2817,-1881775.060
2818,-1724035.506
2819,-1855672.450
2820,-1947695.607
2821,-1947903.111
2822,-1937428.253
2823,-2003452.358
2824,-1928820.004
2825,-1848724.673
2826,-1912331.315
2827,-407383.470
2828,-318335.004
2829,-313102.267
2830,-302734.431
2831,-265900.867
2832,-231904.569
2833,-173295.628
2834,-152043.581
2835,-135711.386
2836,-126593.441
2837,-102125.075
2838,-98075.216
2839,-138945.002
2840,-321584.890
2841,-631774.854
2842,-810871.046
2843,-914841.923
2844,-933918.518
2845,-864079.820
2846,-926155.113
2847,-869897.891
2848,-878936.866
2849,-752705.412
2850,-617396.151
2851,-385794.035
2852,-154524.906
2853,-136480.868
2854,-131401.042
2855,-112975.572
2856,-90924.368
2857,-88046.143
2858,-75884.156
2859,-64817.015
2860,-58104.515
2861,-28209.713
2862,-3817.332
2863,-990561.404
2864,-580747.789
2865,-1548624.542
2866,-1740108.644
2867,-1943984.533
2868,-2128356.832
2869,-1982849.125
2870,-2310022.457
2871,-2334123.004
2872,-2236159.325
2873,-2211449.778
2874,-2030932.886
2875,-864887.151
2876,-702352.937
2877,-0.000
2878,-0.000
2879,-0.000
2880,-0.000
2881,-0.000
2882,-0.000
2883,-0.000
2884,-0.000
2885,-0.000
2886,-0.000
2887,-0.000
2888,-0.000
2889,-321575.027
2890,-499635.481
2891,-544248.919
2892,-558835.680
2893,-533921.575
2894,-542216.361
2895,-533802.866
2896,-506582.972
2897,-443527.891
2898,-411702.838
2899,-73948.121
2900,-0.000
2901,-0.000
2902,-0.000
2903,-0.000
2904,-0.000
2905,-0.000
2906,-0.000
2907,-0.000
2908,-0.000
2909,-0.000
2910,-0.000
2911,-0.000
2912,-0.000
2913,-0.000
2914,-236115.032
2915,-548772.298
2916,-728459.703
2917,-827879.534
2918,-1047390.525
2919,-1314332.422
2920,-1444748.067
2921,-1480588.682
2922,-1318348.053
2923,-670361.327
2924,-355124.217
2925,-0.000
2926,-0.000
2927,-0.000
2928,-0.000
2929,-0.000
2930,-0.000
2931,-0.000
2932,-0.000
2933,-0.000
2934,-0.000
2935,-0.000
2936,-0.000
2937,-673543.172
2938,-1015830.355
2939,-1223713.768
2940,-1331079.456
2941,-1298719.502
2942,-1570550.725
2943,-1763917.887
2944,-1843446.519
2945,-1912545.727
2946,-2036330.607
2947,-1074749.366
2948,-485882.840
2949,-0.000
2950,-0.000
2951,-0.000
2952,-0.000
2953,-0.000
2954,-0.000
2955,-0.000
2956,-0.000
2957,-0.000
2958,-0.000
2959,-0.000
2960,-166336.080
2961,-1094534.613
2962,-1308541.752
2963,-1675709.101
2964,-1843400.208
2965,-1651232.795
2966,-1970780.217
2967,-2129275.325
2968,-2128380.964
2969,-2090488.946
2970,-2172888.233
2971,-1076133.039
2972,-590386.918
2973,-0.000
2974,-0.000
2975,-0.000
2976,-0.000
2977,-0.000
2978,-0.000
2979,-0.000
2980,-0.000
2981,-0.000
2982,-0.000
2983,-0.000
2984,-0.000
2985,-903847.998
2986,-1120391.744
2987,-1289558.099
2988,-1364060.496
2989,-1373666.905
2990,-1542822.144
2991,-1578957.602
2992,-1605245.375
2993,-1581721.544
2994,-1594851.063
2995,-225611.377
2996,-184138.296
2997,-165271.690
2998,-152560.865
2999,-108543.168
3000,-52863.406
3001,-0.000
3002,-0.000
3003,-0.000
3004,-0.000
3005,-0.000
3006,-0.000
3007,-0.000
3008,-0.000
3009,-213285.451
3010,-580249.278
3011,-714695.482
3012,-720706.291
3013,-750613.941
3014,-920161.629
3015,-923626.795
3016,-907230.981
3017,-905746.071
3018,-857827.213
3019,-602641.611
3020,-203062.745
3021,-152381.646
3022,-146272.480
3023,-129096.685
3024,-102549.252
3025,-89820.785
3026,-66242.438
3027,-34095.838
3028,-9558.808
3029,-386.242
3030,-0.000
3031,-1171672.098
3032,-664462.643
3033,-1690171.433
3034,-1757923.413
3035,-1863945.149
3036,-1870957.709
3037,-1724808.633
3038,-1898683.093
3039,-1804687.649
3040,-1738802.319
3041,-1705233.262
3042,-1724338.520
3043,-805041.393
3044,-645731.007
3045,-0.000
3046,-0.000
3047,-0.000
3048,-0.000
3049,-0.000
3050,-0.000
3051,-0.000
3052,-0.000
3053,-0.000
3054,-0.000
3055,-542122.919
3056,-630542.320
3057,-1824474.631
3058,-1928965.248
3059,-1910118.649
3060,-1812655.391
3061,-1553066.837
3062,-1651135.461
3063,-1699830.566
3064,-1744138.102
3065,-1775256.659
3066,-1777105.401
3067,-840748.245
3068,-609179.509
3069,-0.000
3070,-0.000
3071,-0.000
3072,-0.000
3073,-0.000
3074,-0.000
3075,-0.000
3076,-0.000
3077,-0.000
3078,-0.000
3079,-541116.821
3080,-575692.212
3081,-1692124.743
3082,-1686867.137
3083,-1884651.620
3084,-2013553.001
3085,-1784060.584
3086,-2179055.388
3087,-2336652.828
3088,-2483790.920
3089,-2567285.822
3090,-2501508.478
3091,-1187523.223
3092,-780806.713
3093,-0.000
3094,-0.000
3095,-48527.545
3096,-104778.941
3097,-53110.113
3098,-24173.337
3099,-7352.607
3100,-575.162
3101,-0.000
3102,-0.000
3103,-1124651.851
3104,-644042.977
3105,-1781986.431
3106,-1990185.482
3107,-2033940.279
3108,-2007347.003
3109,-1815362.980
3110,-2196042.473
3111,-2315222.823
3112,-2418505.273
3113,-2291596.721
3114,-2098304.100
3115,-897089.666
3116,-801355.804
3117,-0.000
3118,-0.000
3119,-0.000
3120,-37553.800
3121,-18245.516
3122,-10809.070
3123,-9528.648
3124,-9395.504
3125,-266.081
3126,-0.000
3127,-1285396.895
3128,-673732.171
3129,-1797427.338
3130,-1813935.543
3131,-1877335.210
3132,-1973528.017
3133,-1735379.477
3134,-2038445.059
3135,-2014446.152
3136,-2036639.460
3137,-2001101.643
3138,-2029659.711
3139,-876557.170
3140,-740881.406
3141,-0.000
3142,-0.000
3143,-0.000
3144,-0.000
3145,-0.000
3146,-0.000
3147,-0.000
3148,-0.000
3149,-0.000
3150,-0.000
3151,-0.000
3152,-0.000
3153,-1123910.514
3154,-1114820.255
3155,-1158947.911
3156,-1146107.112
3157,-1041513.876
3158,-1031862.715
3159,-1063766.088
3160,-1021097.103
3161,-985585.020
3162,-975617.794
3163,-0.000
3164,-0.000
3165,-0.000
3166,-0.000
3167,-0.000
3168,-0.000
3169,-0.000
3170,-0.000
3171,-0.000
3172,-0.000
3173,-0.000
3174,-0.000
3175,-0.000
3176,-0.000
3177,-0.000
3178,-0.000
3179,-83289.611
3180,-133345.510
3181,-147356.392
3182,-101285.730
3183,-105451.468
3184,-132257.754
3185,-119435.153
3186,-35766.090
3187,-0.000
3188,-0.000
3189,-0.000
3190,-0.000
3191,-0.000
3192,-0.000
3193,-0.000
3194,-0.000
3195,-0.000
3196,-0.000
3197,-0.000
3198,-0.000
3199,-389530.412
3200,-397127.821
3201,-1438746.742
3202,-1540630.073
3203,-1814851.039
3204,-2006684.348
3205,-1856024.312
3206,-2148197.656
3207,-2119901.583
3208,-2030626.552
3209,-1962358.700
3210,-1926717.267
3211,-862686.989
3212,-646617.545
3213,-0.000
3214,-0.000
3215,-0.000
3216,-0.000
3217,-0.000
3218,-0.000
3219,-0.000
3220,-0.000
3221,-0.000
3222,-0.000
3223,-474938.514
3224,-424467.209
3225,-1211630.354
3226,-1238294.200
3227,-1288677.498
3228,-1385056.799
3229,-1306519.102
3230,-1408843.526
3231,-1368467.450
3232,-1381551.377
3233,-1277718.878
3234,-1179645.766
3235,-418494.882
3236,-301488.139
3237,-0.000
3238,-0.000
3239,-0.000
3240,-0.000
3241,-0.000
3242,-0.000
3243,-0.000
3244,-0.000
3245,-0.000
3246,-0.000
3247,-0.000
3248,-0.000
3249,-448613.956
3250,-630926.708
3251,-741540.751
3252,-867599.507
3253,-1035960.438
3254,-1225040.376
3255,-1402431.745
3256,-1420700.886
3257,-1561117.079
3258,-1596584.417
3259,-760824.915
3260,-384785.684
3261,-0.000
3262,-0.000
3263,-0.000
3264,-0.000
3265,-0.000
3266,-0.000
3267,-0.000
3268,-0.000
3269,-0.000
3270,-0.000
3271,-0.000
3272,-0.000
3273,-873091.786
3274,-1182206.421
3275,-1481900.293
3276,-1511292.685
3277,-1399998.612
3278,-1704691.380
3279,-1923673.245
3280,-2066932.932
3281,-2183724.507
3282,-2282912.400
3283,-1151802.810
3284,-544378.179
3285,-0.000
3286,-0.000
3287,-0.000
3288,-0.000
3289,-0.000
3290,-0.000
3291,-0.000
3292,-0.000
3293,-0.000
3294,-0.000
3295,-37130.193
3296,-460343.756
3297,-1347523.919
3298,-1469232.315
3299,-1748277.726
3300,-1894032.109
3301,-1801074.681
3302,-2034835.099
3303,-2104071.147
3304,-2108821.423
3305,-2166593.313
3306,-2186508.691
3307,-1089291.296
3308,-649437.827
3309,-0.000
3310,-0.000
3311,-0.000
3312,-0.000
3313,-0.000
3314,-0.000
3315,-0.000
3316,-0.000
3317,-0.000
3318,-0.000
3319,-0.000
3320,-0.000
3321,-945796.657
3322,-877176.323
3323,-1108126.333
3324,-1341823.613
3325,-1368598.278
3326,-1416206.159
3327,-1557695.921
3328,-1663107.021
3329,-1758510.411
3330,-1850434.625
3331,-427066.312
3332,-228507.538
3333,-218924.193
3334,-201583.667
3335,-162417.547
3336,-133746.909
3337,-98120.171
3338,-81605.587
3339,-67836.293
3340,-51644.212
3341,-10719.999
3342,-0.000
3343,-29373.767
3344,-271134.887
3345,-532090.916
3346,-659851.929
3347,-722163.198
3348,-731346.243
3349,-723265.336
3350,-842212.196
3351,-949332.730
3352,-992565.346
3353,-1040275.619
3354,-1037320.110
3355,-739199.697
3356,-266023.420
3357,-218299.931
3358,-209051.601
3359,-201358.282
3360,-191783.012
3361,-176011.031
3362,-154363.430
3363,-140977.725
3364,-126007.677
3365,-103313.823
3366,-91480.802
3367,-1303254.315
3368,-809589.692
3369,-2125485.390
3370,-2324529.139
3371,-2428366.844
3372,-2451004.060
3373,-2167476.380
3374,-2508966.733
3375,-2516671.583
3376,-2482337.489
3377,-2445363.519
3378,-2318227.724
3379,-1116410.313
3380,-783613.770
3381,-0.000
3382,-0.000
3383,-48552.086
3384,-120737.176
3385,-81927.817
3386,-53782.110
3387,-25346.591
3388,-3888.466
3389,-0.000
3390,-0.000
3391,-990522.079
3392,-573880.000
3393,-1598987.336
3394,-1700015.477
3395,-1818165.081
3396,-1894367.429
3397,-1728695.952
3398,-2174211.207
3399,-2288523.082
3400,-2239586.728
3401,-2161075.435
3402,-2029343.808
3403,-1056120.785
3404,-777389.829
3405,-0.000
3406,-0.000
3407,-4155.892
3408,-79496.586
3409,-21514.544
3410,-851.062
3411,-0.000
3412,-0.000
3413,-0.000
3414,-0.000
3415,-1144565.625
3416,-623542.954
3417,-1647666.887
3418,-1669138.639
3419,-1797350.809
3420,-1934084.519
3421,-1800838.577
3422,-2154951.124
3423,-2218779.522
3424,-2107213.234
3425,-2148045.461
3426,-2072939.519
3427,-973972.733
3428,-767235.302
3429,-0.000
3430,-0.000
3431,-38863.679
3432,-100653.402
3433,-56541.348
3434,-44130.755
3435,-42979.305
3436,-39171.475
3437,-33303.063
3438,-28434.428
3439,-1344793.587
3440,-734621.633
3441,-1950249.717
3442,-2119314.709
3443,-2215967.199
3444,-2316627.153
3445,-2162188.164
3446,-2525485.460
3447,-2673727.139
3448,-2599411.992
3449,-2628530.417
3450,-2550007.256
3451,-1209454.872
3452,-941380.569
3453,-0.000
3454,-43373.416
3455,-173554.963
3456,-180095.192
3457,-142690.154
3458,-141997.617
3459,-138306.146
3460,-138527.536
3461,-136312.328
3462,-130636.965
3463,-1481822.283
3464,-838326.887
3465,-2146504.428
3466,-2179071.746
3467,-2296922.179
3468,-2378775.079
3469,-2153281.753
3470,-2563486.636
3471,-2506036.578
3472,-2623447.980
3473,-2677076.235
3474,-2700572.171
3475,-1455399.827
3476,-996170.182
3477,-0.000
3478,-109991.850
3479,-224923.392
3480,-226158.902
3481,-177631.374
3482,-162301.617
3483,-147833.531
3484,-146299.960
3485,-139673.126
3486,-126321.422
3487,-155133.642
3488,-294121.543
3489,-1830812.070
3490,-1488125.194
3491,-1510991.595
3492,-1585789.278
3493,-1651206.795
3494,-1779567.923
3495,-1877085.407
3496,-1936059.235
3497,-1796778.548
3498,-1729965.616
3499,-223804.293
3500,-267957.939
3501,-267120.771
3502,-266862.852
3503,-256542.211
3504,-247000.281
3505,-189750.288
3506,-167231.306
3507,-170681.119
3508,-181313.381
3509,-176444.916
3510,-169424.928
3511,-179389.187
3512,-205094.065
3513,-346775.450
3514,-516703.456
3515,-749582.137
3516,-824289.840
3517,-770710.658
3518,-697377.505
3519,-530599.395
3520,-539126.019
3521,-449142.168
3522,-337456.898
3523,-237747.384
3524,-158220.161
3525,-149939.433
3526,-149688.502
3527,-156681.250
3528,-160903.173
3529,-158776.846
3530,-149601.523
3531,-144566.895
3532,-146095.398
3533,-131830.662
3534,-125707.203
3535,-1569464.991
3536,-919696.167
3537,-2383191.330
3538,-2442494.584
3539,-2825000.143
3540,-2884187.703
3541,-2402887.529
3542,-2760465.098
3543,-2912810.819
3544,-3051521.300
3545,-2957688.720
3546,-2858978.468
3547,-1488891.244
3548,-1042178.260
3549,-0.000
3550,-217740.183
3551,-276340.139
3552,-280375.023
3553,-228283.289
3554,-222120.411
3555,-220251.496
3556,-215020.871
3557,-199368.204
3558,-191696.919
3559,-1580061.965
3560,-1048216.501
3561,-2599783.058
3562,-2779673.565
3563,-2950986.283
3564,-2996253.502
3565,-2614759.043
3566,-3036130.733
3567,-3067792.302
3568,-3141484.533
3569,-3047307.279
3570,-2929071.282
3571,-1527209.678
3572,-1102250.530
3573,-0.000
3574,-263188.439
3575,-312091.581
3576,-296844.808
3577,-236938.293
3578,-216715.053
3579,-201868.732
3580,-201852.825
3581,-202622.777
3582,-186350.939
3583,-1594937.603
3584,-1095742.192
3585,-2709981.516
3586,-2722941.262
3587,-2826000.358
3588,-2849993.162
3589,-2451212.865
3590,-2921612.139
3591,-2890433.138
3592,-2999885.080
3593,-3032423.058
3594,-3120057.223
3595,-1586009.081
3596,-1061204.973
3597,-0.000
3598,-256560.876
3599,-306350.670
3600,-310074.291
3601,-255742.512
3602,-238499.558
3603,-214023.075
3604,-195085.397
3605,-187038.116
3606,-184283.123
3607,-1551419.310
3608,-1047787.405
3609,-2649742.869
3610,-2750087.164
3611,-2787838.610
3612,-2696269.825
3613,-2360427.239
3614,-2777010.175
3615,-2955198.711
3616,-2767853.323
3617,-2590261.490
3618,-2603770.114
3619,-1445481.203
3620,-1006804.310
3621,-0.000
3622,-106655.052
3623,-244723.770
3624,-265930.088
3625,-227935.431
3626,-211802.450
3627,-203768.653
3628,-207336.793
3629,-202491.771
3630,-194668.691
3631,-1579888.563
3632,-1042592.823
3633,-2638781.817
3634,-2835909.351
3635,-2972041.942
3636,-2912374.635
3637,-2542816.599
3638,-2994126.045
3639,-3130559.159
3640,-3030472.779
3641,-2830739.359
3642,-2776729.683
3643,-1328076.814
3644,-1005489.113
3645,-0.000
3646,-138236.408
3647,-252986.622
3648,-267120.928
3649,-223623.343
3650,-208002.083
3651,-194365.300
3652,-187716.237
3653,-180712.454
3654,-176381.098
3655,-222474.873
3656,-381969.312
3657,-1964759.299
3658,-1707131.263
3659,-1792361.966
3660,-1761982.093
3661,-1594850.455
3662,-1764360.421
3663,-1736638.976
3664,-1796826.113
3665,-1677065.379
3666,-1752169.624
3667,-309282.385
3668,-273678.618
3669,-276995.120
3670,-285646.237
3671,-295546.580
3672,-283532.721
3673,-226131.837
3674,-243928.901
3675,-240892.455
3676,-238584.888
3677,-237963.973
3678,-236660.346
3679,-265487.739
3680,-402962.107
3681,-655237.056
3682,-809339.189
3683,-871381.015
3684,-908274.331
3685,-721413.191
3686,-819533.967
3687,-656016.508
3688,-662858.390
3689,-715857.580
3690,-691532.641
3691,-500364.077
3692,-274527.376
3693,-254929.205
3694,-251254.657
3695,-258867.010
3696,-268551.190
3697,-274563.350
3698,-274368.851
3699,-268942.874
3700,-272336.340
3701,-271999.407
3702,-265515.229
3703,-1323289.616
3704,-1014116.101
3705,-2620362.959
3706,-2790799.427
3707,-2927887.152
3708,-2874850.442
3709,-2484486.980
3710,-3147551.627
3711,-3031535.743
3712,-3074214.698
3713,-3023672.609
3714,-3032414.154
3715,-1503970.373
3716,-1127957.177
3717,-0.000
3718,-295266.087
3719,-347975.627
3720,-353510.236
3721,-302493.787
3722,-289966.988
3723,-257030.268
3724,-245085.032
3725,-266483.203
3726,-258580.302
3727,-1297276.691
3728,-1021252.525
3729,-2542648.552
3730,-2694898.438
3731,-3002509.384
3732,-3079295.150
3733,-2720754.219
3734,-3217804.353
3735,-3293780.422
3736,-3252923.540
3737,-3212137.883
3738,-3032623.165
3739,-1372690.468
3740,-1131785.770
3741,-0.000
3742,-287658.416
3743,-360012.048
3744,-323758.230
3745,-277800.181
3746,-273689.442
3747,-251320.934
3748,-216422.112
3749,-221430.165
3750,-244556.606
3751,-1258048.242
3752,-992732.881
3753,-2571563.901
3754,-2719802.172
3755,-2846835.234
3756,-2920790.856
3757,-2526601.265
3758,-2873168.313
3759,-2819826.871
3760,-2639992.066
3761,-2428414.617
3762,-2334044.495
3763,-1050184.793
3764,-908708.979
3765,-0.000
3766,-0.000
3767,-131887.716
3768,-182041.789
3769,-136040.537
3770,-117364.874
3771,-86257.902
3772,-84123.860
3773,-85561.099
3774,-41987.450
3775,-1410783.471
3776,-803698.335
3777,-2164758.139
3778,-2341865.676
3779,-2536846.872
3780,-2553283.921
3781,-2165975.518
3782,-2475584.130
3783,-2352790.990
3784,-2352801.027
3785,-2186214.918
3786,-2114939.542
3787,-934209.289
3788,-814228.406
3789,-0.000
3790,-0.000
3791,-61564.857
3792,-147191.735
3793,-79996.666
3794,-41626.075
3795,-35970.444
3796,-34732.358
3797,-56911.788
3798,-44100.528
3799,-1310084.344
3800,-713803.030
3801,-1872638.959
3802,-1883304.616
3803,-1928406.123
3804,-1964354.292
3805,-1692597.659
3806,-2103975.189
3807,-2292646.556
3808,-2258623.472
3809,-2282770.325
3810,-2215674.817
3811,-968228.945
3812,-846580.688
3813,-0.000
3814,-0.000
3815,-112487.076
3816,-161104.512
3817,-126738.183
3818,-76380.180
3819,-78018.453
3820,-113397.837
3821,-114379.146
3822,-101307.892
3823,-99899.271
3824,-135543.650
3825,-1504333.358
3826,-1268267.993
3827,-1307284.967
3828,-1353716.861
3829,-1340328.902
3830,-1375000.792
3831,-1441180.811
3832,-1458561.718
3833,-1380112.733
3834,-1481897.244
3835,-27199.656
3836,-196951.096
3837,-216416.860
3838,-215393.944
3839,-175329.309
3840,-166632.177
3841,-118002.343
3842,-121198.399
3843,-122738.839
3844,-121042.259
3845,-114178.630
3846,-110333.566
3847,-156662.970
3848,-405701.219
3849,-707252.774
3850,-782341.982
3851,-825763.177
3852,-698687.372
3853,-701290.170
3854,-882407.046
3855,-991470.561
3856,-693418.271
3857,-571577.915
3858,-412958.002
3859,-341954.187
3860,-212791.709
3861,-187594.491
3862,-188983.314
3863,-180381.114
3864,-166820.775
3865,-165423.572
3866,-163070.187
3867,-162210.091
3868,-156017.605
3869,-147000.677
3870,-142683.660
3871,-1541925.107
3872,-907326.309
3873,-2237515.417
3874,-2221863.181
3875,-2402197.664
3876,-2542161.176
3877,-2357486.092
3878,-2719995.858
3879,-2546440.211
3880,-2240173.997
3881,-2252349.528
3882,-2289560.722
3883,-1122264.526
3884,-926759.652
3885,-0.000
3886,-22986.993
3887,-174627.535
3888,-182245.832
3889,-115880.267
3890,-94953.775
3891,-87474.778
3892,-87652.447
3893,-106506.220
3894,-120389.570
3895,-1543400.120
3896,-887009.306
3897,-2285420.173
3898,-2372671.612
3899,-2717685.307
3900,-2966037.948
3901,-2495003.929
3902,-2873217.635
3903,-2770755.521
3904,-2476597.041
3905,-2426455.602
3906,-2474263.307
3907,-1167889.978
3908,-1006760.487
3909,-0.000
3910,-47679.308
3911,-215449.726
3912,-247547.031
3913,-212232.124
3914,-209548.394
3915,-209305.641
3916,-209242.790
3917,-202619.885
3918,-191193.967
3919,-1609247.332
3920,-925811.005
3921,-2327106.019
3922,-2398077.022
3923,-2496141.770
3924,-2616960.364
3925,-2322995.358
3926,-2857089.252
3927,-2933404.900
3928,-2996783.571
3929,-2572541.421
3930,-2337663.250
3931,-1120683.519
3932,-969892.879
3933,-0.000
3934,-22850.297
3935,-192228.583
3936,-218523.866
3937,-165744.056
3938,-135692.305
3939,-137218.149
3940,-148363.521
3941,-143215.319
3942,-145261.185
3943,-1511876.844
3944,-802995.985
3945,-2066733.980
3946,-2146854.912
3947,-2221144.960
3948,-2289587.620
3949,-1912932.636
3950,-2151680.505
3951,-2140733.905
3952,-2125922.390
3953,-2006516.078
3954,-1960908.990
3955,-911340.276
3956,-834314.761
3957,-0.000
3958,-0.000
3959,-56264.849
3960,-131412.953
3961,-94720.224
3962,-78082.904
3963,-71848.115
3964,-76884.180
3965,-84662.596
3966,-72609.489
3967,-1467224.262
3968,-776351.596
3969,-2060875.736
3970,-2145108.372
3971,-2272867.291
3972,-2314443.473
3973,-2054295.882
3974,-2591501.860
3975,-2618855.084
3976,-2779454.071
3977,-2459066.455
3978,-2247347.823
3979,-944838.536
3980,-815747.227
3981,-0.000
3982,-0.000
3983,-0.000
3984,-56253.045
3985,-56972.396
3986,-50023.411
3987,-49268.812
3988,-46539.701
3989,-44980.433
3990,-41177.796
3991,-77152.585
3992,-216067.338
3993,-1748855.673
3994,-1460496.415
3995,-1519216.656
3996,-1679947.086
3997,-1632540.580
3998,-1660160.804
3999,-1728707.680
4000,-1552660.589
4001,-1388688.814
4002,-1309431.326
4003,-59587.021
4004,-201418.903
4005,-225138.333
4006,-238510.903
4007,-243732.717
4008,-244729.804
4009,-188378.948
4010,-173551.619
4011,-169405.471
4012,-173273.641
4013,-184567.015
4014,-190371.310
4015,-202274.604
4016,-268417.142
4017,-350990.897
4018,-367284.878
4019,-445710.313
4020,-511221.012
4021,-593940.339
4022,-648320.204
4023,-640365.938
4024,-558607.065
4025,-443829.622
4026,-350214.671
4027,-288407.556
4028,-236172.462
4029,-234758.041
4030,-238667.101
4031,-232291.817
4032,-216710.233
4033,-207224.835
4034,-198882.728
4035,-197240.743
4036,-205818.867
4037,-215922.086
4038,-218741.782
4039,-1602654.041
4040,-907534.538
4041,-2328866.518
4042,-2530161.671
4043,-2756294.829
4044,-2890444.247
4045,-2521709.400
4046,-2850212.615
4047,-2961446.073
4048,-2922204.956
4049,-2949179.780
4050,-2885602.890
4051,-1404158.224
4052,-1067755.428
4053,-0.000
4054,-214164.389
4055,-291815.397
4056,-310794.422
4057,-270151.963
4058,-259592.244
4059,-256400.910
4060,-226414.423
4061,-212191.160
4062,-207625.893
4063,-1553193.769
4064,-889652.503
4065,-2274094.679
4066,-2405695.213
4067,-2692844.020
4068,-2941137.455
4069,-2550597.822
4070,-2921118.440
4071,-2866758.760
4072,-2829170.669
4073,-2934186.196
4074,-2796296.088
4075,-1301449.785
4076,-1111354.385
4077,-0.000
4078,-258495.404
4079,-321792.522
4080,-326437.211
4081,-277584.564
4082,-263060.354
4083,-245858.081
4084,-248261.225
4085,-238991.589
4086,-230524.263
4087,-1588511.786
4088,-915262.824
4089,-2343874.530
4090,-2390715.343
4091,-2499594.827
4092,-2621420.354
4093,-2262343.267
4094,-2578480.351
4095,-2702551.988
4096,-2736533.969
4097,-2617555.580
4098,-2559301.393
4099,-1187296.365
4100,-1028319.719
4101,-0.000
4102,-112563.566
4103,-252085.893
4104,-287729.010
4105,-258152.965
4106,-245214.257
4107,-230203.425
4108,-210375.255
4109,-208170.937
4110,-205001.522
4111,-1578302.260
4112,-929503.944
4113,-2419470.044
4114,-2557373.078
4115,-2750937.028
4116,-2859220.605
4117,-2558454.639
4118,-2945217.172
4119,-2957630.220
4120,-2851989.709
4121,-2772513.249
4122,-2701892.126
4123,-1336940.951
4124,-1045059.403
4125,-0.000
4126,-232329.282
4127,-300789.843
4128,-315498.942
4129,-265609.174
4130,-247881.824
4131,-235439.145
4132,-233701.288
4133,-227931.471
4134,-222645.528
4135,-1595119.104
4136,-1062220.334
4137,-2668158.815
4138,-2740573.198
4139,-2884282.270
4140,-2860282.150
4141,-2463674.381
4142,-3018489.833
4143,-3130277.732
4144,-3239383.065
4145,-3220539.890
4146,-3218386.185
4147,-1707998.284
4148,-1133055.761
4149,-2888.331
4150,-308899.845
4151,-341256.790
4152,-331270.030
4153,-272074.385
4154,-250007.704
4155,-241603.797
4156,-249121.220
4157,-246865.767
4158,-245662.098
4159,-321473.813
4160,-500530.713
4161,-2115523.849
4162,-1865240.084
4163,-1889276.395
4164,-1855789.136
4165,-1842075.588
4166,-2015922.621
4167,-2205141.683
4168,-2305227.794
4169,-2427973.727
4170,-2423212.290
4171,-804265.230
4172,-427207.647
4173,-379647.173
4174,-389893.958
4175,-378462.368
4176,-356028.448
4177,-295352.118
4178,-264739.223
4179,-248676.387
4180,-238689.528
4181,-206772.901
4182,-183902.739
4183,-256814.627
4184,-545535.546
4185,-798530.418
4186,-873101.544
4187,-889058.950
4188,-848800.544
4189,-771930.739
4190,-911939.981
4191,-1113491.598
4192,-1203332.513
4193,-1263776.859
4194,-1365204.844
4195,-1031979.319
4196,-382181.654
4197,-317222.716
4198,-323555.640
4199,-323250.661
4200,-306023.149
4201,-293026.582
4202,-262870.928
4203,-242391.543
4204,-234371.069
4205,-214497.698
4206,-199621.022
4207,-1532236.354
4208,-1091461.781
4209,-2644161.770
4210,-2717690.705
4211,-2772747.098
4212,-2743966.344
4213,-2320450.857
4214,-2781358.617
4215,-2961178.752
4216,-3087937.333
4217,-3157837.673
4218,-3212298.692
4219,-1820228.501
4220,-1092498.685
4221,-13643.452
4222,-350136.743
4223,-373202.218
4224,-360930.094
4225,-306930.679
4226,-280702.461
4227,-260577.349
4228,-252747.682
4229,-234135.042
4230,-227405.632
4231,-1261815.641
4232,-1129377.988
4233,-2675422.439
4234,-2751898.978
4235,-2820373.208
4236,-2769944.453
4237,-2414769.732
4238,-2865193.001
4239,-3074818.062
4240,-2900962.965
4241,-2860106.545
4242,-2989203.296
4243,-1665318.117
4244,-1059225.507
4245,-0.000
4246,-288092.329
4247,-327620.051
4248,-322226.097
4249,-270763.024
4250,-248212.070
4251,-234601.102
4252,-234520.727
4253,-226141.098
4254,-225139.426
4255,-1268650.705
4256,-1110792.255
4257,-2654959.666
4258,-2782400.199
4259,-2879738.858
4260,-2882085.396
4261,-2469982.793
4262,-2998798.395
4263,-3159095.414
4264,-3234807.205
4265,-3337806.257
4266,-3445916.009
4267,-1792242.226
4268,-1123036.657
4269,-0.000
4270,-324318.499
4271,-358368.006
4272,-358374.055
4273,-309462.493
4274,-290747.557
4275,-276991.870
4276,-277428.161
4277,-278104.877
4278,-277595.836
4279,-1310843.829
4280,-1128742.092
4281,-2729819.552
4282,-2769821.581
4283,-2850684.567
4284,-2821975.738
4285,-2441918.027
4286,-2931817.172
4287,-3078735.423
4288,-3143004.981
4289,-3295660.744
4290,-3492600.647
4291,-2023436.502
4292,-1155156.897
4293,-35553.562
4294,-392830.230
4295,-403293.687
4296,-390843.669
4297,-335095.215
4298,-306447.778
4299,-280365.219
4300,-269980.176
4301,-256222.900
4302,-244372.740
4303,-1307499.665
4304,-1145220.009
4305,-2744473.101
4306,-2882945.108
4307,-3079190.860
4308,-3109953.270
4309,-2733266.319
4310,-3313944.443
4311,-3213979.515
4312,-3154629.569
4313,-3124572.181
4314,-3258769.605
4315,-1650837.880
4316,-1084422.984
4317,-0.000
4318,-285013.587
4319,-332629.296
4320,-330938.626
4321,-280634.601
4322,-261369.734
4323,-239851.900
4324,-235264.407
4325,-224906.297
4326,-213754.670
4327,-270018.581
4328,-419875.305
4329,-1953994.359
4330,-1711575.142
4331,-1728165.834
4332,-1720562.224
4333,-1633485.615
4334,-1640197.031
4335,-1720303.670
4336,-1595137.836
4337,-1522167.356
4338,-1440179.576
4339,-49376.116
4340,-230747.837
4341,-236947.269
4342,-249036.491
4343,-250878.385
4344,-234970.715
4345,-181625.647
4346,-174775.965
4347,-174206.518
4348,-176208.715
4349,-179206.318
4350,-178930.824
4351,-222026.086
4352,-408789.284
4353,-673500.277
4354,-730599.728
4355,-771839.817
4356,-798486.703
4357,-725535.121
4358,-858283.571
4359,-964332.799
4360,-775919.030
4361,-689876.359
4362,-766371.847
4363,-602858.475
4364,-269071.373
4365,-232707.280
4366,-174055.838
4367,-157656.655
4368,-149796.098
4369,-150315.386
4370,-140984.089
4371,-133695.259
4372,-149324.897
4373,-167393.213
4374,-145173.641
4375,-1415186.742
4376,-752789.388
4377,-1958981.313
4378,-2049212.972
4379,-2107947.027
4380,-2110518.995
4381,-1790800.556
4382,-2056472.319
4383,-2053343.066
4384,-2072248.496
4385,-2056199.896
4386,-2037807.446
4387,-927900.270
4388,-864492.277
4389,-0.000
4390,-0.000
4391,-100004.838
4392,-160549.426
4393,-164769.881
4394,-168660.176
4395,-180006.252
4396,-153453.466
4397,-148644.132
4398,-137642.844
4399,-1510617.337
4400,-837791.749
4401,-2156558.953
4402,-2157310.868
4403,-2213927.667
4404,-2343083.280
4405,-2264771.098
4406,-2782076.268
4407,-2720339.720
4408,-2476772.517
4409,-2467821.023
4410,-2410353.738
4411,-1147819.436
4412,-990484.588
4413,-0.000
4414,-60037.732
4415,-219171.275
4416,-273765.239
4417,-217526.540
4418,-179060.097
4419,-165092.040
4420,-159232.731
4421,-158830.355
4422,-164545.696
4423,-1534039.225
4424,-833970.991
4425,-2144679.237
4426,-2176284.857
4427,-2286518.076
4428,-2386350.789
4429,-2135913.735
4430,-2557053.754
4431,-2558664.418
4432,-2646008.689
4433,-2590905.003
4434,-2396176.477
4435,-1087539.412
4436,-1019878.111
4437,-0.000
4438,-91482.409
4439,-243535.475
4440,-276990.017
4441,-231380.841
4442,-227627.750
4443,-226870.554
4444,-228211.018
4445,-244614.111
4446,-241098.307
4447,-1656655.480
4448,-978100.298
4449,-2525143.154
4450,-2576337.322
4451,-2747744.418
4452,-2904598.437
4453,-2630483.692
4454,-2880710.470
4455,-2724689.784
4456,-2790993.276
4457,-2745245.644
4458,-2561476.720
4459,-1179772.297
4460,-1068268.718
4461,-0.000
4462,-104385.331
4463,-247011.740
4464,-271213.942
4465,-221540.317
4466,-198713.711
4467,-177151.130
4468,-158704.773
4469,-144936.978
4470,-142580.185
4471,-1586830.826
4472,-948224.030
4473,-2464104.672
4474,-2571597.841
4475,-2764467.400
4476,-2882138.612
4477,-2522612.372
4478,-2689334.535
4479,-2573045.200
4480,-2627779.361
4481,-2784062.423
4482,-2855748.908
4483,-1366265.401
4484,-984652.383
4485,-0.000
4486,-78607.333
4487,-217994.671
4488,-231365.625
4489,-159327.955
4490,-152620.133
4491,-153991.120
4492,-163745.322
4493,-193400.959
4494,-178414.871
4495,-186576.586
4496,-235303.933
4497,-1733932.265
4498,-1589984.384
4499,-1735301.601
4500,-1835543.553
4501,-1913126.001
4502,-1674976.618
4503,-1585614.162
4504,-1483314.320
4505,-1566781.004
4506,-1537716.555
4507,-254178.020
4508,-239018.325
4509,-250563.607
4510,-257696.582
4511,-262706.932
4512,-257095.566
4513,-194939.567
4514,-177270.545
4515,-163829.130
4516,-161634.817
4517,-163797.596
4518,-161364.869
4519,-227128.441
4520,-381481.453
4521,-619670.233
4522,-813995.536
4523,-929557.952
4524,-917867.387
4525,-886905.974
4526,-973120.325
4527,-1093967.345
4528,-1249080.196
4529,-1275823.326
4530,-926822.020
4531,-620216.686
4532,-256655.300
4533,-264890.497
4534,-268147.687
4535,-245779.571
4536,-226296.319
4537,-227635.049
4538,-214371.137
4539,-200184.136
4540,-197332.816
4541,-191894.262
4542,-178572.156
4543,-1577224.604
4544,-1030898.692
4545,-2572105.532
4546,-2646670.577
4547,-2831724.650
4548,-2946289.651
4549,-2523921.353
4550,-3091856.713
4551,-3241468.783
4552,-3302547.611
4553,-3359415.472
4554,-3436359.054
4555,-1745733.115
4556,-1078134.644
4557,-0.000
4558,-311702.766
4559,-345931.094
4560,-332849.464
4561,-282125.954
4562,-265335.130
4563,-262379.388
4564,-267747.104
4565,-251843.915
4566,-245496.556
4567,-1343404.947
4568,-1153758.469
4569,-2856891.594
4570,-2983785.088
4571,-3176499.399
4572,-3247772.924
4573,-2798725.503
4574,-3360039.663
4575,-3452089.485
4576,-3469575.934
4577,-3495262.612
4578,-3456094.793
4579,-1974398.348
4580,-1191940.354
4581,-37747.891
4582,-401789.157
4583,-409740.710
4584,-387499.028
4585,-325032.494
4586,-289339.231
4587,-271381.682
4588,-274601.828
4589,-274837.273
4590,-276282.999
4591,-1363376.455
4592,-1160482.569
4593,-2833152.645
4594,-2938018.687
4595,-3016516.543
4596,-3042526.030
4597,-2602892.555
4598,-3128863.933
4599,-3348438.849
4600,-3401028.222
4601,-3520266.250
4602,-3584051.751
4603,-2091646.537
4604,-1126937.488
4605,-36814.958
4606,-386290.076
4607,-380753.515
4608,-349646.056
4609,-289077.474
4610,-261167.515
4611,-246764.248
4612,-249185.911
4613,-227739.133
4614,-223395.836
4615,-1285745.133
4616,-1152246.031
4617,-2800887.854
4618,-2852864.857
4619,-2883028.652
4620,-2916630.391
4621,-2504098.643
4622,-2996844.736
4623,-3160213.803
4624,-3249147.474
4625,-3278856.508
4626,-3415177.952
4627,-2110020.320
4628,-1119090.862
4629,-43040.219
4630,-397514.882
4631,-402780.838
4632,-381457.712
4633,-327461.837
4634,-295145.145
4635,-271029.565
4636,-273655.101
4637,-266354.194
4638,-260877.690
4639,-1329633.947
4640,-1149715.918
4641,-2785398.917
4642,-2826234.320
4643,-2877134.386
4644,-2801761.353
4645,-2422628.390
4646,-2919146.703
4647,-3037016.842
4648,-3152531.587
4649,-3280600.848
4650,-3359035.424
4651,-2087047.256
4652,-1100559.475
4653,-42941.473
4654,-383870.962
4655,-382561.963
4656,-366865.078
4657,-320135.547
4658,-296595.966
4659,-270773.513
4660,-266218.189
4661,-257239.619
4662,-257144.421
4663,-346877.892
4664,-595989.998
4665,-2223247.607
4666,-1816119.254
4667,-1846048.850
4668,-1850732.704
4669,-1809621.512
4670,-1926805.769
4671,-2125605.253
4672,-2266132.245
4673,-2459174.905
4674,-2546205.745
4675,-908181.836
4676,-492771.338
4677,-441721.579
4678,-424275.740
4679,-411799.895
4680,-393661.308
4681,-343665.912
4682,-315280.728
4683,-289406.888
4684,-287306.026
4685,-287997.741
4686,-270895.300
4687,-344175.639
4688,-589292.985
4689,-831248.509
4690,-869753.595
4691,-912094.221
4692,-925048.701
4693,-874028.087
4694,-832962.068
4695,-852483.154
4696,-951999.425
4697,-936833.374
4698,-879891.589
4699,-911842.321
4700,-384434.527
4701,-356031.243
4702,-358576.932
4703,-347246.943
4704,-329416.385
4705,-329134.109
4706,-324108.894
4707,-312894.484
4708,-309398.719
4709,-301849.231
4710,-299080.742
4711,-1370512.725
4712,-1165108.325
4713,-2892833.634
4714,-2962634.972
4715,-3047417.350
4716,-3048140.167
4717,-2642137.882
4718,-3217883.350
4719,-3334646.503
4720,-3475343.200
4721,-3496401.202
4722,-3576721.785
4723,-1940922.502
4724,-1241832.347
4725,-54398.872
4726,-434826.516
4727,-442312.073
4728,-427793.709
4729,-373185.276
4730,-364488.182
4731,-360183.211
4732,-362954.002
4733,-359075.564
4734,-352075.042
4735,-1359156.177
4736,-1142466.888
4737,-2854645.658
4738,-3005852.316
4739,-3095568.097
4740,-3123690.520
4741,-2522264.236
4742,-2935048.279
4743,-3205492.341
4744,-3499593.988
4745,-3594532.346
4746,-3379234.024
4747,-1660210.266
4748,-1237040.302
4749,-9967.358
4750,-386368.418
4751,-414258.633
4752,-416593.588
4753,-370779.138
4754,-363190.015
4755,-360999.824
4756,-360707.401
4757,-319827.481
4758,-306622.324
4759,-1355422.007
4760,-1106222.559
4761,-2858102.227
4762,-3037254.100
4763,-3262333.232
4764,-3355812.912
4765,-2828300.461
4766,-3372496.804
4767,-3422096.470
4768,-3437213.466
4769,-3529366.401
4770,-3511247.596
4771,-1817200.270
4772,-1232908.314
4773,-14856.788
4774,-398002.949
4775,-430633.036
4776,-435428.116
4777,-384746.372
4778,-370632.001
4779,-364371.862
4780,-365298.884
4781,-355150.760
4782,-341476.965
4783,-1365588.006
4784,-1129393.317
4785,-2894217.338
4786,-3038038.619
4787,-3168451.847
4788,-3203189.838
4789,-2699003.110
4790,-3109785.432
4791,-3251042.597
4792,-3288270.298
4793,-3170098.457
4794,-3213529.275
4795,-1788106.770
4796,-1220056.523
4797,-39355.095
4798,-417393.356
4799,-430699.988
4800,-422459.417
4801,-367901.667
4802,-348194.316
4803,-339338.365
4804,-341549.930
4805,-325250.316
4806,-305460.623
4807,-1332358.606
4808,-1107781.888
4809,-2773790.997
4810,-2864579.265
4811,-2888088.938
4812,-2777924.103
4813,-2459585.340
4814,-3007458.180
4815,-3116033.915
4816,-3190144.118
4817,-3305909.141
4818,-3414486.752
4819,-1750061.892
4820,-1160671.904
4821,-0.000
4822,-349955.387
4823,-384887.133
4824,-383310.106
4825,-338994.452
4826,-304639.430
4827,-276788.681
4828,-275021.363
4829,-261075.545
4830,-245331.879
4831,-317536.865
4832,-519057.820
4833,-2201788.228
4834,-1857545.372
4835,-1933719.564
4836,-1937772.724
4837,-1918193.062
4838,-2051152.301
4839,-2166924.302
4840,-2279925.553
4841,-2329722.158
4842,-2338832.339
4843,-694971.081
4844,-440708.725
4845,-428728.064
4846,-442236.654
4847,-428298.990
4848,-394005.192
4849,-332199.636
4850,-295795.952
4851,-265742.171
4852,-267117.153
4853,-262359.438
4854,-253922.426
4855,-336030.426
4856,-598228.903
4857,-860927.675
4858,-932200.114
4859,-969884.746
4860,-945334.263
4861,-920106.480
4862,-1080299.798
4863,-1283455.083
4864,-1338859.425
4865,-1395588.614
4866,-1490898.858
4867,-1198600.560
4868,-481471.038
4869,-414705.533
4870,-420779.878
4871,-413168.006
4872,-385560.433
4873,-379586.727
4874,-359375.958
4875,-346106.597
4876,-344103.303
4877,-322852.850
4878,-305269.787
4879,-1331537.865
4880,-1140629.759
4881,-2743379.130
4882,-2886409.375
4883,-3080000.708
4884,-3107682.936
4885,-2654753.865
4886,-3210140.519
4887,-3333562.840
4888,-3434264.726
4889,-3519015.728
4890,-3649353.216
4891,-2171480.627
4892,-1254258.321
4893,-66104.162
4894,-472166.867
4895,-475062.001
4896,-459814.859
4897,-409049.351
4898,-383099.350
4899,-367497.020
4900,-363003.485
4901,-345087.920
4902,-325179.206
4903,-1361192.533
4904,-1204707.084
4905,-2902533.481
4906,-3013182.699
4907,-3225345.912
4908,-3247530.872
4909,-2788725.068
4910,-3298430.423
4911,-3384608.493
4912,-3462494.117
4913,-3628786.249
4914,-3816064.645
4915,-2180540.318
4916,-1326278.222
4917,-177662.267
4918,-499451.390
4919,-523607.015
4920,-491579.094
4921,-435056.733
4922,-402413.198
4923,-386029.182
4924,-383461.817
4925,-359612.903
4926,-341049.714
4927,-1396650.999
4928,-1245992.788
4929,-3044307.372
4930,-3141047.691
4931,-3368590.080
4932,-3362330.849
4933,-2816036.256
4934,-3378504.709
4935,-3501730.295
4936,-3614690.507
4937,-3757509.466
4938,-3870209.301
4939,-2152759.597
4940,-1374869.692
4941,-101555.848
4942,-544481.910
4943,-549184.987
4944,-524411.604
4945,-471403.670
4946,-445370.040
4947,-428853.304
4948,-428088.283
4949,-410599.924
4950,-397549.418
4951,-1510393.965
4952,-1232769.048
4953,-2990489.843
4954,-3057277.498
4955,-3215048.137
4956,-3280945.465
4957,-2776319.671
4958,-3285735.551
4959,-3468327.186
4960,-3522040.139
4961,-3626625.341
4962,-3716514.509
4963,-2160965.790
4964,-1267489.609
4965,-145254.568
4966,-470775.542
4967,-493253.573
4968,-466472.276
4969,-412066.659
4970,-384997.594
4971,-369940.118
4972,-370742.496
4973,-351537.918
4974,-339172.152
4975,-1385331.408
4976,-1183876.702
4977,-2881342.569
4978,-2947611.736
4979,-3116216.491
4980,-3188317.995
4981,-2704758.417
4982,-3243928.435
4983,-3370974.073
4984,-3492876.033
4985,-3634269.163
4986,-3740040.382
4987,-2124467.019
4988,-1270061.954
4989,-77116.268
4990,-486730.150
4991,-482747.559
4992,-449881.483
4993,-392451.737
4994,-373831.064
4995,-365130.807
4996,-354359.714
4997,-324739.866
4998,-307031.404
4999,-362486.460
5000,-584817.233
5001,-2262574.541
5002,-1934125.643
5003,-2046222.347
5004,-2078163.713
5005,-2045301.160
5006,-2180439.095
5007,-2308454.998
5008,-2434463.089
5009,-2536552.062
5010,-2684987.137
5011,-1051768.885
5012,-541970.925
5013,-500615.925
5014,-515538.220
5015,-499670.858
5016,-470024.500
5017,-410855.813
5018,-378606.487
5019,-355863.495
5020,-350315.164
5021,-327636.185
5022,-312325.907
5023,-379116.231
5024,-613380.328
5025,-874912.137
5026,-967829.727
5027,-1051657.437
5028,-1030246.698
5029,-995376.126
5030,-1147515.180
5031,-1338551.985
5032,-1387189.101
5033,-1422664.675
5034,-1506590.705
5035,-1150921.146
5036,-512006.080
5037,-444488.337
5038,-410958.701
5039,-382608.415
5040,-368212.053
5041,-368132.592
5042,-361141.062
5043,-356663.447
5044,-358868.542
5045,-344066.810
5046,-328114.705
5047,-1396883.945
5048,-1232224.129
5049,-3037899.759
5050,-3110412.581
5051,-3239940.856
5052,-3262293.333
5053,-2780967.596
5054,-3335274.010
5055,-3396422.794
5056,-3132452.155
5057,-2941292.298
5058,-2766592.235
5059,-1355557.371
5060,-929599.497
5061,-0.000
5062,-92008.156
5063,-223454.074
5064,-249182.796
5065,-213892.337
5066,-201014.227
5067,-190357.747
5068,-200597.671
5069,-204929.737
5070,-209474.291
5071,-1602360.970
5072,-1065590.484
5073,-2546963.014
5074,-2591841.314
5075,-2826207.509
5076,-2952959.858
5077,-2561444.077
5078,-3064757.315
5079,-3205426.141
5080,-3308661.337
5081,-3425259.954
5082,-3577372.735
5083,-2023679.638
5084,-1199811.171
5085,-44086.404
5086,-421063.990
5087,-426797.106
5088,-408075.745
5089,-351170.452
5090,-320250.346
5091,-302547.684
5092,-305415.692
5093,-290422.549
5094,-269786.370
5095,-1313966.558
5096,-1122356.831
5097,-2749305.685
5098,-2818045.619
5099,-2952132.997
5100,-2935163.431
5101,-2503249.763
5102,-2967226.487
5103,-3096404.641
5104,-3175368.970
5105,-3268749.901
5106,-3426833.812
5107,-2084414.254
5108,-1139553.458
5109,-49075.722
5110,-414129.309
5111,-425989.723
5112,-415392.435
5113,-364533.943
5114,-337290.104
5115,-321050.869
5116,-319614.528
5117,-304074.492
5118,-292353.917
5119,-1364492.495
5120,-1176008.884
5121,-2911465.847
5122,-3013908.984
5123,-3180664.916
5124,-3269390.541
5125,-2830196.357
5126,-3417348.485
5127,-3525975.351
5128,-3516734.345
5129,-3417051.173
5130,-3367603.959
5131,-1771478.919
5132,-1171318.642
5133,-56735.386
5134,-431056.447
5135,-445473.588
5136,-436330.498
5137,-382101.067
5138,-309426.879
5139,-275243.159
5140,-273950.244
5141,-245781.177
5142,-219592.956
5143,-1508860.696
5144,-905417.230
5145,-2327340.959
5146,-2382412.869
5147,-2551999.540
5148,-2744111.418
5149,-2446959.242
5150,-2796566.357
5151,-2924734.149
5152,-2990828.630
5153,-2891937.511
5154,-2727341.698
5155,-1281586.960
5156,-897369.014
5157,-0.000
5158,-13620.964
5159,-190123.970
5160,-204066.743
5161,-165952.542
5162,-159936.796
5163,-150695.550
5164,-143101.674
5165,-139175.277
5166,-139800.114
5167,-161863.709
5168,-327679.637
5169,-1955226.180
5170,-1652238.337
5171,-1675566.395
5172,-1695623.043
5173,-1634822.451
5174,-1560225.207
5175,-1585896.094
5176,-1420824.842
5177,-1415992.766
5178,-1355164.879
5179,-0.000
5180,-132724.136
5181,-156819.573
5182,-167360.035
5183,-205753.918
5184,-213931.491
5185,-149593.820
5186,-129256.641
5187,-126126.106
5188,-127490.791
5189,-114604.742
5190,-103715.371
5191,-139587.475
5192,-219504.850
5193,-405385.578
5194,-620425.457
5195,-706258.412
5196,-662213.014
5197,-512772.941
5198,-463785.023
5199,-505649.852
5200,-591708.492
5201,-522001.184
5202,-347498.713
5203,-367492.373
5204,-203209.437
5205,-185451.054
5206,-178619.398
5207,-168800.599
5208,-153605.181
5209,-142236.394
5210,-137212.174
5211,-133892.543
5212,-131947.196
5213,-124251.760
5214,-117575.911
5215,-1542338.976
5216,-944450.864
5217,-2437793.502
5218,-2571714.693
5219,-2819753.656
5220,-2981417.982
5221,-2614303.373
5222,-2991106.143
5223,-2789808.428
5224,-2833162.633
5225,-2942531.547
5226,-3047111.301
5227,-1526778.814
5228,-977852.158
5229,-0.000
5230,-101304.890
5231,-229314.817
5232,-241826.166
5233,-185772.979
5234,-163875.884
5235,-151014.548
5236,-151012.905
5237,-142225.604
5238,-127787.556
5239,-1548253.961
5240,-1001185.082
5241,-2576562.564
5242,-2706110.719
5243,-2844014.829
5244,-2839802.159
5245,-2447359.389
5246,-2878424.835
5247,-2981621.624
5248,-3110329.512
5249,-3218615.411
5250,-3389857.974
5251,-1821799.224
5252,-1144217.341
5253,-0.000
5254,-354233.506
5255,-393344.140
5256,-385295.007
5257,-331930.368
5258,-304850.407
5259,-288583.296
5260,-284331.382
5261,-261016.742
5262,-242169.503
5263,-1248355.310
5264,-1043293.175
5265,-2615369.355
5266,-2711824.461
5267,-2842862.429
5268,-2926073.732
5269,-2593505.792
5270,-3012036.400
5271,-3154811.619
5272,-3205128.334
5273,-2816158.701
5274,-2485673.709
5275,-1102823.005
5276,-918579.157
5277,-0.000
5278,-63566.447
5279,-191554.023
5280,-210356.676
5281,-157769.756
5282,-141121.179
5283,-130878.556
5284,-120627.815
5285,-122547.661
5286,-131092.118
5287,-1445203.092
5288,-896331.896
5289,-2285629.586
5290,-2356099.147
5291,-2519944.965
5292,-2599370.853
5293,-2204200.452
5294,-2519738.104
5295,-2507363.264
5296,-2551910.216
5297,-2475329.944
5298,-2299456.993
5299,-1030991.000
5300,-833506.853
5301,-0.000
5302,-0.000
5303,-35436.648
5304,-112327.924
5305,-79496.512
5306,-70438.489
5307,-61333.222
5308,-70356.170
5309,-98539.670
5310,-98499.514
5311,-1480903.347
5312,-825798.944
5313,-2123518.170
5314,-2187090.569
5315,-2312668.989
5316,-2390625.232
5317,-2206708.006
5318,-2741073.855
5319,-2863519.023
5320,-2562442.990
5321,-2266138.807
5322,-2233800.551
5323,-1045214.343
5324,-907129.307
5325,-0.000
5326,-0.000
5327,-144371.514
5328,-192499.997
5329,-161121.334
5330,-156331.460
5331,-151670.409
5332,-146593.267
5333,-143678.086
5334,-144771.442
5335,-178586.026
5336,-259942.758
5337,-1777244.624
5338,-1528613.945
5339,-1633160.568
5340,-1529286.781
5341,-1621055.309
5342,-1709969.480
5343,-1638204.262
5344,-1605223.824
5345,-1773487.181
5346,-1824852.730
5347,-217811.597
5348,-157220.186
5349,-164544.515
5350,-184481.194
5351,-174781.393
5352,-162823.944
5353,-110975.064
5354,-93710.172
5355,-83295.070
5356,-78309.160
5357,-71098.072
5358,-74672.503
5359,-125104.254
5360,-230330.597
5361,-407693.183
5362,-510874.414
5363,-714222.506
5364,-790373.656
5365,-769902.842
5366,-705676.616
5367,-554479.199
5368,-363768.311
5369,-368054.195
5370,-406305.120
5371,-316200.770
5372,-139179.627
5373,-123898.049
5374,-118186.236
5375,-106741.766
5376,-92124.093
5377,-79774.546
5378,-65177.755
5379,-56270.371
5380,-64314.217
5381,-71565.679
5382,-72391.265
5383,-1509337.403
5384,-840114.872
5385,-2187352.912
5386,-2341168.462
5387,-2692689.450
5388,-2874901.444
5389,-2527419.649
5390,-3052344.000
5391,-3187159.499
5392,-2878412.550
5393,-2730429.355
5394,-2788354.230
5395,-1396549.297
5396,-1035254.567
5397,-0.000
5398,-163107.811
5399,-267334.949
5400,-259019.359
5401,-210484.221
5402,-184757.219
5403,-161236.587
5404,-156837.295
5405,-145364.223
5406,-132667.694
5407,-1553619.424
5408,-963385.019
5409,-2500672.191
5410,-2662089.561
5411,-2894901.280
5412,-2930464.152
5413,-2494710.095
5414,-3009302.319
5415,-3154949.071
5416,-3207310.099
5417,-3264015.212
5418,-3239521.211
5419,-1557008.685
5420,-1148258.040
5421,-0.000
5422,-326698.049
5423,-375050.216
5424,-372868.570
5425,-322313.115
5426,-296231.920
5427,-281553.697
5428,-275775.550
5429,-259835.940
5430,-250769.551
5431,-1329318.328
5432,-1069687.288
5433,-2707093.114
5434,-2807342.868
5435,-3069738.282
5436,-3189991.413
5437,-2812777.890
5438,-3424613.814
5439,-3572563.347
5440,-3594633.598
5441,-3569238.977
5442,-3528317.368
5443,-1673568.537
5444,-1191255.483
5445,-0.000
5446,-374887.211
5447,-403061.692
5448,-392737.200
5449,-334909.106
5450,-321246.538
5451,-310732.899
5452,-306292.541
5453,-290400.181
5454,-263861.916
5455,-1320951.860
5456,-1078131.228
5457,-2737978.908
5458,-2867138.826
5459,-3094404.717
5460,-3176154.332
5461,-2747366.450
5462,-3158670.254
5463,-3265350.973
5464,-3349058.881
5465,-3365865.475
5466,-3358122.994
5467,-1662755.882
5468,-1124556.739
5469,-0.000
5470,-335224.890
5471,-366762.715
5472,-357761.889
5473,-305682.826
5474,-289065.265
5475,-275207.397
5476,-270469.204
5477,-255152.609
5478,-243839.288
5479,-1261252.322
5480,-987607.240
5481,-2478667.145
5482,-2596528.016
5483,-2792919.061
5484,-2801766.761
5485,-2484232.602
5486,-2961058.346
5487,-3112407.213
5488,-3024567.339
5489,-2694797.187
5490,-2647261.641
5491,-1294528.009
5492,-1007938.031
5493,-0.000
5494,-147342.896
5495,-261033.051
5496,-260862.876
5497,-204560.605
5498,-181570.641
5499,-174517.745
5500,-175449.292
5501,-167511.776
5502,-163094.874
5503,-197061.854
5504,-312664.310
5505,-1854727.741
5506,-1626769.827
5507,-1747660.886
5508,-1838841.670
5509,-1824150.566
5510,-1839383.648
5511,-1861169.185
5512,-1945482.062
5513,-1929173.062
5514,-2056427.270
5515,-383961.437
5516,-330510.075
5517,-340457.192
5518,-352653.810
5519,-341783.281
5520,-320438.555
5521,-261539.684
5522,-241648.912
5523,-233112.990
5524,-237287.943
5525,-222036.075
5526,-205448.255
5527,-246570.312
5528,-363042.353
5529,-594015.972
5530,-751583.288
5531,-872437.219
5532,-973704.181
5533,-909997.007
5534,-642585.133
5535,-692747.847
5536,-749706.599
5537,-715938.935
5538,-760762.309
5539,-612075.428
5540,-278978.145
5541,-257847.198
5542,-264048.632
5543,-256060.331
5544,-243348.532
5545,-242973.738
5546,-230488.786
5547,-218862.621
5548,-218149.153
5549,-212951.421
5550,-206973.556
5551,-1525141.589
5552,-912933.994
5553,-2368913.810
5554,-2497053.349
5555,-2634545.977
5556,-2667040.240
5557,-2382151.922
5558,-2866196.949
5559,-2769019.904
5560,-2713267.169
5561,-2610471.290
5562,-2655705.649
5563,-1424217.777
5564,-893887.308
5565,-0.000
5566,-43884.560
5567,-182112.063
5568,-205483.624
5569,-162496.805
5570,-144335.550
5571,-132472.785
5572,-129462.218
5573,-130453.110
5574,-122546.277
5575,-1492116.794
5576,-903501.135
5577,-2335097.431
5578,-2549054.274
5579,-2806645.938
5580,-2919768.076
5581,-2532305.464
5582,-2892614.714
5583,-2988652.256
5584,-3049406.553
5585,-3149139.934
5586,-3127518.223
5587,-1489594.247
5588,-1062888.134
5589,-0.000
5590,-219669.211
5591,-282849.011
5592,-282714.773
5593,-238707.576
5594,-216556.164
5595,-203809.397
5596,-205335.912
5597,-191614.403
5598,-191774.853
5599,-1600725.883
5600,-1006030.850
5601,-2621717.488
5602,-2764807.746
5603,-2971538.077
5604,-3086716.334
5605,-2698350.437
5606,-3266403.531
5607,-3346896.938
5608,-3369881.279
5609,-3408947.547
5610,-3517435.983
5611,-1814722.827
5612,-1180105.259
5613,-0.000
5614,-369341.409
5615,-400696.354
5616,-393403.943
5617,-340218.094
5618,-310709.425
5619,-294175.461
5620,-292590.189
5621,-277811.259
5622,-263516.700
5623,-1323347.137
5624,-1087325.215
5625,-2778069.333
5626,-2948615.677
5627,-3239196.380
5628,-3294387.375
5629,-2800784.101
5630,-3442560.790
5631,-3561313.532
5632,-3577985.392
5633,-3635382.023
5634,-3687654.295
5635,-1918994.637
5636,-1261749.484
5637,-63199.691
5638,-454107.221
5639,-456629.577
5640,-446512.759
5641,-403564.431
5642,-384314.383
5643,-366575.449
5644,-365191.524
5645,-348086.783
5646,-324624.792
5647,-1378742.765
5648,-1152980.514
5649,-2982401.371
5650,-3086568.768
5651,-3378687.433
5652,-3539092.952
5653,-3041080.547
5654,-3498697.693
5655,-3498897.191
5656,-3686500.515
5657,-3667110.914
5658,-3612782.709
5659,-1668917.821
5660,-1131522.146
5661,-41455.312
5662,-382255.507
5663,-379329.001
5664,-370480.954
5665,-318639.292
5666,-284493.963
5667,-267414.408
5668,-263947.629
5669,-239896.534
5670,-221049.145
5671,-233966.629
5672,-224667.365
5673,-1260137.601
5674,-1297339.642
5675,-1557879.444
5676,-1590218.755
5677,-1450287.445
5678,-1438541.800
5679,-1425592.027
5680,-1367851.754
5681,-1371744.281
5682,-1468644.363
5683,-107470.520
5684,-147899.337
5685,-164447.565
5686,-167974.029
5687,-178265.674
5688,-181096.383
5689,-128439.906
5690,-105728.136
5691,-102500.088
5692,-108522.549
5693,-100766.245
5694,-78892.847
5695,-137073.913
5696,-245281.400
5697,-420519.675
5698,-696991.290
5699,-855879.675
5700,-863943.493
5701,-922249.090
5702,-962396.490
5703,-1016146.655
5704,-891012.272
5705,-889619.249
5706,-935914.683
5707,-633107.798
5708,-254730.868
5709,-238381.412
5710,-232371.620
5711,-225151.225
5712,-213679.119
5713,-212288.766
5714,-200374.792
5715,-188460.512
5716,-188054.810
5717,-178213.559
5718,-164329.329
5719,-1605280.530
5720,-1007416.851
5721,-2656955.177
5722,-2776215.584
5723,-2942804.850
5724,-3035050.823
5725,-2674421.523
5726,-3131997.416
5727,-3243674.648
5728,-3258171.846
5729,-3318801.869
5730,-3476780.286
5731,-1781238.537
5732,-1163034.830
5733,-12324.375
5734,-334777.445
5735,-365963.750
5736,-356604.194
5737,-308185.397
5738,-279015.939
5739,-259100.715
5740,-257247.792
5741,-245070.266
5742,-234830.124
5743,-1292392.420
5744,-1056041.026
5745,-2794871.874
5746,-2968167.324
5747,-3201813.819
5748,-3282719.912
5749,-2838819.271
5750,-3331593.997
5751,-3384071.243
5752,-3522671.349
5753,-3500674.872
5754,-3290034.344
5755,-1537570.269
5756,-1250363.876
5757,-3795.513
5758,-395105.894
5759,-427425.830
5760,-427631.946
5761,-372852.698
5762,-346512.037
5763,-331116.717
5764,-324436.191
5765,-308712.221
5766,-299122.226
5767,-1360876.350
5768,-1076208.299
5769,-2770662.177
5770,-2831327.419
5771,-3037984.104
5772,-3172501.717
5773,-2831219.031
5774,-3259647.289
5775,-3093198.793
5776,-2876885.511
5777,-2916872.709
5778,-3105981.750
5779,-1392229.014
5780,-1163660.394
5781,-0.000
5782,-327907.498
5783,-377067.080
5784,-375383.531
5785,-311201.108
5786,-285886.213
5787,-274119.007
5788,-265492.064
5789,-247230.060
5790,-233893.803
5791,-1637233.258
5792,-1038253.759
5793,-2739152.577
5794,-2945969.012
5795,-3081966.542
5796,-3116382.065
5797,-2769934.205
5798,-3258195.447
5799,-3386892.083
5800,-3353809.170
5801,-3270538.480
5802,-3052286.867
5803,-1286413.610
5804,-1071114.188
5805,-0.000
5806,-177390.500
5807,-293450.920
5808,-290348.538
5809,-243867.662
5810,-227780.631
5811,-218425.801
5812,-214757.078
5813,-207871.053
5814,-207365.425
5815,-1627132.910
5816,-1020387.499
5817,-2689540.013
5818,-2901469.336
5819,-3117164.615
5820,-3260807.407
5821,-2772421.094
5822,-2966402.190
5823,-3067684.656
5824,-3175089.796
5825,-2950801.897
5826,-2707039.515
5827,-1175064.997
5828,-1035004.964
5829,-0.000
5830,-132310.805
5831,-262397.894
5832,-274762.686
5833,-224477.471
5834,-212341.422
5835,-205509.346
5836,-209663.329
5837,-212950.234
5838,-210866.934
5839,-240399.984
5840,-352121.324
5841,-1986608.498
5842,-1738798.540
5843,-1769052.740
5844,-1818255.187
5845,-1851570.451
5846,-1919219.236
5847,-1977183.173
5848,-1971611.884
5849,-1695920.204
5850,-1578126.288
5851,-218550.913
5852,-293800.326
5853,-312124.410
5854,-320782.057
5855,-305685.619
5856,-283170.501
5857,-229122.060
5858,-202846.967
5859,-183509.013
5860,-174072.844
5861,-154199.373
5862,-137952.533
5863,-161416.824
5864,-261899.181
5865,-545120.704
5866,-747933.651
5867,-889838.105
5868,-954052.612
5869,-916403.029
5870,-1065100.749
5871,-1116164.379
5872,-972954.667
5873,-968918.082
5874,-988959.507
5875,-532131.458
5876,-252158.154
5877,-224832.669
5878,-241976.472
5879,-238663.580
5880,-205353.011
5881,-183363.421
5882,-156675.110
5883,-136855.574
5884,-125292.511
5885,-96271.256
5886,-75392.668
5887,-1036140.660
5888,-672768.576
5889,-1817328.549
5890,-2056829.912
5891,-2316271.923
5892,-2453564.133
5893,-2329291.043
5894,-2703544.443
5895,-2918325.515
5896,-2959088.577
5897,-2936135.742
5898,-2860093.705
5899,-1269845.041
5900,-898252.363
5901,-0.000
5902,-229650.962
5903,-277592.374
5904,-274118.101
5905,-225407.032
5906,-189243.884
5907,-162147.868
5908,-145484.935
5909,-121407.867
5910,-104622.480
5911,-1057604.775
5912,-701967.032
5913,-1847798.010
5914,-2083999.369
5915,-2346910.761
5916,-2491969.328
5917,-2376770.998
5918,-2757855.565
5919,-2959757.862
5920,-2966822.301
5921,-2961807.130
5922,-2913600.394
5923,-1318415.203
5924,-924030.759
5925,-0.000
5926,-238746.436
5927,-268954.643
5928,-250794.636
5929,-204735.225
5930,-167824.110
5931,-135430.441
5932,-126350.292
5933,-109929.750
5934,-93202.697
5935,-1026538.107
5936,-659261.308
5937,-1756379.490
5938,-1977609.897
5939,-2282981.110
5940,-2472465.665
5941,-2393573.351
5942,-2756965.018
5943,-2999394.643
5944,-3048842.090
5945,-2959521.433
5946,-2845280.533
5947,-1280895.525
5948,-926186.217
5949,-0.000
5950,-252009.147
5951,-265793.378
5952,-244900.003
5953,-200568.406
5954,-185592.349
5955,-181209.415
5956,-187851.737
5957,-185917.913
5958,-176249.238
5959,-1277067.421
5960,-753407.084
5961,-1891107.260
5962,-2111230.943
5963,-2441147.050
5964,-2630592.797
5965,-2499822.474
5966,-2877431.865
5967,-3064563.843
5968,-3062906.793
5969,-3052510.672
5970,-2880292.971
5971,-1340273.136
5972,-996296.839
5973,-6541.981
5974,-306577.655
5975,-310853.095
5976,-309356.700
5977,-274530.902
5978,-262662.277
5979,-254729.980
5980,-253467.150
5981,-234715.426
5982,-208982.475
5983,-1413857.882
5984,-869497.444
5985,-2220333.920
5986,-2377511.663
5987,-2709943.660
5988,-2839879.242
5989,-2565118.123
5990,-3026150.320
5991,-2729951.968
5992,-2720450.703
5993,-2430812.530
5994,-2322133.889
5995,-1082205.117
5996,-952035.134
5997,-0.000
5998,-51189.026
5999,-200286.391
6000,-237408.183
6001,-192558.219
6002,-178560.778
6003,-163948.207
6004,-153842.709
6005,-148740.205
6006,-146635.374
6007,-191589.986
6008,-315879.515
6009,-1983166.640
6010,-1795945.711
6011,-1920744.395
6012,-1976410.331
6013,-2032958.757
6014,-2143787.270
6015,-2185756.728
6016,-2208452.593
6017,-2062589.493
6018,-1683822.391
6019,-52141.710
6020,-188477.151
6021,-242193.637
6022,-248273.225
6023,-239239.110
6024,-230540.488
6025,-177948.608
6026,-164829.897
6027,-156469.299
6028,-145037.130
6029,-139346.405
6030,-141024.064
6031,-175150.574
6032,-246473.409
6033,-411453.306
6034,-518727.971
6035,-755302.372
6036,-877142.528
6037,-912781.961
6038,-1033314.151
6039,-1203706.784
6040,-1307496.528
6041,-1158273.046
6042,-955587.858
6043,-524443.995
6044,-279378.641
6045,-265040.248
6046,-274614.738
6047,-273470.593
6048,-250980.974
6049,-235654.727
6050,-210166.964
6051,-199469.559
6052,-210136.845
6053,-194764.860
6054,-174248.489
6055,-1481126.857
6056,-933164.594
6057,-2443726.090
6058,-2620525.296
6059,-2942327.040
6060,-3082867.190
6061,-2743451.804
6062,-3314936.292
6063,-3460235.254
6064,-3474024.172
6065,-3226322.969
6066,-2937668.262
6067,-1213218.274
6068,-1010307.438
6069,-0.000
6070,-151408.759
6071,-254183.576
6072,-248841.046
6073,-183696.139
6074,-152729.780
6075,-137256.787
6076,-138640.122
6077,-120495.294
6078,-109101.627
6079,-1487922.560
6080,-932542.427
6081,-2462178.295
6082,-2633358.658
6083,-2969017.344
6084,-3129705.854
6085,-2773671.688
6086,-3251086.560
6087,-3282208.003
6088,-3248644.458
6089,-3101589.102
6090,-2872709.133
6091,-1316668.072
6092,-1046255.511
6093,-0.000
6094,-282545.998
6095,-313407.193
6096,-285795.254
6097,-223545.754
6098,-194559.213
6099,-173178.806
6100,-157224.627
6101,-135295.246
6102,-118743.148
6103,-1421976.517
6104,-862322.525
6105,-2183013.506
6106,-2280798.978
6107,-2508384.630
6108,-2680658.296
6109,-2534613.889
6110,-2943270.140
6111,-3152188.353
6112,-3195296.890
6113,-3092250.255
6114,-2985915.527
6115,-1302713.512
6116,-875862.362
6117,-0.000
6118,-231334.615
6119,-248442.726
6120,-227608.616
6121,-182148.922
6122,-155471.632
6123,-129945.798
6124,-124630.217
6125,-105065.805
6126,-90319.564
6127,-1310720.845
6128,-858881.229
6129,-2251798.705
6130,-2409934.270
6131,-2669438.901
6132,-2735456.641
6133,-2580452.665
6134,-2998200.009
6135,-3163230.070
6136,-3201595.973
6137,-3155298.602
6138,-2992865.023
6139,-1364184.609
6140,-988837.097
6141,-393.582
6142,-293854.935
6143,-309662.716
6144,-291670.452
6145,-251250.058
6146,-224677.936
6147,-200474.839
6148,-201954.335
6149,-188030.633
6150,-164827.491
6151,-1406500.596
6152,-866964.136
6153,-2168777.975
6154,-2263404.379
6155,-2502900.149
6156,-2661850.226
6157,-2508938.511
6158,-2900729.800
6159,-3101817.629
6160,-3143807.760
6161,-3135726.115
6162,-2989028.596
6163,-1314583.023
6164,-889065.927
6165,-0.000
6166,-230741.794
6167,-268262.717
6168,-249911.683
6169,-199677.920
6170,-162598.560
6171,-130499.615
6172,-112768.600
6173,-78334.226
6174,-49753.886
6175,-85586.723
6176,-225944.584
6177,-1752654.622
6178,-1592627.945
6179,-1758448.902
6180,-1901457.644
6181,-1925712.481
6182,-1995927.829
6183,-2086620.242
6184,-2120031.759
6185,-2089799.585
6186,-2003618.317
6187,-274867.600
6188,-292741.734
6189,-278611.540
6190,-275275.324
6191,-252327.137
6192,-230177.312
6193,-179404.674
6194,-151427.920
6195,-135417.635
6196,-143956.484
6197,-132027.956
6198,-115886.721
6199,-143198.662
6200,-274729.951
6201,-584314.954
6202,-797261.014
6203,-981463.157
6204,-1098665.232
6205,-1109243.255
6206,-1157242.258
6207,-1214165.908
6208,-1246976.190
6209,-1194694.104
6210,-1071321.100
6211,-598023.665
6212,-302255.198
6213,-270389.546
6214,-271251.986
6215,-259025.513
6216,-239562.909
6217,-233536.824
6218,-211870.983
6219,-196768.642
6220,-190187.065
6221,-174685.518
6222,-163674.199
6223,-1447633.534
6224,-886200.877
6225,-2223324.777
6226,-2410877.908
6227,-2840490.685
6228,-3083539.298
6229,-2733287.070
6230,-3255807.549
6231,-3365737.763
6232,-3449799.442
6233,-3419968.576
6234,-3244441.991
6235,-1352617.744
6236,-1150277.119
6237,-2958.026
6238,-373639.739
6239,-386697.107
6240,-363558.879
6241,-306793.607
6242,-281073.782
6243,-258968.943
6244,-249110.924
6245,-230901.632
6246,-219546.214
6247,-1539605.462
6248,-962374.751
6249,-2477281.190
6250,-2718573.978
6251,-3122553.153
6252,-3262744.260
6253,-2984227.752
6254,-3586734.165
6255,-3698662.161
6256,-3723014.834
6257,-3607942.745
6258,-3348947.994
6259,-1262457.320
6260,-1122874.850
6261,-10810.080
6262,-341249.185
6263,-373600.174
6264,-365823.353
6265,-299990.504
6266,-270883.151
6267,-266470.273
6268,-260025.265
6269,-243024.416
6270,-235215.037
6271,-1540205.439
6272,-935383.930
6273,-2460707.831
6274,-2557266.984
6275,-2937513.483
6276,-3248172.721
6277,-2958219.231
6278,-3554152.507
6279,-3604814.613
6280,-3518604.256
6281,-3302856.074
6282,-3138991.535
6283,-1284864.927
6284,-1158298.062
6285,-0.000
6286,-331560.368
6287,-373289.835
6288,-363769.707
6289,-323879.556
6290,-306751.844
6291,-286211.148
6292,-278076.875
6293,-261831.738
6294,-252945.668
6295,-1292979.101
6296,-985342.361
6297,-2580092.323
6298,-2763894.283
6299,-2995666.693
6300,-3132481.521
6301,-2849390.323
6302,-3299690.231
6303,-2998381.328
6304,-2984713.710
6305,-3068151.995
6306,-2888590.805
6307,-1103561.752
6308,-968105.463
6309,-0.000
6310,-131500.719
6311,-256715.316
6312,-272864.316
6313,-217755.437
6314,-205785.371
6315,-201149.113
6316,-200769.563
6317,-189739.180
6318,-165609.172
6319,-1459052.596
6320,-847761.707
6321,-2306470.939
6322,-2513413.448
6323,-2745202.370
6324,-2862216.203
6325,-2568971.628
6326,-2999807.560
6327,-2890600.791
6328,-2795599.584
6329,-2774478.756
6330,-2674633.282
6331,-1027781.773
6332,-932221.108
6333,-0.000
6334,-105203.385
6335,-229569.960
6336,-236880.272
6337,-195845.254
6338,-187447.000
6339,-168615.977
6340,-150214.976
6341,-133175.635
6342,-129175.813
6343,-160682.024
6344,-259112.469
6345,-1834197.323
6346,-1655137.362
6347,-1856965.220
6348,-1901297.266
6349,-1909268.560
6350,-2048464.473
6351,-2143142.840
6352,-2270011.148
6353,-2183313.985
6354,-1858824.335
6355,-33510.939
6356,-264483.053
6357,-286491.141
6358,-290885.002
6359,-274026.850
6360,-265335.165
6361,-224961.980
6362,-193238.846
6363,-164131.320
6364,-150577.827
6365,-123957.198
6366,-107409.184
6367,-137893.044
6368,-269207.851
6369,-638687.439
6370,-920422.024
6371,-1090136.248
6372,-1179666.141
6373,-1228818.290
6374,-1273512.856
6375,-1292272.245
6376,-1267440.150
6377,-1203780.057
6378,-1038253.892
6379,-395154.566
6380,-274030.219
6381,-247128.150
6382,-250200.050
6383,-257168.486
6384,-250705.837
6385,-239682.693
6386,-232080.874
6387,-214526.097
6388,-189238.441
6389,-171769.183
6390,-164624.562
6391,-1420357.352
6392,-850858.508
6393,-2245737.201
6394,-2380839.622
6395,-2498827.855
6396,-2609356.445
6397,-2536198.271
6398,-2853009.039
6399,-2914116.572
6400,-2704311.921
6401,-2703456.592
6402,-2567123.960
6403,-1069149.114
6404,-938993.356
6405,-0.000
6406,-114785.701
6407,-221627.353
6408,-214992.086
6409,-159125.556
6410,-128040.371
6411,-112215.232
6412,-116630.682
6413,-96073.031
6414,-74660.569
6415,-1409897.553
6416,-855583.974
6417,-2318168.127
6418,-2545195.604
6419,-2813322.750
6420,-2876814.165
6421,-2602002.927
6422,-3012774.899
6423,-3128891.739
6424,-3055365.179
6425,-2698605.080
6426,-2565595.876
6427,-1070557.315
6428,-924573.790
6429,-0.000
6430,-134017.034
6431,-223531.245
6432,-217179.748
6433,-180124.217
6434,-150795.106
6435,-124378.391
6436,-116836.808
6437,-94444.742
6438,-75954.315
6439,-1402835.107
6440,-871028.946
6441,-2397071.095
6442,-2518987.508
6443,-2685546.571
6444,-2729813.319
6445,-2637026.113
6446,-3080496.991
6447,-3270795.771
6448,-3256959.276
6449,-3182267.713
6450,-2948733.686
6451,-1111196.283
6452,-889995.228
6453,-0.000
6454,-209795.407
6455,-251812.454
6456,-253579.234
6457,-204837.623
6458,-175113.311
6459,-162471.219
6460,-160806.068
6461,-143862.242
6462,-133250.720
6463,-1445292.409
6464,-867155.286
6465,-2207717.894
6466,-2257426.726
6467,-2401683.909
6468,-2617428.115
6469,-2593094.755
6470,-2987332.581
6471,-3032064.983
6472,-3045955.304
6473,-2971055.872
6474,-2877480.544
6475,-1144692.536
6476,-1019221.762
6477,-0.000
6478,-275509.194
6479,-325614.658
6480,-311700.512
6481,-256488.803
6482,-228108.468
6483,-215309.197
6484,-219110.537
6485,-216261.023
6486,-215933.840
6487,-1158325.877
6488,-892695.575
6489,-2366756.158
6490,-2545683.026
6491,-2733190.910
6492,-2875852.929
6493,-2629149.031
6494,-2994655.119
6495,-3206708.062
6496,-3104781.417
6497,-2819827.037
6498,-2744124.610
6499,-1136712.160
6500,-1017182.249
6501,-0.000
6502,-263287.360
6503,-294327.667
6504,-277121.012
6505,-223483.738
6506,-199386.266
6507,-175312.882
6508,-160352.660
6509,-140124.274
6510,-135647.660
6511,-174639.787
6512,-267621.302
6513,-1719630.583
6514,-1638426.812
6515,-1826009.832
6516,-1940416.441
6517,-1962727.790
6518,-2078968.576
6519,-1910173.292
6520,-1929171.038
6521,-1774748.342
6522,-1656113.332
6523,-1149.061
6524,-250126.980
6525,-281154.761
6526,-303617.734
6527,-289331.208
6528,-267780.433
6529,-212289.288
6530,-188003.149
6531,-173840.638
6532,-174278.092
6533,-161277.396
6534,-152239.926
6535,-181802.089
6536,-265123.468
6537,-497646.781
6538,-763475.602
6539,-974542.919
6540,-987403.046
6541,-964438.634
6542,-1105848.871
6543,-935985.740
6544,-705723.557
6545,-620855.131
6546,-394376.156
6547,-203800.292
6548,-165233.059
6549,-168660.176
6550,-171790.295
6551,-168798.511
6552,-155628.611
6553,-149426.878
6554,-143175.571
6555,-137045.725
6556,-138469.948
6557,-134265.754
6558,-127069.114
6559,-1444622.873
6560,-817825.256
6561,-2178762.101
6562,-2370249.688
6563,-2614009.898
6564,-2829448.002
6565,-2490572.617
6566,-2912380.242
6567,-3044001.334
6568,-3022249.661
6569,-2918878.563
6570,-2848416.517
6571,-1074349.697
6572,-964207.602
6573,-0.000
6574,-96082.486
6575,-215285.723
6576,-241387.460
6577,-197642.434
6578,-178734.405
6579,-166470.342
6580,-164934.286
6581,-159175.250
6582,-151942.957
6583,-1478248.789
6584,-843873.445
6585,-2188262.658
6586,-2334296.221
6587,-2741976.345
6588,-2931504.608
6589,-2612331.236
6590,-3096688.018
6591,-3223693.452
6592,-3105128.117
6593,-3095738.447
6594,-2933136.356
6595,-1167774.907
6596,-1040111.488
6597,-0.000
6598,-158990.494
6599,-274059.412
6600,-283667.049
6601,-237393.399
6602,-211735.715
6603,-195689.548
6604,-178038.983
6605,-160602.438
6606,-145598.784
6607,-1485917.147
6608,-895834.107
6609,-2427241.515
6610,-2639350.204
6611,-2993059.591
6612,-3164223.424
6613,-2796999.801
6614,-3238520.514
6615,-3349206.473
6616,-3401395.826
6617,-3288970.992
6618,-3126531.268
6619,-1185003.009
6620,-1053629.443
6621,-0.000
6622,-278105.033
6623,-296892.507
6624,-277434.143
6625,-233352.878
6626,-207342.634
6627,-177750.699
6628,-150535.364
6629,-114649.470
6630,-100114.504
6631,-1431608.038
6632,-873165.676
6633,-2389806.107
6634,-2595632.943
6635,-2897642.155
6636,-3047199.032
6637,-2763570.033
6638,-3317190.612
6639,-3441821.909
6640,-3405476.796
6641,-3385586.227
6642,-3195607.593
6643,-1221415.365
6644,-1077910.631
6645,-0.000
6646,-306947.460
6647,-338950.213
6648,-317409.789
6649,-260562.681
6650,-240375.052
6651,-236387.882
6652,-234345.947
6653,-219758.139
6654,-213740.841
6655,-1556993.550
6656,-977834.485
6657,-2592152.785
6658,-2676982.817
6659,-2773220.411
6660,-2788104.323
6661,-2654148.529
6662,-3211476.014
6663,-3305222.785
6664,-3340022.502
6665,-3151886.361
6666,-2941837.481
6667,-1117877.455
6668,-1005391.079
6669,-0.000
6670,-139312.468
6671,-242959.355
6672,-239175.726
6673,-191681.821
6674,-179889.829
6675,-166638.490
6676,-166063.903
6677,-159959.869
6678,-152830.643
6679,-170114.365
6680,-245617.493
6681,-1790714.648
6682,-1636916.177
6683,-1778133.527
6684,-1902451.366
6685,-1917762.270
6686,-2047206.730
6687,-2195791.126
6688,-2209749.648
6689,-2128383.233
6690,-1929135.222
6691,-45469.781
6692,-256601.153
6693,-264750.746
6694,-285814.419
6695,-276450.608
6696,-250436.178
6697,-199628.710
6698,-175292.568
6699,-172797.927
6700,-183389.266
6701,-155991.387
6702,-136310.513
6703,-145422.563
6704,-199974.889
6705,-438251.759
6706,-630631.399
6707,-751560.189
6708,-877955.225
6709,-1032819.197
6710,-1103844.656
6711,-1168326.895
6712,-1096033.499
6713,-1061586.648
6714,-866714.886
6715,-242311.895
6716,-148209.055
6717,-121765.272
6718,-104748.090
6719,-82490.762
6720,-54453.542
6721,-34748.945
6722,-6585.868
6723,-0.000
6724,-0.000
6725,-0.000
6726,-0.000
6727,-679285.643
6728,-428080.914
6729,-1224948.859
6730,-1592597.476
6731,-1932424.027
6732,-2167097.922
6733,-2086823.782
6734,-2569409.899
6735,-2790313.515
6736,-2770617.826
6737,-2748560.084
6738,-2315255.836
6739,-817562.167
6740,-651380.231
6741,-0.000
6742,-0.000
6743,-44778.662
6744,-79247.091
6745,-29629.340
6746,-7602.489
6747,-5524.791
6748,-1938.981
6749,-0.000
6750,-0.000
6751,-971572.833
6752,-555231.951
6753,-1529121.821
6754,-1869297.885
6755,-2273052.329
6756,-2525071.204
6757,-2412392.994
6758,-2706632.376
6759,-2802935.496
6760,-2663615.210
6761,-2395400.012
6762,-2006172.824
6763,-691963.645
6764,-543579.272
6765,-0.000
6766,-0.000
6767,-0.000
6768,-0.000
6769,-0.000
6770,-0.000
6771,-0.000
6772,-0.000
6773,-0.000
6774,-0.000
6775,-268147.764
6776,-298701.421
6777,-996024.065
6778,-1270255.237
6779,-1556591.184
6780,-1703150.063
6781,-1707662.897
6782,-1942960.126
6783,-2065886.462
6784,-2063542.028
6785,-1964594.362
6786,-1559817.115
6787,-469153.152
6788,-336879.283
6789,-0.000
6790,-0.000
6791,-0.000
6792,-0.000
6793,-0.000
6794,-0.000
6795,-0.000
6796,-0.000
6797,-0.000
6798,-0.000
6799,-0.000
6800,-120830.205
6801,-697346.795
6802,-1010786.796
6803,-1320829.710
6804,-1487875.215
6805,-1533243.767
6806,-1786645.730
6807,-1946112.892
6808,-1985251.648
6809,-1945079.818
6810,-1546718.994
6811,-467692.901
6812,-325338.535
6813,-0.000
6814,-0.000
6815,-0.000
6816,-0.000
6817,-0.000
6818,-0.000
6819,-0.000
6820,-0.000
6821,-0.000
6822,-0.000
6823,-0.000
6824,-61994.421
6825,-667557.630
6826,-1001839.280
6827,-1370210.036
6828,-1575120.709
6829,-1605742.254
6830,-1877278.389
6831,-2041155.756
6832,-2079361.984
6833,-2039356.892
6834,-1610211.540
6835,-490653.907
6836,-324133.163
6837,-0.000
6838,-0.000
6839,-0.000
6840,-0.000
6841,-0.000
6842,-0.000
6843,-0.000
6844,-0.000
6845,-0.000
6846,-0.000
6847,-0.000
6848,-0.000
6849,-355315.451
6850,-764807.671
6851,-1123357.119
6852,-1312904.101
6853,-1411093.124
6854,-1648137.710
6855,-1817591.458
6856,-1848929.588
6857,-1809050.671
6858,-1388055.962
6859,-0.000
6860,-0.000
6861,-21878.945
6862,-58899.395
6863,-58165.863
6864,-44936.689
6865,-4859.014
6866,-0.000
6867,-0.000
6868,-0.000
6869,-0.000
6870,-0.000
6871,-0.000
6872,-0.000
6873,-107832.276
6874,-527779.149
6875,-770441.304
6876,-896427.734
6877,-978651.989
6878,-1126788.385
6879,-1240755.881
6880,-1267590.022
6881,-1224219.621
6882,-783613.330
6883,-148459.547
6884,-56544.629
6885,-46907.822
6886,-47294.068
6887,-24959.734
6888,-2207.413
6889,-0.000
6890,-0.000
6891,-0.000
6892,-0.000
6893,-0.000
6894,-0.000
6895,-275491.978
6896,-330726.787
6897,-1141075.109
6898,-1482211.923
6899,-1807058.105
6900,-1961035.041
6901,-1935340.931
6902,-2283264.128
6903,-2496653.485
6904,-2542503.870
6905,-2507012.516
6906,-2025639.163
6907,-679640.597
6908,-524888.735
6909,-0.000
6910,-0.000
6911,-18375.423
6912,-44917.508
6913,-22900.352
6914,-7839.950
6915,-0.000
6916,-0.000
6917,-0.000
6918,-0.000
6919,-631601.904
6920,-401878.629
6921,-1167612.862
6922,-1505967.821
6923,-1833644.612
6924,-2022262.291
6925,-1962211.950
6926,-2277881.429
6927,-2475788.842
6928,-2485105.464
6929,-2382956.241
6930,-2041572.144
6931,-788972.242
6932,-688813.717
6933,-0.000
6934,-168891.410
6935,-187796.999
6936,-184001.417
6937,-146476.448
6938,-121001.237
6939,-108789.549
6940,-106085.229
6941,-89356.999
6942,-82201.491
6943,-785946.082
6944,-468636.381
6945,-1215220.345
6946,-1412287.764
6947,-1616440.134
6948,-1771108.866
6949,-1668917.926
6950,-1938502.090
6951,-2144204.458
6952,-2083691.624
6953,-1820005.745
6954,-1437403.471
6955,-666251.078
6956,-574706.194
6957,-0.000
6958,-96205.907
6959,-149080.782
6960,-128838.990
6961,-83786.751
6962,-51686.722
6963,-33977.710
6964,-35985.199
6965,-15692.091
6966,-0.000
6967,-368957.506
6968,-262457.411
6969,-800680.273
6970,-1066573.355
6971,-1188872.790
6972,-1208134.620
6973,-1122294.920
6974,-1146030.359
6975,-1051289.373
6976,-1169649.877
6977,-1176395.957
6978,-924959.521
6979,-408579.184
6980,-350313.127
6981,-0.000
6982,-0.000
6983,-0.000
6984,-0.000
6985,-0.000
6986,-0.000
6987,-0.000
6988,-0.000
6989,-0.000
6990,-0.000
6991,-17751.501
6992,-170322.183
6993,-622527.355
6994,-824926.700
6995,-1072766.464
6996,-1265180.907
6997,-1386695.966
6998,-1529734.769
6999,-1505019.580
7000,-1375984.715
7001,-1309906.731
7002,-1085011.685
7003,-412554.578
7004,-335526.093
7005,-0.000
7006,-0.000
7007,-0.000
7008,-0.000
7009,-0.000
7010,-0.000
7011,-0.000
7012,-0.000
7013,-0.000
7014,-0.000
7015,-0.000
7016,-0.000
7017,-418205.020
7018,-671943.978
7019,-1029066.793
7020,-1207310.048
7021,-1298883.044
7022,-1545598.604
7023,-1709445.719
7024,-1730510.865
7025,-1713815.092
7026,-1286379.467
7027,-0.000
7028,-32064.501
7029,-47526.076
7030,-33447.143
7031,-7900.877
7032,-0.000
7033,-0.000
7034,-0.000
7035,-0.000
7036,-0.000
7037,-0.000
7038,-0.000
7039,-0.000
7040,-0.000
7041,-0.000
7042,-471800.645
7043,-953714.920
7044,-1160843.998
7045,-1118170.597
7046,-1211365.004
7047,-1308904.190
7048,-1321527.483
7049,-1264613.882
7050,-813379.279
7051,-197741.372
7052,-90458.529
7053,-57306.274
7054,-39812.057
7055,-7369.065
7056,-0.000
7057,-0.000
7058,-0.000
7059,-0.000
7060,-0.000
7061,-0.000
7062,-0.000
7063,-277366.453
7064,-400494.024
7065,-1436916.824
7066,-1695052.395
7067,-2297898.374
7068,-2321047.598
7069,-2115111.390
7070,-2426168.392
7071,-2533420.406
7072,-2514962.792
7073,-2451841.357
7074,-2139358.219
7075,-821982.235
7076,-680164.594
7077,-0.000
7078,-28664.130
7079,-79847.955
7080,-51163.791
7081,-174.235
7082,-0.000
7083,-0.000
7084,-0.000
7085,-0.000
7086,-0.000
7087,-613644.528
7088,-469147.730
7089,-1487119.880
7090,-1985488.542
7091,-2196358.663
7092,-2269110.792
7093,-2191845.883
7094,-2537376.080
7095,-2674530.241
7096,-2708724.046
7097,-2680458.831
7098,-2292064.777
7099,-824812.396
7100,-658421.233
7101,-0.000
7102,-0.000
7103,-77484.740
7104,-63488.191
7105,-2375.995
7106,-0.000
7107,-0.000
7108,-0.000
7109,-0.000
7110,-0.000
7111,-678862.498
7112,-499514.417
7113,-1476011.152
7114,-1806358.451
7115,-2229691.812
7116,-2233696.870
7117,-2172149.150
7118,-2595826.107
7119,-2759737.114
7120,-2745649.648
7121,-2675337.824
7122,-2309597.080
7123,-854904.201
7124,-725938.506
7125,-0.000
7126,-0.000
7127,-69659.934
7128,-54925.538
7129,-748.180
7130,-0.000
7131,-0.000
7132,-0.000
7133,-0.000
7134,-0.000
7135,-633997.099
7136,-450141.539
7137,-1486897.275
7138,-1739258.721
7139,-2172539.155
7140,-2484269.439
7141,-2333975.896
7142,-2624920.890
7143,-2689397.270
7144,-2653472.771
7145,-2657143.466
7146,-2133390.497
7147,-749713.247
7148,-616815.214
7149,-0.000
7150,-0.000
7151,-0.000
7152,-0.000
7153,-0.000
7154,-0.000
7155,-0.000
7156,-0.000
7157,-0.000
7158,-0.000
7159,-285551.304
7160,-353692.571
7161,-1254634.993
7162,-1556972.070
7163,-2097506.509
7164,-2255751.677
7165,-2124593.809
7166,-2526605.438
7167,-2691722.451
7168,-2725546.731
7169,-2664305.915
7170,-2145524.949
7171,-737793.430
7172,-592777.679
7173,-0.000
7174,-0.000
7175,-0.000
7176,-0.000
7177,-0.000
7178,-0.000
7179,-0.000
7180,-0.000
7181,-0.000
7182,-0.000
7183,-0.000
7184,-0.000
7185,-944266.040
7186,-1228027.526
7187,-1594317.676
7188,-1797295.650
7189,-1761497.032
7190,-1937122.587
7191,-2055579.325
7192,-1954249.148
7193,-1788528.252
7194,-1418752.446
7195,-0.000
7196,-126405.792
7197,-149243.231
7198,-157830.251
7199,-143798.218
7200,-105197.823
7201,-39790.705
7202,-2778.110
7203,-0.000
7204,-0.000
7205,-0.000
7206,-0.000
7207,-0.000
7208,-0.000
7209,-259768.847
7210,-701838.247
7211,-1025183.297
7212,-1071628.163
7213,-1096761.289
7214,-1247584.572
7215,-1367399.737
7216,-1388484.673
7217,-1296268.022
7218,-599683.256
7219,-173809.527
7220,-108925.010
7221,-102961.895
7222,-104152.163
7223,-93348.326
7224,-67783.791
7225,-47154.580
7226,-13556.019
7227,-0.000
7228,-0.000
7229,-0.000
7230,-0.000
7231,-624723.029
7232,-393909.209
7233,-1240283.157
7234,-1714953.020
7235,-2051105.682
7236,-2264958.695
7237,-2209996.245
7238,-2596849.557
7239,-2716822.267
7240,-2479066.491
7241,-2375216.529
7242,-1859212.180
7243,-711703.740
7244,-592005.168
7245,-0.000
7246,-0.000
7247,-39348.618
7248,-49052.516
7249,-2828.284
7250,-0.000
7251,-0.000
7252,-0.000
7253,-0.000
7254,-0.000
7255,-529216.984
7256,-370157.476
7257,-1247865.452
7258,-1678067.029
7259,-1992411.788
7260,-2189357.357
7261,-2138058.262
7262,-2489059.080
7263,-2656223.785
7264,-2666837.635
7265,-2409874.831
7266,-1759445.577
7267,-694782.052
7268,-585611.099
7269,-0.000
7270,-0.000
7271,-23126.587
7272,-42297.433
7273,-3370.299
7274,-0.000
7275,-0.000
7276,-0.000
7277,-0.000
7278,-0.000
7279,-538308.068
7280,-341875.065
7281,-1108393.417
7282,-1432564.440
7283,-1754237.812
7284,-1982173.890
7285,-1979951.373
7286,-2249765.609
7287,-2323642.073
7288,-2276392.633
7289,-1968288.387
7290,-1415129.759
7291,-658393.336
7292,-577191.539
7293,-0.000
7294,-3159.602
7295,-70788.629
7296,-60121.911
7297,-24532.014
7298,-3235.921
7299,-0.000
7300,-0.000
7301,-0.000
7302,-0.000
7303,-444892.537
7304,-271435.597
7305,-907822.488
7306,-1266593.722
7307,-1620930.653
7308,-1794950.913
7309,-1843241.426
7310,-2005167.226
7311,-1951341.136
7312,-1468329.561
7313,-1287401.866
7314,-1165447.791
7315,-579515.693
7316,-512080.724
7317,-0.000
7318,-0.000
7319,-25033.239
7320,-47121.411
7321,-13710.849
7322,-1185.780
7323,-0.000
7324,-0.000
7325,-0.000
7326,-0.000
7327,-383338.664
7328,-81375.976
7329,-438654.659
7330,-473678.357
7331,-513600.983
7332,-513334.095
7333,-547443.781
7334,-609004.492
7335,-734387.298
7336,-707588.165
7337,-645423.110
7338,-591794.391
7339,-257839.983
7340,-236708.713
7341,-0.000
7342,-0.000
7343,-0.000
7344,-0.000
7345,-0.000
7346,-0.000
7347,-0.000
7348,-0.000
7349,-0.000
7350,-0.000
7351,-0.000
7352,-0.000
7353,-0.000
7354,-208470.183
7355,-373066.842
7356,-484855.210
7357,-520533.907
7358,-505940.332
7359,-498802.939
7360,-513859.702
7361,-486036.729
7362,-459438.461
7363,-0.000
7364,-0.000
7365,-0.000
7366,-0.000
7367,-0.000
7368,-0.000
7369,-0.000
7370,-0.000
7371,-0.000
7372,-0.000
7373,-0.000
7374,-0.000
7375,-0.000
7376,-0.000
7377,-0.000
7378,-0.000
7379,-0.000
7380,-0.000
7381,-0.000
7382,-0.000
7383,-59241.406
7384,-15377.506
7385,-0.000
7386,-0.000
7387,-0.000
7388,-0.000
7389,-0.000
7390,-0.000
7391,-0.000
7392,-0.000
7393,-0.000
7394,-0.000
7395,-0.000
7396,-0.000
7397,-0.000
7398,-0.000
7399,-0.000
7400,-0.000
7401,-356954.830
7402,-616749.137
7403,-749715.321
7404,-917122.353
7405,-1064172.802
7406,-1140883.590
7407,-1195531.630
7408,-1352590.342
7409,-1142642.623
7410,-788075.910
7411,-315194.313
7412,-245819.256
7413,-0.000
7414,-0.000
7415,-0.000
7416,-0.000
7417,-0.000
7418,-0.000
7419,-0.000
7420,-0.000
7421,-0.000
7422,-0.000
7423,-0.000
7424,-0.000
7425,-322562.428
7426,-674928.527
7427,-864536.541
7428,-1022013.539
7429,-1066193.797
7430,-1332469.004
7431,-1337042.772
7432,-1212996.529
7433,-1211050.452
7434,-933057.940
7435,-382270.395
7436,-300411.105
7437,-0.000
7438,-0.000
7439,-0.000
7440,-0.000
7441,-0.000
7442,-0.000
7443,-0.000
7444,-0.000
7445,-0.000
7446,-0.000
7447,-0.000
7448,-0.000
7449,-585085.425
7450,-748398.355
7451,-925630.210
7452,-1110380.705
7453,-1127919.202
7454,-1496948.569
7455,-1496155.099
7456,-1559490.327
7457,-1454785.743
7458,-1214944.979
7459,-442055.802
7460,-363858.595
7461,-0.000
7462,-0.000
7463,-0.000
7464,-0.000
7465,-0.000
7466,-0.000
7467,-0.000
7468,-0.000
7469,-0.000
7470,-0.000
7471,-664.982
7472,-239781.132
7473,-962175.137
7474,-1152827.919
7475,-1381048.745
7476,-1498057.651
7477,-1531597.484
7478,-1590507.870
7479,-1600642.438
7480,-1465749.093
7481,-1489333.376
7482,-1288871.734
7483,-544928.031
7484,-480443.375
7485,-0.000
7486,-0.000
7487,-0.000
7488,-0.000
7489,-0.000
7490,-0.000
7491,-0.000
7492,-0.000
7493,-0.000
7494,-0.000
7495,-378322.274
7496,-404005.196
7497,-1312348.705
7498,-1485993.142
7499,-1880499.353
7500,-2136019.222
7501,-2140873.375
7502,-2462088.409
7503,-2669354.133
7504,-2350679.461
7505,-2051643.094
7506,-1776160.896
7507,-746633.304
7508,-647915.818
7509,-0.000
7510,-0.000
7511,-0.000
7512,-0.000
7513,-0.000
7514,-0.000
7515,-0.000
7516,-0.000
7517,-0.000
7518,-0.000
7519,-0.000
7520,-0.000
7521,-1073835.191
7522,-1380709.342
7523,-1608201.477
7524,-1866519.191
7525,-1995296.095
7526,-2073863.188
7527,-1962313.004
7528,-1571130.402
7529,-1448699.423
7530,-1246783.009
7531,-0.000
7532,-949.565
7533,-93072.690
7534,-120070.480
7535,-89072.867
7536,-20176.038
7537,-0.000
7538,-0.000
7539,-0.000
7540,-0.000
7541,-0.000
7542,-0.000
7543,-0.000
7544,-0.000
7545,-0.000
7546,-361436.005
7547,-903933.761
7548,-1059876.491
7549,-1076740.605
7550,-1124944.006
7551,-1137775.974
7552,-1167583.987
7553,-1127528.106
7554,-566269.163
7555,-176698.968
7556,-97880.417
7557,-85212.847
7558,-69905.998
7559,-20283.891
7560,-0.000
7561,-0.000
7562,-0.000
7563,-0.000
7564,-0.000
7565,-0.000
7566,-0.000
7567,-349572.891
7568,-407391.476
7569,-1330974.530
7570,-1476136.822
7571,-1857449.897
7572,-2318126.533
7573,-2368794.434
7574,-2706901.284
7575,-2912235.206
7576,-2851329.295
7577,-2745595.856
7578,-2027648.003
7579,-766879.167
7580,-589273.252
7581,-0.000
7582,-0.000
7583,-0.000
7584,-0.000
7585,-0.000
7586,-0.000
7587,-0.000
7588,-0.000
7589,-0.000
7590,-0.000
7591,-296257.401
7592,-366849.985
7593,-1365702.133
7594,-1733390.632
7595,-2247109.578
7596,-2582320.290
7597,-2650503.190
7598,-3083931.831
7599,-3175867.009
7600,-2935665.632
7601,-2610550.622
7602,-2040221.966
7603,-891313.875
7604,-754578.675
7605,-0.000
7606,-60348.256
7607,-135696.849
7608,-124382.528
7609,-63787.051
7610,-37320.204
7611,-12761.032
7612,-13399.007
7613,-4074.893
7614,-0.000
7615,-1188704.566
7616,-593323.698
7617,-1533227.738
7618,-1570768.370
7619,-1645612.360
7620,-1687338.266
7621,-1813274.312
7622,-2312183.761
7623,-2400288.652
7624,-2342590.100
7625,-2221088.237
7626,-1685300.134
7627,-679370.429
7628,-571072.291
7629,-0.000
7630,-0.000
7631,-0.000
7632,-20841.416
7633,-1283.580
7634,-0.000
7635,-0.000
7636,-0.000
7637,-0.000
7638,-0.000
7639,-773642.628
7640,-410831.983
7641,-1140548.310
7642,-1307886.899
7643,-1593584.901
7644,-1684215.354
7645,-1664440.877
7646,-1940069.227
7647,-2239533.403
7648,-2154488.437
7649,-1943818.662
7650,-1519426.331
7651,-683787.846
7652,-620927.374
7653,-0.000
7654,-0.000
7655,-0.000
7656,-0.000
7657,-0.000
7658,-0.000
7659,-0.000
7660,-0.000
7661,-0.000
7662,-0.000
7663,-412163.681
7664,-368231.368
7665,-1067864.975
7666,-1247414.292
7667,-1399564.795
7668,-1562110.380
7669,-1568640.625
7670,-1824127.668
7671,-1967021.458
7672,-2247720.826
7673,-2080359.454
7674,-1639497.933
7675,-730217.549
7676,-654766.999
7677,-0.000
7678,-0.000
7679,-0.000
7680,-0.000
7681,-0.000
7682,-0.000
7683,-0.000
7684,-0.000
7685,-0.000
7686,-0.000
7687,-0.000
7688,-0.000
7689,-1012582.453
7690,-1346849.725
7691,-1393943.976
7692,-1439312.253
7693,-1341291.028
7694,-1406586.798
7695,-1442747.965
7696,-1612179.451
7697,-1586604.603
7698,-1025741.780
7699,-0.000
7700,-0.000
7701,-41137.320
7702,-59424.531
7703,-25121.867
7704,-0.000
7705,-0.000
7706,-0.000
7707,-0.000
7708,-0.000
7709,-0.000
7710,-0.000
7711,-0.000
7712,-0.000
7713,-0.000
7714,-480834.305
7715,-1066892.199
7716,-1121529.961
7717,-1001529.070
7718,-1019733.462
7719,-1029964.764
7720,-1059653.201
7721,-919796.774
7722,-406118.322
7723,-166246.567
7724,-115968.194
7725,-103011.348
7726,-94139.429
7727,-64461.497
7728,-8438.429
7729,-0.000
7730,-0.000
7731,-0.000
7732,-0.000
7733,-0.000
7734,-0.000
7735,-928273.139
7736,-552461.580
7737,-1577927.757
7738,-1865595.821
7739,-2190982.292
7740,-2374310.166
7741,-2334258.392
7742,-2680428.081
7743,-2798329.948
7744,-2687271.582
7745,-2535263.299
7746,-1741799.510
7747,-752406.040
7748,-653232.242
7749,-0.000
7750,-0.000
7751,-0.000
7752,-18175.900
7753,-0.000
7754,-0.000
7755,-0.000
7756,-0.000
7757,-0.000
7758,-0.000
7759,-350107.234
7760,-331117.289
7761,-1145803.141
7762,-1561314.611
7763,-2101773.913
7764,-2436786.268
7765,-2340250.275
7766,-2727219.953
7767,-2929048.277
7768,-2976750.085
7769,-2698403.957
7770,-1737068.258
7771,-705065.151
7772,-575237.967
7773,-0.000
7774,-0.000
7775,-0.000
7776,-8484.276
7777,-0.000
7778,-0.000
7779,-0.000
7780,-0.000
7781,-0.000
7782,-0.000
7783,-408295.249
7784,-377001.033
7785,-1276854.201
7786,-1612842.213
7787,-2159930.672
7788,-2506428.230
7789,-2529411.549
7790,-2793098.245
7791,-2765813.776
7792,-2472549.569
7793,-2024305.930
7794,-1683101.271
7795,-796161.513
7796,-720996.017
7797,-0.000
7798,-0.000
7799,-0.000
7800,-1192.518
7801,-0.000
7802,-5174.523
7803,-2963.415
7804,-0.000
7805,-0.000
7806,-0.000
7807,-1067327.761
7808,-515830.736
7809,-1435337.869
7810,-1511504.629
7811,-1580243.596
7812,-1736976.533
7813,-1557058.111
7814,-1701281.451
7815,-1714693.165
7816,-1666971.462
7817,-1612795.010
7818,-1539751.473
7819,-653750.694
7820,-590841.080
7821,-0.000
7822,-0.000
7823,-0.000
7824,-0.000
7825,-0.000
7826,-0.000
7827,-0.000
7828,-0.000
7829,-0.000
7830,-0.000
7831,-512415.494
7832,-446733.587
7833,-1273857.796
7834,-1285696.677
7835,-1308486.159
7836,-1334782.635
7837,-1255100.915
7838,-1401953.058
7839,-1372858.429
7840,-1358328.552
7841,-1272906.150
7842,-1174124.418
7843,-525571.507
7844,-476631.485
7845,-0.000
7846,-0.000
7847,-0.000
7848,-0.000
7849,-0.000
7850,-0.000
7851,-0.000
7852,-0.000
7853,-0.000
7854,-0.000
7855,-0.000
7856,-0.000
7857,-144819.163
7858,-457874.814
7859,-448690.788
7860,-458412.928
7861,-447083.084
7862,-444116.939
7863,-420909.426
7864,-387805.636
7865,-358970.254
7866,-334601.844
7867,-0.000
7868,-0.000
7869,-0.000
7870,-0.000
7871,-0.000
7872,-0.000
7873,-0.000
7874,-0.000
7875,-0.000
7876,-0.000
7877,-0.000
7878,-0.000
7879,-0.000
7880,-0.000
7881,-0.000
7882,-0.000
7883,-0.000
7884,-0.000
7885,-0.000
7886,-0.000
7887,-0.000
7888,-0.000
7889,-0.000
7890,-0.000
7891,-0.000
7892,-0.000
7893,-0.000
7894,-0.000
7895,-0.000
7896,-0.000
7897,-0.000
7898,-0.000
7899,-0.000
7900,-0.000
7901,-0.000
7902,-0.000
7903,-0.000
7904,-29475.394
7905,-863341.152
7906,-1044519.604
7907,-1151200.959
7908,-1257987.545
7909,-1126126.086
7910,-1193517.237
7911,-1258066.732
7912,-1278486.400
7913,-1235185.515
7914,-1145785.863
7915,-505829.306
7916,-468207.859
7917,-0.000
7918,-0.000
7919,-0.000
7920,-0.000
7921,-0.000
7922,-0.000
7923,-0.000
7924,-0.000
7925,-0.000
7926,-0.000
7927,-365767.673
7928,-397206.761
7929,-1256145.835
7930,-1346091.600
7931,-1454698.620
7932,-1575266.533
7933,-1492296.976
7934,-1790904.097
7935,-1813225.998
7936,-1968241.004
7937,-2015491.642
7938,-1679505.223
7939,-709608.295
7940,-661516.848
7941,-0.000
7942,-0.000
7943,-0.000
7944,-0.000
7945,-0.000
7946,-0.000
7947,-0.000
7948,-0.000
7949,-0.000
7950,-0.000
7951,-1129265.635
7952,-620482.405
7953,-1790423.036
7954,-2007086.560
7955,-2565008.464
7956,-2796275.430
7957,-2549378.672
7958,-3084297.775
7959,-3288417.068
7960,-3133692.974
7961,-2918375.322
7962,-2238859.898
7963,-934898.036
7964,-842897.064
7965,-0.000
7966,-0.000
7967,-97867.379
7968,-127483.862
7969,-77974.920
7970,-65667.285
7971,-83184.745
7972,-103368.571
7973,-99681.941
7974,-90753.596
7975,-1381401.860
7976,-700098.265
7977,-1929047.902
7978,-2196585.508
7979,-2471827.331
7980,-2600288.616
7981,-2409730.103
7982,-2813684.036
7983,-2926988.117
7984,-2836424.039
7985,-2748360.547
7986,-2163260.498
7987,-905509.815
7988,-811147.637
7989,-0.000
7990,-0.000
7991,-166552.478
7992,-155412.269
7993,-91326.166
7994,-14667.602
7995,-0.000
7996,-0.000
7997,-0.000
7998,-0.000
7999,-209902.468
8000,-155106.381
8001,-574207.288
8002,-745789.610
8003,-907487.148
8004,-1058053.926
8005,-1118880.134
8006,-1232946.773
8007,-1148825.127
8008,-863252.749
8009,-526042.699
8010,-303126.311
8011,-75991.428
8012,-17811.569
8013,-0.000
8014,-0.000
8015,-0.000
8016,-0.000
8017,-0.000
8018,-0.000
8019,-0.000
8020,-0.000
8021,-0.000
8022,-0.000
8023,-0.000
8024,-0.000
8025,-0.000
8026,-0.000
8027,-0.000
8028,-0.000
8029,-0.000
8030,-0.000
8031,-0.000
8032,-7796.983
8033,-0.000
8034,-0.000
8035,-0.000
8036,-0.000
8037,-0.000
8038,-0.000
8039,-0.000
8040,-0.000
8041,-0.000
8042,-0.000
8043,-0.000
8044,-0.000
8045,-0.000
8046,-0.000
8047,-0.000
8048,-0.000
8049,-0.000
8050,-0.000
8051,-0.000
8052,-0.000
8053,-0.000
8054,-0.000
8055,-0.000
8056,-0.000
8057,-0.000
8058,-0.000
8059,-0.000
8060,-0.000
8061,-0.000
8062,-0.000
8063,-0.000
8064,-0.000
8065,-0.000
8066,-0.000
8067,-0.000
8068,-0.000
8069,-0.000
8070,-0.000
8071,-0.000
8072,-0.000
8073,-0.000
8074,-0.000
8075,-32585.556
8076,-282741.833
8077,-420621.473
8078,-533192.065
8079,-592266.273
8080,-524740.408
8081,-585053.040
8082,-455599.376
8083,-128072.741
8084,-62516.455
8085,-0.000
8086,-0.000
8087,-0.000
8088,-0.000
8089,-0.000
8090,-0.000
8091,-0.000
8092,-0.000
8093,-0.000
8094,-0.000
8095,-0.000
8096,-0.000
8097,-0.000
8098,-180942.379
8099,-476010.374
8100,-613813.060
8101,-719228.052
8102,-761809.881
8103,-748952.773
8104,-808971.654
8105,-682260.946
8106,-425168.081
8107,-81988.665
8108,-4613.997
8109,-0.000
8110,-0.000
8111,-0.000
8112,-0.000
8113,-0.000
8114,-0.000
8115,-0.000
8116,-0.000
8117,-0.000
8118,-0.000
8119,-0.000
8120,-0.000
8121,-0.000
8122,-0.000
8123,-38859.529
8124,-217852.287
8125,-338808.912
8126,-420534.561
8127,-453782.605
8128,-345436.948
8129,-302560.449
8130,-155242.694
8131,-194.190
8132,-0.000
8133,-0.000
8134,-0.000
8135,-0.000
8136,-0.000
8137,-0.000
8138,-0.000
8139,-0.000
8140,-0.000
8141,-0.000
8142,-0.000
8143,-0.000
8144,-0.000
8145,-0.000
8146,-0.000
8147,-251078.018
8148,-460628.404
8149,-558934.706
8150,-644674.462
8151,-697662.053
8152,-526856.868
8153,-454304.625
8154,-249453.081
8155,-22922.526
8156,-0.000
8157,-0.000
8158,-0.000
8159,-0.000
8160,-0.000
8161,-0.000
8162,-0.000
8163,-0.000
8164,-0.000
8165,-0.000
8166,-0.000
8167,-0.000
8168,-0.000
8169,-0.000
8170,-146924.249
8171,-723309.038
8172,-1025041.194
8173,-1204500.089
8174,-1457297.223
8175,-1639911.194
8176,-1728469.051
8177,-1458246.732
8178,-719052.474
8179,-154730.726
8180,-36598.707
8181,-0.000
8182,-0.000
8183,-0.000
8184,-0.000
8185,-0.000
8186,-0.000
8187,-0.000
8188,-0.000
8189,-0.000
8190,-0.000
8191,-0.000
8192,-0.000
8193,-0.000
8194,-0.000
8195,-528021.926
8196,-922162.211
8197,-1068357.034
8198,-1303160.105
8199,-1413445.351
8200,-1442994.346
8201,-1236698.790
8202,-526992.748
8203,-0.000
8204,-0.000
8205,-0.000
8206,-0.000
8207,-0.000
8208,-0.000
8209,-0.000
8210,-0.000
8211,-0.000
8212,-0.000
8213,-0.000
8214,-0.000
8215,-0.000
8216,-0.000
8217,-0.000
8218,-0.000
8219,-0.000
8220,-62630.247
8221,-575873.432
8222,-766470.533
8223,-946222.215
8224,-1040281.161
8225,-807629.631
8226,-150437.860
8227,-0.000
8228,-0.000
8229,-0.000
8230,-0.000
8231,-0.000
8232,-0.000
8233,-0.000
8234,-0.000
8235,-0.000
8236,-0.000
8237,-0.000
8238,-0.000
8239,-0.000
8240,-0.000
8241,-0.000
8242,-352023.558
8243,-932224.546
8244,-1195486.909
8245,-1342444.102
8246,-1549809.716
8247,-1730128.462
8248,-1774604.993
8249,-1493502.245
8250,-729830.525
8251,-165861.414
8252,-64634.098
8253,-0.000
8254,-0.000
8255,-0.000
8256,-0.000
8257,-0.000
8258,-0.000
8259,-0.000
8260,-0.000
8261,-0.000
8262,-0.000
8263,-0.000
8264,-0.000
8265,-0.000
8266,-183330.971
8267,-590946.261
8268,-734433.696
8269,-852613.564
8270,-864362.706
8271,-796052.637
8272,-693608.814
8273,-739136.998
8274,-354908.559
8275,-40588.140
8276,-0.000
8277,-0.000
8278,-0.000
8279,-0.000
8280,-0.000
8281,-0.000
8282,-0.000
8283,-0.000
8284,-0.000
8285,-0.000
8286,-0.000
8287,-0.000
8288,-0.000
8289,-0.000
8290,-144368.168
8291,-602365.715
8292,-790890.793
8293,-971792.349
8294,-1083945.162
8295,-1260684.804
8296,-1452902.183
8297,-1194416.562
8298,-478566.800
8299,-34509.581
8300,-0.000
8301,-0.000
8302,-0.000
8303,-0.000
8304,-0.000
8305,-0.000
8306,-0.000
8307,-0.000
8308,-0.000
8309,-0.000
8310,-0.000
8311,-0.000
8312,-0.000
8313,-0.000
8314,-0.000
8315,-496398.530
8316,-734822.352
8317,-711390.623
8318,-638286.296
8319,-646468.925
8320,-800195.818
8321,-692416.254
8322,-265108.820
8323,-24074.375
8324,-0.000
8325,-0.000
8326,-0.000
8327,-0.000
8328,-0.000
8329,-0.000
8330,-0.000
8331,-0.000
8332,-0.000
8333,-0.000
8334,-0.000
8335,-0.000
8336,-0.000
8337,-0.000
8338,-0.000
8339,-0.000
8340,-264096.442
8341,-347714.918
8342,-384708.341
8343,-483890.053
8344,-558588.296
8345,-473101.885
8346,-228505.182
8347,-13242.263
8348,-0.000
8349,-0.000
8350,-0.000
8351,-0.000
8352,-0.000
8353,-0.000
8354,-0.000
8355,-0.000
8356,-0.000
8357,-0.000
8358,-0.000
8359,-0.000
8360,-0.000
8361,-0.000
8362,-0.000
8363,-0.000
8364,-0.000
8365,-0.000
8366,-0.000
8367,-0.000
8368,-0.000
8369,-0.000
8370,-0.000
8371,-0.000
8372,-0.000
8373,-0.000
8374,-0.000
8375,-0.000
8376,-0.000
8377,-0.000
8378,-0.000
8379,-0.000
8380,-0.000
8381,-0.000
8382,-0.000
8383,-0.000
8384,-0.000
8385,-0.000
8386,-0.000
8387,-0.000
8388,-0.000
8389,-0.000
8390,-0.000
8391,-0.000
8392,-0.000
8393,-0.000
8394,-0.000
8395,-0.000
8396,-0.000
8397,-0.000
8398,-0.000
8399,-0.000
8400,-0.000
8401,-0.000
8402,-0.000
8403,-0.000
8404,-0.000
8405,-0.000
8406,-0.000
8407,-0.000
8408,-0.000
8409,-0.000
8410,-0.000
8411,-0.000
8412,-162621.554
8413,-383607.008
8414,-488023.280
8415,-514138.969
8416,-420463.534
8417,-434010.296
8418,-234138.637
8419,-8060.872
8420,-0.000
8421,-0.000
8422,-0.000
8423,-0.000
8424,-0.000
8425,-0.000
8426,-0.000
8427,-0.000
8428,-0.000
8429,-0.000
8430,-0.000
8431,-0.000
8432,-0.000
8433,-0.000
8434,-0.000
8435,-199270.242
8436,-643531.235
8437,-876689.065
8438,-1049603.768
8439,-1244540.733
8440,-1301004.903
8441,-1049524.352
8442,-315010.734
8443,-0.000
8444,-0.000
8445,-0.000
8446,-0.000
8447,-0.000
8448,-0.000
8449,-0.000
8450,-0.000
8451,-0.000
8452,-0.000
8453,-0.000
8454,-0.000
8455,-0.000
8456,-0.000
8457,-0.000
8458,-0.000
8459,-266240.348
8460,-796188.027
8461,-1037094.011
8462,-1250817.100
8463,-1443947.303
8464,-1491798.655
8465,-1271148.929
8466,-520247.766
8467,-21167.627
8468,-0.000
8469,-0.000
8470,-0.000
8471,-0.000
8472,-0.000
8473,-0.000
8474,-0.000
8475,-0.000
8476,-0.000
8477,-0.000
8478,-0.000
8479,-0.000
8480,-0.000
8481,-0.000
8482,-0.000
8483,-469736.404
8484,-941326.126
8485,-1109045.764
8486,-1336856.188
8487,-1469408.652
8488,-1372377.722
8489,-1069928.650
8490,-587102.787
8491,-137600.860
8492,-51750.422
8493,-0.000
8494,-0.000
8495,-0.000
8496,-0.000
8497,-0.000
8498,-0.000
8499,-0.000
8500,-0.000
8501,-0.000
8502,-0.000
8503,-0.000
8504,-0.000
8505,-0.000
8506,-274086.906
8507,-835466.180
8508,-1061292.514
8509,-1257225.759
8510,-1471526.720
8511,-1656289.419
8512,-1713577.874
8513,-1466376.120
8514,-708412.202
8515,-108257.812
8516,-173.586
8517,-0.000
8518,-0.000
8519,-0.000
8520,-0.000
8521,-0.000
8522,-0.000
8523,-0.000
8524,-0.000
8525,-0.000
8526,-0.000
8527,-0.000
8528,-0.000
8529,-0.000
8530,-0.000
8531,-275835.340
8532,-830194.109
8533,-992755.505
8534,-1243971.193
8535,-1422202.876
8536,-1474479.004
8537,-1216929.041
8538,-462106.946
8539,-0.000
8540,-0.000
8541,-0.000
8542,-0.000
8543,-0.000
8544,-0.000
8545,-0.000
8546,-0.000
8547,-0.000
8548,-0.000
8549,-0.000
8550,-0.000
8551,-0.000
8552,-0.000
8553,-0.000
8554,-0.000
8555,-0.000
8556,-279000.636
8557,-635315.550
8558,-867574.418
8559,-1023047.522
8560,-1083986.482
8561,-847395.983
8562,-156512.939
8563,-0.000
8564,-0.000
8565,-0.000
8566,-0.000
8567,-0.000
8568,-0.000
8569,-0.000
8570,-0.000
8571,-0.000
8572,-0.000
8573,-0.000
8574,-0.000
8575,-0.000
8576,-0.000
8577,-0.000
8578,-57485.683
8579,-803520.473
8580,-1153599.038
8581,-1315339.667
8582,-1538842.323
8583,-1729334.947
8584,-1797162.191
8585,-1539610.169
8586,-753847.222
8587,-111983.505
8588,-0.000
8589,-0.000
8590,-0.000
8591,-0.000
8592,-0.000
8593,-0.000
8594,-0.000
8595,-0.000
8596,-0.000
8597,-0.000
8598,-0.000
8599,-0.000
8600,-0.000
8601,-0.000
8602,-0.000
8603,-642967.354
8604,-1072021.404
8605,-1253896.504
8606,-1492061.430
8607,-1700285.079
8608,-1763713.770
8609,-1507987.291
8610,-731084.512
8611,-100818.198
8612,-0.000
8613,-0.000
8614,-0.000
8615,-0.000
8616,-0.000
8617,-0.000
8618,-0.000
8619,-0.000
8620,-0.000
8621,-0.000
8622,-0.000
8623,-0.000
8624,-0.000
8625,-0.000
8626,-0.000
8627,-488629.795
8628,-994749.013
8629,-1203420.856
8630,-1440846.070
8631,-1603670.412
8632,-1685706.158
8633,-1467462.575
8634,-711791.272
8635,-102702.976
8636,-0.000
8637,-0.000
8638,-0.000
8639,-0.000
8640,-0.000
8641,-0.000
8642,-0.000
8643,-0.000
8644,-0.000
8645,-0.000
8646,-0.000
8647,-0.000
8648,-0.000
8649,-0.000
8650,-56386.697
8651,-711852.104
8652,-1011649.901
8653,-1191409.118
8654,-1419898.679
8655,-1668751.899
8656,-1744534.501
8657,-1520199.147
8658,-839579.276
8659,-129702.763
8660,-7076.508
8661,-0.000
8662,-0.000
8663,-0.000
8664,-0.000
8665,-0.000
8666,-0.000
8667,-0.000
8668,-0.000
8669,-0.000
8670,-0.000
8671,-0.000
8672,-0.000
8673,-0.000
8674,-184784.495
8675,-780655.278
8676,-1067394.150
8677,-1256512.653
8678,-1445136.139
8679,-1594746.574
8680,-1659837.605
8681,-1423070.567
8682,-752036.274
8683,-114847.741
8684,-6972.578
8685,-0.000
8686,-0.000
8687,-0.000
8688,-0.000
8689,-0.000
8690,-0.000
8691,-0.000
8692,-0.000
8693,-0.000
8694,-0.000
8695,-0.000
8696,-0.000
8697,-0.000
8698,-0.000
8699,-0.000
8700,-0.000
8701,-220217.244
8702,-760888.790
8703,-992637.299
8704,-1252591.356
8705,-1091022.223
8706,-453586.813
8707,-0.000
8708,-0.000
8709,-0.000
8710,-0.000
8711,-0.000
8712,-0.000
8713,-0.000
8714,-0.000
8715,-0.000
8716,-0.000
8717,-0.000
8718,-0.000
8719,-0.000
8720,-0.000
8721,-0.000
8722,-0.000
8723,-0.000
8724,-23150.331
8725,-450421.540
8726,-673493.281
8727,-832810.008
8728,-897507.769
8729,-708540.062
8730,-160542.412
8731,-0.000
8732,-0.000
8733,-0.000
8734,-0.000
8735,-0.000
8736,-0.000
8737,-0.000
8738,-0.000
8739,-0.000
8740,-0.000
8741,-0.000
8742,-0.000
8743,-0.000
8744,-0.000
8745,-0.000
8746,-0.000
8747,-411563.567
8748,-835333.753
8749,-1046924.916
8750,-1233936.953
8751,-1429606.833
8752,-1495379.135
8753,-1286698.113
8754,-623575.973
8755,-47015.612
8756,-0.000
8757,-0.000
8758,-0.000
8759,-0.000
8760,-0.000
